"experiment_group","user_id","count_transactions","avg_revenue","sum_revenue"
A,100001,2,34.16,68.33
A,100002,0,0,0
A,100005,0,0,0
A,100006,9,17.07,153.67
A,100007,0,0,0
A,100008,0,0,0
A,100011,0,0,0
A,100016,0,0,0
A,100017,0,0,0
A,100020,0,0,0
A,100022,1,9.49,9.49
A,100023,0,0,0
A,100025,0,0,0
A,100026,0,0,0
A,100027,0,0,0
A,100031,0,0,0
A,100032,0,0,0
A,100033,0,0,0
A,100034,0,0,0
A,100036,0,0,0
A,100037,0,0,0
A,100038,0,0,0
A,100045,0,0,0
A,100046,0,0,0
A,100047,0,0,0
A,100054,0,0,0
A,100055,0,0,0
A,100061,0,0,0
A,100062,0,0,0
A,100063,0,0,0
A,100064,0,0,0
A,100065,2,12.74,25.48
A,100066,0,0,0
A,100067,0,0,0
A,100070,1,16.54,16.54
A,100071,0,0,0
A,100072,0,0,0
A,100074,0,0,0
A,100077,0,0,0
A,100079,1,24.04,24.04
A,100086,0,0,0
A,100087,0,0,0
A,100089,0,0,0
A,100090,0,0,0
A,100091,0,0,0
A,100092,0,0,0
A,100098,3,18.30,54.89
A,100100,0,0,0
A,100101,0,0,0
A,100105,0,0,0
A,100106,0,0,0
A,100107,0,0,0
A,100116,0,0,0
A,100117,0,0,0
A,100119,0,0,0
A,100121,0,0,0
A,100124,0,0,0
A,100126,0,0,0
A,100128,0,0,0
A,100136,0,0,0
A,100137,0,0,0
A,100138,0,0,0
A,100139,1,48.54,48.54
A,100140,0,0,0
A,100145,2,31.24,62.48
A,100146,0,0,0
A,100149,0,0,0
A,100150,0,0,0
A,100151,0,0,0
A,100152,0,0,0
A,100153,0,0,0
A,100154,0,0,0
A,100155,0,0,0
A,100156,0,0,0
A,100157,0,0,0
A,100158,0,0,0
A,100159,0,0,0
A,100160,0,0,0
A,100164,0,0,0
A,100165,0,0,0
A,100170,0,0,0
A,100175,0,0,0
A,100177,0,0,0
A,100179,0,0,0
A,100180,0,0,0
A,100181,0,0,0
A,100182,0,0,0
A,100183,0,0,0
A,100186,0,0,0
A,100188,6,19.79,118.71
A,100189,0,0,0
A,100190,0,0,0
A,100194,0,0,0
A,100196,0,0,0
A,100197,0,0,0
A,100198,4,26.89,107.54
A,100201,0,0,0
A,100202,0,0,0
A,100203,0,0,0
A,100204,0,0,0
A,100205,0,0,0
A,100206,0,0,0
A,100208,0,0,0
A,100210,0,0,0
A,100211,0,0,0
A,100213,0,0,0
A,100218,0,0,0
A,100219,1,97.99,97.99
A,100221,0,0,0
A,100223,0,0,0
A,100226,0,0,0
A,100228,0,0,0
A,100229,0,0,0
A,100231,0,0,0
A,100233,0,0,0
A,100236,0,0,0
A,100238,0,0,0
A,100241,0,0,0
A,100244,0,0,0
A,100245,0,0,0
A,100246,0,0,0
A,100247,0,0,0
A,100253,4,32.39,129.55
A,100255,0,0,0
A,100257,0,0,0
A,100260,0,0,0
A,100262,0,0,0
A,100265,0,0,0
A,100266,0,0,0
A,100273,0,0,0
A,100276,0,0,0
A,100277,0,0,0
A,100279,0,0,0
A,100284,0,0,0
A,100285,0,0,0
A,100288,2,20.72,41.44
A,100291,0,0,0
A,100292,0,0,0
A,100293,0,0,0
A,100294,0,0,0
A,100295,0,0,0
A,100296,0,0,0
A,100298,0,0,0
A,100299,0,0,0
A,100300,0,0,0
A,100305,0,0,0
A,100307,0,0,0
A,100311,6,30.50,183.00
A,100312,0,0,0
A,100314,0,0,0
A,100317,0,0,0
A,100321,0,0,0
A,100325,0,0,0
A,100326,0,0,0
A,100330,0,0,0
A,100331,0,0,0
A,100337,0,0,0
A,100342,0,0,0
A,100343,0,0,0
A,100346,0,0,0
A,100350,0,0,0
A,100352,0,0,0
A,100353,0,0,0
A,100358,0,0,0
A,100360,0,0,0
A,100361,0,0,0
A,100362,0,0,0
A,100363,0,0,0
A,100364,0,0,0
A,100370,1,7.80,7.80
A,100371,0,0,0
A,100373,0,0,0
A,100374,0,0,0
A,100376,0,0,0
A,100377,0,0,0
A,100381,0,0,0
A,100384,0,0,0
A,100386,0,0,0
A,100389,1,6.55,6.55
A,100393,0,0,0
A,100394,0,0,0
A,100395,0,0,0
A,100398,0,0,0
A,100401,0,0,0
A,100404,0,0,0
A,100405,0,0,0
A,100406,0,0,0
A,100408,0,0,0
A,100410,0,0,0
A,100411,0,0,0
A,100412,0,0,0
A,100413,2,19.50,39.00
A,100414,0,0,0
A,100415,0,0,0
A,100416,0,0,0
A,100417,0,0,0
A,100419,0,0,0
A,100421,0,0,0
A,100423,0,0,0
A,100424,0,0,0
A,100427,0,0,0
A,100428,0,0,0
A,100431,0,0,0
A,100435,0,0,0
A,100436,0,0,0
A,100437,0,0,0
A,100440,0,0,0
A,100442,0,0,0
A,100444,0,0,0
A,100448,0,0,0
A,100449,0,0,0
A,100454,0,0,0
A,100456,0,0,0
A,100457,0,0,0
A,100461,0,0,0
A,100463,0,0,0
A,100467,0,0,0
A,100468,0,0,0
A,100469,0,0,0
A,100470,0,0,0
A,100471,0,0,0
A,100474,0,0,0
A,100475,0,0,0
A,100477,0,0,0
A,100479,0,0,0
A,100480,0,0,0
A,100481,0,0,0
A,100482,0,0,0
A,100485,0,0,0
A,100487,0,0,0
A,100489,0,0,0
A,100490,0,0,0
A,100491,0,0,0
A,100492,0,0,0
A,100493,0,0,0
A,100495,0,0,0
A,100496,0,0,0
A,100497,0,0,0
A,100500,0,0,0
A,100501,0,0,0
A,100504,0,0,0
A,100505,5,34.97,174.86
A,100506,0,0,0
A,100508,0,0,0
A,100511,4,25.10,100.40
A,100512,0,0,0
A,100513,7,14.81,103.64
A,100515,0,0,0
A,100520,0,0,0
A,100522,0,0,0
A,100523,0,0,0
A,100524,7,25.54,178.77
A,100525,0,0,0
A,100528,0,0,0
A,100529,0,0,0
A,100530,0,0,0
A,100532,0,0,0
A,100533,0,0,0
A,100537,0,0,0
A,100538,0,0,0
A,100542,0,0,0
A,100544,0,0,0
A,100545,0,0,0
A,100548,0,0,0
A,100551,0,0,0
A,100552,0,0,0
A,100553,0,0,0
A,100556,0,0,0
A,100557,0,0,0
A,100559,3,22.14,66.43
A,100560,0,0,0
A,100561,0,0,0
A,100567,0,0,0
A,100568,0,0,0
A,100569,0,0,0
A,100571,0,0,0
A,100572,0,0,0
A,100574,0,0,0
A,100576,0,0,0
A,100580,0,0,0
A,100583,0,0,0
A,100586,0,0,0
A,100587,0,0,0
A,100590,0,0,0
A,100592,0,0,0
A,100593,0,0,0
A,100595,0,0,0
A,100596,0,0,0
A,100597,0,0,0
A,100599,0,0,0
A,100600,0,0,0
A,100601,0,0,0
A,100602,0,0,0
A,100604,0,0,0
A,100605,0,0,0
A,100609,0,0,0
A,100610,0,0,0
A,100615,0,0,0
A,100617,1,60.20,60.20
A,100619,0,0,0
A,100620,0,0,0
A,100623,0,0,0
A,100630,0,0,0
A,100632,4,14.05,56.21
A,100633,3,44.23,132.70
A,100635,0,0,0
A,100636,0,0,0
A,100637,0,0,0
A,100638,0,0,0
A,100641,0,0,0
A,100642,0,0,0
A,100644,0,0,0
A,100645,0,0,0
A,100647,0,0,0
A,100648,0,0,0
A,100649,0,0,0
A,100651,0,0,0
A,100652,0,0,0
A,100655,0,0,0
A,100660,0,0,0
A,100665,0,0,0
A,100666,0,0,0
A,100669,0,0,0
A,100670,0,0,0
A,100672,0,0,0
A,100673,0,0,0
A,100674,0,0,0
A,100677,0,0,0
A,100680,0,0,0
A,100681,0,0,0
A,100684,0,0,0
A,100685,0,0,0
A,100686,0,0,0
A,100687,0,0,0
A,100689,0,0,0
A,100692,0,0,0
A,100696,0,0,0
A,100697,0,0,0
A,100698,0,0,0
A,100699,0,0,0
A,100704,0,0,0
A,100706,0,0,0
A,100708,0,0,0
A,100714,0,0,0
A,100715,0,0,0
A,100716,0,0,0
A,100718,0,0,0
A,100719,0,0,0
A,100720,0,0,0
A,100721,0,0,0
A,100722,0,0,0
A,100724,0,0,0
A,100725,0,0,0
A,100727,0,0,0
A,100728,0,0,0
A,100729,0,0,0
A,100730,0,0,0
A,100731,0,0,0
A,100732,0,0,0
A,100734,0,0,0
A,100736,0,0,0
A,100737,0,0,0
A,100738,0,0,0
A,100739,0,0,0
A,100740,0,0,0
A,100741,0,0,0
A,100742,0,0,0
A,100743,0,0,0
A,100744,0,0,0
A,100746,0,0,0
A,100747,1,6.52,6.52
A,100749,0,0,0
A,100751,0,0,0
A,100752,1,16.41,16.41
A,100755,0,0,0
A,100758,0,0,0
A,100759,0,0,0
A,100760,0,0,0
A,100764,0,0,0
A,100765,0,0,0
A,100766,0,0,0
A,100767,0,0,0
A,100768,0,0,0
A,100769,0,0,0
A,100773,0,0,0
A,100775,0,0,0
A,100777,0,0,0
A,100779,0,0,0
A,100781,0,0,0
A,100782,0,0,0
A,100783,0,0,0
A,100786,0,0,0
A,100787,0,0,0
A,100788,0,0,0
A,100790,0,0,0
A,100791,0,0,0
A,100794,0,0,0
A,100795,0,0,0
A,100796,0,0,0
A,100797,0,0,0
A,100800,0,0,0
A,100801,0,0,0
A,100802,0,0,0
A,100803,0,0,0
A,100806,0,0,0
A,100812,0,0,0
A,100815,4,52.81,211.24
A,100816,0,0,0
A,100820,0,0,0
A,100823,0,0,0
A,100826,2,44.73,89.46
A,100828,0,0,0
A,100829,0,0,0
A,100830,0,0,0
A,100833,0,0,0
A,100834,0,0,0
A,100835,0,0,0
A,100838,0,0,0
A,100839,0,0,0
A,100840,1,94.28,94.28
A,100842,3,28.66,85.98
A,100844,0,0,0
A,100846,0,0,0
A,100848,0,0,0
A,100849,0,0,0
A,100851,0,0,0
A,100854,1,6.94,6.94
A,100859,0,0,0
A,100861,0,0,0
A,100862,0,0,0
A,100863,0,0,0
A,100868,2,46.64,93.28
A,100871,0,0,0
A,100872,0,0,0
A,100873,0,0,0
A,100876,0,0,0
A,100880,0,0,0
A,100883,0,0,0
A,100885,0,0,0
A,100888,0,0,0
A,100889,0,0,0
A,100895,0,0,0
A,100896,0,0,0
A,100900,0,0,0
A,100902,0,0,0
A,100904,0,0,0
A,100905,0,0,0
A,100907,0,0,0
A,100910,0,0,0
A,100911,0,0,0
A,100921,0,0,0
A,100926,0,0,0
A,100928,0,0,0
A,100929,0,0,0
A,100931,0,0,0
A,100933,0,0,0
A,100934,0,0,0
A,100936,0,0,0
A,100937,0,0,0
A,100939,0,0,0
A,100942,0,0,0
A,100945,0,0,0
A,100946,0,0,0
A,100947,0,0,0
A,100950,0,0,0
A,100952,0,0,0
A,100953,0,0,0
A,100954,0,0,0
A,100955,0,0,0
A,100960,0,0,0
A,100961,0,0,0
A,100966,2,8.41,16.83
A,100972,0,0,0
A,100973,0,0,0
A,100974,0,0,0
A,100978,2,4.52,9.04
A,100980,0,0,0
A,100982,0,0,0
A,100983,0,0,0
A,100985,0,0,0
A,100986,0,0,0
A,100988,0,0,0
A,100989,0,0,0
A,100990,0,0,0
A,100993,0,0,0
A,100999,0,0,0
A,101000,2,41.23,82.47
A,101001,0,0,0
A,101002,0,0,0
A,101006,0,0,0
A,101007,0,0,0
A,101008,0,0,0
A,101009,0,0,0
A,101010,0,0,0
A,101011,0,0,0
A,101014,0,0,0
A,101015,0,0,0
A,101016,0,0,0
A,101019,0,0,0
A,101022,0,0,0
A,101023,0,0,0
A,101027,0,0,0
A,101028,0,0,0
A,101029,0,0,0
A,101033,0,0,0
A,101034,0,0,0
A,101036,0,0,0
A,101037,0,0,0
A,101038,0,0,0
A,101039,0,0,0
A,101040,0,0,0
A,101044,0,0,0
A,101045,0,0,0
A,101051,0,0,0
A,101052,0,0,0
A,101058,0,0,0
A,101062,0,0,0
A,101064,0,0,0
A,101066,0,0,0
A,101070,0,0,0
A,101073,0,0,0
A,101077,0,0,0
A,101080,0,0,0
A,101084,0,0,0
A,101086,0,0,0
A,101090,0,0,0
A,101091,0,0,0
A,101094,7,21.90,153.28
A,101095,0,0,0
A,101097,0,0,0
A,101100,0,0,0
A,101102,0,0,0
A,101103,0,0,0
A,101105,0,0,0
A,101106,0,0,0
A,101107,0,0,0
A,101112,0,0,0
A,101113,0,0,0
A,101115,0,0,0
A,101116,0,0,0
A,101117,0,0,0
A,101122,0,0,0
A,101123,0,0,0
A,101124,0,0,0
A,101125,0,0,0
A,101126,0,0,0
A,101130,0,0,0
A,101133,0,0,0
A,101134,0,0,0
A,101135,5,36.18,180.90
A,101136,0,0,0
A,101137,0,0,0
A,101138,0,0,0
A,101139,0,0,0
A,101140,0,0,0
A,101141,0,0,0
A,101142,0,0,0
A,101145,0,0,0
A,101146,0,0,0
A,101147,0,0,0
A,101149,0,0,0
A,101152,0,0,0
A,101153,0,0,0
A,101154,0,0,0
A,101157,3,32.90,98.71
A,101162,0,0,0
A,101164,0,0,0
A,101166,0,0,0
A,101167,0,0,0
A,101170,0,0,0
A,101172,0,0,0
A,101173,0,0,0
A,101176,4,80.44,321.78
A,101177,1,6.87,6.87
A,101179,0,0,0
A,101180,0,0,0
A,101181,0,0,0
A,101182,0,0,0
A,101183,0,0,0
A,101184,0,0,0
A,101186,0,0,0
A,101187,0,0,0
A,101188,0,0,0
A,101189,0,0,0
A,101190,0,0,0
A,101191,0,0,0
A,101193,1,9.01,9.01
A,101195,0,0,0
A,101196,0,0,0
A,101197,0,0,0
A,101199,0,0,0
A,101200,0,0,0
A,101205,0,0,0
A,101209,0,0,0
A,101211,0,0,0
A,101212,0,0,0
A,101214,0,0,0
A,101217,0,0,0
A,101219,0,0,0
A,101220,0,0,0
A,101226,0,0,0
A,101227,0,0,0
A,101229,0,0,0
A,101233,0,0,0
A,101235,0,0,0
A,101237,0,0,0
A,101241,0,0,0
A,101242,0,0,0
A,101247,0,0,0
A,101249,0,0,0
A,101252,0,0,0
A,101255,0,0,0
A,101256,0,0,0
A,101257,0,0,0
A,101258,0,0,0
A,101259,0,0,0
A,101261,0,0,0
A,101263,0,0,0
A,101264,0,0,0
A,101265,0,0,0
A,101267,0,0,0
A,101268,0,0,0
A,101269,0,0,0
A,101271,0,0,0
A,101274,0,0,0
A,101275,0,0,0
A,101278,0,0,0
A,101279,0,0,0
A,101280,0,0,0
A,101281,0,0,0
A,101282,0,0,0
A,101283,0,0,0
A,101284,0,0,0
A,101288,0,0,0
A,101289,0,0,0
A,101292,0,0,0
A,101294,0,0,0
A,101295,0,0,0
A,101297,0,0,0
A,101298,0,0,0
A,101299,0,0,0
A,101300,1,10.22,10.22
A,101301,0,0,0
A,101302,0,0,0
A,101303,0,0,0
A,101304,0,0,0
A,101306,9,43.06,387.58
A,101307,0,0,0
A,101309,0,0,0
A,101317,0,0,0
A,101318,0,0,0
A,101320,0,0,0
A,101321,0,0,0
A,101323,0,0,0
A,101325,0,0,0
A,101327,0,0,0
A,101329,0,0,0
A,101330,0,0,0
A,101331,0,0,0
A,101332,0,0,0
A,101333,0,0,0
A,101334,0,0,0
A,101336,0,0,0
A,101337,0,0,0
A,101338,0,0,0
A,101340,0,0,0
A,101342,0,0,0
A,101344,0,0,0
A,101345,5,40.21,201.06
A,101347,0,0,0
A,101348,0,0,0
A,101351,0,0,0
A,101352,4,20.49,81.96
A,101358,0,0,0
A,101360,2,9.74,19.47
A,101362,0,0,0
A,101366,0,0,0
A,101367,0,0,0
A,101368,0,0,0
A,101371,0,0,0
A,101373,0,0,0
A,101376,0,0,0
A,101377,0,0,0
A,101379,0,0,0
A,101382,0,0,0
A,101388,8,29.79,238.35
A,101390,0,0,0
A,101392,0,0,0
A,101399,0,0,0
A,101401,0,0,0
A,101404,0,0,0
A,101406,0,0,0
A,101407,0,0,0
A,101408,0,0,0
A,101412,0,0,0
A,101413,0,0,0
A,101417,0,0,0
A,101422,0,0,0
A,101426,0,0,0
A,101427,0,0,0
A,101431,0,0,0
A,101434,0,0,0
A,101435,0,0,0
A,101440,0,0,0
A,101441,0,0,0
A,101442,0,0,0
A,101447,0,0,0
A,101449,0,0,0
A,101450,0,0,0
A,101454,0,0,0
A,101459,0,0,0
A,101461,0,0,0
A,101462,0,0,0
A,101467,2,38.79,77.59
A,101468,2,13.29,26.59
A,101469,0,0,0
A,101472,0,0,0
A,101476,0,0,0
A,101478,1,13.93,13.93
A,101480,1,12.66,12.66
A,101483,0,0,0
A,101484,0,0,0
A,101485,0,0,0
A,101486,0,0,0
A,101487,0,0,0
A,101490,0,0,0
A,101492,0,0,0
A,101498,0,0,0
A,101501,0,0,0
A,101503,0,0,0
A,101506,0,0,0
A,101507,0,0,0
A,101510,0,0,0
A,101513,1,29.91,29.91
A,101514,0,0,0
A,101518,0,0,0
A,101520,0,0,0
A,101521,0,0,0
A,101522,0,0,0
A,101526,0,0,0
A,101528,0,0,0
A,101529,0,0,0
A,101533,0,0,0
A,101534,0,0,0
A,101536,0,0,0
A,101538,0,0,0
A,101539,0,0,0
A,101541,0,0,0
A,101546,0,0,0
A,101549,0,0,0
A,101550,3,42.13,126.38
A,101551,0,0,0
A,101552,0,0,0
A,101553,3,87.89,263.67
A,101555,0,0,0
A,101556,0,0,0
A,101557,0,0,0
A,101559,0,0,0
A,101562,0,0,0
A,101566,0,0,0
A,101570,0,0,0
A,101571,0,0,0
A,101572,0,0,0
A,101573,0,0,0
A,101574,0,0,0
A,101577,0,0,0
A,101581,0,0,0
A,101582,0,0,0
A,101584,0,0,0
A,101587,0,0,0
A,101590,0,0,0
A,101593,0,0,0
A,101597,0,0,0
A,101599,0,0,0
A,101601,0,0,0
A,101602,0,0,0
A,101607,0,0,0
A,101608,0,0,0
A,101609,0,0,0
A,101612,0,0,0
A,101613,0,0,0
A,101615,0,0,0
A,101617,0,0,0
A,101620,0,0,0
A,101621,0,0,0
A,101622,0,0,0
A,101623,0,0,0
A,101625,0,0,0
A,101627,0,0,0
A,101628,0,0,0
A,101632,0,0,0
A,101633,0,0,0
A,101635,0,0,0
A,101637,0,0,0
A,101639,0,0,0
A,101640,0,0,0
A,101641,0,0,0
A,101643,0,0,0
A,101645,0,0,0
A,101646,0,0,0
A,101647,0,0,0
A,101659,0,0,0
A,101660,0,0,0
A,101661,0,0,0
A,101665,0,0,0
A,101666,0,0,0
A,101667,9,40.71,366.42
A,101670,0,0,0
A,101672,0,0,0
A,101673,0,0,0
A,101677,0,0,0
A,101678,0,0,0
A,101679,1,19.44,19.44
A,101687,0,0,0
A,101688,0,0,0
A,101690,0,0,0
A,101692,0,0,0
A,101693,0,0,0
A,101694,0,0,0
A,101698,0,0,0
A,101700,0,0,0
A,101703,0,0,0
A,101708,0,0,0
A,101709,0,0,0
A,101714,0,0,0
A,101720,0,0,0
A,101722,0,0,0
A,101724,0,0,0
A,101725,0,0,0
A,101727,0,0,0
A,101728,0,0,0
A,101730,0,0,0
A,101733,0,0,0
A,101736,0,0,0
A,101739,7,37.95,265.64
A,101740,0,0,0
A,101741,0,0,0
A,101743,0,0,0
A,101746,0,0,0
A,101747,0,0,0
A,101748,0,0,0
A,101749,0,0,0
A,101750,0,0,0
A,101752,0,0,0
A,101754,0,0,0
A,101760,0,0,0
A,101763,0,0,0
A,101764,0,0,0
A,101765,0,0,0
A,101766,0,0,0
A,101768,1,32.47,32.47
A,101769,0,0,0
A,101770,0,0,0
A,101771,0,0,0
A,101772,0,0,0
A,101774,0,0,0
A,101777,0,0,0
A,101778,0,0,0
A,101780,0,0,0
A,101781,0,0,0
A,101783,0,0,0
A,101786,0,0,0
A,101787,1,9.62,9.62
A,101790,0,0,0
A,101791,0,0,0
A,101796,0,0,0
A,101799,0,0,0
A,101802,0,0,0
A,101804,2,24.42,48.84
A,101807,3,29.30,87.89
A,101808,0,0,0
A,101809,0,0,0
A,101811,0,0,0
A,101812,0,0,0
A,101816,0,0,0
A,101817,0,0,0
A,101818,0,0,0
A,101820,4,17.28,69.10
A,101824,0,0,0
A,101826,1,131.12,131.12
A,101828,0,0,0
A,101830,0,0,0
A,101831,0,0,0
A,101832,0,0,0
A,101834,0,0,0
A,101836,0,0,0
A,101837,0,0,0
A,101841,0,0,0
A,101844,0,0,0
A,101846,0,0,0
A,101848,0,0,0
A,101849,0,0,0
A,101850,0,0,0
A,101854,0,0,0
A,101856,0,0,0
A,101857,0,0,0
A,101858,0,0,0
A,101859,0,0,0
A,101860,0,0,0
A,101863,2,37.39,74.79
A,101865,0,0,0
A,101868,0,0,0
A,101869,0,0,0
A,101872,0,0,0
A,101875,0,0,0
A,101881,2,17.28,34.55
A,101882,0,0,0
A,101885,0,0,0
A,101887,0,0,0
A,101893,0,0,0
A,101896,0,0,0
A,101899,0,0,0
A,101900,0,0,0
A,101901,0,0,0
A,101902,0,0,0
A,101904,0,0,0
A,101905,0,0,0
A,101906,0,0,0
A,101907,0,0,0
A,101909,0,0,0
A,101911,0,0,0
A,101916,0,0,0
A,101917,0,0,0
A,101919,4,51.44,205.75
A,101921,0,0,0
A,101922,0,0,0
A,101925,0,0,0
A,101929,0,0,0
A,101930,0,0,0
A,101931,0,0,0
A,101936,0,0,0
A,101938,0,0,0
A,101939,0,0,0
A,101941,0,0,0
A,101943,0,0,0
A,101944,0,0,0
A,101947,0,0,0
A,101949,0,0,0
A,101953,0,0,0
A,101954,0,0,0
A,101955,0,0,0
A,101956,0,0,0
A,101958,0,0,0
A,101960,0,0,0
A,101963,0,0,0
A,101965,0,0,0
A,101967,0,0,0
A,101970,0,0,0
A,101973,0,0,0
A,101974,0,0,0
A,101975,0,0,0
A,101982,0,0,0
A,101983,0,0,0
A,101986,0,0,0
A,101989,0,0,0
A,101990,0,0,0
A,101992,0,0,0
A,101994,0,0,0
A,101995,0,0,0
A,101996,0,0,0
A,101997,0,0,0
A,101998,0,0,0
A,101999,0,0,0
A,102000,0,0,0
A,102001,0,0,0
A,102003,0,0,0
A,102008,0,0,0
A,102010,0,0,0
A,102011,0,0,0
A,102012,0,0,0
A,102014,0,0,0
A,102019,0,0,0
A,102023,0,0,0
A,102024,0,0,0
A,102026,0,0,0
A,102032,0,0,0
A,102034,0,0,0
A,102037,0,0,0
A,102038,0,0,0
A,102039,0,0,0
A,102040,0,0,0
A,102043,0,0,0
A,102044,0,0,0
A,102047,0,0,0
A,102049,0,0,0
A,102050,0,0,0
A,102051,0,0,0
A,102052,0,0,0
A,102053,0,0,0
A,102054,0,0,0
A,102056,0,0,0
A,102060,2,11.16,22.33
A,102061,0,0,0
A,102062,0,0,0
A,102065,0,0,0
A,102066,0,0,0
A,102069,0,0,0
A,102071,0,0,0
A,102075,0,0,0
A,102077,0,0,0
A,102080,0,0,0
A,102082,0,0,0
A,102083,0,0,0
A,102087,0,0,0
A,102090,0,0,0
A,102091,0,0,0
A,102092,0,0,0
A,102096,0,0,0
A,102097,0,0,0
A,102098,0,0,0
A,102100,0,0,0
A,102101,0,0,0
A,102102,0,0,0
A,102103,0,0,0
A,102104,0,0,0
A,102105,0,0,0
A,102106,0,0,0
A,102109,0,0,0
A,102114,0,0,0
A,102117,0,0,0
A,102118,0,0,0
A,102119,0,0,0
A,102122,0,0,0
A,102125,0,0,0
A,102128,0,0,0
A,102129,0,0,0
A,102132,0,0,0
A,102133,0,0,0
A,102136,0,0,0
A,102140,0,0,0
A,102144,0,0,0
A,102145,0,0,0
A,102147,0,0,0
A,102150,0,0,0
A,102151,0,0,0
A,102153,0,0,0
A,102156,0,0,0
A,102157,0,0,0
A,102158,1,15.81,15.81
A,102159,0,0,0
A,102160,0,0,0
A,102162,0,0,0
A,102163,0,0,0
A,102164,0,0,0
A,102171,0,0,0
A,102172,0,0,0
A,102175,0,0,0
A,102176,6,20.47,122.82
A,102182,0,0,0
A,102184,0,0,0
A,102185,0,0,0
A,102187,0,0,0
A,102188,0,0,0
A,102189,0,0,0
A,102190,0,0,0
A,102196,0,0,0
A,102197,0,0,0
A,102199,0,0,0
A,102204,0,0,0
A,102205,1,10.25,10.25
A,102206,0,0,0
A,102209,0,0,0
A,102210,3,42.75,128.24
A,102212,0,0,0
A,102217,0,0,0
A,102220,0,0,0
A,102223,0,0,0
A,102226,0,0,0
A,102227,0,0,0
A,102228,0,0,0
A,102231,0,0,0
A,102233,0,0,0
A,102239,0,0,0
A,102242,0,0,0
A,102246,0,0,0
A,102249,0,0,0
A,102250,0,0,0
A,102255,0,0,0
A,102259,0,0,0
A,102260,0,0,0
A,102261,0,0,0
A,102262,0,0,0
A,102263,0,0,0
A,102266,0,0,0
A,102268,2,119.93,239.85
A,102270,1,43.25,43.25
A,102272,0,0,0
A,102273,0,0,0
A,102275,0,0,0
A,102277,0,0,0
A,102279,0,0,0
A,102282,0,0,0
A,102283,2,96.82,193.64
A,102284,0,0,0
A,102285,0,0,0
A,102286,0,0,0
A,102288,0,0,0
A,102289,0,0,0
A,102290,0,0,0
A,102291,0,0,0
A,102293,0,0,0
A,102294,0,0,0
A,102296,0,0,0
A,102297,0,0,0
A,102298,0,0,0
A,102299,0,0,0
A,102300,4,61.57,246.28
A,102302,0,0,0
A,102303,0,0,0
A,102304,0,0,0
A,102307,0,0,0
A,102310,0,0,0
A,102311,0,0,0
A,102312,0,0,0
A,102313,0,0,0
A,102318,0,0,0
A,102323,0,0,0
A,102326,0,0,0
A,102328,0,0,0
A,102329,0,0,0
A,102331,0,0,0
A,102332,0,0,0
A,102336,0,0,0
A,102337,0,0,0
A,102338,0,0,0
A,102339,0,0,0
A,102341,0,0,0
A,102343,0,0,0
A,102344,0,0,0
A,102345,0,0,0
A,102346,0,0,0
A,102349,0,0,0
A,102355,0,0,0
A,102358,0,0,0
A,102359,0,0,0
A,102361,0,0,0
A,102364,0,0,0
A,102365,0,0,0
A,102368,0,0,0
A,102370,3,4.42,13.26
A,102371,0,0,0
A,102372,0,0,0
A,102373,0,0,0
A,102376,0,0,0
A,102381,0,0,0
A,102382,0,0,0
A,102385,0,0,0
A,102388,0,0,0
A,102389,0,0,0
A,102390,0,0,0
A,102391,0,0,0
A,102392,0,0,0
A,102394,0,0,0
A,102395,0,0,0
A,102396,0,0,0
A,102398,0,0,0
A,102399,0,0,0
A,102401,0,0,0
A,102406,3,13.88,41.63
A,102408,0,0,0
A,102409,5,29.63,148.14
A,102410,0,0,0
A,102412,0,0,0
A,102413,0,0,0
A,102414,0,0,0
A,102415,0,0,0
A,102416,0,0,0
A,102418,0,0,0
A,102419,0,0,0
A,102420,0,0,0
A,102421,0,0,0
A,102424,0,0,0
A,102425,0,0,0
A,102427,0,0,0
A,102428,0,0,0
A,102429,0,0,0
A,102431,0,0,0
A,102432,0,0,0
A,102436,0,0,0
A,102438,0,0,0
A,102439,0,0,0
A,102441,0,0,0
A,102442,0,0,0
A,102443,0,0,0
A,102444,0,0,0
A,102445,0,0,0
A,102446,0,0,0
A,102447,0,0,0
A,102451,0,0,0
A,102453,0,0,0
A,102454,0,0,0
A,102456,0,0,0
A,102459,0,0,0
A,102460,5,41.44,207.20
A,102462,0,0,0
A,102464,0,0,0
A,102466,0,0,0
A,102468,0,0,0
A,102470,0,0,0
A,102472,0,0,0
A,102473,0,0,0
A,102475,0,0,0
A,102478,0,0,0
A,102479,0,0,0
A,102480,0,0,0
A,102481,0,0,0
A,102484,0,0,0
A,102487,0,0,0
A,102488,0,0,0
A,102493,0,0,0
A,102499,0,0,0
A,102501,0,0,0
A,102502,0,0,0
A,102503,0,0,0
A,102506,0,0,0
A,102512,0,0,0
A,102515,0,0,0
A,102516,0,0,0
A,102519,0,0,0
A,102520,0,0,0
A,102524,0,0,0
A,102527,0,0,0
A,102529,0,0,0
A,102531,0,0,0
A,102532,0,0,0
A,102533,0,0,0
A,102536,0,0,0
A,102538,0,0,0
A,102540,0,0,0
A,102542,0,0,0
A,102543,0,0,0
A,102545,0,0,0
A,102548,0,0,0
A,102549,0,0,0
A,102551,0,0,0
A,102552,0,0,0
A,102553,0,0,0
A,102557,0,0,0
A,102558,0,0,0
A,102562,0,0,0
A,102563,0,0,0
A,102564,0,0,0
A,102565,0,0,0
A,102566,0,0,0
A,102567,2,107.15,214.31
A,102571,0,0,0
A,102572,0,0,0
A,102573,0,0,0
A,102575,0,0,0
A,102576,4,31.43,125.74
A,102577,0,0,0
A,102579,0,0,0
A,102581,2,33.66,67.33
A,102582,0,0,0
A,102584,0,0,0
A,102585,0,0,0
A,102586,0,0,0
A,102587,0,0,0
A,102588,0,0,0
A,102591,0,0,0
A,102596,0,0,0
A,102599,0,0,0
A,102606,0,0,0
A,102608,0,0,0
A,102609,0,0,0
A,102611,0,0,0
A,102612,0,0,0
A,102613,0,0,0
A,102614,0,0,0
A,102615,0,0,0
A,102616,0,0,0
A,102618,0,0,0
A,102621,0,0,0
A,102622,0,0,0
A,102624,0,0,0
A,102626,0,0,0
A,102629,0,0,0
A,102630,0,0,0
A,102635,0,0,0
A,102637,0,0,0
A,102639,0,0,0
A,102641,0,0,0
A,102642,0,0,0
A,102643,0,0,0
A,102644,0,0,0
A,102646,0,0,0
A,102647,0,0,0
A,102648,0,0,0
A,102650,0,0,0
A,102651,0,0,0
A,102652,0,0,0
A,102654,0,0,0
A,102657,0,0,0
A,102658,0,0,0
A,102660,0,0,0
A,102663,0,0,0
A,102664,0,0,0
A,102668,2,12.10,24.19
A,102670,0,0,0
A,102671,0,0,0
A,102676,0,0,0
A,102678,0,0,0
A,102680,0,0,0
A,102683,0,0,0
A,102684,3,38.24,114.73
A,102686,0,0,0
A,102687,0,0,0
A,102689,0,0,0
A,102690,0,0,0
A,102692,0,0,0
A,102693,0,0,0
A,102695,0,0,0
A,102697,0,0,0
A,102700,0,0,0
A,102701,0,0,0
A,102704,0,0,0
A,102705,0,0,0
A,102707,2,21.61,43.22
A,102708,0,0,0
A,102714,0,0,0
A,102715,2,32.49,64.99
A,102716,0,0,0
A,102717,0,0,0
A,102718,0,0,0
A,102720,0,0,0
A,102725,0,0,0
A,102728,1,45.63,45.63
A,102730,0,0,0
A,102732,0,0,0
A,102733,0,0,0
A,102735,0,0,0
A,102736,0,0,0
A,102739,1,30.12,30.12
A,102741,0,0,0
A,102743,0,0,0
A,102745,0,0,0
A,102746,0,0,0
A,102748,1,37.48,37.48
A,102749,0,0,0
A,102750,0,0,0
A,102753,0,0,0
A,102754,0,0,0
A,102755,0,0,0
A,102756,0,0,0
A,102762,0,0,0
A,102763,0,0,0
A,102764,0,0,0
A,102765,0,0,0
A,102766,0,0,0
A,102768,0,0,0
A,102771,0,0,0
A,102774,0,0,0
A,102775,0,0,0
A,102776,0,0,0
A,102777,0,0,0
A,102778,0,0,0
A,102779,0,0,0
A,102780,0,0,0
A,102781,0,0,0
A,102782,0,0,0
A,102783,0,0,0
A,102784,0,0,0
A,102786,0,0,0
A,102787,0,0,0
A,102788,0,0,0
A,102791,0,0,0
A,102793,0,0,0
A,102796,0,0,0
A,102798,0,0,0
A,102799,0,0,0
A,102803,0,0,0
A,102807,0,0,0
A,102809,0,0,0
A,102810,0,0,0
A,102811,0,0,0
A,102812,0,0,0
A,102814,0,0,0
A,102815,0,0,0
A,102818,0,0,0
A,102820,1,3.93,3.93
A,102821,0,0,0
A,102823,0,0,0
A,102824,0,0,0
A,102825,0,0,0
A,102829,0,0,0
A,102834,0,0,0
A,102835,0,0,0
A,102836,0,0,0
A,102837,0,0,0
A,102844,0,0,0
A,102846,0,0,0
A,102847,0,0,0
A,102851,0,0,0
A,102854,0,0,0
A,102855,0,0,0
A,102857,0,0,0
A,102858,0,0,0
A,102861,0,0,0
A,102862,0,0,0
A,102863,0,0,0
A,102869,6,80.24,481.44
A,102871,0,0,0
A,102872,0,0,0
A,102874,0,0,0
A,102876,0,0,0
A,102881,0,0,0
A,102883,4,26.32,105.27
A,102884,0,0,0
A,102888,0,0,0
A,102889,0,0,0
A,102897,0,0,0
A,102898,0,0,0
A,102903,0,0,0
A,102904,0,0,0
A,102905,0,0,0
A,102907,0,0,0
A,102908,0,0,0
A,102909,0,0,0
A,102910,0,0,0
A,102911,0,0,0
A,102912,0,0,0
A,102913,0,0,0
A,102915,0,0,0
A,102917,0,0,0
A,102919,0,0,0
A,102921,0,0,0
A,102922,0,0,0
A,102924,0,0,0
A,102928,0,0,0
A,102929,0,0,0
A,102930,0,0,0
A,102931,0,0,0
A,102932,0,0,0
A,102935,0,0,0
A,102936,0,0,0
A,102937,0,0,0
A,102939,0,0,0
A,102940,4,50.58,202.31
A,102941,0,0,0
A,102943,0,0,0
A,102944,0,0,0
A,102945,0,0,0
A,102947,0,0,0
A,102948,0,0,0
A,102950,0,0,0
A,102951,0,0,0
A,102953,0,0,0
A,102954,0,0,0
A,102955,0,0,0
A,102956,0,0,0
A,102957,0,0,0
A,102958,0,0,0
A,102959,0,0,0
A,102961,2,20.53,41.05
A,102962,3,31.60,94.79
A,102964,0,0,0
A,102968,0,0,0
A,102969,0,0,0
A,102972,0,0,0
A,102973,0,0,0
A,102974,0,0,0
A,102976,0,0,0
A,102981,0,0,0
A,102982,0,0,0
A,102984,0,0,0
A,102985,0,0,0
A,102987,0,0,0
A,102988,0,0,0
A,102989,0,0,0
A,102992,0,0,0
A,102993,0,0,0
A,102994,0,0,0
A,102996,2,8.52,17.05
A,102997,0,0,0
A,102998,0,0,0
A,103000,0,0,0
A,103005,0,0,0
A,103006,0,0,0
A,103007,0,0,0
A,103008,0,0,0
A,103009,0,0,0
A,103012,0,0,0
A,103018,0,0,0
A,103019,0,0,0
A,103021,0,0,0
A,103022,0,0,0
A,103024,0,0,0
A,103025,0,0,0
A,103026,0,0,0
A,103028,0,0,0
A,103029,0,0,0
A,103030,0,0,0
A,103033,0,0,0
A,103037,0,0,0
A,103039,0,0,0
A,103040,0,0,0
A,103048,0,0,0
A,103050,0,0,0
A,103051,0,0,0
A,103052,0,0,0
A,103054,0,0,0
A,103056,0,0,0
A,103059,0,0,0
A,103064,0,0,0
A,103066,0,0,0
A,103068,0,0,0
A,103069,0,0,0
A,103075,0,0,0
A,103077,5,12.73,63.66
A,103078,0,0,0
A,103080,0,0,0
A,103081,0,0,0
A,103082,0,0,0
A,103084,0,0,0
A,103085,0,0,0
A,103086,0,0,0
A,103087,0,0,0
A,103088,0,0,0
A,103089,0,0,0
A,103090,0,0,0
A,103092,0,0,0
A,103094,7,17.13,119.89
A,103095,0,0,0
A,103096,0,0,0
A,103098,0,0,0
A,103099,0,0,0
A,103100,0,0,0
A,103101,0,0,0
A,103103,0,0,0
A,103105,0,0,0
A,103107,1,47.21,47.21
A,103108,0,0,0
A,103109,0,0,0
A,103111,0,0,0
A,103117,0,0,0
A,103118,10,32.23,322.32
A,103120,0,0,0
A,103122,0,0,0
A,103123,0,0,0
A,103124,0,0,0
A,103126,0,0,0
A,103127,0,0,0
A,103128,0,0,0
A,103132,0,0,0
A,103133,0,0,0
A,103134,0,0,0
A,103136,0,0,0
A,103137,0,0,0
A,103138,0,0,0
A,103139,0,0,0
A,103143,0,0,0
A,103144,0,0,0
A,103147,0,0,0
A,103151,0,0,0
A,103153,0,0,0
A,103155,0,0,0
A,103156,0,0,0
A,103159,0,0,0
A,103160,0,0,0
A,103162,0,0,0
A,103163,0,0,0
A,103164,0,0,0
A,103165,0,0,0
A,103166,0,0,0
A,103167,0,0,0
A,103170,0,0,0
A,103172,0,0,0
A,103173,0,0,0
A,103175,0,0,0
A,103176,0,0,0
A,103177,0,0,0
A,103181,0,0,0
A,103183,0,0,0
A,103186,0,0,0
A,103187,0,0,0
A,103188,0,0,0
A,103189,0,0,0
A,103190,6,15.78,94.66
A,103193,0,0,0
A,103198,0,0,0
A,103200,0,0,0
A,103204,0,0,0
A,103208,0,0,0
A,103210,0,0,0
A,103215,0,0,0
A,103217,0,0,0
A,103219,0,0,0
A,103221,0,0,0
A,103223,0,0,0
A,103224,0,0,0
A,103225,0,0,0
A,103231,0,0,0
A,103237,0,0,0
A,103238,0,0,0
A,103239,0,0,0
A,103240,0,0,0
A,103241,0,0,0
A,103245,0,0,0
A,103251,0,0,0
A,103253,0,0,0
A,103257,0,0,0
A,103259,1,22.29,22.29
A,103261,0,0,0
A,103263,0,0,0
A,103264,0,0,0
A,103265,0,0,0
A,103267,7,37.85,264.96
A,103268,0,0,0
A,103272,0,0,0
A,103276,0,0,0
A,103277,0,0,0
A,103278,0,0,0
A,103279,0,0,0
A,103280,0,0,0
A,103281,0,0,0
A,103285,0,0,0
A,103288,0,0,0
A,103290,0,0,0
A,103291,0,0,0
A,103292,0,0,0
A,103296,0,0,0
A,103302,0,0,0
A,103303,0,0,0
A,103304,0,0,0
A,103306,0,0,0
A,103307,0,0,0
A,103308,0,0,0
A,103309,0,0,0
A,103310,0,0,0
A,103312,0,0,0
A,103313,0,0,0
A,103314,0,0,0
A,103315,2,13.35,26.70
A,103318,0,0,0
A,103321,0,0,0
A,103323,0,0,0
A,103325,0,0,0
A,103326,0,0,0
A,103327,0,0,0
A,103330,0,0,0
A,103331,0,0,0
A,103332,0,0,0
A,103334,2,99.54,199.09
A,103335,0,0,0
A,103336,0,0,0
A,103339,0,0,0
A,103342,0,0,0
A,103344,0,0,0
A,103345,0,0,0
A,103347,0,0,0
A,103348,0,0,0
A,103354,0,0,0
A,103355,0,0,0
A,103356,0,0,0
A,103358,0,0,0
A,103360,0,0,0
A,103361,0,0,0
A,103364,0,0,0
A,103366,0,0,0
A,103370,0,0,0
A,103372,0,0,0
A,103373,0,0,0
A,103374,0,0,0
A,103376,0,0,0
A,103378,0,0,0
A,103380,0,0,0
A,103381,0,0,0
A,103383,0,0,0
A,103386,0,0,0
A,103387,0,0,0
A,103390,0,0,0
A,103394,0,0,0
A,103395,0,0,0
A,103397,0,0,0
A,103398,0,0,0
A,103406,0,0,0
A,103407,0,0,0
A,103408,0,0,0
A,103409,0,0,0
A,103410,0,0,0
A,103411,0,0,0
A,103416,0,0,0
A,103417,0,0,0
A,103418,0,0,0
A,103419,0,0,0
A,103420,3,19.33,57.98
A,103421,0,0,0
A,103422,0,0,0
A,103425,0,0,0
A,103427,0,0,0
A,103428,0,0,0
A,103431,0,0,0
A,103432,0,0,0
A,103433,0,0,0
A,103434,0,0,0
A,103437,2,35.28,70.56
A,103441,0,0,0
A,103443,2,23.77,47.54
A,103449,0,0,0
A,103454,0,0,0
A,103455,0,0,0
A,103457,0,0,0
A,103459,0,0,0
A,103462,0,0,0
A,103463,0,0,0
A,103465,0,0,0
A,103467,0,0,0
A,103468,0,0,0
A,103472,0,0,0
A,103473,0,0,0
A,103475,0,0,0
A,103478,0,0,0
A,103479,1,5.43,5.43
A,103480,2,33.87,67.73
A,103481,0,0,0
A,103482,0,0,0
A,103483,0,0,0
A,103487,0,0,0
A,103493,0,0,0
A,103498,0,0,0
A,103502,0,0,0
A,103503,0,0,0
A,103504,0,0,0
A,103507,0,0,0
A,103508,0,0,0
A,103509,0,0,0
A,103510,0,0,0
A,103516,0,0,0
A,103517,0,0,0
A,103519,0,0,0
A,103521,0,0,0
A,103522,0,0,0
A,103523,0,0,0
A,103524,10,22.63,226.26
A,103529,0,0,0
A,103530,0,0,0
A,103532,0,0,0
A,103534,0,0,0
A,103535,0,0,0
A,103536,0,0,0
A,103537,0,0,0
A,103538,1,42.42,42.42
A,103539,0,0,0
A,103540,0,0,0
A,103541,0,0,0
A,103543,0,0,0
A,103545,0,0,0
A,103554,0,0,0
A,103555,0,0,0
A,103556,0,0,0
A,103557,0,0,0
A,103558,0,0,0
A,103561,0,0,0
A,103564,0,0,0
A,103565,0,0,0
A,103566,0,0,0
A,103570,0,0,0
A,103572,0,0,0
A,103573,0,0,0
A,103574,2,48.60,97.20
A,103577,0,0,0
A,103578,0,0,0
A,103584,0,0,0
A,103585,0,0,0
A,103589,0,0,0
A,103592,0,0,0
A,103593,0,0,0
A,103595,0,0,0
A,103596,0,0,0
A,103597,0,0,0
A,103599,0,0,0
A,103602,0,0,0
A,103604,0,0,0
A,103607,0,0,0
A,103608,0,0,0
A,103615,0,0,0
A,103616,0,0,0
A,103620,0,0,0
A,103622,0,0,0
A,103625,0,0,0
A,103628,0,0,0
A,103630,0,0,0
A,103633,0,0,0
A,103636,0,0,0
A,103637,0,0,0
A,103638,3,12.78,38.35
A,103641,0,0,0
A,103642,0,0,0
A,103643,0,0,0
A,103645,0,0,0
A,103646,0,0,0
A,103647,0,0,0
A,103649,0,0,0
A,103650,0,0,0
A,103652,0,0,0
A,103655,0,0,0
A,103658,0,0,0
A,103660,0,0,0
A,103661,0,0,0
A,103662,0,0,0
A,103663,0,0,0
A,103664,2,101.02,202.04
A,103667,0,0,0
A,103670,2,42.99,85.98
A,103671,0,0,0
A,103672,0,0,0
A,103673,0,0,0
A,103674,0,0,0
A,103675,0,0,0
A,103677,0,0,0
A,103678,4,34.55,138.19
A,103679,0,0,0
A,103681,0,0,0
A,103686,0,0,0
A,103687,1,23.95,23.95
A,103688,0,0,0
A,103693,0,0,0
A,103695,0,0,0
A,103696,0,0,0
A,103699,0,0,0
A,103700,0,0,0
A,103704,3,49.80,149.39
A,103705,0,0,0
A,103707,0,0,0
A,103709,0,0,0
A,103713,0,0,0
A,103714,0,0,0
A,103716,0,0,0
A,103717,3,28.28,84.84
A,103718,0,0,0
A,103720,0,0,0
A,103721,0,0,0
A,103722,1,22.86,22.86
A,103724,0,0,0
A,103733,6,21.83,130.96
A,103738,0,0,0
A,103739,0,0,0
A,103742,0,0,0
A,103743,0,0,0
A,103744,0,0,0
A,103746,0,0,0
A,103747,0,0,0
A,103749,0,0,0
A,103752,0,0,0
A,103754,0,0,0
A,103755,0,0,0
A,103757,6,29.52,177.13
A,103758,0,0,0
A,103759,0,0,0
A,103760,0,0,0
A,103763,3,54.87,164.61
A,103766,0,0,0
A,103773,0,0,0
A,103775,0,0,0
A,103779,0,0,0
A,103781,0,0,0
A,103782,0,0,0
A,103783,0,0,0
A,103784,3,77.26,231.77
A,103785,0,0,0
A,103787,0,0,0
A,103789,0,0,0
A,103794,0,0,0
A,103795,0,0,0
A,103798,0,0,0
A,103799,0,0,0
A,103801,0,0,0
A,103803,0,0,0
A,103804,0,0,0
A,103806,0,0,0
A,103807,0,0,0
A,103808,0,0,0
A,103809,0,0,0
A,103811,0,0,0
A,103813,0,0,0
A,103814,0,0,0
A,103815,0,0,0
A,103816,0,0,0
A,103819,0,0,0
A,103824,0,0,0
A,103825,0,0,0
A,103826,0,0,0
A,103828,0,0,0
A,103829,0,0,0
A,103830,0,0,0
A,103832,0,0,0
A,103833,0,0,0
A,103834,0,0,0
A,103836,0,0,0
A,103838,0,0,0
A,103840,0,0,0
A,103841,0,0,0
A,103844,0,0,0
A,103845,0,0,0
A,103848,0,0,0
A,103849,0,0,0
A,103850,0,0,0
A,103852,0,0,0
A,103853,0,0,0
A,103854,1,22.89,22.89
A,103860,0,0,0
A,103865,0,0,0
A,103866,5,40.41,202.07
A,103868,0,0,0
A,103875,0,0,0
A,103876,0,0,0
A,103879,0,0,0
A,103880,0,0,0
A,103883,0,0,0
A,103884,0,0,0
A,103887,0,0,0
A,103888,0,0,0
A,103890,0,0,0
A,103891,0,0,0
A,103892,0,0,0
A,103897,0,0,0
A,103899,2,33.28,66.56
A,103900,0,0,0
A,103904,11,22.03,242.33
A,103905,0,0,0
A,103908,0,0,0
A,103910,0,0,0
A,103913,0,0,0
A,103914,0,0,0
A,103915,0,0,0
A,103916,0,0,0
A,103918,0,0,0
A,103923,0,0,0
A,103925,0,0,0
A,103930,3,11.31,33.94
A,103933,0,0,0
A,103935,0,0,0
A,103936,10,37.13,371.33
A,103938,0,0,0
A,103940,0,0,0
A,103944,0,0,0
A,103945,1,10.85,10.85
A,103946,0,0,0
A,103951,1,10.22,10.22
A,103953,0,0,0
A,103955,0,0,0
A,103960,0,0,0
A,103963,0,0,0
A,103965,0,0,0
A,103966,0,0,0
A,103967,0,0,0
A,103969,0,0,0
A,103970,1,17.18,17.18
A,103971,2,48.04,96.08
A,103975,0,0,0
A,103976,0,0,0
A,103978,0,0,0
A,103979,0,0,0
A,103982,0,0,0
A,103983,0,0,0
A,103987,0,0,0
A,103991,0,0,0
A,103993,0,0,0
A,103994,0,0,0
A,103996,1,82.56,82.56
A,103997,0,0,0
A,103998,0,0,0
A,103999,0,0,0
A,104000,0,0,0
A,104003,0,0,0
A,104004,0,0,0
A,104006,0,0,0
A,104011,0,0,0
A,104016,0,0,0
A,104021,0,0,0
A,104023,0,0,0
A,104028,0,0,0
A,104030,0,0,0
A,104031,0,0,0
A,104034,0,0,0
A,104038,0,0,0
A,104039,0,0,0
A,104040,0,0,0
A,104041,0,0,0
A,104044,0,0,0
A,104049,0,0,0
A,104051,0,0,0
A,104052,0,0,0
A,104054,0,0,0
A,104058,0,0,0
A,104059,0,0,0
A,104062,0,0,0
A,104063,1,67.18,67.18
A,104064,0,0,0
A,104065,0,0,0
A,104066,0,0,0
A,104071,1,9.88,9.88
A,104072,0,0,0
A,104075,0,0,0
A,104076,0,0,0
A,104077,0,0,0
A,104082,0,0,0
A,104083,0,0,0
A,104086,0,0,0
A,104087,0,0,0
A,104088,0,0,0
A,104089,0,0,0
A,104090,1,18.29,18.29
A,104094,0,0,0
A,104095,0,0,0
A,104096,0,0,0
A,104097,0,0,0
A,104107,0,0,0
A,104111,0,0,0
A,104112,0,0,0
A,104113,0,0,0
A,104115,0,0,0
A,104116,0,0,0
A,104117,0,0,0
A,104120,0,0,0
A,104121,0,0,0
A,104122,0,0,0
A,104123,0,0,0
A,104124,0,0,0
A,104126,0,0,0
A,104128,0,0,0
A,104129,0,0,0
A,104130,0,0,0
A,104131,0,0,0
A,104134,0,0,0
A,104135,0,0,0
A,104136,0,0,0
A,104138,0,0,0
A,104140,0,0,0
A,104144,0,0,0
A,104145,0,0,0
A,104147,0,0,0
A,104150,5,15.79,78.93
A,104153,0,0,0
A,104154,0,0,0
A,104155,0,0,0
A,104158,0,0,0
A,104160,0,0,0
A,104161,0,0,0
A,104164,0,0,0
A,104166,0,0,0
A,104167,0,0,0
A,104168,0,0,0
A,104170,0,0,0
A,104173,0,0,0
A,104176,0,0,0
A,104177,0,0,0
A,104178,0,0,0
A,104179,0,0,0
A,104182,0,0,0
A,104183,0,0,0
A,104184,0,0,0
A,104185,0,0,0
A,104188,0,0,0
A,104189,0,0,0
A,104190,0,0,0
A,104191,0,0,0
A,104192,0,0,0
A,104193,0,0,0
A,104196,0,0,0
A,104197,0,0,0
A,104199,0,0,0
A,104200,0,0,0
A,104201,0,0,0
A,104202,0,0,0
A,104205,0,0,0
A,104206,0,0,0
A,104207,0,0,0
A,104208,0,0,0
A,104210,0,0,0
A,104214,0,0,0
A,104218,0,0,0
A,104222,0,0,0
A,104224,0,0,0
A,104226,0,0,0
A,104227,0,0,0
A,104229,0,0,0
A,104232,1,10.62,10.62
A,104233,0,0,0
A,104235,0,0,0
A,104236,0,0,0
A,104237,0,0,0
A,104239,0,0,0
A,104242,0,0,0
A,104243,0,0,0
A,104244,0,0,0
A,104246,0,0,0
A,104249,0,0,0
A,104250,0,0,0
A,104251,0,0,0
A,104255,0,0,0
A,104257,0,0,0
A,104260,0,0,0
A,104262,0,0,0
A,104265,0,0,0
A,104266,0,0,0
A,104269,0,0,0
A,104275,0,0,0
A,104277,0,0,0
A,104278,0,0,0
A,104280,0,0,0
A,104282,0,0,0
A,104283,0,0,0
A,104287,0,0,0
A,104289,0,0,0
A,104293,0,0,0
A,104294,0,0,0
A,104295,0,0,0
A,104296,0,0,0
A,104297,0,0,0
A,104300,0,0,0
A,104301,0,0,0
A,104306,0,0,0
A,104309,0,0,0
A,104310,0,0,0
A,104312,0,0,0
A,104317,2,23.25,46.50
A,104321,0,0,0
A,104323,0,0,0
A,104324,0,0,0
A,104325,0,0,0
A,104327,0,0,0
A,104328,0,0,0
A,104329,0,0,0
A,104330,2,51.42,102.84
A,104337,0,0,0
A,104338,2,16.06,32.12
A,104339,0,0,0
A,104341,4,19.51,78.04
A,104345,0,0,0
A,104347,0,0,0
A,104348,0,0,0
A,104353,0,0,0
A,104355,0,0,0
A,104356,0,0,0
A,104359,0,0,0
A,104362,0,0,0
A,104366,0,0,0
A,104370,0,0,0
A,104375,0,0,0
A,104377,0,0,0
A,104381,0,0,0
A,104383,0,0,0
A,104384,0,0,0
A,104385,13,19.97,259.59
A,104387,1,71.31,71.31
A,104388,4,43.59,174.36
A,104389,0,0,0
A,104392,0,0,0
A,104393,0,0,0
A,104394,0,0,0
A,104395,0,0,0
A,104396,0,0,0
A,104397,0,0,0
A,104398,0,0,0
A,104401,0,0,0
A,104402,0,0,0
A,104405,0,0,0
A,104407,0,0,0
A,104411,2,15.64,31.28
A,104414,0,0,0
A,104415,0,0,0
A,104417,0,0,0
A,104418,0,0,0
A,104419,0,0,0
A,104421,0,0,0
A,104422,0,0,0
A,104423,0,0,0
A,104424,0,0,0
A,104431,0,0,0
A,104437,0,0,0
A,104440,0,0,0
A,104441,0,0,0
A,104442,0,0,0
A,104444,0,0,0
A,104445,0,0,0
A,104446,0,0,0
A,104448,0,0,0
A,104453,0,0,0
A,104458,0,0,0
A,104460,3,34.52,103.56
A,104461,0,0,0
A,104464,0,0,0
A,104465,0,0,0
A,104466,1,9.10,9.10
A,104468,0,0,0
A,104469,0,0,0
A,104470,0,0,0
A,104474,0,0,0
A,104475,0,0,0
A,104482,0,0,0
A,104490,0,0,0
A,104491,0,0,0
A,104493,0,0,0
A,104495,8,92.79,742.34
A,104497,0,0,0
A,104498,0,0,0
A,104499,0,0,0
A,104501,2,13.69,27.38
A,104503,0,0,0
A,104506,0,0,0
A,104507,0,0,0
A,104508,0,0,0
A,104509,0,0,0
A,104510,0,0,0
A,104513,0,0,0
A,104514,0,0,0
A,104515,0,0,0
A,104517,0,0,0
A,104518,0,0,0
A,104519,0,0,0
A,104520,0,0,0
A,104521,0,0,0
A,104524,0,0,0
A,104525,0,0,0
A,104526,0,0,0
A,104527,0,0,0
A,104528,0,0,0
A,104529,0,0,0
A,104531,0,0,0
A,104533,0,0,0
A,104534,0,0,0
A,104535,0,0,0
A,104538,0,0,0
A,104539,0,0,0
A,104540,0,0,0
A,104541,0,0,0
A,104542,0,0,0
A,104543,0,0,0
A,104545,0,0,0
A,104546,0,0,0
A,104548,0,0,0
A,104549,0,0,0
A,104550,0,0,0
A,104551,0,0,0
A,104553,0,0,0
A,104557,0,0,0
A,104558,0,0,0
A,104560,0,0,0
A,104564,0,0,0
A,104565,0,0,0
A,104566,0,0,0
A,104567,0,0,0
A,104568,0,0,0
A,104571,0,0,0
A,104573,0,0,0
A,104574,0,0,0
A,104576,0,0,0
A,104578,0,0,0
A,104580,0,0,0
A,104584,0,0,0
A,104588,0,0,0
A,104591,0,0,0
A,104592,15,29.70,445.48
A,104595,0,0,0
A,104598,0,0,0
A,104600,0,0,0
A,104601,0,0,0
A,104603,0,0,0
A,104605,0,0,0
A,104606,0,0,0
A,104610,0,0,0
A,104611,0,0,0
A,104612,15,36.27,544.04
A,104614,1,9.01,9.01
A,104615,0,0,0
A,104616,0,0,0
A,104619,0,0,0
A,104621,0,0,0
A,104623,0,0,0
A,104624,0,0,0
A,104626,0,0,0
A,104627,0,0,0
A,104629,0,0,0
A,104630,0,0,0
A,104631,0,0,0
A,104632,0,0,0
A,104635,0,0,0
A,104638,0,0,0
A,104639,0,0,0
A,104642,0,0,0
A,104646,0,0,0
A,104650,0,0,0
A,104657,0,0,0
A,104658,0,0,0
A,104659,0,0,0
A,104663,0,0,0
A,104665,0,0,0
A,104666,0,0,0
A,104667,0,0,0
A,104668,0,0,0
A,104669,0,0,0
A,104676,0,0,0
A,104678,0,0,0
A,104680,0,0,0
A,104681,3,10.33,30.98
A,104683,0,0,0
A,104685,0,0,0
A,104686,0,0,0
A,104687,4,40.46,161.83
A,104689,0,0,0
A,104691,0,0,0
A,104693,0,0,0
A,104695,4,65.28,261.12
A,104696,0,0,0
A,104697,0,0,0
A,104700,0,0,0
A,104701,0,0,0
A,104702,0,0,0
A,104703,0,0,0
A,104704,0,0,0
A,104706,0,0,0
A,104707,0,0,0
A,104708,0,0,0
A,104714,0,0,0
A,104716,0,0,0
A,104718,0,0,0
A,104719,0,0,0
A,104721,0,0,0
A,104725,0,0,0
A,104729,0,0,0
A,104731,0,0,0
A,104734,0,0,0
A,104735,0,0,0
A,104737,0,0,0
A,104738,0,0,0
A,104740,0,0,0
A,104741,0,0,0
A,104743,0,0,0
A,104744,0,0,0
A,104746,0,0,0
A,104750,0,0,0
A,104752,0,0,0
A,104753,0,0,0
A,104754,0,0,0
A,104755,3,13.81,41.43
A,104756,0,0,0
A,104758,0,0,0
A,104759,0,0,0
A,104760,0,0,0
A,104761,0,0,0
A,104769,0,0,0
A,104775,0,0,0
A,104776,0,0,0
A,104777,0,0,0
A,104778,0,0,0
A,104779,0,0,0
A,104781,0,0,0
A,104782,0,0,0
A,104784,0,0,0
A,104786,0,0,0
A,104787,0,0,0
A,104789,0,0,0
A,104791,0,0,0
A,104793,0,0,0
A,104794,0,0,0
A,104795,0,0,0
A,104796,0,0,0
A,104797,0,0,0
A,104799,0,0,0
A,104803,0,0,0
A,104807,0,0,0
A,104808,0,0,0
A,104810,0,0,0
A,104812,0,0,0
A,104815,0,0,0
A,104817,0,0,0
A,104820,0,0,0
A,104823,0,0,0
A,104825,0,0,0
A,104826,0,0,0
A,104827,0,0,0
A,104829,0,0,0
A,104831,0,0,0
A,104832,0,0,0
A,104833,0,0,0
A,104837,0,0,0
A,104838,0,0,0
A,104841,0,0,0
A,104842,0,0,0
A,104851,1,324.18,324.18
A,104852,0,0,0
A,104853,0,0,0
A,104854,0,0,0
A,104857,0,0,0
A,104859,0,0,0
A,104860,0,0,0
A,104863,0,0,0
A,104864,0,0,0
A,104868,0,0,0
A,104871,0,0,0
A,104872,0,0,0
A,104873,0,0,0
A,104876,0,0,0
A,104877,0,0,0
A,104878,2,23.09,46.18
A,104879,0,0,0
A,104881,0,0,0
A,104885,0,0,0
A,104887,3,34.15,102.46
A,104888,0,0,0
A,104890,0,0,0
A,104891,0,0,0
A,104892,0,0,0
A,104893,0,0,0
A,104897,0,0,0
A,104905,0,0,0
A,104907,0,0,0
A,104908,0,0,0
A,104909,0,0,0
A,104911,0,0,0
A,104914,0,0,0
A,104915,2,18.18,36.37
A,104920,0,0,0
A,104921,0,0,0
A,104922,1,22.11,22.11
A,104925,0,0,0
A,104926,0,0,0
A,104927,1,48.90,48.90
A,104928,0,0,0
A,104929,0,0,0
A,104930,0,0,0
A,104931,0,0,0
A,104932,0,0,0
A,104933,0,0,0
A,104938,0,0,0
A,104940,0,0,0
A,104941,0,0,0
A,104942,0,0,0
A,104943,0,0,0
A,104946,0,0,0
A,104947,0,0,0
A,104948,0,0,0
A,104951,0,0,0
A,104953,0,0,0
A,104955,0,0,0
A,104956,0,0,0
A,104958,0,0,0
A,104959,0,0,0
A,104962,0,0,0
A,104970,0,0,0
A,104972,0,0,0
A,104973,0,0,0
A,104974,0,0,0
A,104982,0,0,0
A,104983,0,0,0
A,104984,0,0,0
A,104986,0,0,0
A,104987,1,17.25,17.25
A,104991,0,0,0
A,104995,0,0,0
A,104997,0,0,0
A,104998,0,0,0
A,105000,0,0,0
A,105004,0,0,0
A,105009,0,0,0
A,105012,0,0,0
A,105013,0,0,0
A,105014,1,6.39,6.39
A,105015,0,0,0
A,105017,3,59.12,177.36
A,105022,0,0,0
A,105023,0,0,0
A,105024,0,0,0
A,105027,0,0,0
A,105032,0,0,0
A,105034,0,0,0
A,105036,1,32.51,32.51
A,105038,0,0,0
A,105042,7,28.25,197.77
A,105043,0,0,0
A,105045,0,0,0
A,105046,0,0,0
A,105049,0,0,0
A,105050,0,0,0
A,105053,0,0,0
A,105054,0,0,0
A,105056,0,0,0
A,105057,2,66.68,133.36
A,105058,0,0,0
A,105060,0,0,0
A,105061,0,0,0
A,105062,0,0,0
A,105063,0,0,0
A,105066,0,0,0
A,105067,0,0,0
A,105069,0,0,0
A,105071,0,0,0
A,105074,0,0,0
A,105078,0,0,0
A,105081,0,0,0
A,105082,0,0,0
A,105085,0,0,0
A,105087,0,0,0
A,105088,0,0,0
A,105090,0,0,0
A,105091,0,0,0
A,105095,0,0,0
A,105096,0,0,0
A,105097,0,0,0
A,105098,0,0,0
A,105101,0,0,0
A,105104,0,0,0
A,105105,0,0,0
A,105108,0,0,0
A,105109,1,32.53,32.53
A,105111,0,0,0
A,105116,0,0,0
A,105118,0,0,0
A,105120,0,0,0
A,105121,0,0,0
A,105122,0,0,0
A,105125,0,0,0
A,105126,1,58.79,58.79
A,105127,0,0,0
A,105128,0,0,0
A,105129,0,0,0
A,105131,0,0,0
A,105133,0,0,0
A,105135,0,0,0
A,105140,0,0,0
A,105141,0,0,0
A,105143,0,0,0
A,105145,0,0,0
A,105146,0,0,0
A,105148,2,124.76,249.51
A,105150,0,0,0
A,105151,0,0,0
A,105152,1,24.39,24.39
A,105153,0,0,0
A,105154,0,0,0
A,105155,0,0,0
A,105156,0,0,0
A,105158,4,19.86,79.42
A,105159,0,0,0
A,105162,0,0,0
A,105163,3,27.39,82.18
A,105165,0,0,0
A,105166,0,0,0
A,105170,0,0,0
A,105172,0,0,0
A,105174,0,0,0
A,105175,0,0,0
A,105179,0,0,0
A,105180,0,0,0
A,105183,0,0,0
A,105186,0,0,0
A,105188,0,0,0
A,105190,0,0,0
A,105197,0,0,0
A,105198,0,0,0
A,105201,0,0,0
A,105202,0,0,0
A,105203,0,0,0
A,105204,0,0,0
A,105206,0,0,0
A,105207,2,10.75,21.49
A,105209,0,0,0
A,105217,0,0,0
A,105218,0,0,0
A,105219,0,0,0
A,105221,0,0,0
A,105223,0,0,0
A,105231,0,0,0
A,105232,3,19.77,59.32
A,105233,0,0,0
A,105234,0,0,0
A,105237,0,0,0
A,105238,0,0,0
A,105239,15,26.66,399.96
A,105240,0,0,0
A,105241,0,0,0
A,105242,0,0,0
A,105244,0,0,0
A,105245,0,0,0
A,105249,1,122.36,122.36
A,105252,9,15.93,143.38
A,105253,0,0,0
A,105254,0,0,0
A,105257,0,0,0
A,105261,0,0,0
A,105263,0,0,0
A,105268,0,0,0
A,105270,0,0,0
A,105271,0,0,0
A,105272,5,59.17,295.84
A,105273,0,0,0
A,105276,0,0,0
A,105278,0,0,0
A,105282,0,0,0
A,105283,0,0,0
A,105284,0,0,0
A,105285,0,0,0
A,105286,1,4.77,4.77
A,105287,0,0,0
A,105288,0,0,0
A,105290,0,0,0
A,105293,0,0,0
A,105294,0,0,0
A,105295,0,0,0
A,105300,0,0,0
A,105302,0,0,0
A,105304,0,0,0
A,105307,0,0,0
A,105308,0,0,0
A,105309,0,0,0
A,105310,0,0,0
A,105312,0,0,0
A,105313,0,0,0
A,105314,0,0,0
A,105322,0,0,0
A,105323,0,0,0
A,105325,0,0,0
A,105328,0,0,0
A,105333,0,0,0
A,105339,0,0,0
A,105341,0,0,0
A,105343,0,0,0
A,105346,7,22.18,155.25
A,105347,0,0,0
A,105349,0,0,0
A,105350,0,0,0
A,105353,0,0,0
A,105355,0,0,0
A,105356,0,0,0
A,105357,0,0,0
A,105358,0,0,0
A,105359,0,0,0
A,105360,0,0,0
A,105362,0,0,0
A,105368,0,0,0
A,105369,1,39.65,39.65
A,105374,0,0,0
A,105376,0,0,0
A,105378,0,0,0
A,105381,0,0,0
A,105382,0,0,0
A,105384,0,0,0
A,105386,4,31.42,125.68
A,105388,0,0,0
A,105389,0,0,0
A,105390,0,0,0
A,105391,0,0,0
A,105392,0,0,0
A,105393,0,0,0
A,105394,0,0,0
A,105397,0,0,0
A,105400,1,9.77,9.77
A,105402,0,0,0
A,105403,0,0,0
A,105404,0,0,0
A,105406,0,0,0
A,105407,0,0,0
A,105408,0,0,0
A,105409,0,0,0
A,105410,0,0,0
A,105413,0,0,0
A,105414,0,0,0
A,105417,0,0,0
A,105418,0,0,0
A,105420,0,0,0
A,105422,0,0,0
A,105423,0,0,0
A,105424,0,0,0
A,105425,0,0,0
A,105426,0,0,0
A,105428,0,0,0
A,105429,0,0,0
A,105430,0,0,0
A,105431,0,0,0
A,105432,0,0,0
A,105434,0,0,0
A,105435,0,0,0
A,105437,0,0,0
A,105438,0,0,0
A,105440,0,0,0
A,105442,0,0,0
A,105445,0,0,0
A,105446,0,0,0
A,105448,0,0,0
A,105450,0,0,0
A,105451,0,0,0
A,105452,0,0,0
A,105453,0,0,0
A,105454,0,0,0
A,105456,0,0,0
A,105457,0,0,0
A,105459,0,0,0
A,105460,0,0,0
A,105461,0,0,0
A,105462,0,0,0
A,105463,0,0,0
A,105464,0,0,0
A,105465,0,0,0
A,105467,0,0,0
A,105468,0,0,0
A,105469,0,0,0
A,105470,0,0,0
A,105471,0,0,0
A,105474,0,0,0
A,105476,0,0,0
A,105477,0,0,0
A,105480,0,0,0
A,105481,0,0,0
A,105482,0,0,0
A,105484,0,0,0
A,105486,0,0,0
A,105489,0,0,0
A,105490,0,0,0
A,105491,0,0,0
A,105492,0,0,0
A,105493,0,0,0
A,105497,0,0,0
A,105499,0,0,0
A,105501,0,0,0
A,105504,0,0,0
A,105506,0,0,0
A,105507,0,0,0
A,105514,1,42.31,42.31
A,105515,0,0,0
A,105518,0,0,0
A,105520,0,0,0
A,105521,0,0,0
A,105523,0,0,0
A,105526,1,73.74,73.74
A,105529,0,0,0
A,105530,0,0,0
A,105532,0,0,0
A,105533,0,0,0
A,105534,0,0,0
A,105536,1,17.42,17.42
A,105537,0,0,0
A,105540,0,0,0
A,105543,0,0,0
A,105545,0,0,0
A,105546,0,0,0
A,105547,0,0,0
A,105548,0,0,0
A,105550,0,0,0
A,105554,0,0,0
A,105557,0,0,0
A,105558,0,0,0
A,105559,0,0,0
A,105560,0,0,0
A,105561,0,0,0
A,105562,0,0,0
A,105564,0,0,0
A,105565,0,0,0
A,105566,0,0,0
A,105567,0,0,0
A,105568,0,0,0
A,105572,0,0,0
A,105575,0,0,0
A,105576,0,0,0
A,105577,0,0,0
A,105580,0,0,0
A,105582,0,0,0
A,105583,0,0,0
A,105584,0,0,0
A,105585,0,0,0
A,105587,0,0,0
A,105588,0,0,0
A,105591,0,0,0
A,105593,0,0,0
A,105594,0,0,0
A,105595,0,0,0
A,105596,0,0,0
A,105597,0,0,0
A,105598,0,0,0
A,105599,0,0,0
A,105600,0,0,0
A,105604,0,0,0
A,105605,0,0,0
A,105606,0,0,0
A,105607,0,0,0
A,105609,0,0,0
A,105612,0,0,0
A,105615,0,0,0
A,105616,0,0,0
A,105617,0,0,0
A,105618,0,0,0
A,105619,0,0,0
A,105624,0,0,0
A,105625,0,0,0
A,105627,0,0,0
A,105628,0,0,0
A,105629,0,0,0
A,105630,0,0,0
A,105631,0,0,0
A,105637,0,0,0
A,105641,9,45.23,407.03
A,105642,0,0,0
A,105643,0,0,0
A,105644,0,0,0
A,105645,0,0,0
A,105646,0,0,0
A,105647,0,0,0
A,105651,0,0,0
A,105654,0,0,0
A,105655,0,0,0
A,105656,0,0,0
A,105658,0,0,0
A,105662,0,0,0
A,105663,0,0,0
A,105665,0,0,0
A,105666,0,0,0
A,105667,0,0,0
A,105668,0,0,0
A,105669,0,0,0
A,105670,0,0,0
A,105671,0,0,0
A,105673,0,0,0
A,105674,0,0,0
A,105675,0,0,0
A,105676,0,0,0
A,105677,0,0,0
A,105679,2,29.93,59.85
A,105680,0,0,0
A,105682,0,0,0
A,105683,0,0,0
A,105684,0,0,0
A,105685,0,0,0
A,105687,0,0,0
A,105688,0,0,0
A,105689,0,0,0
A,105690,0,0,0
A,105692,0,0,0
A,105693,0,0,0
A,105695,1,14.04,14.04
A,105697,0,0,0
A,105702,0,0,0
A,105703,0,0,0
A,105704,0,0,0
A,105705,0,0,0
A,105706,0,0,0
A,105707,0,0,0
A,105713,0,0,0
A,105714,0,0,0
A,105716,0,0,0
A,105717,0,0,0
A,105720,0,0,0
A,105724,0,0,0
A,105725,0,0,0
A,105729,2,30.85,61.70
A,105730,0,0,0
A,105731,0,0,0
A,105734,0,0,0
A,105735,0,0,0
A,105736,0,0,0
A,105737,0,0,0
A,105738,0,0,0
A,105740,0,0,0
A,105741,0,0,0
A,105742,3,48.18,144.54
A,105744,0,0,0
A,105745,0,0,0
A,105746,0,0,0
A,105747,0,0,0
A,105748,0,0,0
A,105751,0,0,0
A,105753,0,0,0
A,105755,0,0,0
A,105756,0,0,0
A,105760,0,0,0
A,105761,0,0,0
A,105762,0,0,0
A,105763,0,0,0
A,105766,0,0,0
A,105767,0,0,0
A,105768,0,0,0
A,105769,0,0,0
A,105771,4,38.53,154.14
A,105772,0,0,0
A,105780,0,0,0
A,105781,0,0,0
A,105786,0,0,0
A,105787,0,0,0
A,105788,0,0,0
A,105790,0,0,0
A,105793,0,0,0
A,105794,0,0,0
A,105796,0,0,0
A,105799,0,0,0
A,105801,0,0,0
A,105803,0,0,0
A,105807,0,0,0
A,105808,0,0,0
A,105811,0,0,0
A,105812,0,0,0
A,105815,0,0,0
A,105818,0,0,0
A,105820,0,0,0
A,105821,0,0,0
A,105822,0,0,0
A,105824,0,0,0
A,105829,0,0,0
A,105831,0,0,0
A,105832,0,0,0
A,105838,0,0,0
A,105839,3,45.33,135.99
A,105843,0,0,0
A,105844,0,0,0
A,105845,0,0,0
A,105847,0,0,0
A,105848,0,0,0
A,105852,0,0,0
A,105854,0,0,0
A,105855,0,0,0
A,105860,0,0,0
A,105863,0,0,0
A,105865,5,21.43,107.15
A,105866,0,0,0
A,105868,0,0,0
A,105871,6,35.20,211.17
A,105872,0,0,0
A,105873,0,0,0
A,105874,0,0,0
A,105876,0,0,0
A,105880,0,0,0
A,105881,0,0,0
A,105883,0,0,0
A,105884,0,0,0
A,105885,0,0,0
A,105889,0,0,0
A,105893,0,0,0
A,105900,0,0,0
A,105905,0,0,0
A,105906,0,0,0
A,105907,0,0,0
A,105909,2,11.93,23.85
A,105911,0,0,0
A,105912,0,0,0
A,105913,0,0,0
A,105916,0,0,0
A,105918,0,0,0
A,105921,0,0,0
A,105923,0,0,0
A,105924,0,0,0
A,105928,0,0,0
A,105929,0,0,0
A,105930,0,0,0
A,105932,0,0,0
A,105936,0,0,0
A,105937,0,0,0
A,105938,1,25.58,25.58
A,105939,0,0,0
A,105944,0,0,0
A,105945,0,0,0
A,105947,0,0,0
A,105950,0,0,0
A,105952,0,0,0
A,105953,0,0,0
A,105955,0,0,0
A,105956,0,0,0
A,105957,0,0,0
A,105961,0,0,0
A,105962,0,0,0
A,105964,0,0,0
A,105967,0,0,0
A,105974,0,0,0
A,105976,0,0,0
A,105978,0,0,0
A,105979,0,0,0
A,105980,0,0,0
A,105981,0,0,0
A,105983,0,0,0
A,105984,0,0,0
A,105985,0,0,0
A,105987,0,0,0
A,105988,0,0,0
A,105989,0,0,0
A,105990,0,0,0
A,105992,0,0,0
A,105995,0,0,0
A,105998,0,0,0
A,105999,0,0,0
A,106000,0,0,0
A,106003,0,0,0
A,106005,0,0,0
A,106007,0,0,0
A,106008,0,0,0
A,106009,0,0,0
A,106013,0,0,0
A,106015,0,0,0
A,106017,0,0,0
A,106018,0,0,0
A,106019,0,0,0
A,106020,0,0,0
A,106021,0,0,0
A,106023,0,0,0
A,106025,0,0,0
A,106027,0,0,0
A,106032,2,34.37,68.73
A,106033,0,0,0
A,106035,0,0,0
A,106036,0,0,0
A,106039,0,0,0
A,106040,0,0,0
A,106043,0,0,0
A,106044,0,0,0
A,106045,0,0,0
A,106046,0,0,0
A,106047,0,0,0
A,106049,0,0,0
A,106050,0,0,0
A,106052,0,0,0
A,106055,0,0,0
A,106057,0,0,0
A,106058,0,0,0
A,106061,0,0,0
A,106062,0,0,0
A,106063,0,0,0
A,106066,4,16.54,66.17
A,106069,0,0,0
A,106070,11,45.07,495.76
A,106072,1,35.96,35.96
A,106073,0,0,0
A,106074,0,0,0
A,106075,0,0,0
A,106076,0,0,0
A,106077,0,0,0
A,106079,0,0,0
A,106083,0,0,0
A,106086,0,0,0
A,106087,0,0,0
A,106088,0,0,0
A,106089,0,0,0
A,106090,0,0,0
A,106093,0,0,0
A,106096,0,0,0
A,106100,0,0,0
A,106103,0,0,0
A,106104,0,0,0
A,106106,0,0,0
A,106109,0,0,0
A,106110,0,0,0
A,106111,0,0,0
A,106112,0,0,0
A,106115,0,0,0
A,106116,0,0,0
A,106118,0,0,0
A,106120,0,0,0
A,106122,0,0,0
A,106123,0,0,0
A,106125,0,0,0
A,106130,0,0,0
A,106131,0,0,0
A,106135,0,0,0
A,106136,0,0,0
A,106137,0,0,0
A,106143,0,0,0
A,106144,0,0,0
A,106145,0,0,0
A,106147,0,0,0
A,106150,0,0,0
A,106152,0,0,0
A,106153,6,45.90,275.42
A,106157,0,0,0
A,106158,0,0,0
A,106159,1,54.96,54.96
A,106160,0,0,0
A,106161,0,0,0
A,106162,5,53.97,269.86
A,106169,0,0,0
A,106173,0,0,0
A,106175,0,0,0
A,106176,1,16.84,16.84
A,106178,0,0,0
A,106179,0,0,0
A,106180,0,0,0
A,106183,0,0,0
A,106184,0,0,0
A,106185,0,0,0
A,106186,0,0,0
A,106187,0,0,0
A,106189,0,0,0
A,106190,0,0,0
A,106195,0,0,0
A,106196,0,0,0
A,106198,0,0,0
A,106199,2,27.73,55.45
A,106200,0,0,0
A,106203,0,0,0
A,106204,0,0,0
A,106205,0,0,0
A,106208,0,0,0
A,106213,0,0,0
A,106216,3,37.57,112.71
A,106217,0,0,0
A,106219,0,0,0
A,106226,0,0,0
A,106227,0,0,0
A,106231,0,0,0
A,106232,0,0,0
A,106234,0,0,0
A,106235,0,0,0
A,106236,0,0,0
A,106238,0,0,0
A,106239,0,0,0
A,106242,8,48.70,389.59
A,106243,0,0,0
A,106244,0,0,0
A,106247,0,0,0
A,106249,0,0,0
A,106250,0,0,0
A,106251,0,0,0
A,106253,15,29.03,435.52
A,106254,0,0,0
A,106255,0,0,0
A,106257,0,0,0
A,106258,0,0,0
A,106262,0,0,0
A,106263,0,0,0
A,106265,0,0,0
A,106266,0,0,0
A,106267,0,0,0
A,106270,0,0,0
A,106275,0,0,0
A,106277,0,0,0
A,106278,0,0,0
A,106285,0,0,0
A,106287,0,0,0
A,106288,0,0,0
A,106289,0,0,0
A,106290,0,0,0
A,106293,0,0,0
A,106296,0,0,0
A,106303,0,0,0
A,106304,0,0,0
A,106306,0,0,0
A,106307,0,0,0
A,106308,0,0,0
A,106309,0,0,0
A,106311,0,0,0
A,106313,0,0,0
A,106316,0,0,0
A,106319,0,0,0
A,106320,0,0,0
A,106323,0,0,0
A,106325,0,0,0
A,106327,0,0,0
A,106329,0,0,0
A,106333,0,0,0
A,106338,0,0,0
A,106340,0,0,0
A,106341,0,0,0
A,106342,0,0,0
A,106345,0,0,0
A,106348,0,0,0
A,106352,0,0,0
A,106354,0,0,0
A,106355,0,0,0
A,106356,0,0,0
A,106357,0,0,0
A,106358,0,0,0
A,106359,0,0,0
A,106361,0,0,0
A,106362,0,0,0
A,106363,0,0,0
A,106364,0,0,0
A,106365,0,0,0
A,106366,0,0,0
A,106367,0,0,0
A,106370,0,0,0
A,106371,0,0,0
A,106375,0,0,0
A,106378,0,0,0
A,106381,0,0,0
A,106384,4,68.05,272.20
A,106388,2,14.06,28.13
A,106390,0,0,0
A,106395,0,0,0
A,106400,0,0,0
A,106401,0,0,0
A,106402,0,0,0
A,106405,0,0,0
A,106406,0,0,0
A,106407,0,0,0
A,106410,0,0,0
A,106413,0,0,0
A,106417,0,0,0
A,106420,0,0,0
A,106421,0,0,0
A,106422,0,0,0
A,106423,0,0,0
A,106424,0,0,0
A,106427,0,0,0
A,106430,2,14.40,28.80
A,106434,0,0,0
A,106437,0,0,0
A,106440,1,9.87,9.87
A,106441,0,0,0
A,106447,0,0,0
A,106450,0,0,0
A,106452,0,0,0
A,106453,0,0,0
A,106454,0,0,0
A,106455,0,0,0
A,106456,0,0,0
A,106458,0,0,0
A,106460,0,0,0
A,106461,0,0,0
A,106462,0,0,0
A,106464,0,0,0
A,106465,0,0,0
A,106466,0,0,0
A,106468,0,0,0
A,106472,0,0,0
A,106475,0,0,0
A,106476,0,0,0
A,106478,0,0,0
A,106479,7,19.18,134.27
A,106480,0,0,0
A,106483,0,0,0
A,106486,0,0,0
A,106490,0,0,0
A,106493,0,0,0
A,106494,0,0,0
A,106496,0,0,0
A,106499,0,0,0
A,106500,0,0,0
A,106501,0,0,0
A,106504,0,0,0
A,106505,0,0,0
A,106507,0,0,0
A,106508,0,0,0
A,106514,0,0,0
A,106517,2,50.75,101.49
A,106520,0,0,0
A,106521,0,0,0
A,106522,0,0,0
A,106524,0,0,0
A,106525,0,0,0
A,106526,0,0,0
A,106527,0,0,0
A,106528,0,0,0
A,106529,0,0,0
A,106532,0,0,0
A,106535,1,23.54,23.54
A,106536,0,0,0
A,106538,0,0,0
A,106539,0,0,0
A,106542,0,0,0
A,106543,2,20.41,40.82
A,106545,0,0,0
A,106546,0,0,0
A,106547,0,0,0
A,106548,0,0,0
A,106549,0,0,0
A,106550,4,20.64,82.55
A,106551,0,0,0
A,106555,0,0,0
A,106558,0,0,0
A,106559,0,0,0
A,106561,0,0,0
A,106563,0,0,0
A,106568,0,0,0
A,106571,0,0,0
A,106572,0,0,0
A,106573,0,0,0
A,106574,0,0,0
A,106577,0,0,0
A,106581,0,0,0
A,106583,0,0,0
A,106586,1,15.63,15.63
A,106589,0,0,0
A,106592,0,0,0
A,106594,0,0,0
A,106598,0,0,0
A,106602,0,0,0
A,106605,0,0,0
A,106606,0,0,0
A,106607,0,0,0
A,106609,0,0,0
A,106610,0,0,0
A,106612,0,0,0
A,106615,0,0,0
A,106616,0,0,0
A,106618,0,0,0
A,106619,0,0,0
A,106620,0,0,0
A,106622,0,0,0
A,106624,0,0,0
A,106625,0,0,0
A,106629,0,0,0
A,106631,0,0,0
A,106632,0,0,0
A,106633,0,0,0
A,106634,0,0,0
A,106637,0,0,0
A,106638,0,0,0
A,106640,0,0,0
A,106641,1,55.42,55.42
A,106642,0,0,0
A,106647,0,0,0
A,106651,0,0,0
A,106652,0,0,0
A,106653,0,0,0
A,106654,0,0,0
A,106656,0,0,0
A,106660,0,0,0
A,106662,0,0,0
A,106664,0,0,0
A,106665,0,0,0
A,106669,0,0,0
A,106670,0,0,0
A,106671,0,0,0
A,106675,0,0,0
A,106677,0,0,0
A,106680,0,0,0
A,106682,0,0,0
A,106686,0,0,0
A,106687,1,23.31,23.31
A,106689,0,0,0
A,106691,0,0,0
A,106692,0,0,0
A,106696,0,0,0
A,106697,0,0,0
A,106698,0,0,0
A,106703,0,0,0
A,106704,0,0,0
A,106705,0,0,0
A,106710,0,0,0
A,106711,0,0,0
A,106715,0,0,0
A,106716,0,0,0
A,106718,0,0,0
A,106720,0,0,0
A,106722,0,0,0
A,106724,0,0,0
A,106728,0,0,0
A,106729,2,35.13,70.27
A,106732,0,0,0
A,106735,0,0,0
A,106738,0,0,0
A,106746,0,0,0
A,106748,0,0,0
A,106749,0,0,0
A,106750,0,0,0
A,106751,3,25.47,76.40
A,106754,0,0,0
A,106755,0,0,0
A,106757,0,0,0
A,106759,0,0,0
A,106763,0,0,0
A,106765,0,0,0
A,106766,0,0,0
A,106769,0,0,0
A,106772,0,0,0
A,106773,0,0,0
A,106774,0,0,0
A,106775,0,0,0
A,106777,0,0,0
A,106778,0,0,0
A,106780,0,0,0
A,106781,0,0,0
A,106782,0,0,0
A,106785,0,0,0
A,106789,0,0,0
A,106790,0,0,0
A,106791,0,0,0
A,106792,0,0,0
A,106798,0,0,0
A,106801,5,15.44,77.20
A,106802,0,0,0
A,106804,0,0,0
A,106806,0,0,0
A,106807,0,0,0
A,106809,0,0,0
A,106811,0,0,0
A,106812,2,17.53,35.07
A,106815,0,0,0
A,106817,0,0,0
A,106818,0,0,0
A,106819,0,0,0
A,106820,0,0,0
A,106823,0,0,0
A,106825,0,0,0
A,106828,0,0,0
A,106829,0,0,0
A,106832,0,0,0
A,106835,0,0,0
A,106837,0,0,0
A,106838,0,0,0
A,106840,0,0,0
A,106842,0,0,0
A,106843,0,0,0
A,106844,0,0,0
A,106846,0,0,0
A,106847,0,0,0
A,106850,0,0,0
A,106851,2,31.01,62.02
A,106853,0,0,0
A,106855,0,0,0
A,106857,0,0,0
A,106858,0,0,0
A,106859,0,0,0
A,106862,0,0,0
A,106864,0,0,0
A,106865,0,0,0
A,106867,0,0,0
A,106869,0,0,0
A,106871,0,0,0
A,106872,0,0,0
A,106873,0,0,0
A,106874,0,0,0
A,106877,0,0,0
A,106878,0,0,0
A,106879,0,0,0
A,106882,0,0,0
A,106883,0,0,0
A,106885,0,0,0
A,106886,2,33.56,67.12
A,106887,0,0,0
A,106888,0,0,0
A,106889,0,0,0
A,106896,0,0,0
A,106897,0,0,0
A,106899,0,0,0
A,106906,3,7.74,23.23
A,106907,0,0,0
A,106908,0,0,0
A,106909,0,0,0
A,106912,0,0,0
A,106913,0,0,0
A,106920,0,0,0
A,106921,0,0,0
A,106922,0,0,0
A,106924,0,0,0
A,106925,0,0,0
A,106927,1,87.29,87.29
A,106928,0,0,0
A,106930,0,0,0
A,106936,0,0,0
A,106937,0,0,0
A,106941,3,35.00,105.00
A,106942,0,0,0
A,106943,0,0,0
A,106944,0,0,0
A,106945,0,0,0
A,106947,0,0,0
A,106949,3,13.82,41.46
A,106951,0,0,0
A,106952,0,0,0
A,106956,0,0,0
A,106957,6,37.21,223.26
A,106958,0,0,0
A,106960,0,0,0
A,106961,0,0,0
A,106963,0,0,0
A,106964,1,2.44,2.44
A,106966,0,0,0
A,106968,0,0,0
A,106969,0,0,0
A,106970,0,0,0
A,106972,0,0,0
A,106973,0,0,0
A,106974,0,0,0
A,106975,0,0,0
A,106976,0,0,0
A,106980,0,0,0
A,106985,0,0,0
A,106986,0,0,0
A,106988,0,0,0
A,106990,0,0,0
A,106991,0,0,0
A,106992,3,24.61,73.83
A,106994,0,0,0
A,106995,0,0,0
A,106998,0,0,0
A,106999,0,0,0
A,107002,0,0,0
A,107003,0,0,0
A,107009,0,0,0
A,107012,0,0,0
A,107013,0,0,0
A,107014,0,0,0
A,107016,0,0,0
A,107017,0,0,0
A,107018,0,0,0
A,107020,0,0,0
A,107024,2,44.28,88.56
A,107026,0,0,0
A,107028,0,0,0
A,107034,0,0,0
A,107037,0,0,0
A,107041,0,0,0
A,107042,2,52.12,104.23
A,107043,0,0,0
A,107045,0,0,0
A,107047,0,0,0
A,107053,0,0,0
A,107055,0,0,0
A,107058,0,0,0
A,107064,0,0,0
A,107066,0,0,0
A,107068,0,0,0
A,107071,0,0,0
A,107072,0,0,0
A,107074,0,0,0
A,107075,0,0,0
A,107080,0,0,0
A,107082,0,0,0
A,107083,0,0,0
A,107086,0,0,0
A,107087,0,0,0
A,107090,0,0,0
A,107091,0,0,0
A,107092,0,0,0
A,107096,0,0,0
A,107097,0,0,0
A,107098,0,0,0
A,107099,0,0,0
A,107100,0,0,0
A,107101,1,5.76,5.76
A,107106,0,0,0
A,107108,0,0,0
A,107111,0,0,0
A,107112,0,0,0
A,107113,0,0,0
A,107114,0,0,0
A,107116,0,0,0
A,107117,0,0,0
A,107118,1,9.42,9.42
A,107119,0,0,0
A,107121,0,0,0
A,107125,0,0,0
A,107127,0,0,0
A,107128,0,0,0
A,107131,0,0,0
A,107133,0,0,0
A,107134,0,0,0
A,107136,0,0,0
A,107138,0,0,0
A,107139,0,0,0
A,107140,0,0,0
A,107143,0,0,0
A,107146,0,0,0
A,107147,0,0,0
A,107151,0,0,0
A,107153,0,0,0
A,107157,0,0,0
A,107158,0,0,0
A,107160,0,0,0
A,107162,0,0,0
A,107163,0,0,0
A,107165,0,0,0
A,107167,0,0,0
A,107168,0,0,0
A,107170,0,0,0
A,107171,0,0,0
A,107174,0,0,0
A,107177,0,0,0
A,107178,0,0,0
A,107179,0,0,0
A,107181,0,0,0
A,107182,0,0,0
A,107183,4,26.46,105.82
A,107192,0,0,0
A,107193,0,0,0
A,107194,0,0,0
A,107197,0,0,0
A,107198,0,0,0
A,107199,5,21.03,105.15
A,107200,0,0,0
A,107201,0,0,0
A,107202,0,0,0
A,107205,0,0,0
A,107207,0,0,0
A,107214,0,0,0
A,107215,0,0,0
A,107216,0,0,0
A,107217,0,0,0
A,107218,0,0,0
A,107219,0,0,0
A,107220,0,0,0
A,107221,0,0,0
A,107223,0,0,0
A,107224,0,0,0
A,107225,0,0,0
A,107227,1,5.05,5.05
A,107231,0,0,0
A,107232,0,0,0
A,107234,0,0,0
A,107235,0,0,0
A,107237,0,0,0
A,107240,0,0,0
A,107242,0,0,0
A,107243,0,0,0
A,107244,4,64.24,256.95
A,107246,5,27.11,135.55
A,107247,0,0,0
A,107248,1,24.16,24.16
A,107249,1,9.48,9.48
A,107258,0,0,0
A,107260,0,0,0
A,107264,0,0,0
A,107266,0,0,0
A,107267,0,0,0
A,107270,0,0,0
A,107272,0,0,0
A,107273,0,0,0
A,107274,0,0,0
A,107275,0,0,0
A,107277,0,0,0
A,107278,0,0,0
A,107280,0,0,0
A,107281,0,0,0
A,107283,0,0,0
A,107286,0,0,0
A,107289,0,0,0
A,107293,0,0,0
A,107294,0,0,0
A,107295,0,0,0
A,107297,0,0,0
A,107298,6,49.37,296.24
A,107299,0,0,0
A,107300,0,0,0
A,107306,0,0,0
A,107309,0,0,0
A,107313,0,0,0
A,107314,0,0,0
A,107315,0,0,0
A,107316,0,0,0
A,107321,0,0,0
A,107323,0,0,0
A,107324,3,7.54,22.62
A,107325,0,0,0
A,107330,0,0,0
A,107332,0,0,0
A,107333,0,0,0
A,107334,0,0,0
A,107336,0,0,0
A,107337,0,0,0
A,107338,0,0,0
A,107342,0,0,0
A,107343,0,0,0
A,107346,0,0,0
A,107347,0,0,0
A,107352,0,0,0
A,107358,0,0,0
A,107362,7,15.59,109.14
A,107365,0,0,0
A,107366,0,0,0
A,107367,1,12.03,12.03
A,107369,0,0,0
A,107371,0,0,0
A,107372,2,38.29,76.59
A,107374,0,0,0
A,107375,0,0,0
A,107376,0,0,0
A,107377,0,0,0
A,107378,0,0,0
A,107379,0,0,0
A,107380,0,0,0
A,107384,2,43.42,86.84
A,107388,0,0,0
A,107395,0,0,0
A,107396,0,0,0
A,107401,0,0,0
A,107403,0,0,0
A,107404,0,0,0
A,107406,0,0,0
A,107407,0,0,0
A,107408,0,0,0
A,107410,0,0,0
A,107413,0,0,0
A,107415,0,0,0
A,107416,0,0,0
A,107418,0,0,0
A,107422,8,90.45,723.64
A,107423,0,0,0
A,107425,0,0,0
A,107426,0,0,0
A,107427,0,0,0
A,107428,0,0,0
A,107431,0,0,0
A,107432,0,0,0
A,107433,0,0,0
A,107435,0,0,0
A,107436,0,0,0
A,107437,0,0,0
A,107439,0,0,0
A,107441,0,0,0
A,107442,0,0,0
A,107444,0,0,0
A,107446,0,0,0
A,107451,0,0,0
A,107454,0,0,0
A,107455,0,0,0
A,107456,0,0,0
A,107457,0,0,0
A,107459,0,0,0
A,107460,0,0,0
A,107462,0,0,0
A,107463,0,0,0
A,107464,0,0,0
A,107465,15,41.63,624.51
A,107468,0,0,0
A,107471,0,0,0
A,107473,0,0,0
A,107474,0,0,0
A,107475,0,0,0
A,107477,2,31.14,62.28
A,107479,0,0,0
A,107480,0,0,0
A,107482,0,0,0
A,107484,0,0,0
A,107486,0,0,0
A,107489,0,0,0
A,107493,0,0,0
A,107495,0,0,0
A,107496,4,19.44,77.78
A,107497,0,0,0
A,107498,0,0,0
A,107499,0,0,0
A,107502,0,0,0
A,107503,0,0,0
A,107505,0,0,0
A,107506,0,0,0
A,107509,0,0,0
A,107510,0,0,0
A,107513,0,0,0
A,107515,0,0,0
A,107517,0,0,0
A,107518,0,0,0
A,107520,0,0,0
A,107521,0,0,0
A,107523,0,0,0
A,107524,0,0,0
A,107526,0,0,0
A,107527,0,0,0
A,107528,0,0,0
A,107530,0,0,0
A,107531,0,0,0
A,107532,0,0,0
A,107533,0,0,0
A,107536,0,0,0
A,107539,0,0,0
A,107541,0,0,0
A,107546,0,0,0
A,107549,0,0,0
A,107550,0,0,0
A,107552,0,0,0
A,107554,0,0,0
A,107556,0,0,0
A,107557,0,0,0
A,107559,0,0,0
A,107561,0,0,0
A,107563,0,0,0
A,107564,9,13.66,122.90
A,107565,0,0,0
A,107567,1,40.98,40.98
A,107573,0,0,0
A,107575,5,45.99,229.93
A,107576,0,0,0
A,107578,0,0,0
A,107580,0,0,0
A,107582,0,0,0
A,107583,0,0,0
A,107584,0,0,0
A,107585,0,0,0
A,107588,0,0,0
A,107589,0,0,0
A,107590,0,0,0
A,107591,0,0,0
A,107592,0,0,0
A,107594,0,0,0
A,107595,0,0,0
A,107597,0,0,0
A,107599,0,0,0
A,107604,0,0,0
A,107609,0,0,0
A,107612,0,0,0
A,107613,0,0,0
A,107615,0,0,0
A,107617,0,0,0
A,107619,0,0,0
A,107620,0,0,0
A,107623,0,0,0
A,107624,0,0,0
A,107627,0,0,0
A,107629,0,0,0
A,107632,0,0,0
A,107633,0,0,0
A,107634,0,0,0
A,107636,0,0,0
A,107637,0,0,0
A,107638,4,16.80,67.19
A,107641,0,0,0
A,107643,0,0,0
A,107647,0,0,0
A,107648,0,0,0
A,107651,0,0,0
A,107653,0,0,0
A,107654,0,0,0
A,107656,4,83.53,334.11
A,107657,0,0,0
A,107658,0,0,0
A,107661,0,0,0
A,107662,0,0,0
A,107663,10,35.53,355.32
A,107668,0,0,0
A,107669,0,0,0
A,107677,0,0,0
A,107678,0,0,0
A,107679,0,0,0
A,107682,0,0,0
A,107683,0,0,0
A,107684,0,0,0
A,107685,0,0,0
A,107690,0,0,0
A,107693,0,0,0
A,107694,0,0,0
A,107696,0,0,0
A,107702,0,0,0
A,107704,0,0,0
A,107708,0,0,0
A,107709,0,0,0
A,107710,0,0,0
A,107713,0,0,0
A,107715,0,0,0
A,107716,2,41.76,83.52
A,107719,0,0,0
A,107720,0,0,0
A,107721,0,0,0
A,107725,0,0,0
A,107726,0,0,0
A,107730,0,0,0
A,107731,0,0,0
A,107734,0,0,0
A,107735,0,0,0
A,107736,0,0,0
A,107737,0,0,0
A,107738,0,0,0
A,107739,0,0,0
A,107741,0,0,0
A,107742,0,0,0
A,107746,0,0,0
A,107747,0,0,0
A,107748,0,0,0
A,107755,0,0,0
A,107756,0,0,0
A,107757,0,0,0
A,107760,0,0,0
A,107765,0,0,0
A,107771,0,0,0
A,107773,0,0,0
A,107777,0,0,0
A,107778,1,21.25,21.25
A,107780,0,0,0
A,107782,0,0,0
A,107783,0,0,0
A,107785,0,0,0
A,107786,0,0,0
A,107788,0,0,0
A,107789,0,0,0
A,107790,0,0,0
A,107791,1,16.43,16.43
A,107793,0,0,0
A,107794,0,0,0
A,107795,0,0,0
A,107797,0,0,0
A,107798,0,0,0
A,107799,0,0,0
A,107800,0,0,0
A,107801,5,32.54,162.68
A,107802,1,12.43,12.43
A,107805,0,0,0
A,107806,0,0,0
A,107810,0,0,0
A,107811,0,0,0
A,107812,0,0,0
A,107813,0,0,0
A,107815,0,0,0
A,107817,0,0,0
A,107822,0,0,0
A,107823,0,0,0
A,107824,0,0,0
A,107825,0,0,0
A,107826,0,0,0
A,107830,0,0,0
A,107831,0,0,0
A,107833,0,0,0
A,107836,0,0,0
A,107837,6,20.05,120.32
A,107838,0,0,0
A,107839,0,0,0
A,107840,0,0,0
A,107841,0,0,0
A,107842,0,0,0
A,107843,0,0,0
A,107844,0,0,0
A,107845,0,0,0
A,107846,0,0,0
A,107848,0,0,0
A,107849,0,0,0
A,107851,0,0,0
A,107853,0,0,0
A,107854,0,0,0
A,107856,0,0,0
A,107857,0,0,0
A,107858,0,0,0
A,107859,0,0,0
A,107861,0,0,0
A,107862,0,0,0
A,107864,0,0,0
A,107865,0,0,0
A,107867,0,0,0
A,107869,0,0,0
A,107870,0,0,0
A,107874,0,0,0
A,107876,0,0,0
A,107884,0,0,0
A,107885,0,0,0
A,107886,0,0,0
A,107887,0,0,0
A,107890,0,0,0
A,107895,0,0,0
A,107896,0,0,0
A,107897,0,0,0
A,107900,0,0,0
A,107903,0,0,0
A,107904,0,0,0
A,107906,0,0,0
A,107909,0,0,0
A,107910,0,0,0
A,107913,0,0,0
A,107919,0,0,0
A,107920,0,0,0
A,107922,0,0,0
A,107924,0,0,0
A,107925,0,0,0
A,107926,0,0,0
A,107928,0,0,0
A,107929,0,0,0
A,107930,0,0,0
A,107933,0,0,0
A,107935,0,0,0
A,107938,0,0,0
A,107939,0,0,0
A,107945,0,0,0
A,107946,0,0,0
A,107947,0,0,0
A,107948,0,0,0
A,107949,0,0,0
A,107951,0,0,0
A,107952,0,0,0
A,107953,0,0,0
A,107955,0,0,0
A,107956,0,0,0
A,107958,0,0,0
A,107960,0,0,0
A,107962,0,0,0
A,107965,9,51.76,465.80
A,107973,0,0,0
A,107974,7,73.38,513.66
A,107977,0,0,0
A,107979,0,0,0
A,107981,0,0,0
A,107984,0,0,0
A,107986,0,0,0
A,107987,0,0,0
A,107991,0,0,0
A,107993,0,0,0
A,107995,0,0,0
A,107997,0,0,0
A,107998,0,0,0
A,108001,0,0,0
A,108002,0,0,0
A,108003,0,0,0
A,108007,0,0,0
A,108008,0,0,0
A,108013,0,0,0
A,108014,0,0,0
A,108015,0,0,0
A,108016,0,0,0
A,108017,0,0,0
A,108018,0,0,0
A,108024,0,0,0
A,108026,0,0,0
A,108028,0,0,0
A,108029,0,0,0
A,108033,0,0,0
A,108035,0,0,0
A,108039,0,0,0
A,108041,0,0,0
A,108043,0,0,0
A,108044,1,7.38,7.38
A,108049,0,0,0
A,108050,0,0,0
A,108051,0,0,0
A,108054,0,0,0
A,108056,0,0,0
A,108059,0,0,0
A,108060,0,0,0
A,108061,0,0,0
A,108065,0,0,0
A,108067,0,0,0
A,108068,0,0,0
A,108070,0,0,0
A,108071,0,0,0
A,108073,0,0,0
A,108074,0,0,0
A,108076,0,0,0
A,108077,0,0,0
A,108078,0,0,0
A,108079,0,0,0
A,108080,0,0,0
A,108082,0,0,0
A,108083,8,31.68,253.46
A,108085,0,0,0
A,108086,4,31.30,125.20
A,108088,0,0,0
A,108089,0,0,0
A,108090,0,0,0
A,108091,0,0,0
A,108092,0,0,0
A,108093,0,0,0
A,108094,0,0,0
A,108095,0,0,0
A,108096,1,40.09,40.09
A,108097,0,0,0
A,108100,0,0,0
A,108104,0,0,0
A,108107,1,13.41,13.41
A,108108,0,0,0
A,108111,0,0,0
A,108113,0,0,0
A,108119,0,0,0
A,108123,0,0,0
A,108125,0,0,0
A,108126,0,0,0
A,108134,0,0,0
A,108135,0,0,0
A,108136,0,0,0
A,108140,0,0,0
A,108141,0,0,0
A,108144,1,196.23,196.23
A,108146,0,0,0
A,108148,0,0,0
A,108150,0,0,0
A,108151,0,0,0
A,108152,0,0,0
A,108154,0,0,0
A,108157,0,0,0
A,108161,0,0,0
A,108162,0,0,0
A,108164,2,33.81,67.63
A,108166,3,17.36,52.09
A,108170,0,0,0
A,108171,0,0,0
A,108172,0,0,0
A,108175,0,0,0
A,108177,0,0,0
A,108178,0,0,0
A,108182,0,0,0
A,108186,0,0,0
A,108188,0,0,0
A,108190,0,0,0
A,108191,0,0,0
A,108192,0,0,0
A,108196,0,0,0
A,108204,0,0,0
A,108205,0,0,0
A,108206,0,0,0
A,108208,0,0,0
A,108212,0,0,0
A,108215,0,0,0
A,108217,0,0,0
A,108219,2,23.74,47.47
A,108220,0,0,0
A,108222,0,0,0
A,108224,8,30.61,244.85
A,108225,0,0,0
A,108228,0,0,0
A,108229,0,0,0
A,108230,0,0,0
A,108231,1,69.61,69.61
A,108232,0,0,0
A,108233,0,0,0
A,108234,0,0,0
A,108235,0,0,0
A,108237,0,0,0
A,108239,0,0,0
A,108243,0,0,0
A,108244,0,0,0
A,108246,0,0,0
A,108247,0,0,0
A,108249,0,0,0
A,108252,2,7.71,15.42
A,108253,0,0,0
A,108256,0,0,0
A,108258,0,0,0
A,108260,0,0,0
A,108261,0,0,0
A,108262,0,0,0
A,108263,0,0,0
A,108264,0,0,0
A,108265,0,0,0
A,108268,0,0,0
A,108269,0,0,0
A,108270,0,0,0
A,108271,0,0,0
A,108274,0,0,0
A,108276,0,0,0
A,108277,1,12.02,12.02
A,108278,0,0,0
A,108281,0,0,0
A,108282,0,0,0
A,108283,0,0,0
A,108286,0,0,0
A,108288,0,0,0
A,108294,0,0,0
A,108295,0,0,0
A,108296,0,0,0
A,108297,0,0,0
A,108298,0,0,0
A,108301,0,0,0
A,108303,0,0,0
A,108304,0,0,0
A,108305,0,0,0
A,108307,0,0,0
A,108310,0,0,0
A,108311,0,0,0
A,108313,0,0,0
A,108314,0,0,0
A,108316,0,0,0
A,108317,0,0,0
A,108318,0,0,0
A,108320,10,22.14,221.43
A,108323,0,0,0
A,108324,0,0,0
A,108326,0,0,0
A,108328,0,0,0
A,108332,0,0,0
A,108334,0,0,0
A,108335,0,0,0
A,108338,0,0,0
A,108341,0,0,0
A,108343,0,0,0
A,108346,0,0,0
A,108352,0,0,0
A,108353,0,0,0
A,108356,0,0,0
A,108357,0,0,0
A,108360,0,0,0
A,108362,0,0,0
A,108363,0,0,0
A,108364,4,28.08,112.30
A,108365,0,0,0
A,108367,0,0,0
A,108371,0,0,0
A,108372,0,0,0
A,108375,4,22.47,89.86
A,108381,0,0,0
A,108386,4,39.16,156.62
A,108387,0,0,0
A,108388,0,0,0
A,108391,0,0,0
A,108396,0,0,0
A,108398,0,0,0
A,108399,0,0,0
A,108401,0,0,0
A,108402,0,0,0
A,108403,0,0,0
A,108404,0,0,0
A,108405,0,0,0
A,108407,0,0,0
A,108409,0,0,0
A,108410,0,0,0
A,108412,0,0,0
A,108417,0,0,0
A,108418,0,0,0
A,108419,1,24.15,24.15
A,108422,0,0,0
A,108423,0,0,0
A,108425,0,0,0
A,108427,0,0,0
A,108431,1,62.52,62.52
A,108432,0,0,0
A,108433,0,0,0
A,108437,0,0,0
A,108439,0,0,0
A,108443,0,0,0
A,108445,0,0,0
A,108447,0,0,0
A,108450,0,0,0
A,108451,0,0,0
A,108452,0,0,0
A,108453,0,0,0
A,108456,0,0,0
A,108458,0,0,0
A,108460,0,0,0
A,108462,0,0,0
A,108468,0,0,0
A,108470,0,0,0
A,108476,0,0,0
A,108477,0,0,0
A,108478,0,0,0
A,108480,0,0,0
A,108482,0,0,0
A,108483,2,15.26,30.52
A,108484,0,0,0
A,108485,0,0,0
A,108487,0,0,0
A,108489,0,0,0
A,108490,0,0,0
A,108495,0,0,0
A,108499,0,0,0
A,108500,0,0,0
A,108501,0,0,0
A,108503,0,0,0
A,108504,0,0,0
A,108505,0,0,0
A,108511,0,0,0
A,108513,0,0,0
A,108514,0,0,0
A,108516,0,0,0
A,108517,0,0,0
A,108521,0,0,0
A,108522,0,0,0
A,108523,0,0,0
A,108524,0,0,0
A,108525,0,0,0
A,108527,0,0,0
A,108530,0,0,0
A,108531,0,0,0
A,108532,0,0,0
A,108534,0,0,0
A,108535,0,0,0
A,108542,0,0,0
A,108543,0,0,0
A,108544,0,0,0
A,108549,0,0,0
A,108550,0,0,0
A,108551,0,0,0
A,108554,0,0,0
A,108555,0,0,0
A,108557,0,0,0
A,108558,0,0,0
A,108559,0,0,0
A,108560,0,0,0
A,108562,0,0,0
A,108567,0,0,0
A,108568,0,0,0
A,108569,0,0,0
A,108570,0,0,0
A,108571,0,0,0
A,108572,0,0,0
A,108575,0,0,0
A,108578,0,0,0
A,108580,0,0,0
A,108582,0,0,0
A,108589,0,0,0
A,108591,0,0,0
A,108595,0,0,0
A,108596,0,0,0
A,108597,0,0,0
A,108598,0,0,0
A,108600,0,0,0
A,108603,0,0,0
A,108607,0,0,0
A,108610,0,0,0
A,108611,0,0,0
A,108613,0,0,0
A,108615,0,0,0
A,108623,0,0,0
A,108624,0,0,0
A,108626,0,0,0
A,108627,0,0,0
A,108628,0,0,0
A,108629,0,0,0
A,108632,0,0,0
A,108634,0,0,0
A,108635,0,0,0
A,108637,0,0,0
A,108639,0,0,0
A,108640,0,0,0
A,108642,3,41.64,124.91
A,108643,0,0,0
A,108645,0,0,0
A,108650,0,0,0
A,108652,2,16.80,33.60
A,108654,0,0,0
A,108655,0,0,0
A,108657,0,0,0
A,108658,0,0,0
A,108661,0,0,0
A,108662,0,0,0
A,108663,0,0,0
A,108666,0,0,0
A,108667,0,0,0
A,108672,0,0,0
A,108673,0,0,0
A,108675,0,0,0
A,108676,0,0,0
A,108677,0,0,0
A,108685,7,29.07,203.47
A,108686,0,0,0
A,108688,0,0,0
A,108692,0,0,0
A,108693,0,0,0
A,108696,0,0,0
A,108697,0,0,0
A,108698,0,0,0
A,108699,0,0,0
A,108700,0,0,0
A,108703,0,0,0
A,108705,0,0,0
A,108707,0,0,0
A,108709,0,0,0
A,108711,0,0,0
A,108712,0,0,0
A,108715,0,0,0
A,108716,0,0,0
A,108719,0,0,0
A,108723,0,0,0
A,108724,0,0,0
A,108725,0,0,0
A,108730,0,0,0
A,108736,0,0,0
A,108738,0,0,0
A,108740,0,0,0
A,108741,0,0,0
A,108742,0,0,0
A,108744,0,0,0
A,108745,0,0,0
A,108749,0,0,0
A,108750,0,0,0
A,108751,0,0,0
A,108752,0,0,0
A,108756,11,38.93,428.28
A,108758,0,0,0
A,108760,0,0,0
A,108762,0,0,0
A,108766,0,0,0
A,108767,1,21.74,21.74
A,108771,0,0,0
A,108775,0,0,0
A,108776,0,0,0
A,108778,0,0,0
A,108779,0,0,0
A,108780,0,0,0
A,108783,0,0,0
A,108786,0,0,0
A,108789,0,0,0
A,108790,0,0,0
A,108792,0,0,0
A,108793,0,0,0
A,108795,0,0,0
A,108797,0,0,0
A,108801,0,0,0
A,108804,0,0,0
A,108809,0,0,0
A,108810,4,6.69,26.78
A,108813,0,0,0
A,108814,0,0,0
A,108816,0,0,0
A,108818,0,0,0
A,108819,0,0,0
A,108823,0,0,0
A,108824,0,0,0
A,108825,0,0,0
A,108826,7,59.43,416.03
A,108830,0,0,0
A,108832,0,0,0
A,108835,0,0,0
A,108838,0,0,0
A,108839,0,0,0
A,108840,0,0,0
A,108841,0,0,0
A,108842,0,0,0
A,108843,0,0,0
A,108845,0,0,0
A,108846,0,0,0
A,108849,0,0,0
A,108850,0,0,0
A,108852,0,0,0
A,108854,0,0,0
A,108855,0,0,0
A,108857,0,0,0
A,108858,0,0,0
A,108859,0,0,0
A,108861,0,0,0
A,108863,1,51.50,51.50
A,108864,0,0,0
A,108866,0,0,0
A,108868,0,0,0
A,108869,0,0,0
A,108871,0,0,0
A,108872,0,0,0
A,108873,0,0,0
A,108875,0,0,0
A,108876,0,0,0
A,108878,0,0,0
A,108879,0,0,0
A,108881,0,0,0
A,108883,0,0,0
A,108884,3,45.05,135.14
A,108885,0,0,0
A,108886,0,0,0
A,108888,0,0,0
A,108890,0,0,0
A,108892,0,0,0
A,108893,0,0,0
A,108896,0,0,0
A,108897,0,0,0
A,108898,0,0,0
A,108899,1,62.35,62.35
A,108901,0,0,0
A,108902,0,0,0
A,108903,0,0,0
A,108908,0,0,0
A,108909,0,0,0
A,108912,2,36.74,73.48
A,108913,0,0,0
A,108915,0,0,0
A,108917,0,0,0
A,108918,0,0,0
A,108921,0,0,0
A,108926,0,0,0
A,108928,0,0,0
A,108929,0,0,0
A,108930,0,0,0
A,108932,0,0,0
A,108933,0,0,0
A,108937,0,0,0
A,108938,0,0,0
A,108940,0,0,0
A,108941,8,41.99,335.89
A,108948,0,0,0
A,108950,0,0,0
A,108953,0,0,0
A,108954,0,0,0
A,108956,0,0,0
A,108957,0,0,0
A,108962,0,0,0
A,108964,0,0,0
A,108965,0,0,0
A,108966,0,0,0
A,108967,0,0,0
A,108968,0,0,0
A,108969,0,0,0
A,108970,0,0,0
A,108972,2,31.08,62.16
A,108977,0,0,0
A,108980,0,0,0
A,108982,0,0,0
A,108984,0,0,0
A,108987,0,0,0
A,108994,0,0,0
A,108997,2,27.78,55.56
A,108998,0,0,0
A,109001,0,0,0
A,109003,0,0,0
A,109007,0,0,0
A,109009,0,0,0
A,109010,0,0,0
A,109012,0,0,0
A,109015,0,0,0
A,109016,0,0,0
A,109020,0,0,0
A,109023,0,0,0
A,109026,0,0,0
A,109027,0,0,0
A,109029,0,0,0
A,109030,1,15.18,15.18
A,109033,0,0,0
A,109035,0,0,0
A,109038,0,0,0
A,109039,0,0,0
A,109040,0,0,0
A,109042,0,0,0
A,109043,0,0,0
A,109048,0,0,0
A,109049,0,0,0
A,109050,0,0,0
A,109052,0,0,0
A,109054,0,0,0
A,109055,11,38.94,428.36
A,109056,0,0,0
A,109057,0,0,0
A,109063,0,0,0
A,109066,6,47.61,285.63
A,109073,0,0,0
A,109075,0,0,0
A,109077,0,0,0
A,109079,0,0,0
A,109081,0,0,0
A,109082,0,0,0
A,109084,7,26.75,187.27
A,109086,0,0,0
A,109087,0,0,0
A,109089,0,0,0
A,109096,0,0,0
A,109097,5,15.56,77.79
A,109098,0,0,0
A,109101,11,23.38,257.18
A,109103,0,0,0
A,109108,0,0,0
A,109112,0,0,0
A,109114,3,23.68,71.05
A,109115,0,0,0
A,109116,0,0,0
A,109117,0,0,0
A,109119,0,0,0
A,109120,0,0,0
A,109122,1,10.00,10.00
A,109123,0,0,0
A,109125,0,0,0
A,109128,0,0,0
A,109129,0,0,0
A,109130,0,0,0
A,109133,0,0,0
A,109134,0,0,0
A,109137,0,0,0
A,109139,0,0,0
A,109141,0,0,0
A,109142,0,0,0
A,109145,0,0,0
A,109147,0,0,0
A,109148,0,0,0
A,109150,0,0,0
A,109151,0,0,0
A,109153,0,0,0
A,109155,0,0,0
A,109156,0,0,0
A,109158,0,0,0
A,109160,0,0,0
A,109163,0,0,0
A,109164,0,0,0
A,109171,0,0,0
A,109172,0,0,0
A,109173,0,0,0
A,109177,0,0,0
A,109178,0,0,0
A,109182,0,0,0
A,109183,0,0,0
A,109184,0,0,0
A,109186,0,0,0
A,109187,0,0,0
A,109190,0,0,0
A,109194,0,0,0
A,109195,0,0,0
A,109198,0,0,0
A,109199,0,0,0
A,109200,0,0,0
A,109202,0,0,0
A,109203,0,0,0
A,109204,0,0,0
A,109206,0,0,0
A,109207,0,0,0
A,109208,0,0,0
A,109210,0,0,0
A,109212,0,0,0
A,109215,0,0,0
A,109216,0,0,0
A,109217,0,0,0
A,109223,0,0,0
A,109227,0,0,0
A,109229,0,0,0
A,109231,0,0,0
A,109234,0,0,0
A,109235,0,0,0
A,109236,0,0,0
A,109237,0,0,0
A,109240,0,0,0
A,109241,0,0,0
A,109242,0,0,0
A,109243,0,0,0
A,109245,0,0,0
A,109248,0,0,0
A,109249,0,0,0
A,109250,0,0,0
A,109252,0,0,0
A,109253,0,0,0
A,109254,0,0,0
A,109257,0,0,0
A,109260,0,0,0
A,109261,0,0,0
A,109263,0,0,0
A,109264,0,0,0
A,109265,0,0,0
A,109267,0,0,0
A,109270,0,0,0
A,109271,0,0,0
A,109272,0,0,0
A,109274,0,0,0
A,109275,0,0,0
A,109277,0,0,0
A,109278,0,0,0
A,109279,0,0,0
A,109280,0,0,0
A,109281,0,0,0
A,109283,0,0,0
A,109285,0,0,0
A,109286,2,34.97,69.94
A,109287,0,0,0
A,109289,0,0,0
A,109290,0,0,0
A,109293,0,0,0
A,109294,0,0,0
A,109295,0,0,0
A,109301,0,0,0
A,109302,0,0,0
A,109306,0,0,0
A,109309,0,0,0
A,109311,0,0,0
A,109314,0,0,0
A,109315,0,0,0
A,109318,2,25.91,51.81
A,109319,0,0,0
A,109320,0,0,0
A,109322,0,0,0
A,109323,0,0,0
A,109324,0,0,0
A,109325,0,0,0
A,109330,0,0,0
A,109331,0,0,0
A,109332,0,0,0
A,109333,0,0,0
A,109339,0,0,0
A,109344,0,0,0
A,109345,0,0,0
A,109346,0,0,0
A,109347,0,0,0
A,109348,0,0,0
A,109349,0,0,0
A,109350,0,0,0
A,109352,0,0,0
A,109355,0,0,0
A,109357,0,0,0
A,109358,0,0,0
A,109359,0,0,0
A,109361,0,0,0
A,109365,0,0,0
A,109367,2,136.56,273.12
A,109369,0,0,0
A,109371,3,9.70,29.10
A,109373,0,0,0
A,109375,0,0,0
A,109376,0,0,0
A,109377,0,0,0
A,109381,0,0,0
A,109384,0,0,0
A,109385,1,21.72,21.72
A,109386,0,0,0
A,109387,0,0,0
A,109392,0,0,0
A,109393,0,0,0
A,109395,0,0,0
A,109396,0,0,0
A,109398,0,0,0
A,109401,0,0,0
A,109404,0,0,0
A,109406,0,0,0
A,109407,0,0,0
A,109408,0,0,0
A,109409,0,0,0
A,109410,0,0,0
A,109413,0,0,0
A,109414,0,0,0
A,109415,0,0,0
A,109417,1,32.21,32.21
A,109419,0,0,0
A,109421,0,0,0
A,109422,0,0,0
A,109423,0,0,0
A,109424,0,0,0
A,109428,0,0,0
A,109429,0,0,0
A,109430,0,0,0
A,109432,0,0,0
A,109435,0,0,0
A,109436,0,0,0
A,109437,0,0,0
A,109446,0,0,0
A,109447,0,0,0
A,109450,0,0,0
A,109453,0,0,0
A,109454,0,0,0
A,109455,1,31.55,31.55
A,109456,0,0,0
A,109457,0,0,0
A,109458,4,26.16,104.64
A,109460,0,0,0
A,109463,0,0,0
A,109465,0,0,0
A,109467,0,0,0
A,109470,0,0,0
A,109472,0,0,0
A,109475,0,0,0
A,109476,0,0,0
A,109477,4,64.08,256.34
A,109478,0,0,0
A,109479,0,0,0
A,109480,0,0,0
A,109481,0,0,0
A,109482,0,0,0
A,109489,0,0,0
A,109491,0,0,0
A,109494,0,0,0
A,109498,0,0,0
A,109499,0,0,0
A,109505,0,0,0
A,109508,0,0,0
A,109509,0,0,0
A,109511,0,0,0
A,109514,0,0,0
A,109515,0,0,0
A,109516,0,0,0
A,109517,0,0,0
A,109521,0,0,0
A,109522,0,0,0
A,109523,0,0,0
A,109524,0,0,0
A,109527,1,14.13,14.13
A,109528,0,0,0
A,109529,0,0,0
A,109530,0,0,0
A,109531,0,0,0
A,109535,0,0,0
A,109537,0,0,0
A,109538,0,0,0
A,109544,0,0,0
A,109545,0,0,0
A,109547,0,0,0
A,109548,0,0,0
A,109549,0,0,0
A,109551,0,0,0
A,109553,0,0,0
A,109554,0,0,0
A,109555,0,0,0
A,109557,0,0,0
A,109558,0,0,0
A,109562,0,0,0
A,109564,0,0,0
A,109568,0,0,0
A,109570,0,0,0
A,109573,0,0,0
A,109575,0,0,0
A,109576,0,0,0
A,109577,0,0,0
A,109580,0,0,0
A,109581,0,0,0
A,109583,0,0,0
A,109587,0,0,0
A,109592,0,0,0
A,109593,0,0,0
A,109596,0,0,0
A,109597,0,0,0
A,109598,0,0,0
A,109600,0,0,0
A,109601,0,0,0
A,109604,0,0,0
A,109606,0,0,0
A,109608,13,43.81,569.53
A,109610,0,0,0
A,109612,0,0,0
A,109613,0,0,0
A,109617,0,0,0
A,109618,0,0,0
A,109619,0,0,0
A,109621,0,0,0
A,109622,0,0,0
A,109623,0,0,0
A,109624,0,0,0
A,109626,0,0,0
A,109631,0,0,0
A,109632,0,0,0
A,109633,0,0,0
A,109634,0,0,0
A,109635,0,0,0
A,109638,0,0,0
A,109639,0,0,0
A,109643,0,0,0
A,109645,2,43.61,87.22
A,109646,0,0,0
A,109647,0,0,0
A,109648,0,0,0
A,109651,0,0,0
A,109652,0,0,0
A,109653,0,0,0
A,109655,0,0,0
A,109657,0,0,0
A,109659,0,0,0
A,109661,0,0,0
A,109662,0,0,0
A,109666,0,0,0
A,109669,0,0,0
A,109670,0,0,0
A,109671,0,0,0
A,109673,0,0,0
A,109674,0,0,0
A,109676,0,0,0
A,109677,0,0,0
A,109680,0,0,0
A,109681,0,0,0
A,109683,0,0,0
A,109686,0,0,0
A,109692,0,0,0
A,109693,0,0,0
A,109695,6,41.41,248.46
A,109698,0,0,0
A,109703,0,0,0
A,109705,0,0,0
A,109706,0,0,0
A,109707,0,0,0
A,109708,0,0,0
A,109709,0,0,0
A,109710,0,0,0
A,109712,0,0,0
A,109713,0,0,0
A,109714,0,0,0
A,109715,0,0,0
A,109719,0,0,0
A,109720,0,0,0
A,109721,0,0,0
A,109722,0,0,0
A,109724,0,0,0
A,109725,0,0,0
A,109728,0,0,0
A,109734,0,0,0
A,109735,0,0,0
A,109737,0,0,0
A,109738,0,0,0
A,109740,0,0,0
A,109743,0,0,0
A,109745,0,0,0
A,109746,0,0,0
A,109749,0,0,0
A,109752,0,0,0
A,109753,0,0,0
A,109756,0,0,0
A,109757,0,0,0
A,109758,0,0,0
A,109762,6,26.20,157.19
A,109763,0,0,0
A,109765,0,0,0
A,109766,0,0,0
A,109767,0,0,0
A,109768,2,181.17,362.33
A,109770,0,0,0
A,109771,1,25.50,25.50
A,109772,0,0,0
A,109773,0,0,0
A,109774,0,0,0
A,109776,7,17.24,120.67
A,109779,0,0,0
A,109780,0,0,0
A,109785,0,0,0
A,109787,3,41.90,125.70
A,109788,0,0,0
A,109789,0,0,0
A,109790,0,0,0
A,109791,0,0,0
A,109793,0,0,0
A,109794,0,0,0
A,109795,0,0,0
A,109797,0,0,0
A,109802,0,0,0
A,109804,0,0,0
A,109805,0,0,0
A,109811,0,0,0
A,109815,0,0,0
A,109816,0,0,0
A,109817,0,0,0
A,109818,0,0,0
A,109819,0,0,0
A,109820,4,27.92,111.67
A,109823,0,0,0
A,109826,3,10.42,31.25
A,109829,0,0,0
A,109832,0,0,0
A,109834,0,0,0
A,109835,0,0,0
A,109836,0,0,0
A,109838,0,0,0
A,109845,0,0,0
A,109848,0,0,0
A,109850,0,0,0
A,109853,0,0,0
A,109854,0,0,0
A,109855,0,0,0
A,109857,0,0,0
A,109858,0,0,0
A,109860,0,0,0
A,109868,0,0,0
A,109870,0,0,0
A,109871,0,0,0
A,109873,0,0,0
A,109877,0,0,0
A,109879,0,0,0
A,109880,0,0,0
A,109881,0,0,0
A,109883,0,0,0
A,109884,0,0,0
A,109885,0,0,0
A,109887,0,0,0
A,109888,0,0,0
A,109889,0,0,0
A,109893,0,0,0
A,109894,0,0,0
A,109895,0,0,0
A,109896,3,23.33,69.98
A,109898,0,0,0
A,109899,0,0,0
A,109901,0,0,0
A,109903,0,0,0
A,109904,0,0,0
A,109906,0,0,0
A,109907,0,0,0
A,109909,0,0,0
A,109910,0,0,0
A,109914,0,0,0
A,109917,0,0,0
A,109918,0,0,0
A,109919,0,0,0
A,109921,0,0,0
A,109926,0,0,0
A,109927,0,0,0
A,109933,0,0,0
A,109935,0,0,0
A,109937,0,0,0
A,109938,0,0,0
A,109943,0,0,0
A,109945,0,0,0
A,109946,0,0,0
A,109947,0,0,0
A,109951,0,0,0
A,109953,0,0,0
A,109957,0,0,0
A,109958,0,0,0
A,109959,0,0,0
A,109964,0,0,0
A,109967,0,0,0
A,109968,0,0,0
A,109969,0,0,0
A,109970,1,9.88,9.88
A,109971,0,0,0
A,109973,0,0,0
A,109975,0,0,0
A,109977,0,0,0
A,109978,0,0,0
A,109980,0,0,0
A,109981,0,0,0
A,109982,0,0,0
A,109983,0,0,0
A,109984,0,0,0
A,109985,0,0,0
A,109986,0,0,0
A,109987,0,0,0
A,109989,0,0,0
A,109991,0,0,0
A,109994,0,0,0
A,109995,0,0,0
A,109996,0,0,0
A,110000,0,0,0
A,110002,0,0,0
A,110004,0,0,0
A,110005,0,0,0
A,110007,0,0,0
A,110009,0,0,0
A,110015,0,0,0
A,110016,0,0,0
A,110017,0,0,0
A,110019,0,0,0
A,110025,0,0,0
A,110026,0,0,0
A,110028,0,0,0
A,110029,0,0,0
A,110031,0,0,0
A,110035,0,0,0
A,110037,0,0,0
A,110039,0,0,0
A,110040,6,34.61,207.66
A,110041,0,0,0
A,110043,0,0,0
A,110044,0,0,0
A,110045,0,0,0
A,110046,0,0,0
A,110047,0,0,0
A,110048,5,20.43,102.16
A,110049,0,0,0
A,110050,0,0,0
A,110053,0,0,0
A,110057,0,0,0
A,110059,0,0,0
A,110060,0,0,0
A,110061,0,0,0
A,110062,0,0,0
A,110065,0,0,0
A,110068,1,4.00,4.00
A,110070,0,0,0
A,110071,0,0,0
A,110072,0,0,0
A,110073,0,0,0
A,110079,0,0,0
A,110081,0,0,0
A,110085,0,0,0
A,110086,0,0,0
A,110088,0,0,0
A,110090,0,0,0
A,110096,0,0,0
A,110097,0,0,0
A,110098,0,0,0
A,110099,0,0,0
A,110100,0,0,0
A,110101,0,0,0
A,110102,0,0,0
A,110105,0,0,0
A,110108,0,0,0
A,110109,0,0,0
A,110111,0,0,0
A,110117,0,0,0
A,110121,0,0,0
A,110124,0,0,0
A,110128,7,28.44,199.08
A,110129,0,0,0
A,110131,0,0,0
A,110132,0,0,0
A,110133,0,0,0
A,110134,0,0,0
A,110135,0,0,0
A,110136,0,0,0
A,110137,0,0,0
A,110140,0,0,0
A,110141,0,0,0
A,110143,0,0,0
A,110145,0,0,0
A,110149,0,0,0
A,110150,0,0,0
A,110151,0,0,0
A,110154,0,0,0
A,110155,0,0,0
A,110156,0,0,0
A,110157,0,0,0
A,110159,0,0,0
A,110160,0,0,0
A,110161,0,0,0
A,110162,0,0,0
A,110165,0,0,0
A,110167,0,0,0
A,110168,0,0,0
A,110169,0,0,0
A,110174,0,0,0
A,110175,0,0,0
A,110180,0,0,0
A,110184,0,0,0
A,110186,0,0,0
A,110190,0,0,0
A,110193,0,0,0
A,110196,0,0,0
A,110203,0,0,0
A,110205,0,0,0
A,110208,0,0,0
A,110209,0,0,0
A,110213,0,0,0
A,110214,0,0,0
A,110217,0,0,0
A,110221,2,14.52,29.04
A,110222,0,0,0
A,110225,0,0,0
A,110227,0,0,0
A,110228,0,0,0
A,110229,0,0,0
A,110230,0,0,0
A,110231,0,0,0
A,110232,0,0,0
A,110234,0,0,0
A,110235,0,0,0
A,110236,0,0,0
A,110237,0,0,0
A,110238,0,0,0
A,110240,0,0,0
A,110241,0,0,0
A,110242,0,0,0
A,110246,0,0,0
A,110247,0,0,0
A,110248,0,0,0
A,110252,0,0,0
A,110253,0,0,0
A,110260,0,0,0
A,110262,0,0,0
A,110265,5,42.35,211.75
A,110269,3,35.50,106.51
A,110270,1,26.10,26.10
A,110272,0,0,0
A,110273,0,0,0
A,110275,0,0,0
A,110277,0,0,0
A,110278,0,0,0
A,110280,0,0,0
A,110281,0,0,0
A,110282,0,0,0
A,110284,0,0,0
A,110287,0,0,0
A,110292,1,16.99,16.99
A,110293,0,0,0
A,110294,0,0,0
A,110295,0,0,0
A,110298,0,0,0
A,110299,0,0,0
A,110302,0,0,0
A,110305,0,0,0
A,110308,0,0,0
A,110309,0,0,0
A,110310,0,0,0
A,110311,0,0,0
A,110313,0,0,0
A,110314,0,0,0
A,110316,0,0,0
A,110318,0,0,0
A,110320,0,0,0
A,110321,0,0,0
A,110324,0,0,0
A,110327,0,0,0
A,110330,0,0,0
A,110331,0,0,0
A,110333,0,0,0
A,110338,0,0,0
A,110340,0,0,0
A,110342,0,0,0
A,110343,0,0,0
A,110348,0,0,0
A,110349,0,0,0
A,110350,0,0,0
A,110351,0,0,0
A,110352,5,31.58,157.88
A,110355,0,0,0
A,110356,0,0,0
A,110360,0,0,0
A,110361,0,0,0
A,110364,0,0,0
A,110366,0,0,0
A,110367,2,20.18,40.37
A,110368,0,0,0
A,110369,2,13.25,26.50
A,110370,0,0,0
A,110375,0,0,0
A,110376,0,0,0
A,110377,0,0,0
A,110379,0,0,0
A,110380,0,0,0
A,110382,0,0,0
A,110383,0,0,0
A,110384,0,0,0
A,110385,3,15.85,47.54
A,110386,0,0,0
A,110390,0,0,0
A,110391,0,0,0
A,110393,5,40.90,204.50
A,110394,0,0,0
A,110398,0,0,0
A,110399,1,166.83,166.83
A,110403,0,0,0
A,110405,0,0,0
A,110406,0,0,0
A,110409,0,0,0
A,110410,0,0,0
A,110413,0,0,0
A,110416,0,0,0
A,110417,0,0,0
A,110420,0,0,0
A,110424,1,41.65,41.65
A,110425,0,0,0
A,110426,0,0,0
A,110427,0,0,0
A,110428,0,0,0
A,110429,0,0,0
A,110430,0,0,0
A,110431,4,47.45,189.79
A,110433,0,0,0
A,110435,0,0,0
A,110436,0,0,0
A,110438,0,0,0
A,110440,0,0,0
A,110441,0,0,0
A,110442,0,0,0
A,110445,0,0,0
A,110446,0,0,0
A,110447,0,0,0
A,110448,0,0,0
A,110449,0,0,0
A,110450,1,143.76,143.76
A,110456,0,0,0
A,110457,0,0,0
A,110459,0,0,0
A,110461,0,0,0
A,110464,0,0,0
A,110465,0,0,0
A,110466,0,0,0
A,110467,0,0,0
A,110471,0,0,0
A,110472,0,0,0
A,110473,6,16.17,97.01
A,110474,0,0,0
A,110476,0,0,0
A,110482,1,94.15,94.15
A,110483,0,0,0
A,110491,0,0,0
A,110492,0,0,0
A,110494,0,0,0
A,110497,0,0,0
A,110499,0,0,0
A,110500,0,0,0
A,110501,1,9.12,9.12
A,110502,0,0,0
A,110505,0,0,0
A,110507,4,19.30,77.18
A,110508,0,0,0
A,110509,0,0,0
A,110510,0,0,0
A,110512,0,0,0
A,110514,0,0,0
A,110515,0,0,0
A,110516,0,0,0
A,110519,0,0,0
A,110521,0,0,0
A,110523,0,0,0
A,110524,0,0,0
A,110526,0,0,0
A,110528,0,0,0
A,110530,0,0,0
A,110531,0,0,0
A,110532,0,0,0
A,110537,0,0,0
A,110538,0,0,0
A,110539,0,0,0
A,110544,0,0,0
A,110545,0,0,0
A,110548,0,0,0
A,110551,0,0,0
A,110552,0,0,0
A,110553,0,0,0
A,110554,0,0,0
A,110555,0,0,0
A,110559,0,0,0
A,110563,0,0,0
A,110564,0,0,0
A,110565,0,0,0
A,110566,0,0,0
A,110567,0,0,0
A,110569,0,0,0
A,110570,0,0,0
A,110573,0,0,0
A,110576,3,9.78,29.35
A,110579,0,0,0
A,110580,0,0,0
A,110581,0,0,0
A,110582,0,0,0
A,110583,0,0,0
A,110587,0,0,0
A,110588,0,0,0
A,110590,0,0,0
A,110591,0,0,0
A,110594,2,17.83,35.66
A,110595,0,0,0
A,110599,0,0,0
A,110600,0,0,0
A,110601,0,0,0
A,110602,0,0,0
A,110605,2,20.36,40.71
A,110607,0,0,0
A,110612,0,0,0
A,110614,0,0,0
A,110615,0,0,0
A,110617,0,0,0
A,110618,0,0,0
A,110620,0,0,0
A,110621,0,0,0
A,110622,0,0,0
A,110623,0,0,0
A,110626,0,0,0
A,110629,0,0,0
A,110631,0,0,0
A,110634,0,0,0
A,110635,0,0,0
A,110638,0,0,0
A,110642,0,0,0
A,110643,0,0,0
A,110644,0,0,0
A,110645,0,0,0
A,110646,0,0,0
A,110649,0,0,0
A,110650,0,0,0
A,110659,0,0,0
A,110661,0,0,0
A,110662,0,0,0
A,110663,0,0,0
A,110668,0,0,0
A,110669,0,0,0
A,110670,0,0,0
A,110671,0,0,0
A,110676,0,0,0
A,110677,0,0,0
A,110678,0,0,0
A,110680,0,0,0
A,110681,0,0,0
A,110684,1,10.18,10.18
A,110686,0,0,0
A,110689,0,0,0
A,110691,0,0,0
A,110692,0,0,0
A,110693,1,69.69,69.69
A,110695,0,0,0
A,110697,0,0,0
A,110698,0,0,0
A,110699,0,0,0
A,110700,1,26.55,26.55
A,110703,0,0,0
A,110704,0,0,0
A,110705,1,3.30,3.30
A,110706,0,0,0
A,110708,0,0,0
A,110713,0,0,0
A,110714,0,0,0
A,110715,0,0,0
A,110716,0,0,0
A,110718,0,0,0
A,110719,0,0,0
A,110723,0,0,0
A,110727,0,0,0
A,110729,0,0,0
A,110732,0,0,0
A,110733,0,0,0
A,110734,0,0,0
A,110736,0,0,0
A,110739,0,0,0
A,110742,0,0,0
A,110743,0,0,0
A,110744,0,0,0
A,110747,0,0,0
A,110748,0,0,0
A,110750,0,0,0
A,110752,0,0,0
A,110753,0,0,0
A,110754,0,0,0
A,110758,0,0,0
A,110760,0,0,0
A,110765,0,0,0
A,110769,1,17.17,17.17
A,110770,0,0,0
A,110771,0,0,0
A,110772,0,0,0
A,110773,3,24.90,74.71
A,110774,0,0,0
A,110779,0,0,0
A,110780,0,0,0
A,110782,0,0,0
A,110787,0,0,0
A,110788,0,0,0
A,110794,0,0,0
A,110795,0,0,0
A,110796,0,0,0
A,110798,0,0,0
A,110799,0,0,0
A,110800,0,0,0
A,110801,0,0,0
A,110804,0,0,0
A,110808,0,0,0
A,110810,0,0,0
A,110813,0,0,0
A,110814,0,0,0
A,110815,0,0,0
A,110820,0,0,0
A,110821,0,0,0
A,110822,1,17.83,17.83
A,110824,0,0,0
A,110825,0,0,0
A,110832,0,0,0
A,110835,0,0,0
A,110837,0,0,0
A,110838,0,0,0
A,110842,0,0,0
A,110847,0,0,0
A,110849,0,0,0
A,110851,0,0,0
A,110852,0,0,0
A,110853,0,0,0
A,110855,0,0,0
A,110858,0,0,0
A,110859,0,0,0
A,110861,1,14.76,14.76
A,110863,0,0,0
A,110866,0,0,0
A,110867,6,35.38,212.27
A,110868,0,0,0
A,110869,0,0,0
A,110871,1,13.35,13.35
A,110872,0,0,0
A,110873,0,0,0
A,110874,0,0,0
A,110875,0,0,0
A,110876,0,0,0
A,110877,0,0,0
A,110878,0,0,0
A,110880,0,0,0
A,110881,0,0,0
A,110887,0,0,0
A,110888,1,83.62,83.62
A,110889,0,0,0
A,110891,0,0,0
A,110894,0,0,0
A,110895,0,0,0
A,110898,0,0,0
A,110901,0,0,0
A,110903,3,15.94,47.81
A,110908,0,0,0
A,110912,0,0,0
A,110917,0,0,0
A,110918,0,0,0
A,110919,0,0,0
A,110920,0,0,0
A,110921,0,0,0
A,110922,0,0,0
A,110924,0,0,0
A,110926,0,0,0
A,110928,0,0,0
A,110929,0,0,0
A,110933,0,0,0
A,110934,0,0,0
A,110936,0,0,0
A,110937,3,60.33,180.99
A,110942,0,0,0
A,110943,0,0,0
A,110946,0,0,0
A,110949,0,0,0
A,110950,0,0,0
A,110951,0,0,0
A,110952,0,0,0
A,110954,0,0,0
A,110955,0,0,0
A,110956,0,0,0
A,110959,0,0,0
A,110963,0,0,0
A,110964,0,0,0
A,110965,0,0,0
A,110967,0,0,0
A,110969,0,0,0
A,110970,0,0,0
A,110973,0,0,0
A,110975,0,0,0
A,110978,0,0,0
A,110981,0,0,0
A,110984,0,0,0
A,110986,0,0,0
A,110989,0,0,0
A,110991,0,0,0
A,110996,0,0,0
A,110998,0,0,0
A,110999,0,0,0
A,111000,0,0,0
A,111002,0,0,0
A,111003,0,0,0
A,111004,6,22.54,135.27
A,111005,0,0,0
A,111006,0,0,0
A,111008,0,0,0
A,111009,0,0,0
A,111010,0,0,0
A,111013,0,0,0
A,111015,0,0,0
A,111016,0,0,0
A,111017,0,0,0
A,111018,0,0,0
A,111020,0,0,0
A,111022,0,0,0
A,111024,0,0,0
A,111026,0,0,0
A,111027,0,0,0
A,111030,0,0,0
A,111031,0,0,0
A,111032,0,0,0
A,111034,1,3.25,3.25
A,111036,0,0,0
A,111039,0,0,0
A,111041,4,23.12,92.47
A,111042,0,0,0
A,111043,0,0,0
A,111045,0,0,0
A,111046,3,23.55,70.64
A,111047,2,19.45,38.91
A,111048,0,0,0
A,111051,0,0,0
A,111053,0,0,0
A,111054,2,35.92,71.84
A,111055,0,0,0
A,111057,0,0,0
A,111065,0,0,0
A,111066,0,0,0
A,111067,0,0,0
A,111068,0,0,0
A,111071,0,0,0
A,111072,0,0,0
A,111075,0,0,0
A,111076,0,0,0
A,111084,0,0,0
A,111085,0,0,0
A,111089,0,0,0
A,111090,0,0,0
A,111092,0,0,0
A,111094,0,0,0
A,111098,0,0,0
A,111101,0,0,0
A,111102,3,47.18,141.53
A,111103,0,0,0
A,111104,3,16.36,49.07
A,111105,0,0,0
A,111106,0,0,0
A,111108,3,34.93,104.78
A,111111,0,0,0
A,111115,0,0,0
A,111119,0,0,0
A,111120,0,0,0
A,111122,0,0,0
A,111130,0,0,0
A,111131,0,0,0
A,111132,0,0,0
A,111134,0,0,0
A,111135,0,0,0
A,111137,0,0,0
A,111138,0,0,0
A,111139,0,0,0
A,111143,0,0,0
A,111145,0,0,0
A,111146,0,0,0
A,111150,0,0,0
A,111152,0,0,0
A,111154,0,0,0
A,111156,0,0,0
A,111157,0,0,0
A,111158,2,13.38,26.76
A,111162,0,0,0
A,111163,0,0,0
A,111164,0,0,0
A,111165,0,0,0
A,111166,0,0,0
A,111168,0,0,0
A,111169,0,0,0
A,111172,0,0,0
A,111173,0,0,0
A,111175,0,0,0
A,111176,0,0,0
A,111177,0,0,0
A,111179,0,0,0
A,111185,0,0,0
A,111188,0,0,0
A,111189,0,0,0
A,111190,0,0,0
A,111191,0,0,0
A,111192,0,0,0
A,111194,0,0,0
A,111195,0,0,0
A,111201,0,0,0
A,111202,0,0,0
A,111203,0,0,0
A,111205,0,0,0
A,111206,0,0,0
A,111208,0,0,0
A,111211,0,0,0
A,111213,0,0,0
A,111215,0,0,0
A,111217,0,0,0
A,111220,0,0,0
A,111222,0,0,0
A,111227,0,0,0
A,111228,0,0,0
A,111229,0,0,0
A,111230,0,0,0
A,111231,0,0,0
A,111232,0,0,0
A,111233,2,32.78,65.57
A,111234,0,0,0
A,111235,0,0,0
A,111236,0,0,0
A,111239,4,40.32,161.28
A,111240,0,0,0
A,111243,0,0,0
A,111244,0,0,0
A,111248,0,0,0
A,111250,0,0,0
A,111252,0,0,0
A,111253,0,0,0
A,111254,0,0,0
A,111255,0,0,0
A,111259,0,0,0
A,111260,0,0,0
A,111261,0,0,0
A,111266,0,0,0
A,111267,0,0,0
A,111271,0,0,0
A,111273,0,0,0
A,111274,2,170.83,341.66
A,111275,0,0,0
A,111277,2,58.04,116.08
A,111278,0,0,0
A,111279,0,0,0
A,111282,0,0,0
A,111283,0,0,0
A,111285,0,0,0
A,111286,0,0,0
A,111288,0,0,0
A,111290,0,0,0
A,111291,0,0,0
A,111293,0,0,0
A,111294,0,0,0
A,111300,0,0,0
A,111303,0,0,0
A,111304,0,0,0
A,111308,0,0,0
A,111310,0,0,0
A,111312,0,0,0
A,111313,0,0,0
A,111317,0,0,0
A,111318,0,0,0
A,111319,0,0,0
A,111320,0,0,0
A,111322,0,0,0
A,111325,15,15.92,238.85
A,111328,0,0,0
A,111339,0,0,0
A,111341,0,0,0
A,111342,0,0,0
A,111343,0,0,0
A,111345,1,17.35,17.35
A,111351,0,0,0
A,111353,0,0,0
A,111358,0,0,0
A,111361,0,0,0
A,111362,0,0,0
A,111363,0,0,0
A,111365,0,0,0
A,111366,0,0,0
A,111367,0,0,0
A,111369,0,0,0
A,111370,0,0,0
A,111371,0,0,0
A,111379,0,0,0
A,111381,0,0,0
A,111382,0,0,0
A,111383,0,0,0
A,111384,0,0,0
A,111385,0,0,0
A,111386,0,0,0
A,111387,0,0,0
A,111389,0,0,0
A,111390,0,0,0
A,111391,0,0,0
A,111395,0,0,0
A,111398,0,0,0
A,111399,0,0,0
A,111401,0,0,0
A,111402,0,0,0
A,111403,0,0,0
A,111404,0,0,0
A,111405,0,0,0
A,111406,1,4.48,4.48
A,111408,1,1.79,1.79
A,111412,4,12.17,48.70
A,111414,0,0,0
A,111415,0,0,0
A,111417,0,0,0
A,111418,0,0,0
A,111423,0,0,0
A,111424,0,0,0
A,111427,0,0,0
A,111428,0,0,0
A,111429,0,0,0
A,111430,0,0,0
A,111432,0,0,0
A,111436,0,0,0
A,111437,0,0,0
A,111439,0,0,0
A,111444,0,0,0
A,111447,0,0,0
A,111448,2,12.23,24.46
A,111449,0,0,0
A,111451,0,0,0
A,111452,0,0,0
A,111453,0,0,0
A,111454,0,0,0
A,111455,0,0,0
A,111457,0,0,0
A,111459,0,0,0
A,111461,0,0,0
A,111463,0,0,0
A,111466,0,0,0
A,111468,0,0,0
A,111470,0,0,0
A,111476,0,0,0
A,111479,0,0,0
A,111480,0,0,0
A,111482,0,0,0
A,111483,0,0,0
A,111485,0,0,0
A,111487,0,0,0
A,111488,0,0,0
A,111489,0,0,0
A,111490,0,0,0
A,111493,0,0,0
A,111494,0,0,0
A,111495,0,0,0
A,111498,0,0,0
A,111499,0,0,0
A,111500,0,0,0
A,111501,0,0,0
A,111503,0,0,0
A,111507,0,0,0
A,111510,0,0,0
A,111511,0,0,0
A,111512,0,0,0
A,111515,0,0,0
A,111517,0,0,0
A,111518,0,0,0
A,111520,0,0,0
A,111524,0,0,0
A,111526,0,0,0
A,111527,5,20.28,101.39
A,111528,0,0,0
A,111530,0,0,0
A,111531,0,0,0
A,111535,0,0,0
A,111537,0,0,0
A,111538,15,19.01,285.12
A,111540,0,0,0
A,111543,0,0,0
A,111544,0,0,0
A,111546,0,0,0
A,111547,0,0,0
A,111548,0,0,0
A,111552,0,0,0
A,111553,0,0,0
A,111555,0,0,0
A,111556,0,0,0
A,111558,0,0,0
A,111559,0,0,0
A,111560,0,0,0
A,111561,0,0,0
A,111562,0,0,0
A,111563,0,0,0
A,111565,0,0,0
A,111566,0,0,0
A,111567,0,0,0
A,111568,0,0,0
A,111571,0,0,0
A,111573,0,0,0
A,111575,0,0,0
A,111576,0,0,0
A,111577,5,12.60,62.99
A,111579,0,0,0
A,111581,0,0,0
A,111582,0,0,0
A,111583,0,0,0
A,111587,0,0,0
A,111589,0,0,0
A,111591,0,0,0
A,111594,0,0,0
A,111596,0,0,0
A,111597,0,0,0
A,111598,0,0,0
A,111600,0,0,0
A,111602,0,0,0
A,111604,0,0,0
A,111605,0,0,0
A,111606,0,0,0
A,111608,0,0,0
A,111610,0,0,0
A,111611,0,0,0
A,111613,0,0,0
A,111615,0,0,0
A,111617,0,0,0
A,111618,0,0,0
A,111621,0,0,0
A,111623,0,0,0
A,111625,0,0,0
A,111627,0,0,0
A,111628,0,0,0
A,111631,6,29.98,179.88
A,111632,0,0,0
A,111633,0,0,0
A,111634,0,0,0
A,111635,0,0,0
A,111637,0,0,0
A,111640,0,0,0
A,111642,0,0,0
A,111644,0,0,0
A,111646,0,0,0
A,111648,0,0,0
A,111649,0,0,0
A,111655,0,0,0
A,111661,0,0,0
A,111663,0,0,0
A,111664,0,0,0
A,111665,0,0,0
A,111667,0,0,0
A,111669,0,0,0
A,111672,11,28.73,316.02
A,111677,0,0,0
A,111679,0,0,0
A,111680,0,0,0
A,111682,0,0,0
A,111683,1,26.04,26.04
A,111685,0,0,0
A,111692,0,0,0
A,111695,0,0,0
A,111697,0,0,0
A,111699,0,0,0
A,111704,0,0,0
A,111709,0,0,0
A,111711,0,0,0
A,111714,0,0,0
A,111715,0,0,0
A,111718,0,0,0
A,111723,0,0,0
A,111726,0,0,0
A,111728,0,0,0
A,111729,0,0,0
A,111730,0,0,0
A,111732,0,0,0
A,111733,0,0,0
A,111734,1,39.19,39.19
A,111735,0,0,0
A,111736,0,0,0
A,111737,0,0,0
A,111738,0,0,0
A,111741,1,32.06,32.06
A,111742,0,0,0
A,111743,0,0,0
A,111745,0,0,0
A,111753,0,0,0
A,111755,0,0,0
A,111759,0,0,0
A,111760,0,0,0
A,111764,0,0,0
A,111767,0,0,0
A,111768,0,0,0
A,111770,0,0,0
A,111771,0,0,0
A,111775,0,0,0
A,111777,0,0,0
A,111780,0,0,0
A,111781,0,0,0
A,111783,0,0,0
A,111784,0,0,0
A,111785,0,0,0
A,111786,0,0,0
A,111787,0,0,0
A,111788,0,0,0
A,111790,0,0,0
A,111791,0,0,0
A,111792,5,20.66,103.29
A,111793,0,0,0
A,111795,0,0,0
A,111797,0,0,0
A,111798,1,8.92,8.92
A,111799,0,0,0
A,111800,0,0,0
A,111801,0,0,0
A,111803,0,0,0
A,111804,0,0,0
A,111805,0,0,0
A,111806,0,0,0
A,111809,7,28.04,196.29
A,111810,0,0,0
A,111811,0,0,0
A,111813,0,0,0
A,111815,0,0,0
A,111817,0,0,0
A,111819,0,0,0
A,111821,0,0,0
A,111823,0,0,0
A,111824,0,0,0
A,111825,6,21.67,130.00
A,111826,0,0,0
A,111827,0,0,0
A,111830,0,0,0
A,111831,0,0,0
A,111832,0,0,0
A,111833,0,0,0
A,111835,0,0,0
A,111837,0,0,0
A,111840,0,0,0
A,111841,0,0,0
A,111842,0,0,0
A,111843,0,0,0
A,111844,0,0,0
A,111845,0,0,0
A,111846,0,0,0
A,111847,0,0,0
A,111849,0,0,0
A,111850,0,0,0
A,111852,0,0,0
A,111853,0,0,0
A,111854,0,0,0
A,111855,0,0,0
A,111857,0,0,0
A,111858,0,0,0
A,111861,0,0,0
A,111864,0,0,0
A,111866,0,0,0
A,111868,0,0,0
A,111870,0,0,0
A,111871,0,0,0
A,111872,0,0,0
A,111876,14,38.78,542.90
A,111877,0,0,0
A,111879,0,0,0
A,111880,0,0,0
A,111882,0,0,0
A,111884,0,0,0
A,111885,11,68.34,751.75
A,111886,0,0,0
A,111887,0,0,0
A,111889,0,0,0
A,111893,0,0,0
A,111898,0,0,0
A,111899,0,0,0
A,111900,0,0,0
A,111901,0,0,0
A,111902,0,0,0
A,111905,0,0,0
A,111907,0,0,0
A,111908,0,0,0
A,111910,0,0,0
A,111911,0,0,0
A,111912,0,0,0
A,111913,0,0,0
A,111917,0,0,0
A,111919,0,0,0
A,111920,0,0,0
A,111921,0,0,0
A,111922,0,0,0
A,111923,0,0,0
A,111925,0,0,0
A,111928,0,0,0
A,111933,0,0,0
A,111934,0,0,0
A,111937,0,0,0
A,111938,0,0,0
A,111939,1,38.77,38.77
A,111942,0,0,0
A,111946,0,0,0
A,111948,0,0,0
A,111949,0,0,0
A,111950,0,0,0
A,111952,2,12.42,24.84
A,111953,0,0,0
A,111954,0,0,0
A,111955,0,0,0
A,111957,0,0,0
A,111958,0,0,0
A,111961,0,0,0
A,111966,0,0,0
A,111967,0,0,0
A,111968,0,0,0
A,111969,3,8.70,26.09
A,111970,0,0,0
A,111971,0,0,0
A,111973,0,0,0
A,111974,0,0,0
A,111975,0,0,0
A,111976,0,0,0
A,111977,0,0,0
A,111978,0,0,0
A,111980,0,0,0
A,111981,15,37.01,555.08
A,111982,0,0,0
A,111985,0,0,0
A,111988,0,0,0
A,111989,0,0,0
A,111990,0,0,0
A,111991,0,0,0
A,111994,0,0,0
A,111996,0,0,0
A,111998,0,0,0
A,111999,0,0,0
B,100003,0,0,0
B,100004,0,0,0
B,100009,0,0,0
B,100010,0,0,0
B,100012,0,0,0
B,100013,0,0,0
B,100014,1,55.91,55.91
B,100015,0,0,0
B,100018,0,0,0
B,100019,0,0,0
B,100021,0,0,0
B,100024,0,0,0
B,100028,0,0,0
B,100029,0,0,0
B,100030,0,0,0
B,100035,0,0,0
B,100039,0,0,0
B,100040,5,17.30,86.51
B,100041,6,28.22,169.34
B,100042,0,0,0
B,100043,0,0,0
B,100044,0,0,0
B,100048,0,0,0
B,100049,0,0,0
B,100050,0,0,0
B,100051,0,0,0
B,100052,0,0,0
B,100053,0,0,0
B,100056,0,0,0
B,100057,0,0,0
B,100058,0,0,0
B,100059,0,0,0
B,100060,0,0,0
B,100068,0,0,0
B,100069,0,0,0
B,100073,0,0,0
B,100075,0,0,0
B,100076,0,0,0
B,100078,0,0,0
B,100080,0,0,0
B,100081,0,0,0
B,100082,0,0,0
B,100083,0,0,0
B,100084,0,0,0
B,100085,0,0,0
B,100088,0,0,0
B,100093,0,0,0
B,100094,0,0,0
B,100095,0,0,0
B,100096,0,0,0
B,100097,0,0,0
B,100099,0,0,0
B,100102,0,0,0
B,100103,0,0,0
B,100104,0,0,0
B,100108,0,0,0
B,100109,0,0,0
B,100110,0,0,0
B,100111,0,0,0
B,100112,0,0,0
B,100113,0,0,0
B,100114,0,0,0
B,100115,1,4.18,4.18
B,100118,2,15.41,30.83
B,100120,4,44.48,177.93
B,100122,0,0,0
B,100123,0,0,0
B,100125,0,0,0
B,100127,0,0,0
B,100129,0,0,0
B,100130,0,0,0
B,100131,0,0,0
B,100132,0,0,0
B,100133,0,0,0
B,100134,0,0,0
B,100135,0,0,0
B,100141,0,0,0
B,100142,0,0,0
B,100143,0,0,0
B,100144,0,0,0
B,100147,0,0,0
B,100148,0,0,0
B,100161,1,27.55,27.55
B,100162,0,0,0
B,100163,0,0,0
B,100166,0,0,0
B,100167,0,0,0
B,100168,0,0,0
B,100169,3,37.99,113.97
B,100171,0,0,0
B,100172,0,0,0
B,100173,0,0,0
B,100174,1,15.62,15.62
B,100176,2,10.71,21.42
B,100178,1,12.65,12.65
B,100184,0,0,0
B,100185,0,0,0
B,100187,0,0,0
B,100191,0,0,0
B,100192,0,0,0
B,100193,0,0,0
B,100195,0,0,0
B,100199,0,0,0
B,100200,0,0,0
B,100207,0,0,0
B,100209,0,0,0
B,100212,0,0,0
B,100214,0,0,0
B,100215,1,17.80,17.80
B,100216,0,0,0
B,100217,0,0,0
B,100220,0,0,0
B,100222,0,0,0
B,100224,0,0,0
B,100225,2,26.58,53.16
B,100227,0,0,0
B,100230,0,0,0
B,100232,0,0,0
B,100234,4,26.47,105.88
B,100235,0,0,0
B,100237,0,0,0
B,100239,0,0,0
B,100240,0,0,0
B,100242,0,0,0
B,100243,0,0,0
B,100248,0,0,0
B,100249,0,0,0
B,100250,0,0,0
B,100251,2,35.51,71.01
B,100252,0,0,0
B,100254,0,0,0
B,100256,0,0,0
B,100258,0,0,0
B,100259,0,0,0
B,100261,0,0,0
B,100263,0,0,0
B,100264,0,0,0
B,100267,0,0,0
B,100268,0,0,0
B,100269,0,0,0
B,100270,0,0,0
B,100271,0,0,0
B,100272,0,0,0
B,100274,0,0,0
B,100275,0,0,0
B,100278,0,0,0
B,100280,0,0,0
B,100281,0,0,0
B,100282,0,0,0
B,100283,0,0,0
B,100286,0,0,0
B,100287,0,0,0
B,100289,0,0,0
B,100290,0,0,0
B,100297,0,0,0
B,100301,0,0,0
B,100302,0,0,0
B,100303,0,0,0
B,100304,0,0,0
B,100306,0,0,0
B,100308,0,0,0
B,100309,1,32.55,32.55
B,100310,0,0,0
B,100313,0,0,0
B,100315,0,0,0
B,100316,0,0,0
B,100318,4,52.01,208.05
B,100319,0,0,0
B,100320,0,0,0
B,100322,0,0,0
B,100323,0,0,0
B,100324,1,20.55,20.55
B,100327,0,0,0
B,100328,0,0,0
B,100329,0,0,0
B,100332,0,0,0
B,100333,0,0,0
B,100334,0,0,0
B,100335,0,0,0
B,100336,0,0,0
B,100338,13,36.55,475.14
B,100339,3,24.05,72.15
B,100340,0,0,0
B,100341,0,0,0
B,100344,0,0,0
B,100345,0,0,0
B,100347,0,0,0
B,100348,0,0,0
B,100349,0,0,0
B,100351,0,0,0
B,100354,0,0,0
B,100355,0,0,0
B,100356,0,0,0
B,100357,0,0,0
B,100359,0,0,0
B,100365,0,0,0
B,100366,0,0,0
B,100367,0,0,0
B,100368,0,0,0
B,100369,0,0,0
B,100372,0,0,0
B,100375,0,0,0
B,100378,0,0,0
B,100379,0,0,0
B,100380,0,0,0
B,100382,0,0,0
B,100383,0,0,0
B,100385,0,0,0
B,100387,0,0,0
B,100388,0,0,0
B,100390,0,0,0
B,100391,0,0,0
B,100392,0,0,0
B,100396,0,0,0
B,100397,0,0,0
B,100399,0,0,0
B,100400,0,0,0
B,100402,0,0,0
B,100403,0,0,0
B,100407,0,0,0
B,100409,0,0,0
B,100418,3,24.31,72.92
B,100420,0,0,0
B,100422,4,53.01,212.03
B,100425,0,0,0
B,100426,0,0,0
B,100429,0,0,0
B,100430,0,0,0
B,100432,0,0,0
B,100433,0,0,0
B,100434,0,0,0
B,100438,0,0,0
B,100439,0,0,0
B,100441,0,0,0
B,100443,0,0,0
B,100445,0,0,0
B,100446,0,0,0
B,100447,0,0,0
B,100450,0,0,0
B,100451,0,0,0
B,100452,0,0,0
B,100453,0,0,0
B,100455,0,0,0
B,100458,0,0,0
B,100459,0,0,0
B,100460,0,0,0
B,100462,0,0,0
B,100464,0,0,0
B,100465,0,0,0
B,100466,0,0,0
B,100472,0,0,0
B,100473,0,0,0
B,100476,0,0,0
B,100478,0,0,0
B,100483,0,0,0
B,100484,5,15.29,76.45
B,100486,3,38.12,114.35
B,100488,0,0,0
B,100494,2,31.24,62.49
B,100498,0,0,0
B,100499,2,21.57,43.15
B,100502,0,0,0
B,100503,1,38.38,38.38
B,100507,0,0,0
B,100509,0,0,0
B,100510,0,0,0
B,100514,0,0,0
B,100516,0,0,0
B,100517,0,0,0
B,100518,0,0,0
B,100519,0,0,0
B,100521,0,0,0
B,100526,0,0,0
B,100527,0,0,0
B,100531,0,0,0
B,100534,0,0,0
B,100535,0,0,0
B,100536,0,0,0
B,100539,0,0,0
B,100540,0,0,0
B,100541,0,0,0
B,100543,0,0,0
B,100546,0,0,0
B,100547,0,0,0
B,100549,0,0,0
B,100550,0,0,0
B,100554,0,0,0
B,100555,0,0,0
B,100558,0,0,0
B,100562,0,0,0
B,100563,0,0,0
B,100564,0,0,0
B,100565,0,0,0
B,100566,0,0,0
B,100570,0,0,0
B,100573,0,0,0
B,100575,6,36.85,221.12
B,100577,0,0,0
B,100578,0,0,0
B,100579,0,0,0
B,100581,0,0,0
B,100582,0,0,0
B,100584,1,11.43,11.43
B,100585,0,0,0
B,100588,5,21.68,108.40
B,100589,0,0,0
B,100591,0,0,0
B,100594,0,0,0
B,100598,0,0,0
B,100603,0,0,0
B,100606,0,0,0
B,100607,2,22.67,45.33
B,100608,0,0,0
B,100611,0,0,0
B,100612,1,1.34,1.34
B,100613,0,0,0
B,100614,6,21.12,126.74
B,100616,0,0,0
B,100618,1,13.45,13.45
B,100621,0,0,0
B,100622,0,0,0
B,100624,0,0,0
B,100625,0,0,0
B,100626,0,0,0
B,100627,5,49.01,245.04
B,100628,1,18.46,18.46
B,100629,0,0,0
B,100631,0,0,0
B,100634,0,0,0
B,100639,0,0,0
B,100640,1,55.96,55.96
B,100643,0,0,0
B,100646,0,0,0
B,100650,0,0,0
B,100653,0,0,0
B,100654,5,11.52,57.60
B,100656,3,45.26,135.79
B,100657,0,0,0
B,100658,0,0,0
B,100659,0,0,0
B,100661,0,0,0
B,100662,3,15.05,45.16
B,100663,0,0,0
B,100664,0,0,0
B,100667,0,0,0
B,100668,0,0,0
B,100671,0,0,0
B,100675,0,0,0
B,100676,1,8.08,8.08
B,100678,0,0,0
B,100679,0,0,0
B,100682,0,0,0
B,100683,0,0,0
B,100688,0,0,0
B,100690,0,0,0
B,100691,0,0,0
B,100693,0,0,0
B,100694,0,0,0
B,100695,4,38.77,155.09
B,100700,0,0,0
B,100701,0,0,0
B,100702,0,0,0
B,100703,0,0,0
B,100705,0,0,0
B,100707,0,0,0
B,100709,0,0,0
B,100710,0,0,0
B,100711,1,15.09,15.09
B,100712,0,0,0
B,100713,0,0,0
B,100717,1,33.41,33.41
B,100723,0,0,0
B,100726,0,0,0
B,100733,0,0,0
B,100735,0,0,0
B,100745,0,0,0
B,100748,0,0,0
B,100750,0,0,0
B,100753,9,21.04,189.34
B,100754,0,0,0
B,100756,0,0,0
B,100757,0,0,0
B,100761,0,0,0
B,100762,0,0,0
B,100763,0,0,0
B,100770,0,0,0
B,100771,0,0,0
B,100772,0,0,0
B,100774,5,20.56,102.78
B,100776,0,0,0
B,100778,7,42.37,296.60
B,100780,0,0,0
B,100784,0,0,0
B,100785,0,0,0
B,100789,0,0,0
B,100792,0,0,0
B,100793,0,0,0
B,100798,0,0,0
B,100799,0,0,0
B,100804,0,0,0
B,100805,0,0,0
B,100807,0,0,0
B,100808,0,0,0
B,100809,0,0,0
B,100810,0,0,0
B,100811,0,0,0
B,100813,0,0,0
B,100814,0,0,0
B,100817,0,0,0
B,100818,0,0,0
B,100819,1,52.82,52.82
B,100821,0,0,0
B,100822,1,46.37,46.37
B,100824,0,0,0
B,100825,0,0,0
B,100827,0,0,0
B,100831,0,0,0
B,100832,0,0,0
B,100836,0,0,0
B,100837,0,0,0
B,100841,3,19.38,58.15
B,100843,0,0,0
B,100845,0,0,0
B,100847,0,0,0
B,100850,0,0,0
B,100852,0,0,0
B,100853,0,0,0
B,100855,0,0,0
B,100856,0,0,0
B,100857,0,0,0
B,100858,0,0,0
B,100860,0,0,0
B,100864,2,19.19,38.38
B,100865,0,0,0
B,100866,0,0,0
B,100867,3,18.79,56.36
B,100869,0,0,0
B,100870,0,0,0
B,100874,0,0,0
B,100875,0,0,0
B,100877,0,0,0
B,100878,0,0,0
B,100879,0,0,0
B,100881,0,0,0
B,100882,0,0,0
B,100884,0,0,0
B,100886,0,0,0
B,100887,1,12.46,12.46
B,100890,0,0,0
B,100891,0,0,0
B,100892,0,0,0
B,100893,0,0,0
B,100894,0,0,0
B,100897,0,0,0
B,100898,0,0,0
B,100899,0,0,0
B,100901,0,0,0
B,100903,0,0,0
B,100906,0,0,0
B,100908,0,0,0
B,100909,0,0,0
B,100912,0,0,0
B,100913,0,0,0
B,100914,0,0,0
B,100915,0,0,0
B,100916,0,0,0
B,100917,0,0,0
B,100918,1,27.62,27.62
B,100919,0,0,0
B,100920,0,0,0
B,100922,0,0,0
B,100923,0,0,0
B,100924,0,0,0
B,100925,0,0,0
B,100927,0,0,0
B,100930,0,0,0
B,100932,0,0,0
B,100935,0,0,0
B,100938,0,0,0
B,100940,0,0,0
B,100941,0,0,0
B,100943,0,0,0
B,100944,0,0,0
B,100948,0,0,0
B,100949,0,0,0
B,100951,0,0,0
B,100956,0,0,0
B,100957,0,0,0
B,100958,0,0,0
B,100959,0,0,0
B,100962,0,0,0
B,100963,0,0,0
B,100964,0,0,0
B,100965,0,0,0
B,100967,0,0,0
B,100968,0,0,0
B,100969,0,0,0
B,100970,0,0,0
B,100971,0,0,0
B,100975,0,0,0
B,100976,0,0,0
B,100977,0,0,0
B,100979,0,0,0
B,100981,0,0,0
B,100984,8,37.87,302.98
B,100987,0,0,0
B,100991,0,0,0
B,100992,0,0,0
B,100994,0,0,0
B,100995,0,0,0
B,100996,0,0,0
B,100997,0,0,0
B,100998,0,0,0
B,101003,0,0,0
B,101004,0,0,0
B,101005,0,0,0
B,101012,0,0,0
B,101013,0,0,0
B,101017,0,0,0
B,101018,0,0,0
B,101020,0,0,0
B,101021,0,0,0
B,101024,5,29.55,147.73
B,101025,0,0,0
B,101026,0,0,0
B,101030,0,0,0
B,101031,0,0,0
B,101032,0,0,0
B,101035,0,0,0
B,101041,0,0,0
B,101042,0,0,0
B,101043,0,0,0
B,101046,0,0,0
B,101047,0,0,0
B,101048,0,0,0
B,101049,0,0,0
B,101050,0,0,0
B,101053,0,0,0
B,101054,0,0,0
B,101055,0,0,0
B,101056,1,15.22,15.22
B,101057,0,0,0
B,101059,0,0,0
B,101060,0,0,0
B,101061,0,0,0
B,101063,2,26.63,53.27
B,101065,0,0,0
B,101067,0,0,0
B,101068,0,0,0
B,101069,0,0,0
B,101071,0,0,0
B,101072,0,0,0
B,101074,0,0,0
B,101075,0,0,0
B,101076,0,0,0
B,101078,0,0,0
B,101079,0,0,0
B,101081,0,0,0
B,101082,0,0,0
B,101083,0,0,0
B,101085,0,0,0
B,101087,0,0,0
B,101088,0,0,0
B,101089,0,0,0
B,101092,0,0,0
B,101093,0,0,0
B,101096,0,0,0
B,101098,0,0,0
B,101099,0,0,0
B,101101,1,18.71,18.71
B,101104,0,0,0
B,101108,0,0,0
B,101109,0,0,0
B,101110,3,17.95,53.85
B,101111,0,0,0
B,101114,0,0,0
B,101118,0,0,0
B,101119,0,0,0
B,101120,0,0,0
B,101121,0,0,0
B,101127,0,0,0
B,101128,0,0,0
B,101129,0,0,0
B,101131,0,0,0
B,101132,0,0,0
B,101143,0,0,0
B,101144,0,0,0
B,101148,0,0,0
B,101150,0,0,0
B,101151,0,0,0
B,101155,0,0,0
B,101156,0,0,0
B,101158,0,0,0
B,101159,0,0,0
B,101160,0,0,0
B,101161,0,0,0
B,101163,0,0,0
B,101165,0,0,0
B,101168,0,0,0
B,101169,0,0,0
B,101171,0,0,0
B,101174,0,0,0
B,101175,0,0,0
B,101178,0,0,0
B,101185,0,0,0
B,101192,0,0,0
B,101194,0,0,0
B,101198,0,0,0
B,101201,0,0,0
B,101202,0,0,0
B,101203,0,0,0
B,101204,0,0,0
B,101206,0,0,0
B,101207,0,0,0
B,101208,0,0,0
B,101210,0,0,0
B,101213,0,0,0
B,101215,0,0,0
B,101216,0,0,0
B,101218,3,15.05,45.16
B,101221,0,0,0
B,101222,0,0,0
B,101223,0,0,0
B,101224,0,0,0
B,101225,0,0,0
B,101228,0,0,0
B,101230,0,0,0
B,101231,3,38.91,116.74
B,101232,0,0,0
B,101234,0,0,0
B,101236,0,0,0
B,101238,0,0,0
B,101239,0,0,0
B,101240,0,0,0
B,101243,0,0,0
B,101244,0,0,0
B,101245,0,0,0
B,101246,0,0,0
B,101248,0,0,0
B,101250,0,0,0
B,101251,0,0,0
B,101253,0,0,0
B,101254,0,0,0
B,101260,0,0,0
B,101262,1,153.11,153.11
B,101266,0,0,0
B,101270,1,7.68,7.68
B,101272,3,43.62,130.85
B,101273,4,31.29,125.16
B,101276,0,0,0
B,101277,0,0,0
B,101285,0,0,0
B,101286,0,0,0
B,101287,0,0,0
B,101290,0,0,0
B,101291,0,0,0
B,101293,0,0,0
B,101296,0,0,0
B,101305,0,0,0
B,101308,0,0,0
B,101310,0,0,0
B,101311,0,0,0
B,101312,0,0,0
B,101313,0,0,0
B,101314,0,0,0
B,101315,0,0,0
B,101316,0,0,0
B,101319,0,0,0
B,101322,0,0,0
B,101324,0,0,0
B,101326,0,0,0
B,101328,0,0,0
B,101335,0,0,0
B,101339,0,0,0
B,101341,0,0,0
B,101343,0,0,0
B,101346,0,0,0
B,101349,0,0,0
B,101350,0,0,0
B,101353,0,0,0
B,101354,0,0,0
B,101355,0,0,0
B,101356,0,0,0
B,101357,0,0,0
B,101359,0,0,0
B,101361,0,0,0
B,101363,0,0,0
B,101364,0,0,0
B,101365,0,0,0
B,101369,0,0,0
B,101370,0,0,0
B,101372,0,0,0
B,101374,0,0,0
B,101375,0,0,0
B,101378,0,0,0
B,101380,0,0,0
B,101381,0,0,0
B,101383,0,0,0
B,101384,0,0,0
B,101385,0,0,0
B,101386,0,0,0
B,101387,0,0,0
B,101389,0,0,0
B,101391,0,0,0
B,101393,0,0,0
B,101394,0,0,0
B,101395,4,22.50,90.01
B,101396,0,0,0
B,101397,9,21.49,193.43
B,101398,0,0,0
B,101400,0,0,0
B,101402,0,0,0
B,101403,2,28.23,56.47
B,101405,0,0,0
B,101409,0,0,0
B,101410,0,0,0
B,101411,0,0,0
B,101414,0,0,0
B,101415,0,0,0
B,101416,0,0,0
B,101418,0,0,0
B,101419,3,18.99,56.97
B,101420,0,0,0
B,101421,0,0,0
B,101423,0,0,0
B,101424,0,0,0
B,101425,0,0,0
B,101428,2,6.08,12.15
B,101429,0,0,0
B,101430,0,0,0
B,101432,0,0,0
B,101433,0,0,0
B,101436,0,0,0
B,101437,0,0,0
B,101438,1,7.59,7.59
B,101439,4,23.32,93.27
B,101443,0,0,0
B,101444,0,0,0
B,101445,0,0,0
B,101446,0,0,0
B,101448,0,0,0
B,101451,0,0,0
B,101452,0,0,0
B,101453,0,0,0
B,101455,0,0,0
B,101456,0,0,0
B,101457,0,0,0
B,101458,5,48.62,243.12
B,101460,0,0,0
B,101463,4,12.98,51.94
B,101464,0,0,0
B,101465,2,14.95,29.90
B,101466,0,0,0
B,101470,0,0,0
B,101471,0,0,0
B,101473,0,0,0
B,101474,0,0,0
B,101475,0,0,0
B,101477,0,0,0
B,101479,0,0,0
B,101481,0,0,0
B,101482,0,0,0
B,101488,0,0,0
B,101489,0,0,0
B,101491,0,0,0
B,101493,0,0,0
B,101494,0,0,0
B,101495,0,0,0
B,101496,0,0,0
B,101497,0,0,0
B,101499,0,0,0
B,101500,0,0,0
B,101502,0,0,0
B,101504,0,0,0
B,101505,0,0,0
B,101508,0,0,0
B,101509,0,0,0
B,101511,0,0,0
B,101512,0,0,0
B,101515,0,0,0
B,101516,0,0,0
B,101517,0,0,0
B,101519,0,0,0
B,101523,0,0,0
B,101524,0,0,0
B,101525,0,0,0
B,101527,0,0,0
B,101530,0,0,0
B,101531,0,0,0
B,101532,0,0,0
B,101535,0,0,0
B,101537,0,0,0
B,101540,0,0,0
B,101542,0,0,0
B,101543,0,0,0
B,101544,0,0,0
B,101545,0,0,0
B,101547,0,0,0
B,101548,0,0,0
B,101554,0,0,0
B,101558,0,0,0
B,101560,0,0,0
B,101561,0,0,0
B,101563,0,0,0
B,101564,0,0,0
B,101565,0,0,0
B,101567,0,0,0
B,101568,0,0,0
B,101569,2,9.71,19.42
B,101575,0,0,0
B,101576,0,0,0
B,101578,0,0,0
B,101579,1,25.45,25.45
B,101580,0,0,0
B,101583,0,0,0
B,101585,0,0,0
B,101586,0,0,0
B,101588,0,0,0
B,101589,12,29.17,350.05
B,101591,0,0,0
B,101592,0,0,0
B,101594,0,0,0
B,101595,0,0,0
B,101596,0,0,0
B,101598,0,0,0
B,101600,0,0,0
B,101603,0,0,0
B,101604,0,0,0
B,101605,0,0,0
B,101606,0,0,0
B,101610,0,0,0
B,101611,0,0,0
B,101614,0,0,0
B,101616,0,0,0
B,101618,0,0,0
B,101619,0,0,0
B,101624,0,0,0
B,101626,0,0,0
B,101629,0,0,0
B,101630,0,0,0
B,101631,0,0,0
B,101634,0,0,0
B,101636,0,0,0
B,101638,0,0,0
B,101642,4,11.29,45.16
B,101644,0,0,0
B,101648,0,0,0
B,101649,0,0,0
B,101650,0,0,0
B,101651,0,0,0
B,101652,0,0,0
B,101653,0,0,0
B,101654,0,0,0
B,101655,0,0,0
B,101656,0,0,0
B,101657,0,0,0
B,101658,0,0,0
B,101662,0,0,0
B,101663,0,0,0
B,101664,0,0,0
B,101668,0,0,0
B,101669,0,0,0
B,101671,0,0,0
B,101674,0,0,0
B,101675,0,0,0
B,101676,0,0,0
B,101680,0,0,0
B,101681,0,0,0
B,101682,0,0,0
B,101683,0,0,0
B,101684,0,0,0
B,101685,0,0,0
B,101686,0,0,0
B,101689,0,0,0
B,101691,0,0,0
B,101695,0,0,0
B,101696,0,0,0
B,101697,0,0,0
B,101699,0,0,0
B,101701,0,0,0
B,101702,0,0,0
B,101704,0,0,0
B,101705,0,0,0
B,101706,0,0,0
B,101707,0,0,0
B,101710,0,0,0
B,101711,0,0,0
B,101712,0,0,0
B,101713,0,0,0
B,101715,0,0,0
B,101716,0,0,0
B,101717,0,0,0
B,101718,4,8.08,32.33
B,101719,0,0,0
B,101721,0,0,0
B,101723,0,0,0
B,101726,0,0,0
B,101729,0,0,0
B,101731,0,0,0
B,101732,0,0,0
B,101734,0,0,0
B,101735,0,0,0
B,101737,0,0,0
B,101738,0,0,0
B,101742,0,0,0
B,101744,0,0,0
B,101745,0,0,0
B,101751,8,68.46,547.71
B,101753,0,0,0
B,101755,0,0,0
B,101756,0,0,0
B,101757,15,53.73,805.88
B,101758,0,0,0
B,101759,0,0,0
B,101761,0,0,0
B,101762,0,0,0
B,101767,14,27.00,377.97
B,101773,0,0,0
B,101775,0,0,0
B,101776,0,0,0
B,101779,0,0,0
B,101782,0,0,0
B,101784,1,139.88,139.88
B,101785,0,0,0
B,101788,0,0,0
B,101789,0,0,0
B,101792,0,0,0
B,101793,0,0,0
B,101794,0,0,0
B,101795,0,0,0
B,101797,0,0,0
B,101798,0,0,0
B,101800,0,0,0
B,101801,6,24.33,146.01
B,101803,0,0,0
B,101805,0,0,0
B,101806,0,0,0
B,101810,0,0,0
B,101813,0,0,0
B,101814,0,0,0
B,101815,0,0,0
B,101819,0,0,0
B,101821,0,0,0
B,101822,0,0,0
B,101823,0,0,0
B,101825,0,0,0
B,101827,0,0,0
B,101829,0,0,0
B,101833,0,0,0
B,101835,0,0,0
B,101838,0,0,0
B,101839,0,0,0
B,101840,0,0,0
B,101842,0,0,0
B,101843,0,0,0
B,101845,0,0,0
B,101847,0,0,0
B,101851,0,0,0
B,101852,0,0,0
B,101853,0,0,0
B,101855,0,0,0
B,101861,4,18.60,74.39
B,101862,0,0,0
B,101864,0,0,0
B,101866,0,0,0
B,101867,0,0,0
B,101870,0,0,0
B,101871,0,0,0
B,101873,0,0,0
B,101874,0,0,0
B,101876,0,0,0
B,101877,0,0,0
B,101878,0,0,0
B,101879,0,0,0
B,101880,0,0,0
B,101883,0,0,0
B,101884,0,0,0
B,101886,0,0,0
B,101888,0,0,0
B,101889,0,0,0
B,101890,0,0,0
B,101891,0,0,0
B,101892,0,0,0
B,101894,0,0,0
B,101895,0,0,0
B,101897,0,0,0
B,101898,0,0,0
B,101903,0,0,0
B,101908,0,0,0
B,101910,6,10.18,61.05
B,101912,0,0,0
B,101913,0,0,0
B,101914,0,0,0
B,101915,0,0,0
B,101918,0,0,0
B,101920,0,0,0
B,101923,1,20.67,20.67
B,101924,0,0,0
B,101926,0,0,0
B,101927,0,0,0
B,101928,0,0,0
B,101932,0,0,0
B,101933,0,0,0
B,101934,0,0,0
B,101935,1,38.21,38.21
B,101937,0,0,0
B,101940,0,0,0
B,101942,0,0,0
B,101945,0,0,0
B,101946,0,0,0
B,101948,0,0,0
B,101950,0,0,0
B,101951,0,0,0
B,101952,0,0,0
B,101957,0,0,0
B,101959,0,0,0
B,101961,0,0,0
B,101962,0,0,0
B,101964,0,0,0
B,101966,0,0,0
B,101968,0,0,0
B,101969,0,0,0
B,101971,0,0,0
B,101972,0,0,0
B,101976,0,0,0
B,101977,0,0,0
B,101978,0,0,0
B,101979,0,0,0
B,101980,0,0,0
B,101981,0,0,0
B,101984,3,63.39,190.16
B,101985,0,0,0
B,101987,0,0,0
B,101988,0,0,0
B,101991,0,0,0
B,101993,0,0,0
B,102002,0,0,0
B,102004,0,0,0
B,102005,0,0,0
B,102006,2,27.72,55.44
B,102007,0,0,0
B,102009,0,0,0
B,102013,0,0,0
B,102015,0,0,0
B,102016,0,0,0
B,102017,0,0,0
B,102018,1,30.94,30.94
B,102020,0,0,0
B,102021,0,0,0
B,102022,0,0,0
B,102025,0,0,0
B,102027,5,24.78,123.90
B,102028,0,0,0
B,102029,0,0,0
B,102030,0,0,0
B,102031,0,0,0
B,102033,5,45.79,228.96
B,102035,0,0,0
B,102036,0,0,0
B,102041,0,0,0
B,102042,0,0,0
B,102045,0,0,0
B,102046,0,0,0
B,102048,0,0,0
B,102055,0,0,0
B,102057,0,0,0
B,102058,0,0,0
B,102059,0,0,0
B,102063,0,0,0
B,102064,0,0,0
B,102067,0,0,0
B,102068,0,0,0
B,102070,0,0,0
B,102072,0,0,0
B,102073,0,0,0
B,102074,0,0,0
B,102076,0,0,0
B,102078,0,0,0
B,102079,0,0,0
B,102081,0,0,0
B,102084,0,0,0
B,102085,0,0,0
B,102086,0,0,0
B,102088,0,0,0
B,102089,2,63.22,126.45
B,102093,0,0,0
B,102094,0,0,0
B,102095,0,0,0
B,102099,0,0,0
B,102107,0,0,0
B,102108,8,21.25,169.99
B,102110,0,0,0
B,102111,0,0,0
B,102112,0,0,0
B,102113,0,0,0
B,102115,0,0,0
B,102116,0,0,0
B,102120,0,0,0
B,102121,0,0,0
B,102123,0,0,0
B,102124,0,0,0
B,102126,0,0,0
B,102127,0,0,0
B,102130,0,0,0
B,102131,0,0,0
B,102134,0,0,0
B,102135,0,0,0
B,102137,0,0,0
B,102138,0,0,0
B,102139,0,0,0
B,102141,0,0,0
B,102142,0,0,0
B,102143,3,44.47,133.42
B,102146,0,0,0
B,102148,0,0,0
B,102149,0,0,0
B,102152,0,0,0
B,102154,0,0,0
B,102155,0,0,0
B,102161,0,0,0
B,102165,0,0,0
B,102166,0,0,0
B,102167,0,0,0
B,102168,0,0,0
B,102169,0,0,0
B,102170,0,0,0
B,102173,0,0,0
B,102174,0,0,0
B,102177,0,0,0
B,102178,0,0,0
B,102179,0,0,0
B,102180,2,13.37,26.74
B,102181,0,0,0
B,102183,0,0,0
B,102186,0,0,0
B,102191,0,0,0
B,102192,0,0,0
B,102193,0,0,0
B,102194,0,0,0
B,102195,0,0,0
B,102198,0,0,0
B,102200,0,0,0
B,102201,0,0,0
B,102202,0,0,0
B,102203,0,0,0
B,102207,0,0,0
B,102208,0,0,0
B,102211,0,0,0
B,102213,4,53.96,215.85
B,102214,0,0,0
B,102215,0,0,0
B,102216,0,0,0
B,102218,0,0,0
B,102219,0,0,0
B,102221,0,0,0
B,102222,0,0,0
B,102224,0,0,0
B,102225,0,0,0
B,102229,0,0,0
B,102230,0,0,0
B,102232,0,0,0
B,102234,0,0,0
B,102235,0,0,0
B,102236,0,0,0
B,102237,0,0,0
B,102238,0,0,0
B,102240,0,0,0
B,102241,0,0,0
B,102243,0,0,0
B,102244,0,0,0
B,102245,0,0,0
B,102247,0,0,0
B,102248,0,0,0
B,102251,0,0,0
B,102252,0,0,0
B,102253,0,0,0
B,102254,0,0,0
B,102256,0,0,0
B,102257,0,0,0
B,102258,0,0,0
B,102264,0,0,0
B,102265,0,0,0
B,102267,0,0,0
B,102269,0,0,0
B,102271,1,30.42,30.42
B,102274,0,0,0
B,102276,0,0,0
B,102278,0,0,0
B,102280,0,0,0
B,102281,0,0,0
B,102287,0,0,0
B,102292,0,0,0
B,102295,0,0,0
B,102301,0,0,0
B,102305,0,0,0
B,102306,0,0,0
B,102308,0,0,0
B,102309,0,0,0
B,102314,0,0,0
B,102315,0,0,0
B,102316,0,0,0
B,102317,0,0,0
B,102319,0,0,0
B,102320,0,0,0
B,102321,0,0,0
B,102322,0,0,0
B,102324,0,0,0
B,102325,0,0,0
B,102327,0,0,0
B,102330,0,0,0
B,102333,0,0,0
B,102334,0,0,0
B,102335,0,0,0
B,102340,0,0,0
B,102342,0,0,0
B,102347,0,0,0
B,102348,0,0,0
B,102350,0,0,0
B,102351,0,0,0
B,102352,0,0,0
B,102353,0,0,0
B,102354,0,0,0
B,102356,0,0,0
B,102357,0,0,0
B,102360,0,0,0
B,102362,0,0,0
B,102363,0,0,0
B,102366,0,0,0
B,102367,0,0,0
B,102369,0,0,0
B,102374,0,0,0
B,102375,1,22.33,22.33
B,102377,0,0,0
B,102378,0,0,0
B,102379,0,0,0
B,102380,0,0,0
B,102383,0,0,0
B,102384,0,0,0
B,102386,0,0,0
B,102387,5,21.61,108.07
B,102393,0,0,0
B,102397,0,0,0
B,102400,0,0,0
B,102402,0,0,0
B,102403,0,0,0
B,102404,0,0,0
B,102405,0,0,0
B,102407,0,0,0
B,102411,0,0,0
B,102417,0,0,0
B,102422,0,0,0
B,102423,0,0,0
B,102426,0,0,0
B,102430,0,0,0
B,102433,0,0,0
B,102434,0,0,0
B,102435,0,0,0
B,102437,0,0,0
B,102440,0,0,0
B,102448,0,0,0
B,102449,0,0,0
B,102450,0,0,0
B,102452,0,0,0
B,102455,0,0,0
B,102457,0,0,0
B,102458,0,0,0
B,102461,0,0,0
B,102463,0,0,0
B,102465,0,0,0
B,102467,0,0,0
B,102469,0,0,0
B,102471,0,0,0
B,102474,13,40.38,524.92
B,102476,0,0,0
B,102477,0,0,0
B,102482,0,0,0
B,102483,0,0,0
B,102485,0,0,0
B,102486,0,0,0
B,102489,0,0,0
B,102490,0,0,0
B,102491,0,0,0
B,102492,0,0,0
B,102494,1,36.90,36.90
B,102495,0,0,0
B,102496,0,0,0
B,102497,0,0,0
B,102498,0,0,0
B,102500,0,0,0
B,102504,0,0,0
B,102505,0,0,0
B,102507,0,0,0
B,102508,0,0,0
B,102509,0,0,0
B,102510,0,0,0
B,102511,0,0,0
B,102513,0,0,0
B,102514,0,0,0
B,102517,0,0,0
B,102518,0,0,0
B,102521,0,0,0
B,102522,0,0,0
B,102523,0,0,0
B,102525,0,0,0
B,102526,0,0,0
B,102528,0,0,0
B,102530,0,0,0
B,102534,0,0,0
B,102535,0,0,0
B,102537,0,0,0
B,102539,0,0,0
B,102541,0,0,0
B,102544,0,0,0
B,102546,4,31.32,125.28
B,102547,1,33.17,33.17
B,102550,0,0,0
B,102554,0,0,0
B,102555,0,0,0
B,102556,0,0,0
B,102559,0,0,0
B,102560,0,0,0
B,102561,0,0,0
B,102568,0,0,0
B,102569,0,0,0
B,102570,0,0,0
B,102574,0,0,0
B,102578,0,0,0
B,102580,0,0,0
B,102583,0,0,0
B,102589,0,0,0
B,102590,0,0,0
B,102592,0,0,0
B,102593,0,0,0
B,102594,0,0,0
B,102595,0,0,0
B,102597,0,0,0
B,102598,0,0,0
B,102600,0,0,0
B,102601,0,0,0
B,102602,0,0,0
B,102603,0,0,0
B,102604,0,0,0
B,102605,0,0,0
B,102607,0,0,0
B,102610,0,0,0
B,102617,0,0,0
B,102619,0,0,0
B,102620,0,0,0
B,102623,0,0,0
B,102625,0,0,0
B,102627,0,0,0
B,102628,0,0,0
B,102631,0,0,0
B,102632,0,0,0
B,102633,0,0,0
B,102634,0,0,0
B,102636,0,0,0
B,102638,0,0,0
B,102640,0,0,0
B,102645,0,0,0
B,102649,0,0,0
B,102653,0,0,0
B,102655,0,0,0
B,102656,0,0,0
B,102659,0,0,0
B,102661,0,0,0
B,102662,0,0,0
B,102665,0,0,0
B,102666,0,0,0
B,102667,0,0,0
B,102669,0,0,0
B,102672,0,0,0
B,102673,0,0,0
B,102674,0,0,0
B,102675,0,0,0
B,102677,0,0,0
B,102679,0,0,0
B,102681,0,0,0
B,102682,0,0,0
B,102685,0,0,0
B,102688,0,0,0
B,102691,0,0,0
B,102694,0,0,0
B,102696,0,0,0
B,102698,0,0,0
B,102699,0,0,0
B,102702,2,38.10,76.20
B,102703,0,0,0
B,102706,0,0,0
B,102709,0,0,0
B,102710,3,52.42,157.26
B,102711,0,0,0
B,102712,0,0,0
B,102713,0,0,0
B,102719,0,0,0
B,102721,0,0,0
B,102722,0,0,0
B,102723,0,0,0
B,102724,0,0,0
B,102726,2,11.64,23.28
B,102727,0,0,0
B,102729,0,0,0
B,102731,0,0,0
B,102734,0,0,0
B,102737,0,0,0
B,102738,0,0,0
B,102740,0,0,0
B,102742,0,0,0
B,102744,0,0,0
B,102747,0,0,0
B,102751,0,0,0
B,102752,0,0,0
B,102757,0,0,0
B,102758,0,0,0
B,102759,0,0,0
B,102760,0,0,0
B,102761,0,0,0
B,102767,0,0,0
B,102769,0,0,0
B,102770,0,0,0
B,102772,0,0,0
B,102773,0,0,0
B,102785,0,0,0
B,102789,0,0,0
B,102790,0,0,0
B,102792,0,0,0
B,102794,0,0,0
B,102795,0,0,0
B,102797,0,0,0
B,102800,0,0,0
B,102801,0,0,0
B,102802,0,0,0
B,102804,0,0,0
B,102805,0,0,0
B,102806,0,0,0
B,102808,0,0,0
B,102813,0,0,0
B,102816,0,0,0
B,102817,0,0,0
B,102819,0,0,0
B,102822,0,0,0
B,102826,0,0,0
B,102827,0,0,0
B,102828,0,0,0
B,102830,5,31.99,159.97
B,102831,0,0,0
B,102832,0,0,0
B,102833,0,0,0
B,102838,0,0,0
B,102839,0,0,0
B,102840,0,0,0
B,102841,0,0,0
B,102842,0,0,0
B,102843,0,0,0
B,102845,0,0,0
B,102848,0,0,0
B,102849,0,0,0
B,102850,0,0,0
B,102852,0,0,0
B,102853,0,0,0
B,102856,0,0,0
B,102859,0,0,0
B,102860,0,0,0
B,102864,0,0,0
B,102865,0,0,0
B,102866,1,12.40,12.40
B,102867,0,0,0
B,102868,0,0,0
B,102870,0,0,0
B,102873,0,0,0
B,102875,0,0,0
B,102877,0,0,0
B,102878,0,0,0
B,102879,0,0,0
B,102880,0,0,0
B,102882,0,0,0
B,102885,0,0,0
B,102886,0,0,0
B,102887,0,0,0
B,102890,0,0,0
B,102891,0,0,0
B,102892,0,0,0
B,102893,0,0,0
B,102894,0,0,0
B,102895,0,0,0
B,102896,0,0,0
B,102899,0,0,0
B,102900,0,0,0
B,102901,1,58.06,58.06
B,102902,0,0,0
B,102906,0,0,0
B,102914,0,0,0
B,102916,0,0,0
B,102918,0,0,0
B,102920,0,0,0
B,102923,9,16.40,147.59
B,102925,0,0,0
B,102926,0,0,0
B,102927,0,0,0
B,102933,0,0,0
B,102934,0,0,0
B,102938,0,0,0
B,102942,0,0,0
B,102946,0,0,0
B,102949,0,0,0
B,102952,0,0,0
B,102960,0,0,0
B,102963,0,0,0
B,102965,0,0,0
B,102966,0,0,0
B,102967,0,0,0
B,102970,0,0,0
B,102971,0,0,0
B,102975,0,0,0
B,102977,0,0,0
B,102978,0,0,0
B,102979,0,0,0
B,102980,0,0,0
B,102983,0,0,0
B,102986,0,0,0
B,102990,0,0,0
B,102991,0,0,0
B,102995,0,0,0
B,102999,0,0,0
B,103001,0,0,0
B,103002,0,0,0
B,103003,0,0,0
B,103004,0,0,0
B,103010,0,0,0
B,103011,0,0,0
B,103013,0,0,0
B,103014,0,0,0
B,103015,0,0,0
B,103016,0,0,0
B,103017,0,0,0
B,103020,0,0,0
B,103023,0,0,0
B,103027,0,0,0
B,103031,0,0,0
B,103032,0,0,0
B,103034,0,0,0
B,103035,0,0,0
B,103036,0,0,0
B,103038,0,0,0
B,103041,0,0,0
B,103042,0,0,0
B,103043,0,0,0
B,103044,0,0,0
B,103045,0,0,0
B,103046,1,6.29,6.29
B,103047,0,0,0
B,103049,0,0,0
B,103053,5,43.17,215.86
B,103055,0,0,0
B,103057,0,0,0
B,103058,0,0,0
B,103060,0,0,0
B,103061,0,0,0
B,103062,1,9.21,9.21
B,103063,3,19.08,57.25
B,103065,0,0,0
B,103067,0,0,0
B,103070,0,0,0
B,103071,0,0,0
B,103072,0,0,0
B,103073,0,0,0
B,103074,4,23.39,93.55
B,103076,0,0,0
B,103079,0,0,0
B,103083,0,0,0
B,103091,0,0,0
B,103093,0,0,0
B,103097,0,0,0
B,103102,0,0,0
B,103104,1,38.66,38.66
B,103106,1,15.40,15.40
B,103110,0,0,0
B,103112,0,0,0
B,103113,0,0,0
B,103114,0,0,0
B,103115,0,0,0
B,103116,0,0,0
B,103119,0,0,0
B,103121,0,0,0
B,103125,0,0,0
B,103129,0,0,0
B,103130,0,0,0
B,103131,0,0,0
B,103135,0,0,0
B,103140,0,0,0
B,103141,0,0,0
B,103142,0,0,0
B,103145,1,23.74,23.74
B,103146,0,0,0
B,103148,0,0,0
B,103149,0,0,0
B,103150,0,0,0
B,103152,1,33.51,33.51
B,103154,0,0,0
B,103157,0,0,0
B,103158,0,0,0
B,103161,0,0,0
B,103168,0,0,0
B,103169,0,0,0
B,103171,0,0,0
B,103174,0,0,0
B,103178,1,42.21,42.21
B,103179,0,0,0
B,103180,0,0,0
B,103182,0,0,0
B,103184,0,0,0
B,103185,0,0,0
B,103191,5,30.30,151.49
B,103192,8,24.65,197.22
B,103194,0,0,0
B,103195,0,0,0
B,103196,0,0,0
B,103197,0,0,0
B,103199,0,0,0
B,103201,0,0,0
B,103202,0,0,0
B,103203,0,0,0
B,103205,0,0,0
B,103206,0,0,0
B,103207,0,0,0
B,103209,0,0,0
B,103211,0,0,0
B,103212,0,0,0
B,103213,0,0,0
B,103214,0,0,0
B,103216,0,0,0
B,103218,3,40.39,121.18
B,103220,0,0,0
B,103222,0,0,0
B,103226,0,0,0
B,103227,0,0,0
B,103228,0,0,0
B,103229,2,40.13,80.25
B,103230,0,0,0
B,103232,0,0,0
B,103233,0,0,0
B,103234,0,0,0
B,103235,0,0,0
B,103236,0,0,0
B,103242,1,16.25,16.25
B,103243,0,0,0
B,103244,0,0,0
B,103246,0,0,0
B,103247,2,64.38,128.76
B,103248,0,0,0
B,103249,2,14.22,28.44
B,103250,0,0,0
B,103252,0,0,0
B,103254,0,0,0
B,103255,0,0,0
B,103256,0,0,0
B,103258,10,54.27,542.74
B,103260,0,0,0
B,103262,0,0,0
B,103266,0,0,0
B,103269,0,0,0
B,103270,0,0,0
B,103271,0,0,0
B,103273,0,0,0
B,103274,0,0,0
B,103275,0,0,0
B,103282,3,83.42,250.26
B,103283,0,0,0
B,103284,0,0,0
B,103286,0,0,0
B,103287,0,0,0
B,103289,0,0,0
B,103293,0,0,0
B,103294,2,20.84,41.68
B,103295,0,0,0
B,103297,0,0,0
B,103298,0,0,0
B,103299,3,12.56,37.69
B,103300,0,0,0
B,103301,0,0,0
B,103305,0,0,0
B,103311,0,0,0
B,103316,0,0,0
B,103317,0,0,0
B,103319,0,0,0
B,103320,0,0,0
B,103322,0,0,0
B,103324,0,0,0
B,103328,0,0,0
B,103329,0,0,0
B,103333,0,0,0
B,103337,0,0,0
B,103338,0,0,0
B,103340,0,0,0
B,103341,0,0,0
B,103343,0,0,0
B,103346,0,0,0
B,103349,0,0,0
B,103350,0,0,0
B,103351,0,0,0
B,103352,0,0,0
B,103353,0,0,0
B,103357,0,0,0
B,103359,0,0,0
B,103362,0,0,0
B,103363,0,0,0
B,103365,0,0,0
B,103367,0,0,0
B,103368,0,0,0
B,103369,0,0,0
B,103371,0,0,0
B,103375,0,0,0
B,103377,0,0,0
B,103379,0,0,0
B,103382,0,0,0
B,103384,1,5.47,5.47
B,103385,0,0,0
B,103388,4,124.18,496.72
B,103389,0,0,0
B,103391,0,0,0
B,103392,0,0,0
B,103393,0,0,0
B,103396,0,0,0
B,103399,0,0,0
B,103400,0,0,0
B,103401,0,0,0
B,103402,0,0,0
B,103403,0,0,0
B,103404,0,0,0
B,103405,0,0,0
B,103412,0,0,0
B,103413,0,0,0
B,103414,0,0,0
B,103415,1,6.74,6.74
B,103423,0,0,0
B,103424,0,0,0
B,103426,0,0,0
B,103429,0,0,0
B,103430,0,0,0
B,103435,6,18.95,113.71
B,103436,0,0,0
B,103438,0,0,0
B,103439,0,0,0
B,103440,0,0,0
B,103442,1,24.31,24.31
B,103444,0,0,0
B,103445,15,23.35,350.24
B,103446,0,0,0
B,103447,0,0,0
B,103448,0,0,0
B,103450,0,0,0
B,103451,0,0,0
B,103452,0,0,0
B,103453,0,0,0
B,103456,0,0,0
B,103458,0,0,0
B,103460,0,0,0
B,103461,0,0,0
B,103464,0,0,0
B,103466,0,0,0
B,103469,0,0,0
B,103470,0,0,0
B,103471,0,0,0
B,103474,0,0,0
B,103476,0,0,0
B,103477,0,0,0
B,103484,0,0,0
B,103485,0,0,0
B,103486,0,0,0
B,103488,0,0,0
B,103489,0,0,0
B,103490,0,0,0
B,103491,0,0,0
B,103492,0,0,0
B,103494,0,0,0
B,103495,0,0,0
B,103496,0,0,0
B,103497,10,23.15,231.54
B,103499,0,0,0
B,103500,0,0,0
B,103501,0,0,0
B,103505,0,0,0
B,103506,0,0,0
B,103511,4,29.35,117.39
B,103512,0,0,0
B,103513,0,0,0
B,103514,0,0,0
B,103515,0,0,0
B,103518,0,0,0
B,103520,1,48.23,48.23
B,103525,0,0,0
B,103526,0,0,0
B,103527,0,0,0
B,103528,0,0,0
B,103531,0,0,0
B,103533,0,0,0
B,103542,0,0,0
B,103544,0,0,0
B,103546,0,0,0
B,103547,0,0,0
B,103548,0,0,0
B,103549,0,0,0
B,103550,0,0,0
B,103551,0,0,0
B,103552,0,0,0
B,103553,3,21.53,64.58
B,103559,0,0,0
B,103560,0,0,0
B,103562,0,0,0
B,103563,0,0,0
B,103567,0,0,0
B,103568,0,0,0
B,103569,0,0,0
B,103571,1,36.13,36.13
B,103575,0,0,0
B,103576,0,0,0
B,103579,0,0,0
B,103580,3,21.46,64.38
B,103581,0,0,0
B,103582,0,0,0
B,103583,0,0,0
B,103586,0,0,0
B,103587,0,0,0
B,103588,0,0,0
B,103590,0,0,0
B,103591,0,0,0
B,103594,6,13.73,82.40
B,103598,0,0,0
B,103600,0,0,0
B,103601,0,0,0
B,103603,0,0,0
B,103605,0,0,0
B,103606,0,0,0
B,103609,0,0,0
B,103610,0,0,0
B,103611,0,0,0
B,103612,0,0,0
B,103613,0,0,0
B,103614,0,0,0
B,103617,0,0,0
B,103618,2,26.48,52.96
B,103619,0,0,0
B,103621,0,0,0
B,103623,0,0,0
B,103624,0,0,0
B,103626,0,0,0
B,103627,0,0,0
B,103629,0,0,0
B,103631,0,0,0
B,103632,0,0,0
B,103634,0,0,0
B,103635,0,0,0
B,103639,0,0,0
B,103640,0,0,0
B,103644,0,0,0
B,103648,0,0,0
B,103651,0,0,0
B,103653,0,0,0
B,103654,0,0,0
B,103656,0,0,0
B,103657,0,0,0
B,103659,3,39.93,119.80
B,103665,0,0,0
B,103666,0,0,0
B,103668,0,0,0
B,103669,0,0,0
B,103676,0,0,0
B,103680,0,0,0
B,103682,0,0,0
B,103683,0,0,0
B,103684,0,0,0
B,103685,0,0,0
B,103689,0,0,0
B,103690,0,0,0
B,103691,0,0,0
B,103692,1,26.03,26.03
B,103694,3,55.84,167.53
B,103697,0,0,0
B,103698,0,0,0
B,103701,0,0,0
B,103702,0,0,0
B,103703,0,0,0
B,103706,0,0,0
B,103708,0,0,0
B,103710,0,0,0
B,103711,0,0,0
B,103712,8,33.85,270.77
B,103715,0,0,0
B,103719,0,0,0
B,103723,0,0,0
B,103725,0,0,0
B,103726,0,0,0
B,103727,2,41.86,83.73
B,103728,0,0,0
B,103729,0,0,0
B,103730,0,0,0
B,103731,0,0,0
B,103732,0,0,0
B,103734,0,0,0
B,103735,0,0,0
B,103736,0,0,0
B,103737,0,0,0
B,103740,0,0,0
B,103741,0,0,0
B,103745,0,0,0
B,103748,2,55.42,110.85
B,103750,0,0,0
B,103751,0,0,0
B,103753,2,43.99,87.98
B,103756,0,0,0
B,103761,0,0,0
B,103762,0,0,0
B,103764,0,0,0
B,103765,0,0,0
B,103767,0,0,0
B,103768,0,0,0
B,103769,0,0,0
B,103770,0,0,0
B,103771,0,0,0
B,103772,0,0,0
B,103774,0,0,0
B,103776,0,0,0
B,103777,0,0,0
B,103778,0,0,0
B,103780,0,0,0
B,103786,0,0,0
B,103788,0,0,0
B,103790,0,0,0
B,103791,0,0,0
B,103792,0,0,0
B,103793,0,0,0
B,103796,0,0,0
B,103797,3,21.90,65.70
B,103800,0,0,0
B,103802,0,0,0
B,103805,0,0,0
B,103810,0,0,0
B,103812,2,33.43,66.86
B,103817,0,0,0
B,103818,0,0,0
B,103820,0,0,0
B,103821,0,0,0
B,103822,0,0,0
B,103823,0,0,0
B,103827,0,0,0
B,103831,0,0,0
B,103835,0,0,0
B,103837,0,0,0
B,103839,1,8.74,8.74
B,103842,0,0,0
B,103843,0,0,0
B,103846,0,0,0
B,103847,0,0,0
B,103851,0,0,0
B,103855,0,0,0
B,103856,0,0,0
B,103857,0,0,0
B,103858,0,0,0
B,103859,0,0,0
B,103861,0,0,0
B,103862,0,0,0
B,103863,0,0,0
B,103864,0,0,0
B,103867,0,0,0
B,103869,0,0,0
B,103870,0,0,0
B,103871,0,0,0
B,103872,0,0,0
B,103873,0,0,0
B,103874,0,0,0
B,103877,0,0,0
B,103878,0,0,0
B,103881,0,0,0
B,103882,0,0,0
B,103885,0,0,0
B,103886,0,0,0
B,103889,0,0,0
B,103893,0,0,0
B,103894,0,0,0
B,103895,0,0,0
B,103896,0,0,0
B,103898,0,0,0
B,103901,0,0,0
B,103902,1,6.67,6.67
B,103903,0,0,0
B,103906,0,0,0
B,103907,0,0,0
B,103909,0,0,0
B,103911,0,0,0
B,103912,0,0,0
B,103917,0,0,0
B,103919,0,0,0
B,103920,0,0,0
B,103921,0,0,0
B,103922,0,0,0
B,103924,0,0,0
B,103926,0,0,0
B,103927,0,0,0
B,103928,0,0,0
B,103929,0,0,0
B,103931,9,25.81,232.33
B,103932,0,0,0
B,103934,0,0,0
B,103937,0,0,0
B,103939,0,0,0
B,103941,0,0,0
B,103942,0,0,0
B,103943,0,0,0
B,103947,0,0,0
B,103948,0,0,0
B,103949,0,0,0
B,103950,0,0,0
B,103952,0,0,0
B,103954,0,0,0
B,103956,0,0,0
B,103957,0,0,0
B,103958,0,0,0
B,103959,0,0,0
B,103961,0,0,0
B,103962,0,0,0
B,103964,0,0,0
B,103968,0,0,0
B,103972,0,0,0
B,103973,0,0,0
B,103974,0,0,0
B,103977,0,0,0
B,103980,0,0,0
B,103981,0,0,0
B,103984,2,10.66,21.31
B,103985,0,0,0
B,103986,0,0,0
B,103988,0,0,0
B,103989,0,0,0
B,103990,0,0,0
B,103992,0,0,0
B,103995,0,0,0
B,104001,0,0,0
B,104002,0,0,0
B,104005,0,0,0
B,104007,0,0,0
B,104008,0,0,0
B,104009,4,12.94,51.76
B,104010,0,0,0
B,104012,0,0,0
B,104013,0,0,0
B,104014,0,0,0
B,104015,0,0,0
B,104017,0,0,0
B,104018,4,31.39,125.57
B,104019,0,0,0
B,104020,0,0,0
B,104022,0,0,0
B,104024,0,0,0
B,104025,0,0,0
B,104026,0,0,0
B,104027,1,6.37,6.37
B,104029,0,0,0
B,104032,0,0,0
B,104033,0,0,0
B,104035,0,0,0
B,104036,0,0,0
B,104037,0,0,0
B,104042,0,0,0
B,104043,0,0,0
B,104045,0,0,0
B,104046,0,0,0
B,104047,0,0,0
B,104048,0,0,0
B,104050,0,0,0
B,104053,0,0,0
B,104055,0,0,0
B,104056,0,0,0
B,104057,0,0,0
B,104060,0,0,0
B,104061,3,12.94,38.82
B,104067,0,0,0
B,104068,0,0,0
B,104069,0,0,0
B,104070,0,0,0
B,104073,0,0,0
B,104074,0,0,0
B,104078,0,0,0
B,104079,0,0,0
B,104080,0,0,0
B,104081,0,0,0
B,104084,0,0,0
B,104085,0,0,0
B,104091,0,0,0
B,104092,0,0,0
B,104093,0,0,0
B,104098,4,18.00,72.01
B,104099,0,0,0
B,104100,4,19.43,77.74
B,104101,0,0,0
B,104102,1,5.33,5.33
B,104103,0,0,0
B,104104,0,0,0
B,104105,0,0,0
B,104106,0,0,0
B,104108,0,0,0
B,104109,0,0,0
B,104110,0,0,0
B,104114,0,0,0
B,104118,0,0,0
B,104119,0,0,0
B,104125,0,0,0
B,104127,0,0,0
B,104132,0,0,0
B,104133,0,0,0
B,104137,11,38.07,418.72
B,104139,0,0,0
B,104141,0,0,0
B,104142,0,0,0
B,104143,0,0,0
B,104146,0,0,0
B,104148,0,0,0
B,104149,1,48.61,48.61
B,104151,0,0,0
B,104152,0,0,0
B,104156,0,0,0
B,104157,0,0,0
B,104159,0,0,0
B,104162,2,46.56,93.13
B,104163,0,0,0
B,104165,0,0,0
B,104169,0,0,0
B,104171,0,0,0
B,104172,0,0,0
B,104174,0,0,0
B,104175,0,0,0
B,104180,0,0,0
B,104181,0,0,0
B,104186,0,0,0
B,104187,0,0,0
B,104194,0,0,0
B,104195,0,0,0
B,104198,0,0,0
B,104203,0,0,0
B,104204,0,0,0
B,104209,0,0,0
B,104211,1,31.61,31.61
B,104212,0,0,0
B,104213,0,0,0
B,104215,0,0,0
B,104216,0,0,0
B,104217,0,0,0
B,104219,0,0,0
B,104220,0,0,0
B,104221,0,0,0
B,104223,0,0,0
B,104225,0,0,0
B,104228,0,0,0
B,104230,0,0,0
B,104231,0,0,0
B,104234,0,0,0
B,104238,0,0,0
B,104240,0,0,0
B,104241,0,0,0
B,104245,0,0,0
B,104247,0,0,0
B,104248,0,0,0
B,104252,0,0,0
B,104253,0,0,0
B,104254,0,0,0
B,104256,1,31.16,31.16
B,104258,0,0,0
B,104259,0,0,0
B,104261,0,0,0
B,104263,0,0,0
B,104264,1,8.42,8.42
B,104267,0,0,0
B,104268,0,0,0
B,104270,0,0,0
B,104271,0,0,0
B,104272,0,0,0
B,104273,0,0,0
B,104274,0,0,0
B,104276,0,0,0
B,104279,0,0,0
B,104281,0,0,0
B,104284,0,0,0
B,104285,0,0,0
B,104286,0,0,0
B,104288,0,0,0
B,104290,0,0,0
B,104291,0,0,0
B,104292,0,0,0
B,104298,0,0,0
B,104299,0,0,0
B,104302,0,0,0
B,104303,0,0,0
B,104304,4,11.68,46.70
B,104305,0,0,0
B,104307,0,0,0
B,104308,0,0,0
B,104311,0,0,0
B,104313,0,0,0
B,104314,0,0,0
B,104315,0,0,0
B,104316,0,0,0
B,104318,0,0,0
B,104319,0,0,0
B,104320,0,0,0
B,104322,5,31.92,159.58
B,104326,0,0,0
B,104331,0,0,0
B,104332,0,0,0
B,104333,0,0,0
B,104334,0,0,0
B,104335,0,0,0
B,104336,0,0,0
B,104340,0,0,0
B,104342,0,0,0
B,104343,0,0,0
B,104344,0,0,0
B,104346,0,0,0
B,104349,0,0,0
B,104350,0,0,0
B,104351,0,0,0
B,104352,0,0,0
B,104354,9,34.48,310.32
B,104357,0,0,0
B,104358,0,0,0
B,104360,0,0,0
B,104361,0,0,0
B,104363,0,0,0
B,104364,0,0,0
B,104365,3,55.38,166.13
B,104367,3,193.18,579.54
B,104368,0,0,0
B,104369,0,0,0
B,104371,0,0,0
B,104372,3,21.11,63.32
B,104373,0,0,0
B,104374,0,0,0
B,104376,3,19.06,57.18
B,104378,0,0,0
B,104379,0,0,0
B,104380,0,0,0
B,104382,0,0,0
B,104386,0,0,0
B,104390,0,0,0
B,104391,0,0,0
B,104399,0,0,0
B,104400,2,32.12,64.24
B,104403,0,0,0
B,104404,0,0,0
B,104406,0,0,0
B,104408,0,0,0
B,104409,0,0,0
B,104410,0,0,0
B,104412,0,0,0
B,104413,0,0,0
B,104416,0,0,0
B,104420,0,0,0
B,104425,4,27.24,108.95
B,104426,0,0,0
B,104427,0,0,0
B,104428,0,0,0
B,104429,0,0,0
B,104430,0,0,0
B,104432,6,33.63,201.75
B,104433,0,0,0
B,104434,0,0,0
B,104435,0,0,0
B,104436,0,0,0
B,104438,0,0,0
B,104439,0,0,0
B,104443,0,0,0
B,104447,0,0,0
B,104449,0,0,0
B,104450,0,0,0
B,104451,0,0,0
B,104452,0,0,0
B,104454,0,0,0
B,104455,0,0,0
B,104456,0,0,0
B,104457,0,0,0
B,104459,0,0,0
B,104462,0,0,0
B,104463,0,0,0
B,104467,10,25.37,253.72
B,104471,0,0,0
B,104472,0,0,0
B,104473,0,0,0
B,104476,0,0,0
B,104477,0,0,0
B,104478,0,0,0
B,104479,0,0,0
B,104480,0,0,0
B,104481,0,0,0
B,104483,0,0,0
B,104484,0,0,0
B,104485,0,0,0
B,104486,0,0,0
B,104487,0,0,0
B,104488,0,0,0
B,104489,0,0,0
B,104492,0,0,0
B,104494,0,0,0
B,104496,0,0,0
B,104500,0,0,0
B,104502,0,0,0
B,104504,0,0,0
B,104505,0,0,0
B,104511,0,0,0
B,104512,0,0,0
B,104516,0,0,0
B,104522,0,0,0
B,104523,0,0,0
B,104530,0,0,0
B,104532,0,0,0
B,104536,0,0,0
B,104537,0,0,0
B,104544,3,31.91,95.72
B,104547,0,0,0
B,104552,0,0,0
B,104554,0,0,0
B,104555,0,0,0
B,104556,0,0,0
B,104559,0,0,0
B,104561,0,0,0
B,104562,0,0,0
B,104563,0,0,0
B,104569,0,0,0
B,104570,0,0,0
B,104572,0,0,0
B,104575,0,0,0
B,104577,0,0,0
B,104579,0,0,0
B,104581,0,0,0
B,104582,0,0,0
B,104583,0,0,0
B,104585,0,0,0
B,104586,2,20.30,40.60
B,104587,0,0,0
B,104589,0,0,0
B,104590,0,0,0
B,104593,2,34.82,69.64
B,104594,0,0,0
B,104596,0,0,0
B,104597,0,0,0
B,104599,0,0,0
B,104602,0,0,0
B,104604,0,0,0
B,104607,2,10.15,20.30
B,104608,0,0,0
B,104609,0,0,0
B,104613,0,0,0
B,104617,0,0,0
B,104618,0,0,0
B,104620,0,0,0
B,104622,0,0,0
B,104625,3,34.61,103.83
B,104628,0,0,0
B,104633,0,0,0
B,104634,0,0,0
B,104636,0,0,0
B,104637,0,0,0
B,104640,0,0,0
B,104641,0,0,0
B,104643,0,0,0
B,104644,0,0,0
B,104645,0,0,0
B,104647,0,0,0
B,104648,0,0,0
B,104649,0,0,0
B,104651,0,0,0
B,104652,0,0,0
B,104653,0,0,0
B,104654,0,0,0
B,104655,0,0,0
B,104656,0,0,0
B,104660,0,0,0
B,104661,0,0,0
B,104662,0,0,0
B,104664,0,0,0
B,104670,0,0,0
B,104671,0,0,0
B,104672,0,0,0
B,104673,0,0,0
B,104674,0,0,0
B,104675,0,0,0
B,104677,0,0,0
B,104679,0,0,0
B,104682,0,0,0
B,104684,0,0,0
B,104688,0,0,0
B,104690,0,0,0
B,104692,0,0,0
B,104694,3,48.18,144.54
B,104698,0,0,0
B,104699,0,0,0
B,104705,0,0,0
B,104709,0,0,0
B,104710,0,0,0
B,104711,0,0,0
B,104712,0,0,0
B,104713,0,0,0
B,104715,0,0,0
B,104717,0,0,0
B,104720,0,0,0
B,104722,0,0,0
B,104723,3,74.36,223.09
B,104724,0,0,0
B,104726,0,0,0
B,104727,0,0,0
B,104728,0,0,0
B,104730,0,0,0
B,104732,0,0,0
B,104733,0,0,0
B,104736,0,0,0
B,104739,0,0,0
B,104742,0,0,0
B,104745,0,0,0
B,104747,0,0,0
B,104748,0,0,0
B,104749,0,0,0
B,104751,9,74.21,667.91
B,104757,0,0,0
B,104762,0,0,0
B,104763,0,0,0
B,104764,6,42.10,252.61
B,104765,6,23.33,140.00
B,104766,0,0,0
B,104767,6,21.12,126.71
B,104768,1,38.65,38.65
B,104770,0,0,0
B,104771,0,0,0
B,104772,0,0,0
B,104773,0,0,0
B,104774,0,0,0
B,104780,6,26.99,161.92
B,104783,0,0,0
B,104785,0,0,0
B,104788,0,0,0
B,104790,0,0,0
B,104792,0,0,0
B,104798,0,0,0
B,104800,0,0,0
B,104801,0,0,0
B,104802,0,0,0
B,104804,0,0,0
B,104805,0,0,0
B,104806,0,0,0
B,104809,0,0,0
B,104811,0,0,0
B,104813,4,51.12,204.48
B,104814,0,0,0
B,104816,0,0,0
B,104818,0,0,0
B,104819,0,0,0
B,104821,0,0,0
B,104822,0,0,0
B,104824,0,0,0
B,104828,0,0,0
B,104830,0,0,0
B,104834,0,0,0
B,104835,0,0,0
B,104836,0,0,0
B,104839,0,0,0
B,104840,0,0,0
B,104843,5,51.98,259.90
B,104844,0,0,0
B,104845,0,0,0
B,104846,0,0,0
B,104847,0,0,0
B,104848,0,0,0
B,104849,0,0,0
B,104850,0,0,0
B,104855,0,0,0
B,104856,6,30.18,181.07
B,104858,0,0,0
B,104861,0,0,0
B,104862,1,1.55,1.55
B,104865,0,0,0
B,104866,0,0,0
B,104867,0,0,0
B,104869,0,0,0
B,104870,0,0,0
B,104874,0,0,0
B,104875,0,0,0
B,104880,0,0,0
B,104882,0,0,0
B,104883,0,0,0
B,104884,0,0,0
B,104886,0,0,0
B,104889,0,0,0
B,104894,0,0,0
B,104895,0,0,0
B,104896,0,0,0
B,104898,2,28.06,56.13
B,104899,2,41.89,83.78
B,104900,0,0,0
B,104901,0,0,0
B,104902,2,35.69,71.38
B,104903,0,0,0
B,104904,0,0,0
B,104906,0,0,0
B,104910,0,0,0
B,104912,0,0,0
B,104913,0,0,0
B,104916,0,0,0
B,104917,0,0,0
B,104918,0,0,0
B,104919,0,0,0
B,104923,0,0,0
B,104924,0,0,0
B,104934,0,0,0
B,104935,0,0,0
B,104936,0,0,0
B,104937,0,0,0
B,104939,0,0,0
B,104944,0,0,0
B,104945,0,0,0
B,104949,0,0,0
B,104950,0,0,0
B,104952,0,0,0
B,104954,6,23.83,142.98
B,104957,0,0,0
B,104960,1,114.15,114.15
B,104961,0,0,0
B,104963,1,20.01,20.01
B,104964,0,0,0
B,104965,0,0,0
B,104966,1,27.05,27.05
B,104967,0,0,0
B,104968,0,0,0
B,104969,0,0,0
B,104971,0,0,0
B,104975,0,0,0
B,104976,0,0,0
B,104977,0,0,0
B,104978,0,0,0
B,104979,0,0,0
B,104980,0,0,0
B,104981,0,0,0
B,104985,0,0,0
B,104988,0,0,0
B,104989,0,0,0
B,104990,0,0,0
B,104992,0,0,0
B,104993,0,0,0
B,104994,0,0,0
B,104996,0,0,0
B,104999,0,0,0
B,105001,0,0,0
B,105002,0,0,0
B,105003,0,0,0
B,105005,0,0,0
B,105006,0,0,0
B,105007,0,0,0
B,105008,0,0,0
B,105010,0,0,0
B,105011,0,0,0
B,105016,10,42.66,426.62
B,105018,0,0,0
B,105019,0,0,0
B,105020,0,0,0
B,105021,0,0,0
B,105025,0,0,0
B,105026,0,0,0
B,105028,0,0,0
B,105029,0,0,0
B,105030,0,0,0
B,105031,0,0,0
B,105033,0,0,0
B,105035,0,0,0
B,105037,0,0,0
B,105039,0,0,0
B,105040,0,0,0
B,105041,0,0,0
B,105044,0,0,0
B,105047,0,0,0
B,105048,2,25.77,51.53
B,105051,0,0,0
B,105052,0,0,0
B,105055,0,0,0
B,105059,0,0,0
B,105064,0,0,0
B,105065,0,0,0
B,105068,0,0,0
B,105070,0,0,0
B,105072,0,0,0
B,105073,0,0,0
B,105075,9,31.18,280.59
B,105076,0,0,0
B,105077,0,0,0
B,105079,0,0,0
B,105080,0,0,0
B,105083,0,0,0
B,105084,0,0,0
B,105086,2,115.48,230.96
B,105089,0,0,0
B,105092,1,5.13,5.13
B,105093,0,0,0
B,105094,0,0,0
B,105099,0,0,0
B,105100,0,0,0
B,105102,0,0,0
B,105103,0,0,0
B,105106,5,61.30,306.51
B,105107,0,0,0
B,105110,0,0,0
B,105112,0,0,0
B,105113,0,0,0
B,105114,0,0,0
B,105115,0,0,0
B,105117,0,0,0
B,105119,10,38.66,386.57
B,105123,15,32.75,491.18
B,105124,0,0,0
B,105130,0,0,0
B,105132,0,0,0
B,105134,0,0,0
B,105136,0,0,0
B,105137,0,0,0
B,105138,0,0,0
B,105139,0,0,0
B,105142,0,0,0
B,105144,0,0,0
B,105147,0,0,0
B,105149,0,0,0
B,105157,0,0,0
B,105160,0,0,0
B,105161,0,0,0
B,105164,0,0,0
B,105167,0,0,0
B,105168,0,0,0
B,105169,0,0,0
B,105171,0,0,0
B,105173,0,0,0
B,105176,3,31.92,95.77
B,105177,0,0,0
B,105178,0,0,0
B,105181,0,0,0
B,105182,0,0,0
B,105184,0,0,0
B,105185,0,0,0
B,105187,0,0,0
B,105189,0,0,0
B,105191,0,0,0
B,105192,0,0,0
B,105193,7,31.30,219.09
B,105194,0,0,0
B,105195,0,0,0
B,105196,0,0,0
B,105199,0,0,0
B,105200,0,0,0
B,105205,0,0,0
B,105208,0,0,0
B,105210,0,0,0
B,105211,0,0,0
B,105212,3,12.19,36.58
B,105213,0,0,0
B,105214,0,0,0
B,105215,0,0,0
B,105216,0,0,0
B,105220,0,0,0
B,105222,0,0,0
B,105224,0,0,0
B,105225,0,0,0
B,105226,0,0,0
B,105227,12,33.34,400.13
B,105228,0,0,0
B,105229,0,0,0
B,105230,0,0,0
B,105235,0,0,0
B,105236,0,0,0
B,105243,0,0,0
B,105246,0,0,0
B,105247,0,0,0
B,105248,0,0,0
B,105250,0,0,0
B,105251,4,50.84,203.35
B,105255,0,0,0
B,105256,0,0,0
B,105258,0,0,0
B,105259,0,0,0
B,105260,0,0,0
B,105262,0,0,0
B,105264,0,0,0
B,105265,0,0,0
B,105266,0,0,0
B,105267,0,0,0
B,105269,0,0,0
B,105274,0,0,0
B,105275,3,53.77,161.31
B,105277,0,0,0
B,105279,0,0,0
B,105280,0,0,0
B,105281,0,0,0
B,105289,0,0,0
B,105291,0,0,0
B,105292,0,0,0
B,105296,0,0,0
B,105297,0,0,0
B,105298,0,0,0
B,105299,0,0,0
B,105301,0,0,0
B,105303,1,66.62,66.62
B,105305,0,0,0
B,105306,0,0,0
B,105311,0,0,0
B,105315,0,0,0
B,105316,0,0,0
B,105317,0,0,0
B,105318,0,0,0
B,105319,0,0,0
B,105320,0,0,0
B,105321,0,0,0
B,105324,0,0,0
B,105326,0,0,0
B,105327,0,0,0
B,105329,0,0,0
B,105330,3,11.38,34.15
B,105331,0,0,0
B,105332,0,0,0
B,105334,0,0,0
B,105335,0,0,0
B,105336,0,0,0
B,105337,0,0,0
B,105338,0,0,0
B,105340,0,0,0
B,105342,0,0,0
B,105344,0,0,0
B,105345,1,20.68,20.68
B,105348,0,0,0
B,105351,0,0,0
B,105352,0,0,0
B,105354,0,0,0
B,105361,0,0,0
B,105363,0,0,0
B,105364,0,0,0
B,105365,1,28.80,28.80
B,105366,0,0,0
B,105367,0,0,0
B,105370,0,0,0
B,105371,0,0,0
B,105372,0,0,0
B,105373,0,0,0
B,105375,0,0,0
B,105377,0,0,0
B,105379,0,0,0
B,105380,0,0,0
B,105383,0,0,0
B,105385,0,0,0
B,105387,0,0,0
B,105395,0,0,0
B,105396,0,0,0
B,105398,0,0,0
B,105399,0,0,0
B,105401,0,0,0
B,105405,7,34.33,240.32
B,105411,0,0,0
B,105412,0,0,0
B,105415,0,0,0
B,105416,0,0,0
B,105419,0,0,0
B,105421,0,0,0
B,105427,0,0,0
B,105433,0,0,0
B,105436,0,0,0
B,105439,0,0,0
B,105441,0,0,0
B,105443,0,0,0
B,105444,0,0,0
B,105447,0,0,0
B,105449,0,0,0
B,105455,0,0,0
B,105458,0,0,0
B,105466,0,0,0
B,105472,0,0,0
B,105473,0,0,0
B,105475,0,0,0
B,105478,0,0,0
B,105479,0,0,0
B,105483,0,0,0
B,105485,0,0,0
B,105487,0,0,0
B,105488,0,0,0
B,105494,0,0,0
B,105495,0,0,0
B,105496,0,0,0
B,105498,0,0,0
B,105500,0,0,0
B,105502,0,0,0
B,105503,0,0,0
B,105505,0,0,0
B,105508,0,0,0
B,105509,0,0,0
B,105510,0,0,0
B,105511,0,0,0
B,105512,0,0,0
B,105513,0,0,0
B,105516,0,0,0
B,105517,0,0,0
B,105519,0,0,0
B,105522,0,0,0
B,105524,0,0,0
B,105525,0,0,0
B,105527,0,0,0
B,105528,0,0,0
B,105531,0,0,0
B,105535,0,0,0
B,105538,0,0,0
B,105539,0,0,0
B,105541,0,0,0
B,105542,0,0,0
B,105544,0,0,0
B,105549,0,0,0
B,105551,0,0,0
B,105552,0,0,0
B,105553,4,40.31,161.23
B,105555,0,0,0
B,105556,0,0,0
B,105563,0,0,0
B,105569,1,60.12,60.12
B,105570,0,0,0
B,105571,0,0,0
B,105573,0,0,0
B,105574,0,0,0
B,105578,0,0,0
B,105579,4,31.78,127.12
B,105581,0,0,0
B,105586,0,0,0
B,105589,0,0,0
B,105590,0,0,0
B,105592,1,28.80,28.80
B,105601,7,32.66,228.64
B,105602,0,0,0
B,105603,0,0,0
B,105608,0,0,0
B,105610,0,0,0
B,105611,0,0,0
B,105613,0,0,0
B,105614,0,0,0
B,105620,0,0,0
B,105621,0,0,0
B,105622,0,0,0
B,105623,0,0,0
B,105626,0,0,0
B,105632,0,0,0
B,105633,1,7.44,7.44
B,105634,0,0,0
B,105635,0,0,0
B,105636,0,0,0
B,105638,0,0,0
B,105639,4,42.36,169.45
B,105640,1,5.98,5.98
B,105648,0,0,0
B,105649,0,0,0
B,105650,0,0,0
B,105652,0,0,0
B,105653,0,0,0
B,105657,0,0,0
B,105659,0,0,0
B,105660,0,0,0
B,105661,0,0,0
B,105664,0,0,0
B,105672,0,0,0
B,105678,0,0,0
B,105681,0,0,0
B,105686,0,0,0
B,105691,0,0,0
B,105694,4,25.63,102.51
B,105696,0,0,0
B,105698,15,19.81,297.12
B,105699,0,0,0
B,105700,0,0,0
B,105701,0,0,0
B,105708,0,0,0
B,105709,0,0,0
B,105710,0,0,0
B,105711,0,0,0
B,105712,0,0,0
B,105715,0,0,0
B,105718,0,0,0
B,105719,0,0,0
B,105721,0,0,0
B,105722,3,36.17,108.52
B,105723,0,0,0
B,105726,0,0,0
B,105727,2,87.73,175.47
B,105728,0,0,0
B,105732,0,0,0
B,105733,1,17.10,17.10
B,105739,0,0,0
B,105743,0,0,0
B,105749,0,0,0
B,105750,0,0,0
B,105752,0,0,0
B,105754,0,0,0
B,105757,0,0,0
B,105758,0,0,0
B,105759,0,0,0
B,105764,0,0,0
B,105765,0,0,0
B,105770,0,0,0
B,105773,0,0,0
B,105774,3,21.71,65.14
B,105775,0,0,0
B,105776,0,0,0
B,105777,0,0,0
B,105778,0,0,0
B,105779,0,0,0
B,105782,0,0,0
B,105783,0,0,0
B,105784,0,0,0
B,105785,0,0,0
B,105789,0,0,0
B,105791,0,0,0
B,105792,0,0,0
B,105795,0,0,0
B,105797,0,0,0
B,105798,0,0,0
B,105800,0,0,0
B,105802,0,0,0
B,105804,0,0,0
B,105805,0,0,0
B,105806,0,0,0
B,105809,0,0,0
B,105810,0,0,0
B,105813,0,0,0
B,105814,0,0,0
B,105816,0,0,0
B,105817,0,0,0
B,105819,5,9.02,45.09
B,105823,0,0,0
B,105825,0,0,0
B,105826,0,0,0
B,105827,0,0,0
B,105828,0,0,0
B,105830,10,23.48,234.78
B,105833,0,0,0
B,105834,15,26.72,400.74
B,105835,0,0,0
B,105836,0,0,0
B,105837,0,0,0
B,105840,0,0,0
B,105841,0,0,0
B,105842,0,0,0
B,105846,0,0,0
B,105849,0,0,0
B,105850,0,0,0
B,105851,0,0,0
B,105853,0,0,0
B,105856,0,0,0
B,105857,4,17.95,71.79
B,105858,0,0,0
B,105859,0,0,0
B,105861,0,0,0
B,105862,0,0,0
B,105864,0,0,0
B,105867,0,0,0
B,105869,0,0,0
B,105870,0,0,0
B,105875,0,0,0
B,105877,1,6.83,6.83
B,105878,0,0,0
B,105879,0,0,0
B,105882,0,0,0
B,105886,0,0,0
B,105887,0,0,0
B,105888,0,0,0
B,105890,0,0,0
B,105891,0,0,0
B,105892,0,0,0
B,105894,0,0,0
B,105895,0,0,0
B,105896,0,0,0
B,105897,0,0,0
B,105898,0,0,0
B,105899,0,0,0
B,105901,0,0,0
B,105902,0,0,0
B,105903,0,0,0
B,105904,0,0,0
B,105908,0,0,0
B,105910,0,0,0
B,105914,0,0,0
B,105915,0,0,0
B,105917,4,22.29,89.15
B,105919,0,0,0
B,105920,0,0,0
B,105922,0,0,0
B,105925,0,0,0
B,105926,0,0,0
B,105927,0,0,0
B,105931,0,0,0
B,105933,0,0,0
B,105934,0,0,0
B,105935,0,0,0
B,105940,0,0,0
B,105941,0,0,0
B,105942,0,0,0
B,105943,1,8.10,8.10
B,105946,0,0,0
B,105948,0,0,0
B,105949,0,0,0
B,105951,4,34.52,138.07
B,105954,0,0,0
B,105958,0,0,0
B,105959,0,0,0
B,105960,0,0,0
B,105963,0,0,0
B,105965,0,0,0
B,105966,0,0,0
B,105968,0,0,0
B,105969,0,0,0
B,105970,0,0,0
B,105971,0,0,0
B,105972,0,0,0
B,105973,0,0,0
B,105975,0,0,0
B,105977,0,0,0
B,105982,0,0,0
B,105986,0,0,0
B,105991,0,0,0
B,105993,0,0,0
B,105994,1,9.74,9.74
B,105996,0,0,0
B,105997,0,0,0
B,106001,0,0,0
B,106002,6,86.45,518.70
B,106004,0,0,0
B,106006,0,0,0
B,106010,10,27.84,278.41
B,106011,0,0,0
B,106012,0,0,0
B,106014,0,0,0
B,106016,0,0,0
B,106022,0,0,0
B,106024,0,0,0
B,106026,0,0,0
B,106028,0,0,0
B,106029,0,0,0
B,106030,0,0,0
B,106031,0,0,0
B,106034,0,0,0
B,106037,0,0,0
B,106038,0,0,0
B,106041,0,0,0
B,106042,0,0,0
B,106048,0,0,0
B,106051,0,0,0
B,106053,0,0,0
B,106054,0,0,0
B,106056,1,108.54,108.54
B,106059,0,0,0
B,106060,0,0,0
B,106064,0,0,0
B,106065,0,0,0
B,106067,0,0,0
B,106068,0,0,0
B,106071,0,0,0
B,106078,0,0,0
B,106080,0,0,0
B,106081,0,0,0
B,106082,0,0,0
B,106084,0,0,0
B,106085,0,0,0
B,106091,0,0,0
B,106092,0,0,0
B,106094,0,0,0
B,106095,6,45.49,272.94
B,106097,0,0,0
B,106098,0,0,0
B,106099,0,0,0
B,106101,0,0,0
B,106102,0,0,0
B,106105,0,0,0
B,106107,0,0,0
B,106108,0,0,0
B,106113,0,0,0
B,106114,0,0,0
B,106117,0,0,0
B,106119,0,0,0
B,106121,0,0,0
B,106124,0,0,0
B,106126,0,0,0
B,106127,0,0,0
B,106128,0,0,0
B,106129,0,0,0
B,106132,0,0,0
B,106133,5,48.58,242.89
B,106134,0,0,0
B,106138,0,0,0
B,106139,0,0,0
B,106140,0,0,0
B,106141,0,0,0
B,106142,0,0,0
B,106146,0,0,0
B,106148,0,0,0
B,106149,0,0,0
B,106151,0,0,0
B,106154,0,0,0
B,106155,0,0,0
B,106156,0,0,0
B,106163,0,0,0
B,106164,0,0,0
B,106165,0,0,0
B,106166,0,0,0
B,106167,0,0,0
B,106168,0,0,0
B,106170,0,0,0
B,106171,0,0,0
B,106172,0,0,0
B,106174,0,0,0
B,106177,0,0,0
B,106181,0,0,0
B,106182,0,0,0
B,106188,0,0,0
B,106191,0,0,0
B,106192,0,0,0
B,106193,0,0,0
B,106194,0,0,0
B,106197,0,0,0
B,106201,0,0,0
B,106202,0,0,0
B,106206,0,0,0
B,106207,0,0,0
B,106209,0,0,0
B,106210,0,0,0
B,106211,0,0,0
B,106212,0,0,0
B,106214,0,0,0
B,106215,0,0,0
B,106218,0,0,0
B,106220,0,0,0
B,106221,0,0,0
B,106222,0,0,0
B,106223,1,156.31,156.31
B,106224,0,0,0
B,106225,6,25.58,153.46
B,106228,0,0,0
B,106229,0,0,0
B,106230,0,0,0
B,106233,0,0,0
B,106237,0,0,0
B,106240,0,0,0
B,106241,0,0,0
B,106245,0,0,0
B,106246,0,0,0
B,106248,1,47.10,47.10
B,106252,0,0,0
B,106256,0,0,0
B,106259,0,0,0
B,106260,0,0,0
B,106261,0,0,0
B,106264,0,0,0
B,106268,0,0,0
B,106269,0,0,0
B,106271,0,0,0
B,106272,0,0,0
B,106273,0,0,0
B,106274,0,0,0
B,106276,0,0,0
B,106279,0,0,0
B,106280,0,0,0
B,106281,0,0,0
B,106282,0,0,0
B,106283,0,0,0
B,106284,0,0,0
B,106286,0,0,0
B,106291,0,0,0
B,106292,2,4.92,9.83
B,106294,0,0,0
B,106295,2,46.81,93.63
B,106297,0,0,0
B,106298,0,0,0
B,106299,0,0,0
B,106300,3,11.41,34.24
B,106301,0,0,0
B,106302,0,0,0
B,106305,0,0,0
B,106310,0,0,0
B,106312,0,0,0
B,106314,4,37.92,151.68
B,106315,0,0,0
B,106317,0,0,0
B,106318,0,0,0
B,106321,0,0,0
B,106322,0,0,0
B,106324,0,0,0
B,106326,0,0,0
B,106328,0,0,0
B,106330,0,0,0
B,106331,0,0,0
B,106332,0,0,0
B,106334,0,0,0
B,106335,0,0,0
B,106336,0,0,0
B,106337,0,0,0
B,106339,7,30.59,214.10
B,106343,6,12.08,72.45
B,106344,2,49.46,98.93
B,106346,0,0,0
B,106347,0,0,0
B,106349,0,0,0
B,106350,0,0,0
B,106351,0,0,0
B,106353,0,0,0
B,106360,0,0,0
B,106368,0,0,0
B,106369,0,0,0
B,106372,0,0,0
B,106373,0,0,0
B,106374,0,0,0
B,106376,0,0,0
B,106377,0,0,0
B,106379,0,0,0
B,106380,0,0,0
B,106382,0,0,0
B,106383,0,0,0
B,106385,0,0,0
B,106386,0,0,0
B,106387,0,0,0
B,106389,0,0,0
B,106391,0,0,0
B,106392,0,0,0
B,106393,0,0,0
B,106394,0,0,0
B,106396,0,0,0
B,106397,0,0,0
B,106398,0,0,0
B,106399,0,0,0
B,106403,0,0,0
B,106404,0,0,0
B,106408,1,7.50,7.50
B,106409,0,0,0
B,106411,0,0,0
B,106412,0,0,0
B,106414,0,0,0
B,106415,0,0,0
B,106416,0,0,0
B,106418,0,0,0
B,106419,0,0,0
B,106425,0,0,0
B,106426,1,31.85,31.85
B,106428,0,0,0
B,106429,0,0,0
B,106431,0,0,0
B,106432,0,0,0
B,106433,0,0,0
B,106435,0,0,0
B,106436,0,0,0
B,106438,0,0,0
B,106439,0,0,0
B,106442,0,0,0
B,106443,0,0,0
B,106444,0,0,0
B,106445,0,0,0
B,106446,0,0,0
B,106448,0,0,0
B,106449,0,0,0
B,106451,0,0,0
B,106457,0,0,0
B,106459,11,25.84,284.24
B,106463,0,0,0
B,106467,0,0,0
B,106469,0,0,0
B,106470,0,0,0
B,106471,0,0,0
B,106473,0,0,0
B,106474,0,0,0
B,106477,0,0,0
B,106481,0,0,0
B,106482,0,0,0
B,106484,0,0,0
B,106485,0,0,0
B,106487,0,0,0
B,106488,0,0,0
B,106489,0,0,0
B,106491,0,0,0
B,106492,0,0,0
B,106495,0,0,0
B,106497,0,0,0
B,106498,0,0,0
B,106502,0,0,0
B,106503,0,0,0
B,106506,0,0,0
B,106509,0,0,0
B,106510,0,0,0
B,106511,0,0,0
B,106512,0,0,0
B,106513,0,0,0
B,106515,0,0,0
B,106516,0,0,0
B,106518,0,0,0
B,106519,0,0,0
B,106523,0,0,0
B,106530,0,0,0
B,106531,0,0,0
B,106533,0,0,0
B,106534,0,0,0
B,106537,0,0,0
B,106540,0,0,0
B,106541,0,0,0
B,106544,0,0,0
B,106552,3,15.40,46.19
B,106553,0,0,0
B,106554,0,0,0
B,106556,7,37.85,264.92
B,106557,0,0,0
B,106560,0,0,0
B,106562,0,0,0
B,106564,0,0,0
B,106565,0,0,0
B,106566,0,0,0
B,106567,0,0,0
B,106569,0,0,0
B,106570,0,0,0
B,106575,0,0,0
B,106576,0,0,0
B,106578,0,0,0
B,106579,0,0,0
B,106580,0,0,0
B,106582,0,0,0
B,106584,0,0,0
B,106585,11,42.68,469.53
B,106587,0,0,0
B,106588,0,0,0
B,106590,0,0,0
B,106591,0,0,0
B,106593,0,0,0
B,106595,0,0,0
B,106596,0,0,0
B,106597,5,22.71,113.55
B,106599,0,0,0
B,106600,0,0,0
B,106601,0,0,0
B,106603,0,0,0
B,106604,0,0,0
B,106608,0,0,0
B,106611,0,0,0
B,106613,0,0,0
B,106614,0,0,0
B,106617,0,0,0
B,106621,0,0,0
B,106623,0,0,0
B,106626,0,0,0
B,106627,0,0,0
B,106628,0,0,0
B,106630,0,0,0
B,106635,0,0,0
B,106636,0,0,0
B,106639,0,0,0
B,106643,0,0,0
B,106644,0,0,0
B,106645,0,0,0
B,106646,0,0,0
B,106648,0,0,0
B,106649,0,0,0
B,106650,0,0,0
B,106655,0,0,0
B,106657,0,0,0
B,106658,0,0,0
B,106659,0,0,0
B,106661,0,0,0
B,106663,0,0,0
B,106666,0,0,0
B,106667,0,0,0
B,106668,0,0,0
B,106672,0,0,0
B,106673,0,0,0
B,106674,0,0,0
B,106676,0,0,0
B,106678,0,0,0
B,106679,0,0,0
B,106681,1,238.62,238.62
B,106683,2,13.39,26.78
B,106684,0,0,0
B,106685,0,0,0
B,106688,0,0,0
B,106690,0,0,0
B,106693,3,15.68,47.03
B,106694,0,0,0
B,106695,0,0,0
B,106699,0,0,0
B,106700,0,0,0
B,106701,6,83.61,501.63
B,106702,0,0,0
B,106706,0,0,0
B,106707,0,0,0
B,106708,0,0,0
B,106709,0,0,0
B,106712,0,0,0
B,106713,9,30.97,278.75
B,106714,0,0,0
B,106717,0,0,0
B,106719,0,0,0
B,106721,0,0,0
B,106723,0,0,0
B,106725,0,0,0
B,106726,2,19.26,38.52
B,106727,0,0,0
B,106730,0,0,0
B,106731,0,0,0
B,106733,0,0,0
B,106734,0,0,0
B,106736,0,0,0
B,106737,0,0,0
B,106739,0,0,0
B,106740,0,0,0
B,106741,0,0,0
B,106742,2,19.28,38.55
B,106743,11,27.38,301.18
B,106744,0,0,0
B,106745,0,0,0
B,106747,0,0,0
B,106752,0,0,0
B,106753,3,32.33,97.00
B,106756,0,0,0
B,106758,0,0,0
B,106760,0,0,0
B,106761,6,46.41,278.44
B,106762,2,43.10,86.21
B,106764,6,28.22,169.29
B,106767,0,0,0
B,106768,0,0,0
B,106770,0,0,0
B,106771,0,0,0
B,106776,0,0,0
B,106779,0,0,0
B,106783,0,0,0
B,106784,0,0,0
B,106786,0,0,0
B,106787,0,0,0
B,106788,0,0,0
B,106793,0,0,0
B,106794,0,0,0
B,106795,0,0,0
B,106796,0,0,0
B,106797,0,0,0
B,106799,0,0,0
B,106800,0,0,0
B,106803,0,0,0
B,106805,0,0,0
B,106808,4,14.37,57.48
B,106810,0,0,0
B,106813,0,0,0
B,106814,0,0,0
B,106816,0,0,0
B,106821,0,0,0
B,106822,0,0,0
B,106824,0,0,0
B,106826,0,0,0
B,106827,0,0,0
B,106830,0,0,0
B,106831,0,0,0
B,106833,0,0,0
B,106834,0,0,0
B,106836,0,0,0
B,106839,0,0,0
B,106841,0,0,0
B,106845,0,0,0
B,106848,0,0,0
B,106849,0,0,0
B,106852,0,0,0
B,106854,0,0,0
B,106856,0,0,0
B,106860,0,0,0
B,106861,0,0,0
B,106863,0,0,0
B,106866,0,0,0
B,106868,0,0,0
B,106870,0,0,0
B,106875,0,0,0
B,106876,0,0,0
B,106880,0,0,0
B,106881,0,0,0
B,106884,0,0,0
B,106890,0,0,0
B,106891,0,0,0
B,106892,0,0,0
B,106893,7,35.30,247.12
B,106894,0,0,0
B,106895,0,0,0
B,106898,0,0,0
B,106900,0,0,0
B,106901,0,0,0
B,106902,0,0,0
B,106903,0,0,0
B,106904,0,0,0
B,106905,0,0,0
B,106910,0,0,0
B,106911,0,0,0
B,106914,0,0,0
B,106915,0,0,0
B,106916,0,0,0
B,106917,0,0,0
B,106918,0,0,0
B,106919,0,0,0
B,106923,1,18.45,18.45
B,106926,0,0,0
B,106929,0,0,0
B,106931,0,0,0
B,106932,0,0,0
B,106933,0,0,0
B,106934,0,0,0
B,106935,0,0,0
B,106938,7,32.98,230.84
B,106939,0,0,0
B,106940,0,0,0
B,106946,6,30.00,180.01
B,106948,0,0,0
B,106950,0,0,0
B,106953,0,0,0
B,106954,1,8.71,8.71
B,106955,0,0,0
B,106959,0,0,0
B,106962,0,0,0
B,106965,4,43.13,172.52
B,106967,0,0,0
B,106971,0,0,0
B,106977,0,0,0
B,106978,0,0,0
B,106979,0,0,0
B,106981,0,0,0
B,106982,0,0,0
B,106983,0,0,0
B,106984,0,0,0
B,106987,0,0,0
B,106989,0,0,0
B,106993,0,0,0
B,106996,0,0,0
B,106997,0,0,0
B,107000,0,0,0
B,107001,0,0,0
B,107004,0,0,0
B,107005,0,0,0
B,107006,0,0,0
B,107007,0,0,0
B,107008,0,0,0
B,107010,0,0,0
B,107011,0,0,0
B,107015,0,0,0
B,107019,0,0,0
B,107021,0,0,0
B,107022,0,0,0
B,107023,0,0,0
B,107025,0,0,0
B,107027,0,0,0
B,107029,0,0,0
B,107030,0,0,0
B,107031,0,0,0
B,107032,0,0,0
B,107033,3,38.47,115.40
B,107035,9,21.91,197.23
B,107036,0,0,0
B,107038,0,0,0
B,107039,0,0,0
B,107040,0,0,0
B,107044,3,29.52,88.56
B,107046,0,0,0
B,107048,0,0,0
B,107049,0,0,0
B,107050,0,0,0
B,107051,2,21.81,43.62
B,107052,0,0,0
B,107054,0,0,0
B,107056,0,0,0
B,107057,0,0,0
B,107059,0,0,0
B,107060,0,0,0
B,107061,0,0,0
B,107062,0,0,0
B,107063,0,0,0
B,107065,0,0,0
B,107067,0,0,0
B,107069,0,0,0
B,107070,0,0,0
B,107073,0,0,0
B,107076,0,0,0
B,107077,0,0,0
B,107078,0,0,0
B,107079,0,0,0
B,107081,0,0,0
B,107084,0,0,0
B,107085,0,0,0
B,107088,0,0,0
B,107089,0,0,0
B,107093,0,0,0
B,107094,0,0,0
B,107095,0,0,0
B,107102,0,0,0
B,107103,0,0,0
B,107104,0,0,0
B,107105,5,45.09,225.47
B,107107,0,0,0
B,107109,0,0,0
B,107110,0,0,0
B,107115,2,10.93,21.86
B,107120,0,0,0
B,107122,0,0,0
B,107123,0,0,0
B,107124,0,0,0
B,107126,0,0,0
B,107129,0,0,0
B,107130,0,0,0
B,107132,0,0,0
B,107135,0,0,0
B,107137,0,0,0
B,107141,0,0,0
B,107142,0,0,0
B,107144,0,0,0
B,107145,0,0,0
B,107148,0,0,0
B,107149,0,0,0
B,107150,0,0,0
B,107152,0,0,0
B,107154,0,0,0
B,107155,0,0,0
B,107156,0,0,0
B,107159,0,0,0
B,107161,2,8.31,16.62
B,107164,0,0,0
B,107166,0,0,0
B,107169,0,0,0
B,107172,0,0,0
B,107173,7,35.55,248.85
B,107175,0,0,0
B,107176,0,0,0
B,107180,0,0,0
B,107184,0,0,0
B,107185,0,0,0
B,107186,0,0,0
B,107187,0,0,0
B,107188,0,0,0
B,107189,0,0,0
B,107190,0,0,0
B,107191,0,0,0
B,107195,0,0,0
B,107196,0,0,0
B,107203,0,0,0
B,107204,0,0,0
B,107206,0,0,0
B,107208,1,24.84,24.84
B,107209,0,0,0
B,107210,0,0,0
B,107211,0,0,0
B,107212,0,0,0
B,107213,0,0,0
B,107222,0,0,0
B,107226,0,0,0
B,107228,0,0,0
B,107229,0,0,0
B,107230,5,12.14,60.72
B,107233,0,0,0
B,107236,0,0,0
B,107238,0,0,0
B,107239,0,0,0
B,107241,0,0,0
B,107245,6,35.14,210.85
B,107250,0,0,0
B,107251,0,0,0
B,107252,0,0,0
B,107253,0,0,0
B,107254,0,0,0
B,107255,0,0,0
B,107256,0,0,0
B,107257,0,0,0
B,107259,0,0,0
B,107261,0,0,0
B,107262,0,0,0
B,107263,0,0,0
B,107265,0,0,0
B,107268,0,0,0
B,107269,0,0,0
B,107271,0,0,0
B,107276,8,32.91,263.29
B,107279,0,0,0
B,107282,0,0,0
B,107284,0,0,0
B,107285,0,0,0
B,107287,0,0,0
B,107288,0,0,0
B,107290,0,0,0
B,107291,0,0,0
B,107292,0,0,0
B,107296,0,0,0
B,107301,0,0,0
B,107302,0,0,0
B,107303,0,0,0
B,107304,0,0,0
B,107305,0,0,0
B,107307,0,0,0
B,107308,0,0,0
B,107310,0,0,0
B,107311,0,0,0
B,107312,0,0,0
B,107317,0,0,0
B,107318,0,0,0
B,107319,0,0,0
B,107320,0,0,0
B,107322,0,0,0
B,107326,0,0,0
B,107327,0,0,0
B,107328,0,0,0
B,107329,0,0,0
B,107331,0,0,0
B,107335,0,0,0
B,107339,0,0,0
B,107340,0,0,0
B,107341,0,0,0
B,107344,0,0,0
B,107345,0,0,0
B,107348,0,0,0
B,107349,0,0,0
B,107350,0,0,0
B,107351,0,0,0
B,107353,0,0,0
B,107354,0,0,0
B,107355,0,0,0
B,107356,0,0,0
B,107357,0,0,0
B,107359,0,0,0
B,107360,0,0,0
B,107361,0,0,0
B,107363,0,0,0
B,107364,3,24.65,73.95
B,107368,0,0,0
B,107370,0,0,0
B,107373,0,0,0
B,107381,0,0,0
B,107382,0,0,0
B,107383,0,0,0
B,107385,9,39.73,357.56
B,107386,0,0,0
B,107387,0,0,0
B,107389,0,0,0
B,107390,0,0,0
B,107391,0,0,0
B,107392,0,0,0
B,107393,0,0,0
B,107394,0,0,0
B,107397,0,0,0
B,107398,0,0,0
B,107399,0,0,0
B,107400,0,0,0
B,107402,0,0,0
B,107405,2,26.39,52.79
B,107409,0,0,0
B,107411,0,0,0
B,107412,0,0,0
B,107414,0,0,0
B,107417,0,0,0
B,107419,0,0,0
B,107420,1,63.57,63.57
B,107421,0,0,0
B,107424,0,0,0
B,107429,0,0,0
B,107430,0,0,0
B,107434,0,0,0
B,107438,0,0,0
B,107440,0,0,0
B,107443,0,0,0
B,107445,0,0,0
B,107447,0,0,0
B,107448,0,0,0
B,107449,0,0,0
B,107450,0,0,0
B,107452,0,0,0
B,107453,0,0,0
B,107458,0,0,0
B,107461,0,0,0
B,107466,0,0,0
B,107467,2,20.64,41.28
B,107469,0,0,0
B,107470,0,0,0
B,107472,0,0,0
B,107476,0,0,0
B,107478,0,0,0
B,107481,0,0,0
B,107483,0,0,0
B,107485,0,0,0
B,107487,0,0,0
B,107488,0,0,0
B,107490,0,0,0
B,107491,0,0,0
B,107492,3,22.07,66.20
B,107494,0,0,0
B,107500,0,0,0
B,107501,0,0,0
B,107504,0,0,0
B,107507,0,0,0
B,107508,0,0,0
B,107511,6,26.00,156.01
B,107512,0,0,0
B,107514,0,0,0
B,107516,0,0,0
B,107519,0,0,0
B,107522,0,0,0
B,107525,0,0,0
B,107529,0,0,0
B,107534,0,0,0
B,107535,0,0,0
B,107537,0,0,0
B,107538,0,0,0
B,107540,0,0,0
B,107542,0,0,0
B,107543,0,0,0
B,107544,2,12.78,25.56
B,107545,0,0,0
B,107547,0,0,0
B,107548,0,0,0
B,107551,0,0,0
B,107553,0,0,0
B,107555,0,0,0
B,107558,0,0,0
B,107560,0,0,0
B,107562,0,0,0
B,107566,0,0,0
B,107568,0,0,0
B,107569,0,0,0
B,107570,0,0,0
B,107571,0,0,0
B,107572,0,0,0
B,107574,0,0,0
B,107577,0,0,0
B,107579,0,0,0
B,107581,0,0,0
B,107586,0,0,0
B,107587,0,0,0
B,107593,0,0,0
B,107596,0,0,0
B,107598,2,62.56,125.13
B,107600,0,0,0
B,107601,0,0,0
B,107602,0,0,0
B,107603,0,0,0
B,107605,2,18.61,37.21
B,107606,0,0,0
B,107607,0,0,0
B,107608,0,0,0
B,107610,0,0,0
B,107611,0,0,0
B,107614,0,0,0
B,107616,0,0,0
B,107618,0,0,0
B,107621,0,0,0
B,107622,0,0,0
B,107625,0,0,0
B,107626,0,0,0
B,107628,0,0,0
B,107630,3,63.00,189.00
B,107631,0,0,0
B,107635,0,0,0
B,107639,0,0,0
B,107640,0,0,0
B,107642,0,0,0
B,107644,0,0,0
B,107645,0,0,0
B,107646,0,0,0
B,107649,0,0,0
B,107650,0,0,0
B,107652,0,0,0
B,107655,0,0,0
B,107659,0,0,0
B,107660,0,0,0
B,107664,0,0,0
B,107665,0,0,0
B,107666,0,0,0
B,107667,0,0,0
B,107670,0,0,0
B,107671,0,0,0
B,107672,0,0,0
B,107673,1,18.61,18.61
B,107674,0,0,0
B,107675,5,38.70,193.48
B,107676,0,0,0
B,107680,0,0,0
B,107681,5,51.31,256.53
B,107686,0,0,0
B,107687,0,0,0
B,107688,0,0,0
B,107689,0,0,0
B,107691,0,0,0
B,107692,1,2.86,2.86
B,107695,0,0,0
B,107697,0,0,0
B,107698,0,0,0
B,107699,0,0,0
B,107700,0,0,0
B,107701,0,0,0
B,107703,0,0,0
B,107705,0,0,0
B,107706,0,0,0
B,107707,0,0,0
B,107711,3,17.08,51.24
B,107712,3,15.89,47.67
B,107714,0,0,0
B,107717,0,0,0
B,107718,0,0,0
B,107722,0,0,0
B,107723,0,0,0
B,107724,0,0,0
B,107727,0,0,0
B,107728,0,0,0
B,107729,0,0,0
B,107732,0,0,0
B,107733,0,0,0
B,107740,0,0,0
B,107743,0,0,0
B,107744,0,0,0
B,107745,0,0,0
B,107749,6,30.91,185.45
B,107750,0,0,0
B,107751,0,0,0
B,107752,0,0,0
B,107753,0,0,0
B,107754,0,0,0
B,107758,0,0,0
B,107759,0,0,0
B,107761,0,0,0
B,107762,0,0,0
B,107763,1,48.36,48.36
B,107764,0,0,0
B,107766,0,0,0
B,107767,0,0,0
B,107768,0,0,0
B,107769,0,0,0
B,107770,0,0,0
B,107772,0,0,0
B,107774,0,0,0
B,107775,0,0,0
B,107776,0,0,0
B,107779,0,0,0
B,107781,0,0,0
B,107784,0,0,0
B,107787,0,0,0
B,107792,0,0,0
B,107796,0,0,0
B,107803,0,0,0
B,107804,0,0,0
B,107807,0,0,0
B,107808,0,0,0
B,107809,0,0,0
B,107814,0,0,0
B,107816,0,0,0
B,107818,0,0,0
B,107819,0,0,0
B,107820,0,0,0
B,107821,0,0,0
B,107827,5,65.16,325.82
B,107828,0,0,0
B,107829,0,0,0
B,107832,0,0,0
B,107834,0,0,0
B,107835,0,0,0
B,107847,0,0,0
B,107850,0,0,0
B,107852,0,0,0
B,107855,1,45.47,45.47
B,107860,0,0,0
B,107863,2,4.35,8.69
B,107866,0,0,0
B,107868,0,0,0
B,107871,0,0,0
B,107872,0,0,0
B,107873,0,0,0
B,107875,3,25.25,75.76
B,107877,0,0,0
B,107878,0,0,0
B,107879,0,0,0
B,107880,0,0,0
B,107881,0,0,0
B,107882,0,0,0
B,107883,0,0,0
B,107888,1,4.73,4.73
B,107889,0,0,0
B,107891,0,0,0
B,107892,1,8.68,8.68
B,107893,2,42.64,85.29
B,107894,0,0,0
B,107898,0,0,0
B,107899,0,0,0
B,107901,0,0,0
B,107902,0,0,0
B,107905,0,0,0
B,107907,0,0,0
B,107908,0,0,0
B,107911,0,0,0
B,107912,6,25.27,151.63
B,107914,0,0,0
B,107915,3,40.26,120.79
B,107916,0,0,0
B,107917,5,21.35,106.76
B,107918,0,0,0
B,107921,0,0,0
B,107923,0,0,0
B,107927,0,0,0
B,107931,0,0,0
B,107932,0,0,0
B,107934,0,0,0
B,107936,7,32.13,224.93
B,107937,1,34.48,34.48
B,107940,0,0,0
B,107941,0,0,0
B,107942,0,0,0
B,107943,0,0,0
B,107944,4,30.34,121.36
B,107950,0,0,0
B,107954,0,0,0
B,107957,0,0,0
B,107959,0,0,0
B,107961,0,0,0
B,107963,0,0,0
B,107964,0,0,0
B,107966,0,0,0
B,107967,0,0,0
B,107968,0,0,0
B,107969,0,0,0
B,107970,0,0,0
B,107971,0,0,0
B,107972,0,0,0
B,107975,0,0,0
B,107976,4,34.56,138.23
B,107978,0,0,0
B,107980,0,0,0
B,107982,0,0,0
B,107983,0,0,0
B,107985,0,0,0
B,107988,0,0,0
B,107989,3,30.67,92.01
B,107990,0,0,0
B,107992,3,50.70,152.10
B,107994,0,0,0
B,107996,0,0,0
B,107999,0,0,0
B,108000,0,0,0
B,108004,0,0,0
B,108005,0,0,0
B,108006,0,0,0
B,108009,0,0,0
B,108010,0,0,0
B,108011,0,0,0
B,108012,1,38.33,38.33
B,108019,0,0,0
B,108020,0,0,0
B,108021,0,0,0
B,108022,0,0,0
B,108023,0,0,0
B,108025,0,0,0
B,108027,0,0,0
B,108030,0,0,0
B,108031,0,0,0
B,108032,2,31.22,62.44
B,108034,0,0,0
B,108036,0,0,0
B,108037,3,23.20,69.61
B,108038,0,0,0
B,108040,0,0,0
B,108042,0,0,0
B,108045,0,0,0
B,108046,0,0,0
B,108047,0,0,0
B,108048,0,0,0
B,108052,0,0,0
B,108053,0,0,0
B,108055,0,0,0
B,108057,0,0,0
B,108058,1,82.74,82.74
B,108062,0,0,0
B,108063,0,0,0
B,108064,0,0,0
B,108066,0,0,0
B,108069,0,0,0
B,108072,1,93.32,93.32
B,108075,0,0,0
B,108081,0,0,0
B,108084,0,0,0
B,108087,0,0,0
B,108098,0,0,0
B,108099,0,0,0
B,108101,0,0,0
B,108102,0,0,0
B,108103,0,0,0
B,108105,0,0,0
B,108106,0,0,0
B,108109,0,0,0
B,108110,0,0,0
B,108112,0,0,0
B,108114,0,0,0
B,108115,0,0,0
B,108116,0,0,0
B,108117,0,0,0
B,108118,0,0,0
B,108120,0,0,0
B,108121,0,0,0
B,108122,1,8.67,8.67
B,108124,0,0,0
B,108127,0,0,0
B,108128,0,0,0
B,108129,0,0,0
B,108130,0,0,0
B,108131,0,0,0
B,108132,0,0,0
B,108133,0,0,0
B,108137,0,0,0
B,108138,0,0,0
B,108139,0,0,0
B,108142,0,0,0
B,108143,0,0,0
B,108145,0,0,0
B,108147,0,0,0
B,108149,0,0,0
B,108153,0,0,0
B,108155,0,0,0
B,108156,0,0,0
B,108158,0,0,0
B,108159,0,0,0
B,108160,0,0,0
B,108163,0,0,0
B,108165,0,0,0
B,108167,0,0,0
B,108168,0,0,0
B,108169,0,0,0
B,108173,0,0,0
B,108174,0,0,0
B,108176,0,0,0
B,108179,0,0,0
B,108180,0,0,0
B,108181,0,0,0
B,108183,0,0,0
B,108184,2,13.83,27.66
B,108185,0,0,0
B,108187,0,0,0
B,108189,0,0,0
B,108193,7,22.31,156.18
B,108194,0,0,0
B,108195,0,0,0
B,108197,0,0,0
B,108198,0,0,0
B,108199,0,0,0
B,108200,0,0,0
B,108201,0,0,0
B,108202,0,0,0
B,108203,0,0,0
B,108207,7,34.94,244.60
B,108209,0,0,0
B,108210,0,0,0
B,108211,0,0,0
B,108213,0,0,0
B,108214,0,0,0
B,108216,0,0,0
B,108218,0,0,0
B,108221,3,47.52,142.55
B,108223,0,0,0
B,108226,0,0,0
B,108227,4,7.76,31.03
B,108236,4,20.05,80.18
B,108238,0,0,0
B,108240,0,0,0
B,108241,0,0,0
B,108242,0,0,0
B,108245,0,0,0
B,108248,0,0,0
B,108250,0,0,0
B,108251,0,0,0
B,108254,0,0,0
B,108255,0,0,0
B,108257,0,0,0
B,108259,0,0,0
B,108266,0,0,0
B,108267,0,0,0
B,108272,0,0,0
B,108273,0,0,0
B,108275,0,0,0
B,108279,0,0,0
B,108280,0,0,0
B,108284,0,0,0
B,108285,0,0,0
B,108287,0,0,0
B,108289,0,0,0
B,108290,0,0,0
B,108291,0,0,0
B,108292,0,0,0
B,108293,0,0,0
B,108299,0,0,0
B,108300,0,0,0
B,108302,2,49.78,99.56
B,108306,1,28.71,28.71
B,108308,0,0,0
B,108309,0,0,0
B,108312,0,0,0
B,108315,0,0,0
B,108319,0,0,0
B,108321,0,0,0
B,108322,0,0,0
B,108325,0,0,0
B,108327,0,0,0
B,108329,0,0,0
B,108330,0,0,0
B,108331,0,0,0
B,108333,0,0,0
B,108336,0,0,0
B,108337,0,0,0
B,108339,0,0,0
B,108340,0,0,0
B,108342,0,0,0
B,108344,0,0,0
B,108345,0,0,0
B,108347,0,0,0
B,108348,0,0,0
B,108349,0,0,0
B,108350,0,0,0
B,108351,0,0,0
B,108354,0,0,0
B,108355,0,0,0
B,108358,0,0,0
B,108359,0,0,0
B,108361,0,0,0
B,108366,0,0,0
B,108368,0,0,0
B,108369,0,0,0
B,108370,0,0,0
B,108373,0,0,0
B,108374,0,0,0
B,108376,0,0,0
B,108377,0,0,0
B,108378,0,0,0
B,108379,0,0,0
B,108380,0,0,0
B,108382,0,0,0
B,108383,0,0,0
B,108384,0,0,0
B,108385,0,0,0
B,108389,0,0,0
B,108390,0,0,0
B,108392,0,0,0
B,108393,0,0,0
B,108394,0,0,0
B,108395,0,0,0
B,108397,0,0,0
B,108400,0,0,0
B,108406,0,0,0
B,108408,0,0,0
B,108411,0,0,0
B,108413,0,0,0
B,108414,13,27.03,351.41
B,108415,0,0,0
B,108416,0,0,0
B,108420,0,0,0
B,108421,0,0,0
B,108424,0,0,0
B,108426,0,0,0
B,108428,0,0,0
B,108429,0,0,0
B,108430,4,47.09,188.38
B,108434,0,0,0
B,108435,0,0,0
B,108436,0,0,0
B,108438,0,0,0
B,108440,0,0,0
B,108441,0,0,0
B,108442,0,0,0
B,108444,0,0,0
B,108446,0,0,0
B,108448,0,0,0
B,108449,0,0,0
B,108454,0,0,0
B,108455,0,0,0
B,108457,0,0,0
B,108459,0,0,0
B,108461,0,0,0
B,108463,0,0,0
B,108464,0,0,0
B,108465,0,0,0
B,108466,0,0,0
B,108467,1,16.33,16.33
B,108469,0,0,0
B,108471,0,0,0
B,108472,0,0,0
B,108473,0,0,0
B,108474,0,0,0
B,108475,0,0,0
B,108479,0,0,0
B,108481,0,0,0
B,108486,0,0,0
B,108488,0,0,0
B,108491,0,0,0
B,108492,0,0,0
B,108493,0,0,0
B,108494,0,0,0
B,108496,0,0,0
B,108497,0,0,0
B,108498,0,0,0
B,108502,0,0,0
B,108506,0,0,0
B,108507,0,0,0
B,108508,1,11.43,11.43
B,108509,2,34.79,69.57
B,108510,0,0,0
B,108512,0,0,0
B,108515,0,0,0
B,108518,0,0,0
B,108519,0,0,0
B,108520,0,0,0
B,108526,0,0,0
B,108528,0,0,0
B,108529,0,0,0
B,108533,0,0,0
B,108536,0,0,0
B,108537,0,0,0
B,108538,0,0,0
B,108539,0,0,0
B,108540,0,0,0
B,108541,0,0,0
B,108545,0,0,0
B,108546,0,0,0
B,108547,0,0,0
B,108548,0,0,0
B,108552,0,0,0
B,108553,0,0,0
B,108556,0,0,0
B,108561,0,0,0
B,108563,0,0,0
B,108564,0,0,0
B,108565,0,0,0
B,108566,0,0,0
B,108573,0,0,0
B,108574,0,0,0
B,108576,0,0,0
B,108577,0,0,0
B,108579,0,0,0
B,108581,0,0,0
B,108583,0,0,0
B,108584,0,0,0
B,108585,0,0,0
B,108586,0,0,0
B,108587,0,0,0
B,108588,15,35.95,539.32
B,108590,0,0,0
B,108592,0,0,0
B,108593,0,0,0
B,108594,0,0,0
B,108599,0,0,0
B,108601,0,0,0
B,108602,0,0,0
B,108604,0,0,0
B,108605,0,0,0
B,108606,0,0,0
B,108608,0,0,0
B,108609,0,0,0
B,108612,0,0,0
B,108614,0,0,0
B,108616,0,0,0
B,108617,0,0,0
B,108618,0,0,0
B,108619,0,0,0
B,108620,0,0,0
B,108621,0,0,0
B,108622,0,0,0
B,108625,0,0,0
B,108630,0,0,0
B,108631,0,0,0
B,108633,0,0,0
B,108636,0,0,0
B,108638,0,0,0
B,108641,0,0,0
B,108644,0,0,0
B,108646,0,0,0
B,108647,0,0,0
B,108648,0,0,0
B,108649,0,0,0
B,108651,0,0,0
B,108653,0,0,0
B,108656,0,0,0
B,108659,0,0,0
B,108660,0,0,0
B,108664,2,8.87,17.75
B,108665,0,0,0
B,108668,0,0,0
B,108669,0,0,0
B,108670,0,0,0
B,108671,0,0,0
B,108674,2,13.14,26.29
B,108678,0,0,0
B,108679,0,0,0
B,108680,0,0,0
B,108681,0,0,0
B,108682,0,0,0
B,108683,0,0,0
B,108684,0,0,0
B,108687,0,0,0
B,108689,0,0,0
B,108690,0,0,0
B,108691,0,0,0
B,108694,0,0,0
B,108695,0,0,0
B,108701,0,0,0
B,108702,0,0,0
B,108704,0,0,0
B,108706,0,0,0
B,108708,0,0,0
B,108710,0,0,0
B,108713,0,0,0
B,108714,0,0,0
B,108717,0,0,0
B,108718,0,0,0
B,108720,0,0,0
B,108721,0,0,0
B,108722,0,0,0
B,108726,0,0,0
B,108727,3,50.70,152.10
B,108728,0,0,0
B,108729,0,0,0
B,108731,0,0,0
B,108732,0,0,0
B,108733,0,0,0
B,108734,0,0,0
B,108735,0,0,0
B,108737,0,0,0
B,108739,0,0,0
B,108743,0,0,0
B,108746,0,0,0
B,108747,0,0,0
B,108748,0,0,0
B,108753,0,0,0
B,108754,0,0,0
B,108755,0,0,0
B,108757,0,0,0
B,108759,4,41.18,164.72
B,108761,0,0,0
B,108763,0,0,0
B,108764,0,0,0
B,108765,0,0,0
B,108768,0,0,0
B,108769,0,0,0
B,108770,0,0,0
B,108772,5,53.77,268.83
B,108773,0,0,0
B,108774,0,0,0
B,108777,0,0,0
B,108781,0,0,0
B,108782,0,0,0
B,108784,0,0,0
B,108785,0,0,0
B,108787,0,0,0
B,108788,0,0,0
B,108791,0,0,0
B,108794,1,22.90,22.90
B,108796,0,0,0
B,108798,0,0,0
B,108799,0,0,0
B,108800,0,0,0
B,108802,0,0,0
B,108803,0,0,0
B,108805,0,0,0
B,108806,0,0,0
B,108807,0,0,0
B,108808,0,0,0
B,108811,0,0,0
B,108812,0,0,0
B,108815,0,0,0
B,108817,0,0,0
B,108820,0,0,0
B,108821,0,0,0
B,108822,0,0,0
B,108827,0,0,0
B,108828,0,0,0
B,108829,0,0,0
B,108831,0,0,0
B,108833,0,0,0
B,108834,0,0,0
B,108836,0,0,0
B,108837,0,0,0
B,108844,0,0,0
B,108847,0,0,0
B,108848,0,0,0
B,108851,0,0,0
B,108853,0,0,0
B,108856,0,0,0
B,108860,4,27.98,111.91
B,108862,0,0,0
B,108865,0,0,0
B,108867,0,0,0
B,108870,0,0,0
B,108874,0,0,0
B,108877,0,0,0
B,108880,0,0,0
B,108882,0,0,0
B,108887,8,27.34,218.71
B,108889,1,17.43,17.43
B,108891,0,0,0
B,108894,3,18.70,56.09
B,108895,0,0,0
B,108900,0,0,0
B,108904,0,0,0
B,108905,0,0,0
B,108906,0,0,0
B,108907,0,0,0
B,108910,0,0,0
B,108911,0,0,0
B,108914,0,0,0
B,108916,0,0,0
B,108919,0,0,0
B,108920,0,0,0
B,108922,0,0,0
B,108923,0,0,0
B,108924,0,0,0
B,108925,0,0,0
B,108927,0,0,0
B,108931,0,0,0
B,108934,0,0,0
B,108935,0,0,0
B,108936,0,0,0
B,108939,0,0,0
B,108942,0,0,0
B,108943,0,0,0
B,108944,0,0,0
B,108945,11,22.37,246.04
B,108946,0,0,0
B,108947,0,0,0
B,108949,0,0,0
B,108951,0,0,0
B,108952,0,0,0
B,108955,0,0,0
B,108958,5,33.84,169.20
B,108959,0,0,0
B,108960,0,0,0
B,108961,0,0,0
B,108963,0,0,0
B,108971,0,0,0
B,108973,0,0,0
B,108974,0,0,0
B,108975,0,0,0
B,108976,0,0,0
B,108978,1,37.11,37.11
B,108979,3,17.48,52.45
B,108981,0,0,0
B,108983,0,0,0
B,108985,0,0,0
B,108986,0,0,0
B,108988,0,0,0
B,108989,0,0,0
B,108990,6,27.94,167.62
B,108991,0,0,0
B,108992,0,0,0
B,108993,0,0,0
B,108995,0,0,0
B,108996,0,0,0
B,108999,0,0,0
B,109000,0,0,0
B,109002,0,0,0
B,109004,0,0,0
B,109005,0,0,0
B,109006,0,0,0
B,109008,0,0,0
B,109011,0,0,0
B,109013,0,0,0
B,109014,0,0,0
B,109017,0,0,0
B,109018,0,0,0
B,109019,1,12.49,12.49
B,109021,0,0,0
B,109022,3,13.17,39.51
B,109024,0,0,0
B,109025,0,0,0
B,109028,1,52.56,52.56
B,109031,0,0,0
B,109032,0,0,0
B,109034,0,0,0
B,109036,0,0,0
B,109037,0,0,0
B,109041,0,0,0
B,109044,2,25.52,51.05
B,109045,0,0,0
B,109046,0,0,0
B,109047,0,0,0
B,109051,0,0,0
B,109053,0,0,0
B,109058,0,0,0
B,109059,0,0,0
B,109060,0,0,0
B,109061,3,12.98,38.94
B,109062,0,0,0
B,109064,0,0,0
B,109065,0,0,0
B,109067,0,0,0
B,109068,0,0,0
B,109069,0,0,0
B,109070,0,0,0
B,109071,0,0,0
B,109072,0,0,0
B,109074,0,0,0
B,109076,1,4.51,4.51
B,109078,0,0,0
B,109080,0,0,0
B,109083,0,0,0
B,109085,0,0,0
B,109088,0,0,0
B,109090,0,0,0
B,109091,0,0,0
B,109092,0,0,0
B,109093,0,0,0
B,109094,0,0,0
B,109095,3,100.42,301.25
B,109099,0,0,0
B,109100,0,0,0
B,109102,0,0,0
B,109104,0,0,0
B,109105,0,0,0
B,109106,0,0,0
B,109107,0,0,0
B,109109,0,0,0
B,109110,0,0,0
B,109111,3,56.70,170.09
B,109113,0,0,0
B,109118,0,0,0
B,109121,0,0,0
B,109124,0,0,0
B,109126,0,0,0
B,109127,0,0,0
B,109131,0,0,0
B,109132,0,0,0
B,109135,0,0,0
B,109136,0,0,0
B,109138,0,0,0
B,109140,0,0,0
B,109143,0,0,0
B,109144,0,0,0
B,109146,0,0,0
B,109149,0,0,0
B,109152,0,0,0
B,109154,5,35.60,177.99
B,109157,5,46.97,234.84
B,109159,0,0,0
B,109161,0,0,0
B,109162,0,0,0
B,109165,0,0,0
B,109166,0,0,0
B,109167,0,0,0
B,109168,0,0,0
B,109169,0,0,0
B,109170,0,0,0
B,109174,0,0,0
B,109175,0,0,0
B,109176,0,0,0
B,109179,0,0,0
B,109180,0,0,0
B,109181,0,0,0
B,109185,0,0,0
B,109188,0,0,0
B,109189,0,0,0
B,109191,3,29.88,89.64
B,109192,0,0,0
B,109193,0,0,0
B,109196,0,0,0
B,109197,0,0,0
B,109201,0,0,0
B,109205,0,0,0
B,109209,0,0,0
B,109211,0,0,0
B,109213,0,0,0
B,109214,0,0,0
B,109218,0,0,0
B,109219,0,0,0
B,109220,0,0,0
B,109221,0,0,0
B,109222,0,0,0
B,109224,0,0,0
B,109225,0,0,0
B,109226,0,0,0
B,109228,0,0,0
B,109230,0,0,0
B,109232,0,0,0
B,109233,0,0,0
B,109238,0,0,0
B,109239,0,0,0
B,109244,0,0,0
B,109246,0,0,0
B,109247,0,0,0
B,109251,0,0,0
B,109255,0,0,0
B,109256,0,0,0
B,109258,0,0,0
B,109259,0,0,0
B,109262,0,0,0
B,109266,0,0,0
B,109268,0,0,0
B,109269,1,61.37,61.37
B,109273,0,0,0
B,109276,0,0,0
B,109282,0,0,0
B,109284,0,0,0
B,109288,10,25.05,250.47
B,109291,0,0,0
B,109292,0,0,0
B,109296,0,0,0
B,109297,0,0,0
B,109298,0,0,0
B,109299,0,0,0
B,109300,0,0,0
B,109303,0,0,0
B,109304,1,19.41,19.41
B,109305,0,0,0
B,109307,0,0,0
B,109308,0,0,0
B,109310,0,0,0
B,109312,0,0,0
B,109313,3,20.80,62.41
B,109316,0,0,0
B,109317,0,0,0
B,109321,0,0,0
B,109326,0,0,0
B,109327,0,0,0
B,109328,0,0,0
B,109329,0,0,0
B,109334,1,3.45,3.45
B,109335,0,0,0
B,109336,0,0,0
B,109337,0,0,0
B,109338,0,0,0
B,109340,0,0,0
B,109341,10,29.19,291.86
B,109342,0,0,0
B,109343,0,0,0
B,109351,0,0,0
B,109353,0,0,0
B,109354,1,14.53,14.53
B,109356,0,0,0
B,109360,0,0,0
B,109362,0,0,0
B,109363,1,3.91,3.91
B,109364,0,0,0
B,109366,0,0,0
B,109368,0,0,0
B,109370,3,36.31,108.94
B,109372,0,0,0
B,109374,0,0,0
B,109378,0,0,0
B,109379,0,0,0
B,109380,0,0,0
B,109382,3,90.08,270.24
B,109383,0,0,0
B,109388,0,0,0
B,109389,0,0,0
B,109390,0,0,0
B,109391,0,0,0
B,109394,0,0,0
B,109397,0,0,0
B,109399,0,0,0
B,109400,0,0,0
B,109402,0,0,0
B,109403,0,0,0
B,109405,0,0,0
B,109411,0,0,0
B,109412,0,0,0
B,109416,1,60.40,60.40
B,109418,0,0,0
B,109420,0,0,0
B,109425,0,0,0
B,109426,0,0,0
B,109427,0,0,0
B,109431,0,0,0
B,109433,0,0,0
B,109434,8,24.28,194.22
B,109438,0,0,0
B,109439,0,0,0
B,109440,0,0,0
B,109441,0,0,0
B,109442,0,0,0
B,109443,0,0,0
B,109444,0,0,0
B,109445,1,7.83,7.83
B,109448,0,0,0
B,109449,0,0,0
B,109451,0,0,0
B,109452,0,0,0
B,109459,0,0,0
B,109461,12,17.19,206.32
B,109462,0,0,0
B,109464,0,0,0
B,109466,0,0,0
B,109468,0,0,0
B,109469,0,0,0
B,109471,0,0,0
B,109473,0,0,0
B,109474,0,0,0
B,109483,0,0,0
B,109484,9,29.09,261.83
B,109485,0,0,0
B,109486,0,0,0
B,109487,0,0,0
B,109488,0,0,0
B,109490,0,0,0
B,109492,0,0,0
B,109493,0,0,0
B,109495,0,0,0
B,109496,0,0,0
B,109497,0,0,0
B,109500,0,0,0
B,109501,0,0,0
B,109502,0,0,0
B,109503,0,0,0
B,109504,0,0,0
B,109506,0,0,0
B,109507,0,0,0
B,109510,0,0,0
B,109512,0,0,0
B,109513,0,0,0
B,109518,0,0,0
B,109519,0,0,0
B,109520,0,0,0
B,109525,0,0,0
B,109526,0,0,0
B,109532,0,0,0
B,109533,0,0,0
B,109534,0,0,0
B,109536,0,0,0
B,109539,0,0,0
B,109540,0,0,0
B,109541,0,0,0
B,109542,0,0,0
B,109543,0,0,0
B,109546,1,26.42,26.42
B,109550,6,59.52,357.11
B,109552,5,45.62,228.08
B,109556,0,0,0
B,109559,0,0,0
B,109560,0,0,0
B,109561,0,0,0
B,109563,0,0,0
B,109565,0,0,0
B,109566,0,0,0
B,109567,0,0,0
B,109569,0,0,0
B,109571,0,0,0
B,109572,0,0,0
B,109574,0,0,0
B,109578,0,0,0
B,109579,0,0,0
B,109582,0,0,0
B,109584,0,0,0
B,109585,0,0,0
B,109586,0,0,0
B,109588,0,0,0
B,109589,0,0,0
B,109590,13,69.93,909.13
B,109591,0,0,0
B,109594,0,0,0
B,109595,8,30.76,246.11
B,109599,0,0,0
B,109602,0,0,0
B,109603,0,0,0
B,109605,0,0,0
B,109607,0,0,0
B,109609,0,0,0
B,109611,0,0,0
B,109614,0,0,0
B,109615,0,0,0
B,109616,0,0,0
B,109620,0,0,0
B,109625,0,0,0
B,109627,0,0,0
B,109628,0,0,0
B,109629,0,0,0
B,109630,0,0,0
B,109636,0,0,0
B,109637,0,0,0
B,109640,0,0,0
B,109641,0,0,0
B,109642,0,0,0
B,109644,0,0,0
B,109649,0,0,0
B,109650,0,0,0
B,109654,0,0,0
B,109656,0,0,0
B,109658,0,0,0
B,109660,0,0,0
B,109663,0,0,0
B,109664,0,0,0
B,109665,0,0,0
B,109667,3,8.95,26.85
B,109668,0,0,0
B,109672,0,0,0
B,109675,0,0,0
B,109678,0,0,0
B,109679,0,0,0
B,109682,0,0,0
B,109684,0,0,0
B,109685,0,0,0
B,109687,6,68.37,410.21
B,109688,0,0,0
B,109689,0,0,0
B,109690,0,0,0
B,109691,0,0,0
B,109694,0,0,0
B,109696,0,0,0
B,109697,0,0,0
B,109699,0,0,0
B,109700,0,0,0
B,109701,0,0,0
B,109702,0,0,0
B,109704,0,0,0
B,109711,6,20.56,123.36
B,109716,0,0,0
B,109717,0,0,0
B,109718,0,0,0
B,109723,0,0,0
B,109726,0,0,0
B,109727,0,0,0
B,109729,0,0,0
B,109730,0,0,0
B,109731,0,0,0
B,109732,0,0,0
B,109733,0,0,0
B,109736,0,0,0
B,109739,0,0,0
B,109741,0,0,0
B,109742,0,0,0
B,109744,0,0,0
B,109747,0,0,0
B,109748,0,0,0
B,109750,0,0,0
B,109751,0,0,0
B,109754,0,0,0
B,109755,0,0,0
B,109759,1,5.76,5.76
B,109760,0,0,0
B,109761,0,0,0
B,109764,0,0,0
B,109769,0,0,0
B,109775,0,0,0
B,109777,0,0,0
B,109778,0,0,0
B,109781,0,0,0
B,109782,0,0,0
B,109783,0,0,0
B,109784,0,0,0
B,109786,0,0,0
B,109792,0,0,0
B,109796,0,0,0
B,109798,1,19.29,19.29
B,109799,0,0,0
B,109800,0,0,0
B,109801,0,0,0
B,109803,0,0,0
B,109806,0,0,0
B,109807,0,0,0
B,109808,0,0,0
B,109809,0,0,0
B,109810,0,0,0
B,109812,0,0,0
B,109813,0,0,0
B,109814,0,0,0
B,109821,0,0,0
B,109822,0,0,0
B,109824,0,0,0
B,109825,0,0,0
B,109827,0,0,0
B,109828,0,0,0
B,109830,0,0,0
B,109831,0,0,0
B,109833,1,23.49,23.49
B,109837,0,0,0
B,109839,0,0,0
B,109840,0,0,0
B,109841,0,0,0
B,109842,0,0,0
B,109843,0,0,0
B,109844,0,0,0
B,109846,0,0,0
B,109847,4,11.22,44.90
B,109849,0,0,0
B,109851,0,0,0
B,109852,0,0,0
B,109856,0,0,0
B,109859,4,93.20,372.80
B,109861,0,0,0
B,109862,0,0,0
B,109863,1,68.21,68.21
B,109864,0,0,0
B,109865,0,0,0
B,109866,0,0,0
B,109867,0,0,0
B,109869,5,20.37,101.84
B,109872,0,0,0
B,109874,0,0,0
B,109875,0,0,0
B,109876,0,0,0
B,109878,0,0,0
B,109882,0,0,0
B,109886,0,0,0
B,109890,0,0,0
B,109891,0,0,0
B,109892,0,0,0
B,109897,0,0,0
B,109900,0,0,0
B,109902,0,0,0
B,109905,0,0,0
B,109908,0,0,0
B,109911,0,0,0
B,109912,0,0,0
B,109913,0,0,0
B,109915,0,0,0
B,109916,0,0,0
B,109920,0,0,0
B,109922,0,0,0
B,109923,0,0,0
B,109924,0,0,0
B,109925,0,0,0
B,109928,0,0,0
B,109929,0,0,0
B,109930,6,25.77,154.64
B,109931,0,0,0
B,109932,0,0,0
B,109934,0,0,0
B,109936,0,0,0
B,109939,0,0,0
B,109940,0,0,0
B,109941,0,0,0
B,109942,0,0,0
B,109944,0,0,0
B,109948,0,0,0
B,109949,0,0,0
B,109950,1,15.52,15.52
B,109952,0,0,0
B,109954,0,0,0
B,109955,0,0,0
B,109956,0,0,0
B,109960,0,0,0
B,109961,0,0,0
B,109962,4,20.03,80.11
B,109963,0,0,0
B,109965,0,0,0
B,109966,0,0,0
B,109972,0,0,0
B,109974,0,0,0
B,109976,0,0,0
B,109979,0,0,0
B,109988,0,0,0
B,109990,0,0,0
B,109992,0,0,0
B,109993,0,0,0
B,109997,3,26.70,80.10
B,109998,0,0,0
B,109999,0,0,0
B,110001,0,0,0
B,110003,0,0,0
B,110006,0,0,0
B,110008,0,0,0
B,110010,0,0,0
B,110011,0,0,0
B,110012,0,0,0
B,110013,0,0,0
B,110014,0,0,0
B,110018,0,0,0
B,110020,1,4.67,4.67
B,110021,0,0,0
B,110022,0,0,0
B,110023,0,0,0
B,110024,0,0,0
B,110027,0,0,0
B,110030,0,0,0
B,110032,0,0,0
B,110033,0,0,0
B,110034,0,0,0
B,110036,0,0,0
B,110038,0,0,0
B,110042,0,0,0
B,110051,0,0,0
B,110052,0,0,0
B,110054,0,0,0
B,110055,0,0,0
B,110056,0,0,0
B,110058,0,0,0
B,110063,0,0,0
B,110064,0,0,0
B,110066,0,0,0
B,110067,0,0,0
B,110069,0,0,0
B,110074,0,0,0
B,110075,0,0,0
B,110076,0,0,0
B,110077,0,0,0
B,110078,0,0,0
B,110080,0,0,0
B,110082,0,0,0
B,110083,0,0,0
B,110084,0,0,0
B,110087,0,0,0
B,110089,0,0,0
B,110091,0,0,0
B,110092,0,0,0
B,110093,0,0,0
B,110094,0,0,0
B,110095,0,0,0
B,110103,0,0,0
B,110104,0,0,0
B,110106,0,0,0
B,110107,0,0,0
B,110110,0,0,0
B,110112,0,0,0
B,110113,0,0,0
B,110114,0,0,0
B,110115,0,0,0
B,110116,0,0,0
B,110118,0,0,0
B,110119,0,0,0
B,110120,0,0,0
B,110122,0,0,0
B,110123,0,0,0
B,110125,0,0,0
B,110126,0,0,0
B,110127,0,0,0
B,110130,0,0,0
B,110138,0,0,0
B,110139,0,0,0
B,110142,0,0,0
B,110144,0,0,0
B,110146,0,0,0
B,110147,0,0,0
B,110148,0,0,0
B,110152,0,0,0
B,110153,15,55.58,833.71
B,110158,0,0,0
B,110163,0,0,0
B,110164,0,0,0
B,110166,0,0,0
B,110170,0,0,0
B,110171,0,0,0
B,110172,0,0,0
B,110173,0,0,0
B,110176,0,0,0
B,110177,0,0,0
B,110178,0,0,0
B,110179,0,0,0
B,110181,0,0,0
B,110182,0,0,0
B,110183,0,0,0
B,110185,0,0,0
B,110187,0,0,0
B,110188,0,0,0
B,110189,0,0,0
B,110191,0,0,0
B,110192,0,0,0
B,110194,0,0,0
B,110195,0,0,0
B,110197,0,0,0
B,110198,0,0,0
B,110199,0,0,0
B,110200,0,0,0
B,110201,0,0,0
B,110202,0,0,0
B,110204,0,0,0
B,110206,0,0,0
B,110207,0,0,0
B,110210,0,0,0
B,110211,0,0,0
B,110212,4,29.68,118.73
B,110215,0,0,0
B,110216,0,0,0
B,110218,0,0,0
B,110219,0,0,0
B,110220,0,0,0
B,110223,0,0,0
B,110224,0,0,0
B,110226,3,107.30,321.91
B,110233,0,0,0
B,110239,0,0,0
B,110243,0,0,0
B,110244,0,0,0
B,110245,0,0,0
B,110249,0,0,0
B,110250,0,0,0
B,110251,0,0,0
B,110254,0,0,0
B,110255,0,0,0
B,110256,0,0,0
B,110257,0,0,0
B,110258,0,0,0
B,110259,0,0,0
B,110261,0,0,0
B,110263,0,0,0
B,110264,0,0,0
B,110266,0,0,0
B,110267,0,0,0
B,110268,0,0,0
B,110271,0,0,0
B,110274,0,0,0
B,110276,0,0,0
B,110279,0,0,0
B,110283,0,0,0
B,110285,0,0,0
B,110286,0,0,0
B,110288,0,0,0
B,110289,0,0,0
B,110290,0,0,0
B,110291,5,60.34,301.72
B,110296,0,0,0
B,110297,0,0,0
B,110300,0,0,0
B,110301,1,8.01,8.01
B,110303,0,0,0
B,110304,0,0,0
B,110306,0,0,0
B,110307,0,0,0
B,110312,0,0,0
B,110315,0,0,0
B,110317,0,0,0
B,110319,0,0,0
B,110322,0,0,0
B,110323,0,0,0
B,110325,2,26.73,53.46
B,110326,0,0,0
B,110328,0,0,0
B,110329,7,14.44,101.05
B,110332,2,33.99,67.97
B,110334,0,0,0
B,110335,0,0,0
B,110336,0,0,0
B,110337,0,0,0
B,110339,0,0,0
B,110341,0,0,0
B,110344,0,0,0
B,110345,0,0,0
B,110346,0,0,0
B,110347,0,0,0
B,110353,0,0,0
B,110354,0,0,0
B,110357,0,0,0
B,110358,0,0,0
B,110359,0,0,0
B,110362,0,0,0
B,110363,0,0,0
B,110365,0,0,0
B,110371,2,59.81,119.62
B,110372,0,0,0
B,110373,0,0,0
B,110374,0,0,0
B,110378,0,0,0
B,110381,0,0,0
B,110387,0,0,0
B,110388,0,0,0
B,110389,0,0,0
B,110392,0,0,0
B,110395,0,0,0
B,110396,0,0,0
B,110397,0,0,0
B,110400,0,0,0
B,110401,0,0,0
B,110402,0,0,0
B,110404,0,0,0
B,110407,0,0,0
B,110408,0,0,0
B,110411,0,0,0
B,110412,0,0,0
B,110414,0,0,0
B,110415,0,0,0
B,110418,0,0,0
B,110419,0,0,0
B,110421,0,0,0
B,110422,0,0,0
B,110423,0,0,0
B,110432,0,0,0
B,110434,0,0,0
B,110437,0,0,0
B,110439,9,25.46,229.17
B,110443,0,0,0
B,110444,0,0,0
B,110451,0,0,0
B,110452,3,42.57,127.71
B,110453,0,0,0
B,110454,0,0,0
B,110455,0,0,0
B,110458,0,0,0
B,110460,0,0,0
B,110462,0,0,0
B,110463,0,0,0
B,110468,0,0,0
B,110469,0,0,0
B,110470,0,0,0
B,110475,0,0,0
B,110477,0,0,0
B,110478,0,0,0
B,110479,1,18.53,18.53
B,110480,0,0,0
B,110481,0,0,0
B,110484,0,0,0
B,110485,0,0,0
B,110486,0,0,0
B,110487,0,0,0
B,110488,0,0,0
B,110489,0,0,0
B,110490,0,0,0
B,110493,0,0,0
B,110495,0,0,0
B,110496,0,0,0
B,110498,0,0,0
B,110503,0,0,0
B,110504,0,0,0
B,110506,0,0,0
B,110511,2,60.88,121.77
B,110513,2,18.14,36.28
B,110517,2,65.15,130.31
B,110518,0,0,0
B,110520,0,0,0
B,110522,0,0,0
B,110525,1,51.65,51.65
B,110527,3,17.49,52.47
B,110529,0,0,0
B,110533,0,0,0
B,110534,0,0,0
B,110535,0,0,0
B,110536,0,0,0
B,110540,0,0,0
B,110541,0,0,0
B,110542,0,0,0
B,110543,0,0,0
B,110546,0,0,0
B,110547,0,0,0
B,110549,0,0,0
B,110550,0,0,0
B,110556,0,0,0
B,110557,1,55.02,55.02
B,110558,0,0,0
B,110560,0,0,0
B,110561,0,0,0
B,110562,0,0,0
B,110568,0,0,0
B,110571,0,0,0
B,110572,0,0,0
B,110574,0,0,0
B,110575,0,0,0
B,110577,4,50.14,200.58
B,110578,0,0,0
B,110584,0,0,0
B,110585,0,0,0
B,110586,0,0,0
B,110589,0,0,0
B,110592,0,0,0
B,110593,3,7.16,21.47
B,110596,0,0,0
B,110597,0,0,0
B,110598,0,0,0
B,110603,0,0,0
B,110604,0,0,0
B,110606,0,0,0
B,110608,0,0,0
B,110609,0,0,0
B,110610,0,0,0
B,110611,7,106.89,748.20
B,110613,0,0,0
B,110616,0,0,0
B,110619,12,29.37,352.41
B,110624,1,175.89,175.89
B,110625,0,0,0
B,110627,0,0,0
B,110628,0,0,0
B,110630,0,0,0
B,110632,0,0,0
B,110633,0,0,0
B,110636,0,0,0
B,110637,0,0,0
B,110639,0,0,0
B,110640,0,0,0
B,110641,0,0,0
B,110647,0,0,0
B,110648,0,0,0
B,110651,0,0,0
B,110652,0,0,0
B,110653,0,0,0
B,110654,0,0,0
B,110655,0,0,0
B,110656,0,0,0
B,110657,0,0,0
B,110658,0,0,0
B,110660,0,0,0
B,110664,0,0,0
B,110665,0,0,0
B,110666,0,0,0
B,110667,0,0,0
B,110672,0,0,0
B,110673,0,0,0
B,110674,0,0,0
B,110675,0,0,0
B,110679,0,0,0
B,110682,0,0,0
B,110683,0,0,0
B,110685,0,0,0
B,110687,0,0,0
B,110688,0,0,0
B,110690,0,0,0
B,110694,0,0,0
B,110696,0,0,0
B,110701,0,0,0
B,110702,0,0,0
B,110707,0,0,0
B,110709,0,0,0
B,110710,0,0,0
B,110711,5,39.08,195.38
B,110712,6,25.99,155.92
B,110717,0,0,0
B,110720,0,0,0
B,110721,0,0,0
B,110722,0,0,0
B,110724,0,0,0
B,110725,0,0,0
B,110726,0,0,0
B,110728,0,0,0
B,110730,0,0,0
B,110731,0,0,0
B,110735,0,0,0
B,110737,0,0,0
B,110738,0,0,0
B,110740,0,0,0
B,110741,0,0,0
B,110745,0,0,0
B,110746,0,0,0
B,110749,0,0,0
B,110751,0,0,0
B,110755,0,0,0
B,110756,0,0,0
B,110757,0,0,0
B,110759,0,0,0
B,110761,0,0,0
B,110762,0,0,0
B,110763,0,0,0
B,110764,0,0,0
B,110766,0,0,0
B,110767,0,0,0
B,110768,0,0,0
B,110775,0,0,0
B,110776,0,0,0
B,110777,0,0,0
B,110778,0,0,0
B,110781,1,25.60,25.60
B,110783,0,0,0
B,110784,0,0,0
B,110785,0,0,0
B,110786,0,0,0
B,110789,1,21.90,21.90
B,110790,0,0,0
B,110791,0,0,0
B,110792,0,0,0
B,110793,0,0,0
B,110797,0,0,0
B,110802,0,0,0
B,110803,0,0,0
B,110805,0,0,0
B,110806,0,0,0
B,110807,0,0,0
B,110809,0,0,0
B,110811,0,0,0
B,110812,0,0,0
B,110816,7,60.54,423.78
B,110817,0,0,0
B,110818,0,0,0
B,110819,0,0,0
B,110823,0,0,0
B,110826,0,0,0
B,110827,0,0,0
B,110828,0,0,0
B,110829,0,0,0
B,110830,0,0,0
B,110831,0,0,0
B,110833,0,0,0
B,110834,0,0,0
B,110836,0,0,0
B,110839,0,0,0
B,110840,0,0,0
B,110841,0,0,0
B,110843,0,0,0
B,110844,0,0,0
B,110845,0,0,0
B,110846,0,0,0
B,110848,0,0,0
B,110850,0,0,0
B,110854,0,0,0
B,110856,0,0,0
B,110857,0,0,0
B,110860,0,0,0
B,110862,0,0,0
B,110864,3,21.37,64.11
B,110865,0,0,0
B,110870,0,0,0
B,110879,0,0,0
B,110882,0,0,0
B,110883,0,0,0
B,110884,0,0,0
B,110885,0,0,0
B,110886,0,0,0
B,110890,0,0,0
B,110892,0,0,0
B,110893,0,0,0
B,110896,0,0,0
B,110897,0,0,0
B,110899,0,0,0
B,110900,0,0,0
B,110902,0,0,0
B,110904,0,0,0
B,110905,0,0,0
B,110906,0,0,0
B,110907,0,0,0
B,110909,0,0,0
B,110910,0,0,0
B,110911,0,0,0
B,110913,0,0,0
B,110914,0,0,0
B,110915,0,0,0
B,110916,0,0,0
B,110923,0,0,0
B,110925,3,24.60,73.79
B,110927,0,0,0
B,110930,0,0,0
B,110931,0,0,0
B,110932,0,0,0
B,110935,0,0,0
B,110938,0,0,0
B,110939,0,0,0
B,110940,5,24.62,123.11
B,110941,0,0,0
B,110944,0,0,0
B,110945,0,0,0
B,110947,0,0,0
B,110948,0,0,0
B,110953,0,0,0
B,110957,0,0,0
B,110958,0,0,0
B,110960,0,0,0
B,110961,8,27.41,219.31
B,110962,0,0,0
B,110966,0,0,0
B,110968,0,0,0
B,110971,0,0,0
B,110972,0,0,0
B,110974,0,0,0
B,110976,0,0,0
B,110977,0,0,0
B,110979,0,0,0
B,110980,0,0,0
B,110982,0,0,0
B,110983,6,47.07,282.42
B,110985,0,0,0
B,110987,0,0,0
B,110988,0,0,0
B,110990,0,0,0
B,110992,0,0,0
B,110993,0,0,0
B,110994,0,0,0
B,110995,0,0,0
B,110997,0,0,0
B,111001,0,0,0
B,111007,0,0,0
B,111011,0,0,0
B,111012,0,0,0
B,111014,0,0,0
B,111019,0,0,0
B,111021,0,0,0
B,111023,1,99.17,99.17
B,111025,0,0,0
B,111028,0,0,0
B,111029,0,0,0
B,111033,0,0,0
B,111035,0,0,0
B,111037,0,0,0
B,111038,0,0,0
B,111040,0,0,0
B,111044,0,0,0
B,111049,0,0,0
B,111050,0,0,0
B,111052,0,0,0
B,111056,0,0,0
B,111058,0,0,0
B,111059,0,0,0
B,111060,0,0,0
B,111061,0,0,0
B,111062,0,0,0
B,111063,0,0,0
B,111064,0,0,0
B,111069,0,0,0
B,111070,0,0,0
B,111073,0,0,0
B,111074,0,0,0
B,111077,0,0,0
B,111078,0,0,0
B,111079,0,0,0
B,111080,0,0,0
B,111081,0,0,0
B,111082,0,0,0
B,111083,0,0,0
B,111086,0,0,0
B,111087,0,0,0
B,111088,0,0,0
B,111091,0,0,0
B,111093,0,0,0
B,111095,0,0,0
B,111096,0,0,0
B,111097,0,0,0
B,111099,0,0,0
B,111100,0,0,0
B,111107,0,0,0
B,111109,0,0,0
B,111110,0,0,0
B,111112,0,0,0
B,111113,1,7.78,7.78
B,111114,1,22.30,22.30
B,111116,0,0,0
B,111117,0,0,0
B,111118,0,0,0
B,111121,0,0,0
B,111123,0,0,0
B,111124,0,0,0
B,111125,0,0,0
B,111126,0,0,0
B,111127,2,22.84,45.68
B,111128,0,0,0
B,111129,0,0,0
B,111133,0,0,0
B,111136,0,0,0
B,111140,4,64.46,257.85
B,111141,2,27.39,54.78
B,111142,0,0,0
B,111144,0,0,0
B,111147,0,0,0
B,111148,0,0,0
B,111149,0,0,0
B,111151,0,0,0
B,111153,0,0,0
B,111155,0,0,0
B,111159,0,0,0
B,111160,0,0,0
B,111161,0,0,0
B,111167,0,0,0
B,111170,0,0,0
B,111171,0,0,0
B,111174,0,0,0
B,111178,0,0,0
B,111180,0,0,0
B,111181,0,0,0
B,111182,0,0,0
B,111183,0,0,0
B,111184,0,0,0
B,111186,0,0,0
B,111187,0,0,0
B,111193,0,0,0
B,111196,0,0,0
B,111197,0,0,0
B,111198,0,0,0
B,111199,0,0,0
B,111200,0,0,0
B,111204,0,0,0
B,111207,0,0,0
B,111209,0,0,0
B,111210,0,0,0
B,111212,0,0,0
B,111214,0,0,0
B,111216,0,0,0
B,111218,0,0,0
B,111219,1,11.28,11.28
B,111221,4,18.42,73.66
B,111223,0,0,0
B,111224,0,0,0
B,111225,1,75.22,75.22
B,111226,0,0,0
B,111237,0,0,0
B,111238,0,0,0
B,111241,2,13.03,26.06
B,111242,0,0,0
B,111245,0,0,0
B,111246,0,0,0
B,111247,0,0,0
B,111249,0,0,0
B,111251,0,0,0
B,111256,0,0,0
B,111257,0,0,0
B,111258,0,0,0
B,111262,0,0,0
B,111263,1,4.52,4.52
B,111264,0,0,0
B,111265,0,0,0
B,111268,0,0,0
B,111269,0,0,0
B,111270,0,0,0
B,111272,0,0,0
B,111276,0,0,0
B,111280,0,0,0
B,111281,0,0,0
B,111284,0,0,0
B,111287,0,0,0
B,111289,0,0,0
B,111292,0,0,0
B,111295,3,6.76,20.29
B,111296,0,0,0
B,111297,0,0,0
B,111298,0,0,0
B,111299,0,0,0
B,111301,3,19.08,57.24
B,111302,0,0,0
B,111305,0,0,0
B,111306,0,0,0
B,111307,0,0,0
B,111309,0,0,0
B,111311,0,0,0
B,111314,1,62.34,62.34
B,111315,0,0,0
B,111316,0,0,0
B,111321,0,0,0
B,111323,0,0,0
B,111324,0,0,0
B,111326,0,0,0
B,111327,0,0,0
B,111329,0,0,0
B,111330,0,0,0
B,111331,0,0,0
B,111332,0,0,0
B,111333,0,0,0
B,111334,0,0,0
B,111335,0,0,0
B,111336,0,0,0
B,111337,0,0,0
B,111338,0,0,0
B,111340,0,0,0
B,111344,0,0,0
B,111346,0,0,0
B,111347,0,0,0
B,111348,0,0,0
B,111349,0,0,0
B,111350,0,0,0
B,111352,0,0,0
B,111354,0,0,0
B,111355,0,0,0
B,111356,0,0,0
B,111357,0,0,0
B,111359,0,0,0
B,111360,0,0,0
B,111364,0,0,0
B,111368,0,0,0
B,111372,0,0,0
B,111373,0,0,0
B,111374,0,0,0
B,111375,0,0,0
B,111376,0,0,0
B,111377,0,0,0
B,111378,0,0,0
B,111380,0,0,0
B,111388,0,0,0
B,111392,0,0,0
B,111393,0,0,0
B,111394,0,0,0
B,111396,0,0,0
B,111397,0,0,0
B,111400,15,25.92,388.85
B,111407,0,0,0
B,111409,0,0,0
B,111410,0,0,0
B,111411,0,0,0
B,111413,0,0,0
B,111416,0,0,0
B,111419,0,0,0
B,111420,0,0,0
B,111421,0,0,0
B,111422,0,0,0
B,111425,0,0,0
B,111426,0,0,0
B,111431,0,0,0
B,111433,0,0,0
B,111434,0,0,0
B,111435,0,0,0
B,111438,0,0,0
B,111440,0,0,0
B,111441,0,0,0
B,111442,0,0,0
B,111443,0,0,0
B,111445,0,0,0
B,111446,0,0,0
B,111450,0,0,0
B,111456,0,0,0
B,111458,0,0,0
B,111460,0,0,0
B,111462,0,0,0
B,111464,0,0,0
B,111465,0,0,0
B,111467,0,0,0
B,111469,0,0,0
B,111471,0,0,0
B,111472,0,0,0
B,111473,0,0,0
B,111474,0,0,0
B,111475,0,0,0
B,111477,0,0,0
B,111478,1,30.23,30.23
B,111481,0,0,0
B,111484,0,0,0
B,111486,0,0,0
B,111491,0,0,0
B,111492,0,0,0
B,111496,0,0,0
B,111497,0,0,0
B,111502,0,0,0
B,111504,0,0,0
B,111505,6,32.64,195.85
B,111506,0,0,0
B,111508,0,0,0
B,111509,0,0,0
B,111513,0,0,0
B,111514,0,0,0
B,111516,0,0,0
B,111519,0,0,0
B,111521,0,0,0
B,111522,0,0,0
B,111523,0,0,0
B,111525,0,0,0
B,111529,1,8.59,8.59
B,111532,0,0,0
B,111533,0,0,0
B,111534,0,0,0
B,111536,0,0,0
B,111539,0,0,0
B,111541,0,0,0
B,111542,0,0,0
B,111545,0,0,0
B,111549,0,0,0
B,111550,0,0,0
B,111551,0,0,0
B,111554,0,0,0
B,111557,0,0,0
B,111564,0,0,0
B,111569,4,19.06,76.23
B,111570,0,0,0
B,111572,0,0,0
B,111574,0,0,0
B,111578,0,0,0
B,111580,0,0,0
B,111584,0,0,0
B,111585,0,0,0
B,111586,0,0,0
B,111588,0,0,0
B,111590,0,0,0
B,111592,0,0,0
B,111593,0,0,0
B,111595,0,0,0
B,111599,0,0,0
B,111601,0,0,0
B,111603,0,0,0
B,111607,0,0,0
B,111609,0,0,0
B,111612,0,0,0
B,111614,0,0,0
B,111616,0,0,0
B,111619,0,0,0
B,111620,0,0,0
B,111622,0,0,0
B,111624,0,0,0
B,111626,0,0,0
B,111629,1,42.83,42.83
B,111630,0,0,0
B,111636,0,0,0
B,111638,0,0,0
B,111639,0,0,0
B,111641,0,0,0
B,111643,0,0,0
B,111645,0,0,0
B,111647,0,0,0
B,111650,0,0,0
B,111651,4,28.54,114.15
B,111652,0,0,0
B,111653,0,0,0
B,111654,0,0,0
B,111656,0,0,0
B,111657,0,0,0
B,111658,0,0,0
B,111659,0,0,0
B,111660,0,0,0
B,111662,0,0,0
B,111666,0,0,0
B,111668,0,0,0
B,111670,3,29.46,88.37
B,111671,0,0,0
B,111673,0,0,0
B,111674,0,0,0
B,111675,0,0,0
B,111676,9,31.05,279.48
B,111678,0,0,0
B,111681,0,0,0
B,111684,0,0,0
B,111686,0,0,0
B,111687,0,0,0
B,111688,0,0,0
B,111689,0,0,0
B,111690,0,0,0
B,111691,0,0,0
B,111693,0,0,0
B,111694,0,0,0
B,111696,0,0,0
B,111698,0,0,0
B,111700,0,0,0
B,111701,0,0,0
B,111702,2,71.06,142.12
B,111703,0,0,0
B,111705,0,0,0
B,111706,0,0,0
B,111707,0,0,0
B,111708,0,0,0
B,111710,0,0,0
B,111712,0,0,0
B,111713,0,0,0
B,111716,0,0,0
B,111717,0,0,0
B,111719,0,0,0
B,111720,0,0,0
B,111721,0,0,0
B,111722,0,0,0
B,111724,0,0,0
B,111725,0,0,0
B,111727,0,0,0
B,111731,0,0,0
B,111739,0,0,0
B,111740,0,0,0
B,111744,0,0,0
B,111746,9,48.77,438.97
B,111747,0,0,0
B,111748,0,0,0
B,111749,0,0,0
B,111750,0,0,0
B,111751,0,0,0
B,111752,0,0,0
B,111754,0,0,0
B,111756,0,0,0
B,111757,0,0,0
B,111758,0,0,0
B,111761,0,0,0
B,111762,8,30.55,244.41
B,111763,0,0,0
B,111765,0,0,0
B,111766,1,9.33,9.33
B,111769,0,0,0
B,111772,0,0,0
B,111773,0,0,0
B,111774,0,0,0
B,111776,1,6.98,6.98
B,111778,0,0,0
B,111779,0,0,0
B,111782,0,0,0
B,111789,0,0,0
B,111794,0,0,0
B,111796,0,0,0
B,111802,0,0,0
B,111807,0,0,0
B,111808,0,0,0
B,111812,0,0,0
B,111814,3,5.33,15.98
B,111816,0,0,0
B,111818,0,0,0
B,111820,0,0,0
B,111822,0,0,0
B,111828,0,0,0
B,111829,0,0,0
B,111834,0,0,0
B,111836,3,22.56,67.69
B,111838,0,0,0
B,111839,0,0,0
B,111848,0,0,0
B,111851,0,0,0
B,111856,0,0,0
B,111859,0,0,0
B,111860,0,0,0
B,111862,0,0,0
B,111863,0,0,0
B,111865,0,0,0
B,111867,0,0,0
B,111869,0,0,0
B,111873,0,0,0
B,111874,0,0,0
B,111875,0,0,0
B,111878,0,0,0
B,111881,0,0,0
B,111883,0,0,0
B,111888,0,0,0
B,111890,0,0,0
B,111891,0,0,0
B,111892,0,0,0
B,111894,1,10.67,10.67
B,111895,10,24.12,241.25
B,111896,0,0,0
B,111897,0,0,0
B,111903,0,0,0
B,111904,0,0,0
B,111906,0,0,0
B,111909,0,0,0
B,111914,0,0,0
B,111915,0,0,0
B,111916,0,0,0
B,111918,0,0,0
B,111924,0,0,0
B,111926,0,0,0
B,111927,0,0,0
B,111929,0,0,0
B,111930,0,0,0
B,111931,0,0,0
B,111932,0,0,0
B,111935,0,0,0
B,111936,0,0,0
B,111940,0,0,0
B,111941,0,0,0
B,111943,0,0,0
B,111944,3,70.84,212.52
B,111945,0,0,0
B,111947,0,0,0
B,111951,0,0,0
B,111956,0,0,0
B,111959,0,0,0
B,111960,0,0,0
B,111962,0,0,0
B,111963,0,0,0
B,111964,0,0,0
B,111965,0,0,0
B,111972,0,0,0
B,111979,0,0,0
B,111983,1,7.55,7.55
B,111984,0,0,0
B,111986,0,0,0
B,111987,0,0,0
B,111992,0,0,0
B,111993,0,0,0
B,111995,0,0,0
B,111997,0,0,0
B,112000,0,0,0
