user_id,experiment_group,assigned_at
100001,A,2026-05-24 03:00:00
100002,A,2026-05-28 03:00:00
100003,B,2026-05-27 01:00:00
100004,B,2026-05-05 07:00:00
100005,A,2026-05-10 13:00:00
100006,A,2026-05-18 16:00:00
100007,A,2026-05-17 02:00:00
100008,A,2026-05-22 17:00:00
100009,B,2026-05-07 21:00:00
100010,B,2026-05-07 21:00:00
100011,A,2026-05-06 23:00:00
100012,B,2026-05-14 02:00:00
100013,B,2026-05-13 07:00:00
100014,B,2026-05-25 14:00:00
100015,B,2026-05-25 18:00:00
100016,A,2026-05-07 00:00:00
100017,A,2026-05-23 09:00:00
100018,B,2026-05-15 07:00:00
100019,B,2026-05-24 17:00:00
100020,A,2026-05-07 23:00:00
100021,B,2026-05-23 04:00:00
100022,A,2026-05-25 16:00:00
100023,A,2026-05-09 20:00:00
100024,B,2026-05-03 19:00:00
100025,A,2026-05-16 16:00:00
100026,A,2026-05-22 17:00:00
100027,A,2026-05-10 17:00:00
100028,B,2026-05-23 09:00:00
100029,B,2026-05-26 16:00:00
100030,B,2026-05-18 17:00:00
100031,A,2026-05-17 18:00:00
100032,A,2026-05-16 08:00:00
100033,A,2026-05-08 20:00:00
100034,A,2026-05-16 18:00:00
100035,B,2026-05-12 18:00:00
100036,A,2026-05-27 21:00:00
100037,A,2026-05-21 20:00:00
100038,A,2026-05-09 15:00:00
100039,B,2026-05-18 20:00:00
100040,B,2026-05-25 04:00:00
100041,B,2026-05-15 07:00:00
100042,B,2026-05-12 00:00:00
100043,B,2026-05-14 14:00:00
100044,B,2026-05-04 09:00:00
100045,A,2026-05-13 23:00:00
100046,A,2026-05-11 05:00:00
100047,A,2026-05-04 04:00:00
100048,B,2026-05-28 20:00:00
100049,B,2026-05-15 14:00:00
100050,B,2026-05-20 15:00:00
100051,B,2026-05-03 10:00:00
100052,B,2026-05-10 20:00:00
100053,B,2026-05-25 19:00:00
100054,A,2026-05-14 11:00:00
100055,A,2026-05-21 15:00:00
100056,B,2026-05-20 00:00:00
100057,B,2026-05-09 23:00:00
100058,B,2026-05-18 10:00:00
100059,B,2026-05-23 15:00:00
100060,B,2026-05-15 01:00:00
100061,A,2026-05-01 23:00:00
100062,A,2026-05-04 04:00:00
100063,A,2026-05-11 20:00:00
100064,A,2026-05-17 04:00:00
100065,A,2026-05-06 21:00:00
100066,A,2026-05-28 05:00:00
100067,A,2026-05-13 16:00:00
100068,B,2026-05-17 14:00:00
100069,B,2026-05-17 16:00:00
100070,A,2026-05-19 15:00:00
100071,A,2026-05-17 06:00:00
100072,A,2026-05-23 22:00:00
100073,B,2026-05-02 09:00:00
100074,A,2026-05-28 16:00:00
100075,B,2026-05-17 10:00:00
100076,B,2026-05-19 23:00:00
100077,A,2026-05-22 19:00:00
100078,B,2026-05-27 00:00:00
100079,A,2026-05-27 00:00:00
100080,B,2026-05-05 21:00:00
100081,B,2026-05-14 04:00:00
100082,B,2026-05-08 08:00:00
100083,B,2026-05-13 21:00:00
100084,B,2026-05-04 23:00:00
100085,B,2026-05-25 15:00:00
100086,A,2026-05-21 20:00:00
100087,A,2026-05-07 18:00:00
100088,B,2026-05-02 03:00:00
100089,A,2026-05-23 02:00:00
100090,A,2026-05-05 02:00:00
100091,A,2026-05-10 13:00:00
100092,A,2026-05-24 20:00:00
100093,B,2026-05-20 22:00:00
100094,B,2026-05-27 12:00:00
100095,B,2026-05-22 15:00:00
100096,B,2026-05-23 17:00:00
100097,B,2026-05-13 14:00:00
100098,A,2026-05-26 12:00:00
100099,B,2026-05-06 15:00:00
100100,A,2026-05-26 07:00:00
100101,A,2026-05-19 03:00:00
100102,B,2026-05-28 03:00:00
100103,B,2026-05-05 18:00:00
100104,B,2026-05-09 10:00:00
100105,A,2026-05-21 21:00:00
100106,A,2026-05-25 03:00:00
100107,A,2026-05-16 12:00:00
100108,B,2026-05-25 02:00:00
100109,B,2026-05-23 12:00:00
100110,B,2026-05-23 13:00:00
100111,B,2026-05-26 13:00:00
100112,B,2026-05-06 08:00:00
100113,B,2026-05-03 14:00:00
100114,B,2026-05-23 11:00:00
100115,B,2026-05-15 08:00:00
100116,A,2026-05-03 22:00:00
100117,A,2026-05-15 03:00:00
100118,B,2026-05-01 12:00:00
100119,A,2026-05-26 15:00:00
100120,B,2026-05-19 00:00:00
100121,A,2026-05-20 10:00:00
100122,B,2026-05-20 19:00:00
100123,B,2026-05-06 14:00:00
100124,A,2026-05-22 11:00:00
100125,B,2026-05-11 23:00:00
100126,A,2026-05-11 09:00:00
100127,B,2026-05-24 13:00:00
100128,A,2026-05-09 11:00:00
100129,B,2026-05-05 20:00:00
100130,B,2026-05-19 03:00:00
100131,B,2026-05-09 20:00:00
100132,B,2026-05-28 05:00:00
100133,B,2026-05-02 04:00:00
100134,B,2026-05-26 02:00:00
100135,B,2026-05-01 10:00:00
100136,A,2026-05-08 23:00:00
100137,A,2026-05-09 20:00:00
100138,A,2026-05-28 04:00:00
100139,A,2026-05-04 13:00:00
100140,A,2026-05-13 13:00:00
100141,B,2026-05-12 01:00:00
100142,B,2026-05-02 20:00:00
100143,B,2026-05-27 22:00:00
100144,B,2026-05-19 18:00:00
100145,A,2026-05-21 22:00:00
100146,A,2026-05-26 16:00:00
100147,B,2026-05-07 19:00:00
100148,B,2026-05-16 01:00:00
100149,A,2026-05-22 20:00:00
100150,A,2026-05-23 02:00:00
100151,A,2026-05-10 21:00:00
100152,A,2026-05-11 15:00:00
100153,A,2026-05-22 23:00:00
100154,A,2026-05-09 23:00:00
100155,A,2026-05-03 08:00:00
100156,A,2026-05-13 20:00:00
100157,A,2026-05-15 05:00:00
100158,A,2026-05-16 21:00:00
100159,A,2026-05-17 12:00:00
100160,A,2026-05-08 12:00:00
100161,B,2026-05-17 13:00:00
100162,B,2026-05-12 03:00:00
100163,B,2026-05-18 17:00:00
100164,A,2026-05-13 20:00:00
100165,A,2026-05-24 12:00:00
100166,B,2026-05-17 03:00:00
100167,B,2026-05-03 12:00:00
100168,B,2026-05-24 06:00:00
100169,B,2026-05-20 00:00:00
100170,A,2026-05-27 03:00:00
100171,B,2026-05-01 13:00:00
100172,B,2026-05-03 12:00:00
100173,B,2026-05-06 05:00:00
100174,B,2026-05-05 22:00:00
100175,A,2026-05-25 13:00:00
100176,B,2026-05-04 20:00:00
100177,A,2026-05-25 22:00:00
100178,B,2026-05-13 21:00:00
100179,A,2026-05-17 04:00:00
100180,A,2026-05-17 21:00:00
100181,A,2026-05-16 06:00:00
100182,A,2026-05-07 20:00:00
100183,A,2026-05-18 12:00:00
100184,B,2026-05-23 21:00:00
100185,B,2026-05-20 07:00:00
100186,A,2026-05-25 22:00:00
100187,B,2026-05-28 03:00:00
100188,A,2026-05-16 12:00:00
100189,A,2026-05-15 20:00:00
100190,A,2026-05-24 12:00:00
100191,B,2026-05-23 22:00:00
100192,B,2026-05-16 04:00:00
100193,B,2026-05-28 14:00:00
100194,A,2026-05-24 16:00:00
100195,B,2026-05-03 08:00:00
100196,A,2026-05-17 22:00:00
100197,A,2026-05-05 06:00:00
100198,A,2026-05-07 18:00:00
100199,B,2026-05-24 22:00:00
100200,B,2026-05-14 01:00:00
100201,A,2026-05-04 21:00:00
100202,A,2026-05-16 04:00:00
100203,A,2026-05-28 09:00:00
100204,A,2026-05-07 23:00:00
100205,A,2026-05-19 09:00:00
100206,A,2026-05-06 02:00:00
100207,B,2026-05-10 10:00:00
100208,A,2026-05-17 03:00:00
100209,B,2026-05-19 10:00:00
100210,A,2026-05-20 03:00:00
100211,A,2026-05-19 00:00:00
100212,B,2026-05-05 06:00:00
100213,A,2026-05-05 20:00:00
100214,B,2026-05-17 02:00:00
100215,B,2026-05-12 09:00:00
100216,B,2026-05-28 08:00:00
100217,B,2026-05-26 22:00:00
100218,A,2026-05-22 14:00:00
100219,A,2026-05-18 20:00:00
100220,B,2026-05-08 23:00:00
100221,A,2026-05-28 19:00:00
100222,B,2026-05-25 13:00:00
100223,A,2026-05-02 02:00:00
100224,B,2026-05-19 00:00:00
100225,B,2026-05-02 20:00:00
100226,A,2026-05-15 07:00:00
100227,B,2026-05-06 05:00:00
100228,A,2026-05-25 03:00:00
100229,A,2026-05-07 19:00:00
100230,B,2026-05-08 09:00:00
100231,A,2026-05-14 16:00:00
100232,B,2026-05-06 11:00:00
100233,A,2026-05-13 11:00:00
100234,B,2026-05-12 08:00:00
100235,B,2026-05-10 18:00:00
100236,A,2026-05-12 09:00:00
100237,B,2026-05-12 05:00:00
100238,A,2026-05-01 12:00:00
100239,B,2026-05-13 11:00:00
100240,B,2026-05-06 23:00:00
100241,A,2026-05-09 11:00:00
100242,B,2026-05-04 17:00:00
100243,B,2026-05-15 02:00:00
100244,A,2026-05-23 09:00:00
100245,A,2026-05-14 22:00:00
100246,A,2026-05-17 06:00:00
100247,A,2026-05-18 13:00:00
100248,B,2026-05-15 16:00:00
100249,B,2026-05-16 16:00:00
100250,B,2026-05-22 00:00:00
100251,B,2026-05-02 00:00:00
100252,B,2026-05-16 16:00:00
100253,A,2026-05-19 15:00:00
100254,B,2026-05-22 17:00:00
100255,A,2026-05-04 18:00:00
100256,B,2026-05-26 04:00:00
100257,A,2026-05-13 08:00:00
100258,B,2026-05-28 02:00:00
100259,B,2026-05-26 10:00:00
100260,A,2026-05-02 12:00:00
100261,B,2026-05-08 19:00:00
100262,A,2026-05-18 01:00:00
100263,B,2026-05-17 19:00:00
100264,B,2026-05-28 08:00:00
100265,A,2026-05-15 11:00:00
100266,A,2026-05-10 15:00:00
100267,B,2026-05-15 13:00:00
100268,B,2026-05-19 01:00:00
100269,B,2026-05-02 02:00:00
100270,B,2026-05-18 00:00:00
100271,B,2026-05-26 09:00:00
100272,B,2026-05-27 20:00:00
100273,A,2026-05-23 01:00:00
100274,B,2026-05-12 14:00:00
100275,B,2026-05-26 05:00:00
100276,A,2026-05-11 13:00:00
100277,A,2026-05-23 01:00:00
100278,B,2026-05-28 16:00:00
100279,A,2026-05-10 02:00:00
100280,B,2026-05-25 20:00:00
100281,B,2026-05-21 16:00:00
100282,B,2026-05-10 09:00:00
100283,B,2026-05-19 15:00:00
100284,A,2026-05-17 04:00:00
100285,A,2026-05-06 23:00:00
100286,B,2026-05-22 14:00:00
100287,B,2026-05-24 08:00:00
100288,A,2026-05-27 22:00:00
100289,B,2026-05-21 07:00:00
100290,B,2026-05-02 05:00:00
100291,A,2026-05-01 21:00:00
100292,A,2026-05-27 21:00:00
100293,A,2026-05-08 15:00:00
100294,A,2026-05-19 00:00:00
100295,A,2026-05-04 03:00:00
100296,A,2026-05-08 04:00:00
100297,B,2026-05-28 18:00:00
100298,A,2026-05-12 00:00:00
100299,A,2026-05-01 05:00:00
100300,A,2026-05-24 02:00:00
100301,B,2026-05-19 05:00:00
100302,B,2026-05-01 09:00:00
100303,B,2026-05-11 02:00:00
100304,B,2026-05-05 18:00:00
100305,A,2026-05-22 17:00:00
100306,B,2026-05-02 11:00:00
100307,A,2026-05-17 22:00:00
100308,B,2026-05-08 05:00:00
100309,B,2026-05-22 23:00:00
100310,B,2026-05-23 09:00:00
100311,A,2026-05-02 13:00:00
100312,A,2026-05-02 04:00:00
100313,B,2026-05-25 00:00:00
100314,A,2026-05-15 20:00:00
100315,B,2026-05-24 14:00:00
100316,B,2026-05-28 15:00:00
100317,A,2026-05-25 12:00:00
100318,B,2026-05-07 04:00:00
100319,B,2026-05-23 09:00:00
100320,B,2026-05-06 22:00:00
100321,A,2026-05-26 06:00:00
100322,B,2026-05-01 18:00:00
100323,B,2026-05-16 10:00:00
100324,B,2026-05-22 06:00:00
100325,A,2026-05-16 02:00:00
100326,A,2026-05-06 21:00:00
100327,B,2026-05-26 07:00:00
100328,B,2026-05-13 18:00:00
100329,B,2026-05-21 06:00:00
100330,A,2026-05-18 12:00:00
100331,A,2026-05-28 22:00:00
100332,B,2026-05-24 18:00:00
100333,B,2026-05-05 20:00:00
100334,B,2026-05-23 23:00:00
100335,B,2026-05-03 22:00:00
100336,B,2026-05-05 18:00:00
100337,A,2026-05-24 19:00:00
100338,B,2026-05-19 21:00:00
100339,B,2026-05-06 21:00:00
100340,B,2026-05-28 22:00:00
100341,B,2026-05-22 08:00:00
100342,A,2026-05-04 03:00:00
100343,A,2026-05-04 04:00:00
100344,B,2026-05-04 08:00:00
100345,B,2026-05-04 03:00:00
100346,A,2026-05-23 14:00:00
100347,B,2026-05-10 07:00:00
100348,B,2026-05-28 01:00:00
100349,B,2026-05-06 08:00:00
100350,A,2026-05-18 23:00:00
100351,B,2026-05-12 02:00:00
100352,A,2026-05-26 00:00:00
100353,A,2026-05-23 02:00:00
100354,B,2026-05-28 04:00:00
100355,B,2026-05-24 00:00:00
100356,B,2026-05-14 23:00:00
100357,B,2026-05-23 07:00:00
100358,A,2026-05-02 11:00:00
100359,B,2026-05-02 01:00:00
100360,A,2026-05-17 04:00:00
100361,A,2026-05-26 21:00:00
100362,A,2026-05-26 00:00:00
100363,A,2026-05-10 05:00:00
100364,A,2026-05-04 18:00:00
100365,B,2026-05-22 01:00:00
100366,B,2026-05-25 13:00:00
100367,B,2026-05-15 01:00:00
100368,B,2026-05-03 09:00:00
100369,B,2026-05-22 23:00:00
100370,A,2026-05-07 21:00:00
100371,A,2026-05-03 20:00:00
100372,B,2026-05-28 13:00:00
100373,A,2026-05-12 07:00:00
100374,A,2026-05-20 20:00:00
100375,B,2026-05-07 02:00:00
100376,A,2026-05-24 23:00:00
100377,A,2026-05-09 02:00:00
100378,B,2026-05-04 06:00:00
100379,B,2026-05-24 15:00:00
100380,B,2026-05-20 03:00:00
100381,A,2026-05-03 06:00:00
100382,B,2026-05-11 10:00:00
100383,B,2026-05-08 18:00:00
100384,A,2026-05-03 15:00:00
100385,B,2026-05-20 01:00:00
100386,A,2026-05-04 01:00:00
100387,B,2026-05-07 02:00:00
100388,B,2026-05-06 08:00:00
100389,A,2026-05-15 08:00:00
100390,B,2026-05-16 06:00:00
100391,B,2026-05-28 22:00:00
100392,B,2026-05-11 00:00:00
100393,A,2026-05-27 00:00:00
100394,A,2026-05-09 21:00:00
100395,A,2026-05-09 20:00:00
100396,B,2026-05-04 00:00:00
100397,B,2026-05-12 21:00:00
100398,A,2026-05-09 04:00:00
100399,B,2026-05-12 13:00:00
100400,B,2026-05-26 16:00:00
100401,A,2026-05-08 21:00:00
100402,B,2026-05-13 15:00:00
100403,B,2026-05-03 20:00:00
100404,A,2026-05-01 23:00:00
100405,A,2026-05-06 23:00:00
100406,A,2026-05-15 13:00:00
100407,B,2026-05-09 20:00:00
100408,A,2026-05-26 18:00:00
100409,B,2026-05-14 01:00:00
100410,A,2026-05-03 01:00:00
100411,A,2026-05-03 08:00:00
100412,A,2026-05-09 19:00:00
100413,A,2026-05-11 23:00:00
100414,A,2026-05-15 05:00:00
100415,A,2026-05-22 16:00:00
100416,A,2026-05-13 18:00:00
100417,A,2026-05-28 16:00:00
100418,B,2026-05-26 13:00:00
100419,A,2026-05-23 09:00:00
100420,B,2026-05-23 04:00:00
100421,A,2026-05-02 23:00:00
100422,B,2026-05-16 08:00:00
100423,A,2026-05-14 02:00:00
100424,A,2026-05-10 21:00:00
100425,B,2026-05-23 12:00:00
100426,B,2026-05-16 23:00:00
100427,A,2026-05-24 00:00:00
100428,A,2026-05-08 20:00:00
100429,B,2026-05-15 06:00:00
100430,B,2026-05-10 22:00:00
100431,A,2026-05-26 20:00:00
100432,B,2026-05-19 20:00:00
100433,B,2026-05-15 06:00:00
100434,B,2026-05-19 18:00:00
100435,A,2026-05-20 06:00:00
100436,A,2026-05-12 00:00:00
100437,A,2026-05-22 12:00:00
100438,B,2026-05-09 17:00:00
100439,B,2026-05-27 21:00:00
100440,A,2026-05-02 18:00:00
100441,B,2026-05-02 03:00:00
100442,A,2026-05-14 15:00:00
100443,B,2026-05-24 12:00:00
100444,A,2026-05-06 16:00:00
100445,B,2026-05-15 12:00:00
100446,B,2026-05-03 23:00:00
100447,B,2026-05-23 07:00:00
100448,A,2026-05-21 07:00:00
100449,A,2026-05-09 13:00:00
100450,B,2026-05-26 00:00:00
100451,B,2026-05-09 23:00:00
100452,B,2026-05-02 14:00:00
100453,B,2026-05-06 09:00:00
100454,A,2026-05-27 23:00:00
100455,B,2026-05-06 21:00:00
100456,A,2026-05-08 07:00:00
100457,A,2026-05-11 10:00:00
100458,B,2026-05-13 01:00:00
100459,B,2026-05-18 04:00:00
100460,B,2026-05-08 12:00:00
100461,A,2026-05-20 19:00:00
100462,B,2026-05-12 23:00:00
100463,A,2026-05-23 19:00:00
100464,B,2026-05-14 21:00:00
100465,B,2026-05-10 22:00:00
100466,B,2026-05-16 22:00:00
100467,A,2026-05-12 20:00:00
100468,A,2026-05-22 02:00:00
100469,A,2026-05-12 21:00:00
100470,A,2026-05-09 23:00:00
100471,A,2026-05-24 02:00:00
100472,B,2026-05-28 17:00:00
100473,B,2026-05-01 10:00:00
100474,A,2026-05-09 15:00:00
100475,A,2026-05-02 20:00:00
100476,B,2026-05-23 00:00:00
100477,A,2026-05-11 14:00:00
100478,B,2026-05-26 01:00:00
100479,A,2026-05-06 20:00:00
100480,A,2026-05-07 04:00:00
100481,A,2026-05-22 06:00:00
100482,A,2026-05-06 06:00:00
100483,B,2026-05-09 16:00:00
100484,B,2026-05-28 20:00:00
100485,A,2026-05-04 00:00:00
100486,B,2026-05-05 10:00:00
100487,A,2026-05-21 18:00:00
100488,B,2026-05-03 11:00:00
100489,A,2026-05-25 00:00:00
100490,A,2026-05-04 21:00:00
100491,A,2026-05-13 09:00:00
100492,A,2026-05-25 13:00:00
100493,A,2026-05-08 08:00:00
100494,B,2026-05-17 03:00:00
100495,A,2026-05-23 15:00:00
100496,A,2026-05-20 03:00:00
100497,A,2026-05-07 18:00:00
100498,B,2026-05-08 08:00:00
100499,B,2026-05-28 02:00:00
100500,A,2026-05-13 19:00:00
100501,A,2026-05-08 14:00:00
100502,B,2026-05-18 11:00:00
100503,B,2026-05-04 19:00:00
100504,A,2026-05-24 08:00:00
100505,A,2026-05-17 13:00:00
100506,A,2026-05-12 21:00:00
100507,B,2026-05-04 21:00:00
100508,A,2026-05-22 20:00:00
100509,B,2026-05-13 13:00:00
100510,B,2026-05-19 23:00:00
100511,A,2026-05-20 07:00:00
100512,A,2026-05-05 16:00:00
100513,A,2026-05-01 20:00:00
100514,B,2026-05-24 21:00:00
100515,A,2026-05-11 02:00:00
100516,B,2026-05-11 22:00:00
100517,B,2026-05-23 07:00:00
100518,B,2026-05-18 01:00:00
100519,B,2026-05-12 16:00:00
100520,A,2026-05-20 03:00:00
100521,B,2026-05-10 23:00:00
100522,A,2026-05-21 21:00:00
100523,A,2026-05-22 22:00:00
100524,A,2026-05-23 11:00:00
100525,A,2026-05-17 09:00:00
100526,B,2026-05-26 08:00:00
100527,B,2026-05-17 03:00:00
100528,A,2026-05-16 07:00:00
100529,A,2026-05-20 19:00:00
100530,A,2026-05-10 08:00:00
100531,B,2026-05-25 10:00:00
100532,A,2026-05-04 01:00:00
100533,A,2026-05-18 02:00:00
100534,B,2026-05-17 05:00:00
100535,B,2026-05-15 00:00:00
100536,B,2026-05-12 14:00:00
100537,A,2026-05-16 23:00:00
100538,A,2026-05-21 06:00:00
100539,B,2026-05-22 11:00:00
100540,B,2026-05-18 20:00:00
100541,B,2026-05-05 02:00:00
100542,A,2026-05-22 15:00:00
100543,B,2026-05-02 09:00:00
100544,A,2026-05-24 19:00:00
100545,A,2026-05-09 21:00:00
100546,B,2026-05-01 11:00:00
100547,B,2026-05-26 06:00:00
100548,A,2026-05-28 02:00:00
100549,B,2026-05-15 19:00:00
100550,B,2026-05-25 22:00:00
100551,A,2026-05-12 09:00:00
100552,A,2026-05-22 21:00:00
100553,A,2026-05-21 15:00:00
100554,B,2026-05-15 17:00:00
100555,B,2026-05-07 01:00:00
100556,A,2026-05-14 22:00:00
100557,A,2026-05-16 16:00:00
100558,B,2026-05-23 00:00:00
100559,A,2026-05-08 18:00:00
100560,A,2026-05-05 17:00:00
100561,A,2026-05-17 15:00:00
100562,B,2026-05-12 00:00:00
100563,B,2026-05-08 04:00:00
100564,B,2026-05-02 07:00:00
100565,B,2026-05-22 22:00:00
100566,B,2026-05-18 18:00:00
100567,A,2026-05-22 14:00:00
100568,A,2026-05-28 07:00:00
100569,A,2026-05-04 02:00:00
100570,B,2026-05-06 01:00:00
100571,A,2026-05-19 02:00:00
100572,A,2026-05-16 20:00:00
100573,B,2026-05-05 10:00:00
100574,A,2026-05-11 21:00:00
100575,B,2026-05-27 18:00:00
100576,A,2026-05-05 03:00:00
100577,B,2026-05-07 05:00:00
100578,B,2026-05-07 01:00:00
100579,B,2026-05-03 04:00:00
100580,A,2026-05-10 10:00:00
100581,B,2026-05-11 03:00:00
100582,B,2026-05-04 12:00:00
100583,A,2026-05-16 17:00:00
100584,B,2026-05-09 07:00:00
100585,B,2026-05-11 13:00:00
100586,A,2026-05-02 01:00:00
100587,A,2026-05-09 23:00:00
100588,B,2026-05-17 00:00:00
100589,B,2026-05-23 04:00:00
100590,A,2026-05-20 03:00:00
100591,B,2026-05-27 06:00:00
100592,A,2026-05-20 04:00:00
100593,A,2026-05-22 13:00:00
100594,B,2026-05-15 05:00:00
100595,A,2026-05-02 16:00:00
100596,A,2026-05-11 05:00:00
100597,A,2026-05-05 05:00:00
100598,B,2026-05-02 13:00:00
100599,A,2026-05-03 01:00:00
100600,A,2026-05-18 15:00:00
100601,A,2026-05-17 18:00:00
100602,A,2026-05-06 12:00:00
100603,B,2026-05-08 06:00:00
100604,A,2026-05-06 06:00:00
100605,A,2026-05-27 23:00:00
100606,B,2026-05-05 16:00:00
100607,B,2026-05-25 00:00:00
100608,B,2026-05-19 05:00:00
100609,A,2026-05-17 09:00:00
100610,A,2026-05-06 06:00:00
100611,B,2026-05-05 12:00:00
100612,B,2026-05-01 17:00:00
100613,B,2026-05-13 02:00:00
100614,B,2026-05-01 06:00:00
100615,A,2026-05-04 16:00:00
100616,B,2026-05-13 21:00:00
100617,A,2026-05-05 01:00:00
100618,B,2026-05-23 04:00:00
100619,A,2026-05-28 06:00:00
100620,A,2026-05-08 16:00:00
100621,B,2026-05-25 15:00:00
100622,B,2026-05-15 03:00:00
100623,A,2026-05-26 13:00:00
100624,B,2026-05-18 01:00:00
100625,B,2026-05-28 05:00:00
100626,B,2026-05-26 10:00:00
100627,B,2026-05-19 19:00:00
100628,B,2026-05-21 11:00:00
100629,B,2026-05-24 03:00:00
100630,A,2026-05-05 11:00:00
100631,B,2026-05-06 07:00:00
100632,A,2026-05-25 04:00:00
100633,A,2026-05-07 19:00:00
100634,B,2026-05-18 11:00:00
100635,A,2026-05-14 07:00:00
100636,A,2026-05-23 22:00:00
100637,A,2026-05-07 00:00:00
100638,A,2026-05-26 12:00:00
100639,B,2026-05-01 06:00:00
100640,B,2026-05-09 13:00:00
100641,A,2026-05-21 02:00:00
100642,A,2026-05-07 15:00:00
100643,B,2026-05-19 18:00:00
100644,A,2026-05-27 02:00:00
100645,A,2026-05-16 09:00:00
100646,B,2026-05-20 13:00:00
100647,A,2026-05-06 11:00:00
100648,A,2026-05-07 03:00:00
100649,A,2026-05-06 11:00:00
100650,B,2026-05-20 21:00:00
100651,A,2026-05-02 21:00:00
100652,A,2026-05-10 16:00:00
100653,B,2026-05-10 12:00:00
100654,B,2026-05-02 00:00:00
100655,A,2026-05-05 06:00:00
100656,B,2026-05-15 12:00:00
100657,B,2026-05-09 21:00:00
100658,B,2026-05-05 06:00:00
100659,B,2026-05-04 00:00:00
100660,A,2026-05-02 00:00:00
100661,B,2026-05-27 02:00:00
100662,B,2026-05-28 02:00:00
100663,B,2026-05-13 00:00:00
100664,B,2026-05-17 10:00:00
100665,A,2026-05-02 02:00:00
100666,A,2026-05-26 11:00:00
100667,B,2026-05-12 04:00:00
100668,B,2026-05-09 16:00:00
100669,A,2026-05-11 10:00:00
100670,A,2026-05-24 00:00:00
100671,B,2026-05-26 09:00:00
100672,A,2026-05-06 13:00:00
100673,A,2026-05-22 02:00:00
100674,A,2026-05-08 20:00:00
100675,B,2026-05-05 01:00:00
100676,B,2026-05-09 01:00:00
100677,A,2026-05-26 07:00:00
100678,B,2026-05-17 08:00:00
100679,B,2026-05-25 18:00:00
100680,A,2026-05-15 11:00:00
100681,A,2026-05-21 19:00:00
100682,B,2026-05-18 16:00:00
100683,B,2026-05-06 16:00:00
100684,A,2026-05-02 05:00:00
100685,A,2026-05-02 20:00:00
100686,A,2026-05-12 22:00:00
100687,A,2026-05-27 14:00:00
100688,B,2026-05-28 19:00:00
100689,A,2026-05-26 06:00:00
100690,B,2026-05-09 21:00:00
100691,B,2026-05-05 20:00:00
100692,A,2026-05-12 21:00:00
100693,B,2026-05-25 23:00:00
100694,B,2026-05-12 18:00:00
100695,B,2026-05-27 19:00:00
100696,A,2026-05-16 06:00:00
100697,A,2026-05-25 20:00:00
100698,A,2026-05-25 06:00:00
100699,A,2026-05-05 05:00:00
100700,B,2026-05-08 04:00:00
100701,B,2026-05-20 15:00:00
100702,B,2026-05-25 12:00:00
100703,B,2026-05-13 01:00:00
100704,A,2026-05-16 21:00:00
100705,B,2026-05-22 01:00:00
100706,A,2026-05-26 05:00:00
100707,B,2026-05-21 12:00:00
100708,A,2026-05-08 03:00:00
100709,B,2026-05-16 00:00:00
100710,B,2026-05-28 10:00:00
100711,B,2026-05-19 13:00:00
100712,B,2026-05-10 13:00:00
100713,B,2026-05-09 00:00:00
100714,A,2026-05-08 05:00:00
100715,A,2026-05-10 20:00:00
100716,A,2026-05-24 11:00:00
100717,B,2026-05-21 21:00:00
100718,A,2026-05-18 20:00:00
100719,A,2026-05-02 09:00:00
100720,A,2026-05-07 06:00:00
100721,A,2026-05-07 00:00:00
100722,A,2026-05-15 13:00:00
100723,B,2026-05-21 11:00:00
100724,A,2026-05-02 04:00:00
100725,A,2026-05-09 01:00:00
100726,B,2026-05-13 17:00:00
100727,A,2026-05-05 02:00:00
100728,A,2026-05-22 02:00:00
100729,A,2026-05-16 12:00:00
100730,A,2026-05-10 16:00:00
100731,A,2026-05-01 13:00:00
100732,A,2026-05-19 09:00:00
100733,B,2026-05-22 23:00:00
100734,A,2026-05-28 13:00:00
100735,B,2026-05-21 16:00:00
100736,A,2026-05-10 22:00:00
100737,A,2026-05-16 19:00:00
100738,A,2026-05-23 00:00:00
100739,A,2026-05-11 20:00:00
100740,A,2026-05-22 18:00:00
100741,A,2026-05-13 14:00:00
100742,A,2026-05-22 17:00:00
100743,A,2026-05-12 18:00:00
100744,A,2026-05-20 11:00:00
100745,B,2026-05-14 18:00:00
100746,A,2026-05-28 21:00:00
100747,A,2026-05-01 11:00:00
100748,B,2026-05-09 04:00:00
100749,A,2026-05-11 07:00:00
100750,B,2026-05-18 09:00:00
100751,A,2026-05-22 05:00:00
100752,A,2026-05-27 14:00:00
100753,B,2026-05-02 16:00:00
100754,B,2026-05-20 21:00:00
100755,A,2026-05-10 16:00:00
100756,B,2026-05-17 03:00:00
100757,B,2026-05-27 17:00:00
100758,A,2026-05-15 14:00:00
100759,A,2026-05-08 17:00:00
100760,A,2026-05-19 01:00:00
100761,B,2026-05-17 23:00:00
100762,B,2026-05-12 03:00:00
100763,B,2026-05-01 05:00:00
100764,A,2026-05-02 03:00:00
100765,A,2026-05-28 16:00:00
100766,A,2026-05-21 13:00:00
100767,A,2026-05-08 22:00:00
100768,A,2026-05-21 05:00:00
100769,A,2026-05-24 12:00:00
100770,B,2026-05-16 04:00:00
100771,B,2026-05-04 18:00:00
100772,B,2026-05-28 04:00:00
100773,A,2026-05-24 21:00:00
100774,B,2026-05-04 12:00:00
100775,A,2026-05-13 19:00:00
100776,B,2026-05-26 00:00:00
100777,A,2026-05-13 00:00:00
100778,B,2026-05-03 03:00:00
100779,A,2026-05-14 09:00:00
100780,B,2026-05-04 17:00:00
100781,A,2026-05-02 01:00:00
100782,A,2026-05-05 18:00:00
100783,A,2026-05-20 02:00:00
100784,B,2026-05-03 15:00:00
100785,B,2026-05-09 18:00:00
100786,A,2026-05-17 16:00:00
100787,A,2026-05-03 05:00:00
100788,A,2026-05-03 08:00:00
100789,B,2026-05-02 23:00:00
100790,A,2026-05-19 20:00:00
100791,A,2026-05-01 15:00:00
100792,B,2026-05-28 16:00:00
100793,B,2026-05-20 21:00:00
100794,A,2026-05-27 20:00:00
100795,A,2026-05-24 13:00:00
100796,A,2026-05-01 10:00:00
100797,A,2026-05-18 10:00:00
100798,B,2026-05-28 20:00:00
100799,B,2026-05-25 08:00:00
100800,A,2026-05-07 03:00:00
100801,A,2026-05-11 08:00:00
100802,A,2026-05-07 16:00:00
100803,A,2026-05-12 00:00:00
100804,B,2026-05-28 02:00:00
100805,B,2026-05-27 11:00:00
100806,A,2026-05-01 05:00:00
100807,B,2026-05-19 07:00:00
100808,B,2026-05-15 12:00:00
100809,B,2026-05-12 13:00:00
100810,B,2026-05-10 10:00:00
100811,B,2026-05-25 08:00:00
100812,A,2026-05-16 12:00:00
100813,B,2026-05-20 03:00:00
100814,B,2026-05-26 07:00:00
100815,A,2026-05-11 03:00:00
100816,A,2026-05-25 05:00:00
100817,B,2026-05-05 12:00:00
100818,B,2026-05-06 17:00:00
100819,B,2026-05-01 08:00:00
100820,A,2026-05-14 09:00:00
100821,B,2026-05-22 12:00:00
100822,B,2026-05-01 02:00:00
100823,A,2026-05-17 10:00:00
100824,B,2026-05-08 14:00:00
100825,B,2026-05-22 09:00:00
100826,A,2026-05-06 23:00:00
100827,B,2026-05-01 23:00:00
100828,A,2026-05-16 03:00:00
100829,A,2026-05-07 22:00:00
100830,A,2026-05-12 08:00:00
100831,B,2026-05-27 16:00:00
100832,B,2026-05-03 02:00:00
100833,A,2026-05-20 03:00:00
100834,A,2026-05-03 05:00:00
100835,A,2026-05-05 07:00:00
100836,B,2026-05-12 07:00:00
100837,B,2026-05-23 12:00:00
100838,A,2026-05-24 01:00:00
100839,A,2026-05-03 09:00:00
100840,A,2026-05-28 09:00:00
100841,B,2026-05-13 17:00:00
100842,A,2026-05-03 15:00:00
100843,B,2026-05-11 09:00:00
100844,A,2026-05-25 23:00:00
100845,B,2026-05-10 08:00:00
100846,A,2026-05-06 21:00:00
100847,B,2026-05-16 08:00:00
100848,A,2026-05-19 08:00:00
100849,A,2026-05-07 12:00:00
100850,B,2026-05-27 00:00:00
100851,A,2026-05-28 03:00:00
100852,B,2026-05-11 07:00:00
100853,B,2026-05-02 10:00:00
100854,A,2026-05-22 00:00:00
100855,B,2026-05-24 23:00:00
100856,B,2026-05-19 06:00:00
100857,B,2026-05-08 00:00:00
100858,B,2026-05-06 14:00:00
100859,A,2026-05-14 19:00:00
100860,B,2026-05-11 10:00:00
100861,A,2026-05-08 12:00:00
100862,A,2026-05-01 01:00:00
100863,A,2026-05-04 16:00:00
100864,B,2026-05-20 09:00:00
100865,B,2026-05-17 01:00:00
100866,B,2026-05-17 13:00:00
100867,B,2026-05-22 16:00:00
100868,A,2026-05-17 13:00:00
100869,B,2026-05-22 00:00:00
100870,B,2026-05-04 18:00:00
100871,A,2026-05-23 00:00:00
100872,A,2026-05-14 04:00:00
100873,A,2026-05-06 07:00:00
100874,B,2026-05-14 15:00:00
100875,B,2026-05-17 02:00:00
100876,A,2026-05-28 04:00:00
100877,B,2026-05-02 07:00:00
100878,B,2026-05-22 01:00:00
100879,B,2026-05-16 01:00:00
100880,A,2026-05-08 20:00:00
100881,B,2026-05-01 14:00:00
100882,B,2026-05-26 14:00:00
100883,A,2026-05-26 04:00:00
100884,B,2026-05-03 00:00:00
100885,A,2026-05-22 22:00:00
100886,B,2026-05-22 08:00:00
100887,B,2026-05-21 13:00:00
100888,A,2026-05-02 19:00:00
100889,A,2026-05-22 10:00:00
100890,B,2026-05-06 16:00:00
100891,B,2026-05-14 00:00:00
100892,B,2026-05-21 21:00:00
100893,B,2026-05-27 10:00:00
100894,B,2026-05-15 08:00:00
100895,A,2026-05-14 03:00:00
100896,A,2026-05-25 00:00:00
100897,B,2026-05-23 12:00:00
100898,B,2026-05-27 15:00:00
100899,B,2026-05-19 20:00:00
100900,A,2026-05-02 06:00:00
100901,B,2026-05-02 02:00:00
100902,A,2026-05-10 14:00:00
100903,B,2026-05-13 09:00:00
100904,A,2026-05-25 20:00:00
100905,A,2026-05-02 00:00:00
100906,B,2026-05-05 12:00:00
100907,A,2026-05-01 00:00:00
100908,B,2026-05-04 20:00:00
100909,B,2026-05-16 17:00:00
100910,A,2026-05-15 17:00:00
100911,A,2026-05-18 08:00:00
100912,B,2026-05-01 12:00:00
100913,B,2026-05-05 14:00:00
100914,B,2026-05-09 09:00:00
100915,B,2026-05-04 23:00:00
100916,B,2026-05-06 15:00:00
100917,B,2026-05-21 17:00:00
100918,B,2026-05-04 21:00:00
100919,B,2026-05-15 17:00:00
100920,B,2026-05-16 17:00:00
100921,A,2026-05-13 20:00:00
100922,B,2026-05-20 06:00:00
100923,B,2026-05-11 18:00:00
100924,B,2026-05-03 04:00:00
100925,B,2026-05-19 13:00:00
100926,A,2026-05-05 21:00:00
100927,B,2026-05-19 06:00:00
100928,A,2026-05-06 04:00:00
100929,A,2026-05-15 20:00:00
100930,B,2026-05-05 12:00:00
100931,A,2026-05-09 19:00:00
100932,B,2026-05-09 20:00:00
100933,A,2026-05-27 10:00:00
100934,A,2026-05-04 12:00:00
100935,B,2026-05-23 03:00:00
100936,A,2026-05-14 02:00:00
100937,A,2026-05-12 07:00:00
100938,B,2026-05-26 15:00:00
100939,A,2026-05-07 09:00:00
100940,B,2026-05-02 19:00:00
100941,B,2026-05-08 19:00:00
100942,A,2026-05-17 01:00:00
100943,B,2026-05-10 16:00:00
100944,B,2026-05-28 09:00:00
100945,A,2026-05-23 23:00:00
100946,A,2026-05-13 19:00:00
100947,A,2026-05-02 08:00:00
100948,B,2026-05-23 08:00:00
100949,B,2026-05-26 15:00:00
100950,A,2026-05-03 23:00:00
100951,B,2026-05-10 18:00:00
100952,A,2026-05-25 14:00:00
100953,A,2026-05-21 03:00:00
100954,A,2026-05-13 21:00:00
100955,A,2026-05-23 10:00:00
100956,B,2026-05-21 09:00:00
100957,B,2026-05-28 16:00:00
100958,B,2026-05-27 15:00:00
100959,B,2026-05-08 05:00:00
100960,A,2026-05-25 19:00:00
100961,A,2026-05-22 05:00:00
100962,B,2026-05-04 02:00:00
100963,B,2026-05-15 06:00:00
100964,B,2026-05-09 03:00:00
100965,B,2026-05-19 07:00:00
100966,A,2026-05-23 10:00:00
100967,B,2026-05-19 00:00:00
100968,B,2026-05-26 10:00:00
100969,B,2026-05-01 14:00:00
100970,B,2026-05-02 05:00:00
100971,B,2026-05-06 02:00:00
100972,A,2026-05-04 07:00:00
100973,A,2026-05-24 12:00:00
100974,A,2026-05-06 06:00:00
100975,B,2026-05-27 03:00:00
100976,B,2026-05-12 15:00:00
100977,B,2026-05-22 12:00:00
100978,A,2026-05-22 20:00:00
100979,B,2026-05-22 14:00:00
100980,A,2026-05-01 13:00:00
100981,B,2026-05-15 05:00:00
100982,A,2026-05-13 07:00:00
100983,A,2026-05-20 20:00:00
100984,B,2026-05-18 02:00:00
100985,A,2026-05-23 19:00:00
100986,A,2026-05-22 21:00:00
100987,B,2026-05-23 02:00:00
100988,A,2026-05-15 01:00:00
100989,A,2026-05-22 02:00:00
100990,A,2026-05-16 12:00:00
100991,B,2026-05-05 08:00:00
100992,B,2026-05-24 01:00:00
100993,A,2026-05-25 17:00:00
100994,B,2026-05-05 17:00:00
100995,B,2026-05-01 13:00:00
100996,B,2026-05-03 17:00:00
100997,B,2026-05-11 09:00:00
100998,B,2026-05-28 22:00:00
100999,A,2026-05-16 22:00:00
101000,A,2026-05-19 11:00:00
101001,A,2026-05-09 14:00:00
101002,A,2026-05-03 19:00:00
101003,B,2026-05-22 00:00:00
101004,B,2026-05-23 04:00:00
101005,B,2026-05-09 15:00:00
101006,A,2026-05-09 14:00:00
101007,A,2026-05-26 16:00:00
101008,A,2026-05-17 21:00:00
101009,A,2026-05-20 16:00:00
101010,A,2026-05-07 17:00:00
101011,A,2026-05-06 02:00:00
101012,B,2026-05-08 01:00:00
101013,B,2026-05-22 10:00:00
101014,A,2026-05-05 13:00:00
101015,A,2026-05-22 20:00:00
101016,A,2026-05-10 10:00:00
101017,B,2026-05-01 13:00:00
101018,B,2026-05-14 22:00:00
101019,A,2026-05-12 21:00:00
101020,B,2026-05-18 22:00:00
101021,B,2026-05-26 10:00:00
101022,A,2026-05-24 00:00:00
101023,A,2026-05-10 17:00:00
101024,B,2026-05-11 08:00:00
101025,B,2026-05-06 13:00:00
101026,B,2026-05-27 10:00:00
101027,A,2026-05-05 18:00:00
101028,A,2026-05-16 00:00:00
101029,A,2026-05-05 23:00:00
101030,B,2026-05-19 14:00:00
101031,B,2026-05-15 16:00:00
101032,B,2026-05-07 19:00:00
101033,A,2026-05-05 16:00:00
101034,A,2026-05-18 11:00:00
101035,B,2026-05-18 13:00:00
101036,A,2026-05-16 01:00:00
101037,A,2026-05-16 20:00:00
101038,A,2026-05-23 08:00:00
101039,A,2026-05-22 13:00:00
101040,A,2026-05-22 04:00:00
101041,B,2026-05-03 08:00:00
101042,B,2026-05-10 14:00:00
101043,B,2026-05-09 19:00:00
101044,A,2026-05-08 09:00:00
101045,A,2026-05-07 12:00:00
101046,B,2026-05-26 19:00:00
101047,B,2026-05-01 10:00:00
101048,B,2026-05-25 12:00:00
101049,B,2026-05-25 07:00:00
101050,B,2026-05-04 00:00:00
101051,A,2026-05-18 02:00:00
101052,A,2026-05-20 14:00:00
101053,B,2026-05-09 12:00:00
101054,B,2026-05-15 17:00:00
101055,B,2026-05-18 12:00:00
101056,B,2026-05-14 06:00:00
101057,B,2026-05-09 08:00:00
101058,A,2026-05-01 18:00:00
101059,B,2026-05-27 06:00:00
101060,B,2026-05-08 20:00:00
101061,B,2026-05-16 03:00:00
101062,A,2026-05-09 17:00:00
101063,B,2026-05-09 19:00:00
101064,A,2026-05-17 08:00:00
101065,B,2026-05-22 13:00:00
101066,A,2026-05-24 13:00:00
101067,B,2026-05-18 22:00:00
101068,B,2026-05-08 08:00:00
101069,B,2026-05-01 20:00:00
101070,A,2026-05-26 18:00:00
101071,B,2026-05-08 10:00:00
101072,B,2026-05-22 20:00:00
101073,A,2026-05-02 08:00:00
101074,B,2026-05-15 04:00:00
101075,B,2026-05-09 18:00:00
101076,B,2026-05-04 02:00:00
101077,A,2026-05-24 01:00:00
101078,B,2026-05-26 07:00:00
101079,B,2026-05-22 04:00:00
101080,A,2026-05-11 09:00:00
101081,B,2026-05-08 10:00:00
101082,B,2026-05-14 12:00:00
101083,B,2026-05-05 14:00:00
101084,A,2026-05-19 04:00:00
101085,B,2026-05-10 04:00:00
101086,A,2026-05-10 11:00:00
101087,B,2026-05-26 03:00:00
101088,B,2026-05-14 17:00:00
101089,B,2026-05-28 18:00:00
101090,A,2026-05-15 10:00:00
101091,A,2026-05-13 23:00:00
101092,B,2026-05-11 18:00:00
101093,B,2026-05-08 00:00:00
101094,A,2026-05-09 18:00:00
101095,A,2026-05-26 03:00:00
101096,B,2026-05-27 18:00:00
101097,A,2026-05-25 16:00:00
101098,B,2026-05-25 03:00:00
101099,B,2026-05-04 05:00:00
101100,A,2026-05-26 23:00:00
101101,B,2026-05-17 15:00:00
101102,A,2026-05-04 05:00:00
101103,A,2026-05-27 05:00:00
101104,B,2026-05-11 02:00:00
101105,A,2026-05-05 13:00:00
101106,A,2026-05-08 06:00:00
101107,A,2026-05-24 23:00:00
101108,B,2026-05-02 03:00:00
101109,B,2026-05-02 07:00:00
101110,B,2026-05-04 17:00:00
101111,B,2026-05-02 03:00:00
101112,A,2026-05-17 21:00:00
101113,A,2026-05-02 22:00:00
101114,B,2026-05-21 20:00:00
101115,A,2026-05-15 20:00:00
101116,A,2026-05-07 13:00:00
101117,A,2026-05-05 04:00:00
101118,B,2026-05-11 11:00:00
101119,B,2026-05-04 05:00:00
101120,B,2026-05-11 00:00:00
101121,B,2026-05-26 10:00:00
101122,A,2026-05-01 16:00:00
101123,A,2026-05-05 01:00:00
101124,A,2026-05-04 12:00:00
101125,A,2026-05-19 12:00:00
101126,A,2026-05-02 12:00:00
101127,B,2026-05-09 13:00:00
101128,B,2026-05-18 14:00:00
101129,B,2026-05-17 01:00:00
101130,A,2026-05-04 05:00:00
101131,B,2026-05-27 09:00:00
101132,B,2026-05-03 21:00:00
101133,A,2026-05-24 05:00:00
101134,A,2026-05-01 21:00:00
101135,A,2026-05-28 19:00:00
101136,A,2026-05-09 08:00:00
101137,A,2026-05-04 02:00:00
101138,A,2026-05-21 08:00:00
101139,A,2026-05-23 19:00:00
101140,A,2026-05-15 03:00:00
101141,A,2026-05-20 05:00:00
101142,A,2026-05-09 00:00:00
101143,B,2026-05-06 22:00:00
101144,B,2026-05-04 02:00:00
101145,A,2026-05-21 17:00:00
101146,A,2026-05-11 04:00:00
101147,A,2026-05-24 05:00:00
101148,B,2026-05-11 06:00:00
101149,A,2026-05-10 22:00:00
101150,B,2026-05-21 01:00:00
101151,B,2026-05-13 20:00:00
101152,A,2026-05-23 05:00:00
101153,A,2026-05-08 21:00:00
101154,A,2026-05-12 13:00:00
101155,B,2026-05-01 04:00:00
101156,B,2026-05-21 07:00:00
101157,A,2026-05-03 09:00:00
101158,B,2026-05-03 04:00:00
101159,B,2026-05-27 04:00:00
101160,B,2026-05-18 01:00:00
101161,B,2026-05-06 06:00:00
101162,A,2026-05-08 13:00:00
101163,B,2026-05-21 16:00:00
101164,A,2026-05-25 07:00:00
101165,B,2026-05-21 01:00:00
101166,A,2026-05-15 10:00:00
101167,A,2026-05-14 15:00:00
101168,B,2026-05-14 08:00:00
101169,B,2026-05-13 01:00:00
101170,A,2026-05-23 12:00:00
101171,B,2026-05-22 13:00:00
101172,A,2026-05-26 18:00:00
101173,A,2026-05-14 22:00:00
101174,B,2026-05-28 13:00:00
101175,B,2026-05-07 08:00:00
101176,A,2026-05-27 05:00:00
101177,A,2026-05-14 10:00:00
101178,B,2026-05-12 09:00:00
101179,A,2026-05-08 15:00:00
101180,A,2026-05-02 15:00:00
101181,A,2026-05-14 15:00:00
101182,A,2026-05-06 13:00:00
101183,A,2026-05-18 22:00:00
101184,A,2026-05-05 11:00:00
101185,B,2026-05-10 23:00:00
101186,A,2026-05-03 22:00:00
101187,A,2026-05-13 20:00:00
101188,A,2026-05-10 04:00:00
101189,A,2026-05-22 23:00:00
101190,A,2026-05-01 09:00:00
101191,A,2026-05-17 18:00:00
101192,B,2026-05-03 18:00:00
101193,A,2026-05-17 18:00:00
101194,B,2026-05-15 08:00:00
101195,A,2026-05-26 09:00:00
101196,A,2026-05-17 10:00:00
101197,A,2026-05-06 09:00:00
101198,B,2026-05-20 04:00:00
101199,A,2026-05-16 15:00:00
101200,A,2026-05-13 18:00:00
101201,B,2026-05-09 23:00:00
101202,B,2026-05-11 12:00:00
101203,B,2026-05-06 10:00:00
101204,B,2026-05-05 23:00:00
101205,A,2026-05-27 15:00:00
101206,B,2026-05-07 02:00:00
101207,B,2026-05-22 04:00:00
101208,B,2026-05-28 00:00:00
101209,A,2026-05-21 00:00:00
101210,B,2026-05-11 22:00:00
101211,A,2026-05-01 20:00:00
101212,A,2026-05-26 20:00:00
101213,B,2026-05-17 12:00:00
101214,A,2026-05-07 03:00:00
101215,B,2026-05-18 14:00:00
101216,B,2026-05-13 22:00:00
101217,A,2026-05-28 16:00:00
101218,B,2026-05-13 21:00:00
101219,A,2026-05-20 19:00:00
101220,A,2026-05-24 06:00:00
101221,B,2026-05-27 20:00:00
101222,B,2026-05-22 19:00:00
101223,B,2026-05-16 01:00:00
101224,B,2026-05-17 14:00:00
101225,B,2026-05-11 07:00:00
101226,A,2026-05-14 19:00:00
101227,A,2026-05-11 03:00:00
101228,B,2026-05-09 20:00:00
101229,A,2026-05-02 02:00:00
101230,B,2026-05-16 18:00:00
101231,B,2026-05-01 23:00:00
101232,B,2026-05-04 00:00:00
101233,A,2026-05-26 21:00:00
101234,B,2026-05-05 13:00:00
101235,A,2026-05-22 14:00:00
101236,B,2026-05-05 06:00:00
101237,A,2026-05-12 09:00:00
101238,B,2026-05-28 02:00:00
101239,B,2026-05-11 18:00:00
101240,B,2026-05-13 03:00:00
101241,A,2026-05-12 10:00:00
101242,A,2026-05-05 06:00:00
101243,B,2026-05-19 22:00:00
101244,B,2026-05-05 21:00:00
101245,B,2026-05-18 07:00:00
101246,B,2026-05-25 22:00:00
101247,A,2026-05-08 12:00:00
101248,B,2026-05-26 17:00:00
101249,A,2026-05-23 06:00:00
101250,B,2026-05-08 14:00:00
101251,B,2026-05-26 13:00:00
101252,A,2026-05-27 04:00:00
101253,B,2026-05-17 07:00:00
101254,B,2026-05-17 12:00:00
101255,A,2026-05-12 13:00:00
101256,A,2026-05-22 16:00:00
101257,A,2026-05-08 10:00:00
101258,A,2026-05-04 09:00:00
101259,A,2026-05-02 13:00:00
101260,B,2026-05-26 06:00:00
101261,A,2026-05-15 23:00:00
101262,B,2026-05-03 02:00:00
101263,A,2026-05-11 15:00:00
101264,A,2026-05-21 18:00:00
101265,A,2026-05-08 22:00:00
101266,B,2026-05-15 00:00:00
101267,A,2026-05-04 17:00:00
101268,A,2026-05-02 06:00:00
101269,A,2026-05-12 17:00:00
101270,B,2026-05-28 19:00:00
101271,A,2026-05-10 23:00:00
101272,B,2026-05-12 20:00:00
101273,B,2026-05-01 12:00:00
101274,A,2026-05-06 03:00:00
101275,A,2026-05-06 09:00:00
101276,B,2026-05-18 03:00:00
101277,B,2026-05-06 18:00:00
101278,A,2026-05-02 19:00:00
101279,A,2026-05-10 05:00:00
101280,A,2026-05-05 10:00:00
101281,A,2026-05-21 20:00:00
101282,A,2026-05-16 13:00:00
101283,A,2026-05-27 02:00:00
101284,A,2026-05-25 02:00:00
101285,B,2026-05-04 06:00:00
101286,B,2026-05-05 13:00:00
101287,B,2026-05-06 07:00:00
101288,A,2026-05-08 22:00:00
101289,A,2026-05-06 02:00:00
101290,B,2026-05-07 20:00:00
101291,B,2026-05-04 06:00:00
101292,A,2026-05-20 11:00:00
101293,B,2026-05-14 15:00:00
101294,A,2026-05-09 03:00:00
101295,A,2026-05-22 12:00:00
101296,B,2026-05-25 01:00:00
101297,A,2026-05-24 01:00:00
101298,A,2026-05-01 22:00:00
101299,A,2026-05-10 14:00:00
101300,A,2026-05-03 08:00:00
101301,A,2026-05-18 08:00:00
101302,A,2026-05-13 16:00:00
101303,A,2026-05-12 17:00:00
101304,A,2026-05-12 08:00:00
101305,B,2026-05-05 23:00:00
101306,A,2026-05-19 19:00:00
101307,A,2026-05-04 00:00:00
101308,B,2026-05-25 13:00:00
101309,A,2026-05-27 11:00:00
101310,B,2026-05-19 21:00:00
101311,B,2026-05-20 20:00:00
101312,B,2026-05-28 00:00:00
101313,B,2026-05-05 03:00:00
101314,B,2026-05-18 21:00:00
101315,B,2026-05-20 07:00:00
101316,B,2026-05-01 09:00:00
101317,A,2026-05-25 01:00:00
101318,A,2026-05-07 08:00:00
101319,B,2026-05-27 00:00:00
101320,A,2026-05-28 02:00:00
101321,A,2026-05-11 18:00:00
101322,B,2026-05-25 12:00:00
101323,A,2026-05-02 12:00:00
101324,B,2026-05-11 16:00:00
101325,A,2026-05-15 18:00:00
101326,B,2026-05-07 13:00:00
101327,A,2026-05-04 04:00:00
101328,B,2026-05-14 22:00:00
101329,A,2026-05-10 06:00:00
101330,A,2026-05-05 08:00:00
101331,A,2026-05-22 10:00:00
101332,A,2026-05-13 13:00:00
101333,A,2026-05-09 07:00:00
101334,A,2026-05-15 03:00:00
101335,B,2026-05-20 02:00:00
101336,A,2026-05-09 04:00:00
101337,A,2026-05-15 16:00:00
101338,A,2026-05-18 11:00:00
101339,B,2026-05-17 23:00:00
101340,A,2026-05-11 02:00:00
101341,B,2026-05-03 23:00:00
101342,A,2026-05-10 04:00:00
101343,B,2026-05-17 04:00:00
101344,A,2026-05-17 13:00:00
101345,A,2026-05-11 14:00:00
101346,B,2026-05-16 13:00:00
101347,A,2026-05-10 00:00:00
101348,A,2026-05-23 00:00:00
101349,B,2026-05-21 01:00:00
101350,B,2026-05-16 21:00:00
101351,A,2026-05-20 00:00:00
101352,A,2026-05-16 21:00:00
101353,B,2026-05-01 13:00:00
101354,B,2026-05-21 09:00:00
101355,B,2026-05-05 08:00:00
101356,B,2026-05-15 21:00:00
101357,B,2026-05-17 18:00:00
101358,A,2026-05-23 08:00:00
101359,B,2026-05-10 17:00:00
101360,A,2026-05-18 23:00:00
101361,B,2026-05-09 08:00:00
101362,A,2026-05-28 20:00:00
101363,B,2026-05-25 20:00:00
101364,B,2026-05-27 17:00:00
101365,B,2026-05-18 20:00:00
101366,A,2026-05-26 04:00:00
101367,A,2026-05-28 14:00:00
101368,A,2026-05-23 11:00:00
101369,B,2026-05-15 13:00:00
101370,B,2026-05-27 07:00:00
101371,A,2026-05-03 01:00:00
101372,B,2026-05-12 18:00:00
101373,A,2026-05-27 14:00:00
101374,B,2026-05-25 05:00:00
101375,B,2026-05-11 07:00:00
101376,A,2026-05-22 06:00:00
101377,A,2026-05-03 07:00:00
101378,B,2026-05-08 13:00:00
101379,A,2026-05-02 04:00:00
101380,B,2026-05-24 00:00:00
101381,B,2026-05-18 07:00:00
101382,A,2026-05-19 21:00:00
101383,B,2026-05-16 04:00:00
101384,B,2026-05-12 15:00:00
101385,B,2026-05-22 16:00:00
101386,B,2026-05-24 14:00:00
101387,B,2026-05-24 07:00:00
101388,A,2026-05-09 11:00:00
101389,B,2026-05-03 03:00:00
101390,A,2026-05-04 20:00:00
101391,B,2026-05-15 03:00:00
101392,A,2026-05-23 02:00:00
101393,B,2026-05-28 11:00:00
101394,B,2026-05-18 08:00:00
101395,B,2026-05-24 14:00:00
101396,B,2026-05-01 14:00:00
101397,B,2026-05-09 13:00:00
101398,B,2026-05-02 20:00:00
101399,A,2026-05-06 22:00:00
101400,B,2026-05-27 14:00:00
101401,A,2026-05-22 00:00:00
101402,B,2026-05-22 05:00:00
101403,B,2026-05-05 23:00:00
101404,A,2026-05-09 13:00:00
101405,B,2026-05-13 06:00:00
101406,A,2026-05-15 02:00:00
101407,A,2026-05-07 21:00:00
101408,A,2026-05-17 22:00:00
101409,B,2026-05-03 17:00:00
101410,B,2026-05-15 18:00:00
101411,B,2026-05-15 21:00:00
101412,A,2026-05-17 00:00:00
101413,A,2026-05-21 02:00:00
101414,B,2026-05-25 00:00:00
101415,B,2026-05-24 01:00:00
101416,B,2026-05-16 07:00:00
101417,A,2026-05-09 14:00:00
101418,B,2026-05-18 00:00:00
101419,B,2026-05-24 07:00:00
101420,B,2026-05-13 12:00:00
101421,B,2026-05-27 20:00:00
101422,A,2026-05-17 20:00:00
101423,B,2026-05-24 15:00:00
101424,B,2026-05-18 02:00:00
101425,B,2026-05-14 19:00:00
101426,A,2026-05-02 08:00:00
101427,A,2026-05-28 15:00:00
101428,B,2026-05-07 03:00:00
101429,B,2026-05-05 14:00:00
101430,B,2026-05-02 05:00:00
101431,A,2026-05-15 13:00:00
101432,B,2026-05-07 16:00:00
101433,B,2026-05-16 04:00:00
101434,A,2026-05-22 05:00:00
101435,A,2026-05-11 07:00:00
101436,B,2026-05-12 10:00:00
101437,B,2026-05-14 00:00:00
101438,B,2026-05-07 02:00:00
101439,B,2026-05-08 14:00:00
101440,A,2026-05-02 14:00:00
101441,A,2026-05-10 07:00:00
101442,A,2026-05-22 20:00:00
101443,B,2026-05-14 22:00:00
101444,B,2026-05-21 15:00:00
101445,B,2026-05-15 18:00:00
101446,B,2026-05-23 15:00:00
101447,A,2026-05-17 07:00:00
101448,B,2026-05-25 15:00:00
101449,A,2026-05-11 09:00:00
101450,A,2026-05-23 13:00:00
101451,B,2026-05-10 18:00:00
101452,B,2026-05-12 22:00:00
101453,B,2026-05-26 10:00:00
101454,A,2026-05-26 13:00:00
101455,B,2026-05-16 04:00:00
101456,B,2026-05-26 14:00:00
101457,B,2026-05-17 14:00:00
101458,B,2026-05-10 22:00:00
101459,A,2026-05-25 04:00:00
101460,B,2026-05-16 05:00:00
101461,A,2026-05-17 17:00:00
101462,A,2026-05-11 16:00:00
101463,B,2026-05-13 06:00:00
101464,B,2026-05-07 19:00:00
101465,B,2026-05-09 08:00:00
101466,B,2026-05-27 18:00:00
101467,A,2026-05-02 18:00:00
101468,A,2026-05-17 21:00:00
101469,A,2026-05-15 18:00:00
101470,B,2026-05-26 07:00:00
101471,B,2026-05-26 15:00:00
101472,A,2026-05-23 08:00:00
101473,B,2026-05-28 18:00:00
101474,B,2026-05-02 16:00:00
101475,B,2026-05-21 05:00:00
101476,A,2026-05-14 03:00:00
101477,B,2026-05-09 11:00:00
101478,A,2026-05-14 01:00:00
101479,B,2026-05-22 21:00:00
101480,A,2026-05-10 04:00:00
101481,B,2026-05-01 11:00:00
101482,B,2026-05-17 03:00:00
101483,A,2026-05-26 02:00:00
101484,A,2026-05-13 20:00:00
101485,A,2026-05-07 06:00:00
101486,A,2026-05-28 03:00:00
101487,A,2026-05-05 13:00:00
101488,B,2026-05-18 21:00:00
101489,B,2026-05-16 11:00:00
101490,A,2026-05-16 20:00:00
101491,B,2026-05-07 06:00:00
101492,A,2026-05-28 13:00:00
101493,B,2026-05-02 17:00:00
101494,B,2026-05-03 21:00:00
101495,B,2026-05-06 12:00:00
101496,B,2026-05-27 13:00:00
101497,B,2026-05-28 04:00:00
101498,A,2026-05-14 16:00:00
101499,B,2026-05-14 08:00:00
101500,B,2026-05-21 03:00:00
101501,A,2026-05-09 00:00:00
101502,B,2026-05-07 23:00:00
101503,A,2026-05-27 22:00:00
101504,B,2026-05-06 03:00:00
101505,B,2026-05-20 22:00:00
101506,A,2026-05-02 03:00:00
101507,A,2026-05-06 06:00:00
101508,B,2026-05-02 23:00:00
101509,B,2026-05-03 11:00:00
101510,A,2026-05-07 14:00:00
101511,B,2026-05-21 16:00:00
101512,B,2026-05-16 15:00:00
101513,A,2026-05-04 18:00:00
101514,A,2026-05-10 13:00:00
101515,B,2026-05-26 14:00:00
101516,B,2026-05-14 10:00:00
101517,B,2026-05-13 16:00:00
101518,A,2026-05-18 21:00:00
101519,B,2026-05-03 20:00:00
101520,A,2026-05-04 18:00:00
101521,A,2026-05-17 02:00:00
101522,A,2026-05-16 12:00:00
101523,B,2026-05-14 13:00:00
101524,B,2026-05-25 14:00:00
101525,B,2026-05-02 21:00:00
101526,A,2026-05-05 11:00:00
101527,B,2026-05-07 22:00:00
101528,A,2026-05-13 06:00:00
101529,A,2026-05-04 20:00:00
101530,B,2026-05-05 06:00:00
101531,B,2026-05-16 04:00:00
101532,B,2026-05-28 19:00:00
101533,A,2026-05-02 09:00:00
101534,A,2026-05-24 10:00:00
101535,B,2026-05-20 12:00:00
101536,A,2026-05-04 23:00:00
101537,B,2026-05-19 06:00:00
101538,A,2026-05-15 06:00:00
101539,A,2026-05-01 13:00:00
101540,B,2026-05-08 10:00:00
101541,A,2026-05-19 10:00:00
101542,B,2026-05-28 08:00:00
101543,B,2026-05-16 01:00:00
101544,B,2026-05-16 20:00:00
101545,B,2026-05-25 05:00:00
101546,A,2026-05-14 17:00:00
101547,B,2026-05-14 23:00:00
101548,B,2026-05-12 03:00:00
101549,A,2026-05-20 23:00:00
101550,A,2026-05-12 05:00:00
101551,A,2026-05-28 12:00:00
101552,A,2026-05-28 12:00:00
101553,A,2026-05-27 17:00:00
101554,B,2026-05-06 15:00:00
101555,A,2026-05-18 11:00:00
101556,A,2026-05-24 11:00:00
101557,A,2026-05-27 09:00:00
101558,B,2026-05-19 19:00:00
101559,A,2026-05-14 09:00:00
101560,B,2026-05-14 17:00:00
101561,B,2026-05-01 19:00:00
101562,A,2026-05-07 06:00:00
101563,B,2026-05-24 05:00:00
101564,B,2026-05-01 06:00:00
101565,B,2026-05-18 18:00:00
101566,A,2026-05-13 01:00:00
101567,B,2026-05-21 21:00:00
101568,B,2026-05-23 07:00:00
101569,B,2026-05-27 05:00:00
101570,A,2026-05-08 19:00:00
101571,A,2026-05-19 13:00:00
101572,A,2026-05-02 01:00:00
101573,A,2026-05-21 10:00:00
101574,A,2026-05-04 13:00:00
101575,B,2026-05-09 23:00:00
101576,B,2026-05-16 22:00:00
101577,A,2026-05-02 19:00:00
101578,B,2026-05-17 18:00:00
101579,B,2026-05-22 11:00:00
101580,B,2026-05-01 19:00:00
101581,A,2026-05-09 23:00:00
101582,A,2026-05-13 18:00:00
101583,B,2026-05-15 17:00:00
101584,A,2026-05-25 00:00:00
101585,B,2026-05-21 18:00:00
101586,B,2026-05-22 06:00:00
101587,A,2026-05-11 21:00:00
101588,B,2026-05-27 23:00:00
101589,B,2026-05-13 22:00:00
101590,A,2026-05-20 16:00:00
101591,B,2026-05-25 06:00:00
101592,B,2026-05-01 03:00:00
101593,A,2026-05-21 19:00:00
101594,B,2026-05-15 19:00:00
101595,B,2026-05-05 15:00:00
101596,B,2026-05-27 16:00:00
101597,A,2026-05-27 19:00:00
101598,B,2026-05-22 00:00:00
101599,A,2026-05-03 11:00:00
101600,B,2026-05-20 09:00:00
101601,A,2026-05-14 16:00:00
101602,A,2026-05-08 16:00:00
101603,B,2026-05-05 21:00:00
101604,B,2026-05-11 12:00:00
101605,B,2026-05-09 09:00:00
101606,B,2026-05-27 08:00:00
101607,A,2026-05-17 23:00:00
101608,A,2026-05-08 13:00:00
101609,A,2026-05-17 02:00:00
101610,B,2026-05-09 08:00:00
101611,B,2026-05-28 13:00:00
101612,A,2026-05-02 18:00:00
101613,A,2026-05-05 06:00:00
101614,B,2026-05-05 15:00:00
101615,A,2026-05-23 21:00:00
101616,B,2026-05-09 06:00:00
101617,A,2026-05-23 09:00:00
101618,B,2026-05-28 23:00:00
101619,B,2026-05-24 00:00:00
101620,A,2026-05-01 04:00:00
101621,A,2026-05-19 08:00:00
101622,A,2026-05-21 16:00:00
101623,A,2026-05-06 05:00:00
101624,B,2026-05-03 15:00:00
101625,A,2026-05-25 17:00:00
101626,B,2026-05-09 14:00:00
101627,A,2026-05-19 18:00:00
101628,A,2026-05-08 17:00:00
101629,B,2026-05-14 15:00:00
101630,B,2026-05-25 10:00:00
101631,B,2026-05-26 00:00:00
101632,A,2026-05-07 02:00:00
101633,A,2026-05-01 14:00:00
101634,B,2026-05-28 09:00:00
101635,A,2026-05-18 06:00:00
101636,B,2026-05-03 16:00:00
101637,A,2026-05-17 23:00:00
101638,B,2026-05-16 17:00:00
101639,A,2026-05-25 17:00:00
101640,A,2026-05-28 05:00:00
101641,A,2026-05-07 14:00:00
101642,B,2026-05-18 18:00:00
101643,A,2026-05-15 23:00:00
101644,B,2026-05-11 03:00:00
101645,A,2026-05-22 02:00:00
101646,A,2026-05-03 12:00:00
101647,A,2026-05-28 10:00:00
101648,B,2026-05-17 17:00:00
101649,B,2026-05-04 18:00:00
101650,B,2026-05-23 02:00:00
101651,B,2026-05-11 10:00:00
101652,B,2026-05-20 00:00:00
101653,B,2026-05-09 05:00:00
101654,B,2026-05-02 14:00:00
101655,B,2026-05-17 19:00:00
101656,B,2026-05-25 21:00:00
101657,B,2026-05-01 19:00:00
101658,B,2026-05-19 20:00:00
101659,A,2026-05-28 16:00:00
101660,A,2026-05-11 20:00:00
101661,A,2026-05-08 07:00:00
101662,B,2026-05-12 22:00:00
101663,B,2026-05-23 16:00:00
101664,B,2026-05-22 08:00:00
101665,A,2026-05-20 23:00:00
101666,A,2026-05-23 10:00:00
101667,A,2026-05-16 17:00:00
101668,B,2026-05-11 13:00:00
101669,B,2026-05-17 14:00:00
101670,A,2026-05-22 15:00:00
101671,B,2026-05-16 05:00:00
101672,A,2026-05-23 22:00:00
101673,A,2026-05-03 10:00:00
101674,B,2026-05-07 01:00:00
101675,B,2026-05-02 13:00:00
101676,B,2026-05-20 17:00:00
101677,A,2026-05-27 18:00:00
101678,A,2026-05-26 22:00:00
101679,A,2026-05-04 05:00:00
101680,B,2026-05-13 17:00:00
101681,B,2026-05-24 21:00:00
101682,B,2026-05-06 17:00:00
101683,B,2026-05-16 04:00:00
101684,B,2026-05-16 09:00:00
101685,B,2026-05-04 13:00:00
101686,B,2026-05-28 23:00:00
101687,A,2026-05-14 18:00:00
101688,A,2026-05-23 20:00:00
101689,B,2026-05-28 00:00:00
101690,A,2026-05-27 18:00:00
101691,B,2026-05-13 20:00:00
101692,A,2026-05-19 20:00:00
101693,A,2026-05-05 22:00:00
101694,A,2026-05-18 00:00:00
101695,B,2026-05-21 05:00:00
101696,B,2026-05-01 21:00:00
101697,B,2026-05-13 20:00:00
101698,A,2026-05-01 22:00:00
101699,B,2026-05-11 08:00:00
101700,A,2026-05-23 22:00:00
101701,B,2026-05-22 01:00:00
101702,B,2026-05-23 15:00:00
101703,A,2026-05-17 15:00:00
101704,B,2026-05-10 16:00:00
101705,B,2026-05-21 20:00:00
101706,B,2026-05-04 08:00:00
101707,B,2026-05-23 16:00:00
101708,A,2026-05-24 02:00:00
101709,A,2026-05-24 05:00:00
101710,B,2026-05-07 04:00:00
101711,B,2026-05-07 06:00:00
101712,B,2026-05-05 03:00:00
101713,B,2026-05-10 20:00:00
101714,A,2026-05-09 01:00:00
101715,B,2026-05-10 16:00:00
101716,B,2026-05-26 10:00:00
101717,B,2026-05-06 01:00:00
101718,B,2026-05-25 07:00:00
101719,B,2026-05-08 05:00:00
101720,A,2026-05-21 14:00:00
101721,B,2026-05-03 15:00:00
101722,A,2026-05-17 10:00:00
101723,B,2026-05-10 02:00:00
101724,A,2026-05-28 22:00:00
101725,A,2026-05-11 07:00:00
101726,B,2026-05-06 23:00:00
101727,A,2026-05-25 11:00:00
101728,A,2026-05-24 10:00:00
101729,B,2026-05-03 11:00:00
101730,A,2026-05-21 00:00:00
101731,B,2026-05-17 02:00:00
101732,B,2026-05-06 22:00:00
101733,A,2026-05-05 02:00:00
101734,B,2026-05-02 12:00:00
101735,B,2026-05-02 21:00:00
101736,A,2026-05-09 06:00:00
101737,B,2026-05-01 17:00:00
101738,B,2026-05-25 01:00:00
101739,A,2026-05-22 22:00:00
101740,A,2026-05-28 00:00:00
101741,A,2026-05-13 12:00:00
101742,B,2026-05-10 02:00:00
101743,A,2026-05-27 02:00:00
101744,B,2026-05-27 14:00:00
101745,B,2026-05-16 11:00:00
101746,A,2026-05-16 12:00:00
101747,A,2026-05-14 20:00:00
101748,A,2026-05-24 12:00:00
101749,A,2026-05-23 16:00:00
101750,A,2026-05-22 21:00:00
101751,B,2026-05-24 21:00:00
101752,A,2026-05-17 22:00:00
101753,B,2026-05-27 21:00:00
101754,A,2026-05-24 10:00:00
101755,B,2026-05-24 07:00:00
101756,B,2026-05-21 07:00:00
101757,B,2026-05-25 02:00:00
101758,B,2026-05-13 06:00:00
101759,B,2026-05-13 05:00:00
101760,A,2026-05-28 05:00:00
101761,B,2026-05-26 06:00:00
101762,B,2026-05-17 13:00:00
101763,A,2026-05-26 13:00:00
101764,A,2026-05-01 06:00:00
101765,A,2026-05-02 09:00:00
101766,A,2026-05-25 21:00:00
101767,B,2026-05-18 20:00:00
101768,A,2026-05-20 22:00:00
101769,A,2026-05-22 06:00:00
101770,A,2026-05-03 01:00:00
101771,A,2026-05-04 12:00:00
101772,A,2026-05-17 21:00:00
101773,B,2026-05-21 10:00:00
101774,A,2026-05-12 12:00:00
101775,B,2026-05-11 01:00:00
101776,B,2026-05-10 21:00:00
101777,A,2026-05-04 11:00:00
101778,A,2026-05-24 09:00:00
101779,B,2026-05-12 00:00:00
101780,A,2026-05-09 09:00:00
101781,A,2026-05-16 14:00:00
101782,B,2026-05-02 11:00:00
101783,A,2026-05-17 23:00:00
101784,B,2026-05-11 05:00:00
101785,B,2026-05-13 23:00:00
101786,A,2026-05-11 16:00:00
101787,A,2026-05-24 12:00:00
101788,B,2026-05-16 10:00:00
101789,B,2026-05-02 08:00:00
101790,A,2026-05-25 08:00:00
101791,A,2026-05-25 08:00:00
101792,B,2026-05-20 02:00:00
101793,B,2026-05-12 21:00:00
101794,B,2026-05-17 06:00:00
101795,B,2026-05-11 07:00:00
101796,A,2026-05-08 07:00:00
101797,B,2026-05-06 15:00:00
101798,B,2026-05-27 04:00:00
101799,A,2026-05-04 10:00:00
101800,B,2026-05-27 13:00:00
101801,B,2026-05-05 13:00:00
101802,A,2026-05-20 21:00:00
101803,B,2026-05-15 22:00:00
101804,A,2026-05-16 21:00:00
101805,B,2026-05-11 10:00:00
101806,B,2026-05-06 16:00:00
101807,A,2026-05-11 22:00:00
101808,A,2026-05-03 09:00:00
101809,A,2026-05-16 05:00:00
101810,B,2026-05-16 22:00:00
101811,A,2026-05-07 11:00:00
101812,A,2026-05-26 12:00:00
101813,B,2026-05-08 11:00:00
101814,B,2026-05-20 04:00:00
101815,B,2026-05-25 15:00:00
101816,A,2026-05-15 12:00:00
101817,A,2026-05-24 01:00:00
101818,A,2026-05-15 01:00:00
101819,B,2026-05-13 11:00:00
101820,A,2026-05-25 14:00:00
101821,B,2026-05-01 20:00:00
101822,B,2026-05-17 14:00:00
101823,B,2026-05-08 20:00:00
101824,A,2026-05-23 09:00:00
101825,B,2026-05-18 14:00:00
101826,A,2026-05-27 14:00:00
101827,B,2026-05-19 22:00:00
101828,A,2026-05-21 21:00:00
101829,B,2026-05-25 19:00:00
101830,A,2026-05-26 09:00:00
101831,A,2026-05-15 21:00:00
101832,A,2026-05-19 04:00:00
101833,B,2026-05-23 11:00:00
101834,A,2026-05-09 07:00:00
101835,B,2026-05-08 05:00:00
101836,A,2026-05-27 20:00:00
101837,A,2026-05-14 12:00:00
101838,B,2026-05-28 09:00:00
101839,B,2026-05-17 02:00:00
101840,B,2026-05-27 22:00:00
101841,A,2026-05-14 22:00:00
101842,B,2026-05-10 19:00:00
101843,B,2026-05-28 10:00:00
101844,A,2026-05-27 20:00:00
101845,B,2026-05-25 19:00:00
101846,A,2026-05-26 22:00:00
101847,B,2026-05-03 17:00:00
101848,A,2026-05-03 02:00:00
101849,A,2026-05-15 11:00:00
101850,A,2026-05-01 16:00:00
101851,B,2026-05-04 13:00:00
101852,B,2026-05-27 08:00:00
101853,B,2026-05-04 21:00:00
101854,A,2026-05-14 09:00:00
101855,B,2026-05-25 23:00:00
101856,A,2026-05-05 20:00:00
101857,A,2026-05-08 09:00:00
101858,A,2026-05-08 20:00:00
101859,A,2026-05-04 11:00:00
101860,A,2026-05-02 20:00:00
101861,B,2026-05-04 09:00:00
101862,B,2026-05-13 22:00:00
101863,A,2026-05-04 07:00:00
101864,B,2026-05-17 10:00:00
101865,A,2026-05-17 01:00:00
101866,B,2026-05-03 06:00:00
101867,B,2026-05-04 20:00:00
101868,A,2026-05-14 16:00:00
101869,A,2026-05-11 18:00:00
101870,B,2026-05-14 23:00:00
101871,B,2026-05-05 09:00:00
101872,A,2026-05-26 11:00:00
101873,B,2026-05-06 17:00:00
101874,B,2026-05-10 18:00:00
101875,A,2026-05-25 04:00:00
101876,B,2026-05-14 12:00:00
101877,B,2026-05-07 18:00:00
101878,B,2026-05-07 21:00:00
101879,B,2026-05-23 18:00:00
101880,B,2026-05-04 00:00:00
101881,A,2026-05-01 07:00:00
101882,A,2026-05-25 22:00:00
101883,B,2026-05-25 02:00:00
101884,B,2026-05-08 02:00:00
101885,A,2026-05-20 12:00:00
101886,B,2026-05-15 03:00:00
101887,A,2026-05-20 17:00:00
101888,B,2026-05-20 22:00:00
101889,B,2026-05-12 11:00:00
101890,B,2026-05-04 20:00:00
101891,B,2026-05-27 13:00:00
101892,B,2026-05-06 23:00:00
101893,A,2026-05-04 18:00:00
101894,B,2026-05-06 17:00:00
101895,B,2026-05-03 17:00:00
101896,A,2026-05-01 18:00:00
101897,B,2026-05-08 09:00:00
101898,B,2026-05-12 16:00:00
101899,A,2026-05-27 13:00:00
101900,A,2026-05-25 20:00:00
101901,A,2026-05-24 03:00:00
101902,A,2026-05-20 05:00:00
101903,B,2026-05-14 10:00:00
101904,A,2026-05-19 03:00:00
101905,A,2026-05-06 02:00:00
101906,A,2026-05-28 07:00:00
101907,A,2026-05-10 12:00:00
101908,B,2026-05-25 17:00:00
101909,A,2026-05-11 15:00:00
101910,B,2026-05-12 13:00:00
101911,A,2026-05-20 22:00:00
101912,B,2026-05-20 03:00:00
101913,B,2026-05-22 09:00:00
101914,B,2026-05-12 22:00:00
101915,B,2026-05-19 01:00:00
101916,A,2026-05-26 11:00:00
101917,A,2026-05-20 19:00:00
101918,B,2026-05-11 03:00:00
101919,A,2026-05-07 02:00:00
101920,B,2026-05-25 10:00:00
101921,A,2026-05-05 06:00:00
101922,A,2026-05-10 08:00:00
101923,B,2026-05-18 16:00:00
101924,B,2026-05-21 05:00:00
101925,A,2026-05-19 20:00:00
101926,B,2026-05-03 11:00:00
101927,B,2026-05-14 16:00:00
101928,B,2026-05-27 14:00:00
101929,A,2026-05-07 21:00:00
101930,A,2026-05-11 16:00:00
101931,A,2026-05-14 04:00:00
101932,B,2026-05-26 01:00:00
101933,B,2026-05-23 07:00:00
101934,B,2026-05-25 20:00:00
101935,B,2026-05-04 08:00:00
101936,A,2026-05-04 11:00:00
101937,B,2026-05-10 06:00:00
101938,A,2026-05-28 22:00:00
101939,A,2026-05-11 21:00:00
101940,B,2026-05-12 14:00:00
101941,A,2026-05-11 08:00:00
101942,B,2026-05-04 00:00:00
101943,A,2026-05-01 02:00:00
101944,A,2026-05-10 23:00:00
101945,B,2026-05-23 12:00:00
101946,B,2026-05-17 19:00:00
101947,A,2026-05-06 01:00:00
101948,B,2026-05-23 03:00:00
101949,A,2026-05-18 21:00:00
101950,B,2026-05-04 09:00:00
101951,B,2026-05-22 21:00:00
101952,B,2026-05-27 01:00:00
101953,A,2026-05-02 07:00:00
101954,A,2026-05-26 03:00:00
101955,A,2026-05-27 03:00:00
101956,A,2026-05-18 03:00:00
101957,B,2026-05-08 00:00:00
101958,A,2026-05-17 03:00:00
101959,B,2026-05-05 00:00:00
101960,A,2026-05-27 14:00:00
101961,B,2026-05-02 11:00:00
101962,B,2026-05-21 16:00:00
101963,A,2026-05-25 00:00:00
101964,B,2026-05-18 15:00:00
101965,A,2026-05-17 06:00:00
101966,B,2026-05-18 17:00:00
101967,A,2026-05-19 06:00:00
101968,B,2026-05-01 09:00:00
101969,B,2026-05-13 20:00:00
101970,A,2026-05-19 19:00:00
101971,B,2026-05-15 13:00:00
101972,B,2026-05-16 22:00:00
101973,A,2026-05-12 13:00:00
101974,A,2026-05-24 08:00:00
101975,A,2026-05-25 09:00:00
101976,B,2026-05-03 22:00:00
101977,B,2026-05-18 15:00:00
101978,B,2026-05-22 22:00:00
101979,B,2026-05-22 16:00:00
101980,B,2026-05-12 22:00:00
101981,B,2026-05-27 10:00:00
101982,A,2026-05-17 08:00:00
101983,A,2026-05-09 09:00:00
101984,B,2026-05-13 23:00:00
101985,B,2026-05-18 04:00:00
101986,A,2026-05-24 19:00:00
101987,B,2026-05-16 19:00:00
101988,B,2026-05-26 09:00:00
101989,A,2026-05-07 11:00:00
101990,A,2026-05-04 23:00:00
101991,B,2026-05-02 12:00:00
101992,A,2026-05-02 17:00:00
101993,B,2026-05-14 10:00:00
101994,A,2026-05-08 11:00:00
101995,A,2026-05-28 08:00:00
101996,A,2026-05-09 10:00:00
101997,A,2026-05-02 22:00:00
101998,A,2026-05-03 10:00:00
101999,A,2026-05-06 15:00:00
102000,A,2026-05-03 23:00:00
102001,A,2026-05-01 13:00:00
102002,B,2026-05-24 05:00:00
102003,A,2026-05-12 21:00:00
102004,B,2026-05-10 15:00:00
102005,B,2026-05-27 19:00:00
102006,B,2026-05-08 07:00:00
102007,B,2026-05-11 15:00:00
102008,A,2026-05-25 09:00:00
102009,B,2026-05-04 03:00:00
102010,A,2026-05-28 03:00:00
102011,A,2026-05-05 05:00:00
102012,A,2026-05-10 02:00:00
102013,B,2026-05-20 13:00:00
102014,A,2026-05-20 22:00:00
102015,B,2026-05-25 15:00:00
102016,B,2026-05-19 23:00:00
102017,B,2026-05-12 03:00:00
102018,B,2026-05-07 02:00:00
102019,A,2026-05-10 10:00:00
102020,B,2026-05-06 16:00:00
102021,B,2026-05-03 00:00:00
102022,B,2026-05-26 19:00:00
102023,A,2026-05-12 02:00:00
102024,A,2026-05-05 10:00:00
102025,B,2026-05-03 18:00:00
102026,A,2026-05-12 06:00:00
102027,B,2026-05-11 17:00:00
102028,B,2026-05-20 17:00:00
102029,B,2026-05-10 00:00:00
102030,B,2026-05-23 17:00:00
102031,B,2026-05-19 07:00:00
102032,A,2026-05-06 01:00:00
102033,B,2026-05-11 16:00:00
102034,A,2026-05-23 18:00:00
102035,B,2026-05-14 05:00:00
102036,B,2026-05-11 16:00:00
102037,A,2026-05-22 17:00:00
102038,A,2026-05-02 08:00:00
102039,A,2026-05-13 12:00:00
102040,A,2026-05-28 02:00:00
102041,B,2026-05-04 23:00:00
102042,B,2026-05-28 19:00:00
102043,A,2026-05-27 19:00:00
102044,A,2026-05-06 09:00:00
102045,B,2026-05-26 12:00:00
102046,B,2026-05-11 21:00:00
102047,A,2026-05-18 05:00:00
102048,B,2026-05-17 11:00:00
102049,A,2026-05-07 23:00:00
102050,A,2026-05-27 19:00:00
102051,A,2026-05-15 07:00:00
102052,A,2026-05-22 14:00:00
102053,A,2026-05-19 22:00:00
102054,A,2026-05-23 17:00:00
102055,B,2026-05-16 07:00:00
102056,A,2026-05-12 10:00:00
102057,B,2026-05-01 11:00:00
102058,B,2026-05-24 17:00:00
102059,B,2026-05-21 01:00:00
102060,A,2026-05-11 22:00:00
102061,A,2026-05-10 02:00:00
102062,A,2026-05-07 16:00:00
102063,B,2026-05-02 18:00:00
102064,B,2026-05-09 05:00:00
102065,A,2026-05-17 13:00:00
102066,A,2026-05-18 04:00:00
102067,B,2026-05-14 10:00:00
102068,B,2026-05-09 04:00:00
102069,A,2026-05-22 05:00:00
102070,B,2026-05-03 01:00:00
102071,A,2026-05-16 00:00:00
102072,B,2026-05-16 11:00:00
102073,B,2026-05-11 20:00:00
102074,B,2026-05-23 09:00:00
102075,A,2026-05-02 07:00:00
102076,B,2026-05-23 11:00:00
102077,A,2026-05-21 01:00:00
102078,B,2026-05-16 01:00:00
102079,B,2026-05-11 14:00:00
102080,A,2026-05-05 05:00:00
102081,B,2026-05-05 14:00:00
102082,A,2026-05-14 22:00:00
102083,A,2026-05-18 02:00:00
102084,B,2026-05-07 15:00:00
102085,B,2026-05-25 09:00:00
102086,B,2026-05-19 00:00:00
102087,A,2026-05-26 17:00:00
102088,B,2026-05-08 05:00:00
102089,B,2026-05-17 06:00:00
102090,A,2026-05-20 04:00:00
102091,A,2026-05-12 12:00:00
102092,A,2026-05-05 10:00:00
102093,B,2026-05-11 20:00:00
102094,B,2026-05-22 15:00:00
102095,B,2026-05-07 14:00:00
102096,A,2026-05-18 07:00:00
102097,A,2026-05-25 08:00:00
102098,A,2026-05-14 22:00:00
102099,B,2026-05-21 14:00:00
102100,A,2026-05-21 02:00:00
102101,A,2026-05-24 00:00:00
102102,A,2026-05-17 00:00:00
102103,A,2026-05-18 07:00:00
102104,A,2026-05-08 03:00:00
102105,A,2026-05-12 11:00:00
102106,A,2026-05-28 09:00:00
102107,B,2026-05-25 16:00:00
102108,B,2026-05-12 00:00:00
102109,A,2026-05-14 12:00:00
102110,B,2026-05-06 23:00:00
102111,B,2026-05-23 06:00:00
102112,B,2026-05-11 17:00:00
102113,B,2026-05-22 21:00:00
102114,A,2026-05-18 16:00:00
102115,B,2026-05-17 06:00:00
102116,B,2026-05-03 18:00:00
102117,A,2026-05-21 20:00:00
102118,A,2026-05-19 17:00:00
102119,A,2026-05-09 03:00:00
102120,B,2026-05-04 20:00:00
102121,B,2026-05-25 17:00:00
102122,A,2026-05-24 00:00:00
102123,B,2026-05-01 05:00:00
102124,B,2026-05-14 18:00:00
102125,A,2026-05-27 07:00:00
102126,B,2026-05-14 12:00:00
102127,B,2026-05-01 11:00:00
102128,A,2026-05-07 16:00:00
102129,A,2026-05-05 22:00:00
102130,B,2026-05-15 22:00:00
102131,B,2026-05-22 02:00:00
102132,A,2026-05-28 03:00:00
102133,A,2026-05-13 07:00:00
102134,B,2026-05-27 21:00:00
102135,B,2026-05-20 21:00:00
102136,A,2026-05-12 19:00:00
102137,B,2026-05-24 01:00:00
102138,B,2026-05-25 10:00:00
102139,B,2026-05-24 16:00:00
102140,A,2026-05-23 04:00:00
102141,B,2026-05-07 22:00:00
102142,B,2026-05-21 17:00:00
102143,B,2026-05-23 23:00:00
102144,A,2026-05-03 07:00:00
102145,A,2026-05-20 09:00:00
102146,B,2026-05-17 07:00:00
102147,A,2026-05-10 20:00:00
102148,B,2026-05-20 21:00:00
102149,B,2026-05-05 23:00:00
102150,A,2026-05-10 19:00:00
102151,A,2026-05-11 00:00:00
102152,B,2026-05-08 10:00:00
102153,A,2026-05-20 04:00:00
102154,B,2026-05-24 11:00:00
102155,B,2026-05-03 06:00:00
102156,A,2026-05-04 11:00:00
102157,A,2026-05-05 10:00:00
102158,A,2026-05-08 11:00:00
102159,A,2026-05-20 21:00:00
102160,A,2026-05-20 00:00:00
102161,B,2026-05-12 11:00:00
102162,A,2026-05-02 06:00:00
102163,A,2026-05-27 04:00:00
102164,A,2026-05-06 10:00:00
102165,B,2026-05-22 03:00:00
102166,B,2026-05-23 10:00:00
102167,B,2026-05-28 02:00:00
102168,B,2026-05-17 15:00:00
102169,B,2026-05-26 00:00:00
102170,B,2026-05-28 13:00:00
102171,A,2026-05-16 15:00:00
102172,A,2026-05-25 18:00:00
102173,B,2026-05-25 08:00:00
102174,B,2026-05-26 04:00:00
102175,A,2026-05-06 00:00:00
102176,A,2026-05-20 09:00:00
102177,B,2026-05-02 19:00:00
102178,B,2026-05-23 17:00:00
102179,B,2026-05-21 09:00:00
102180,B,2026-05-18 12:00:00
102181,B,2026-05-08 04:00:00
102182,A,2026-05-08 10:00:00
102183,B,2026-05-07 22:00:00
102184,A,2026-05-20 14:00:00
102185,A,2026-05-17 01:00:00
102186,B,2026-05-25 08:00:00
102187,A,2026-05-12 07:00:00
102188,A,2026-05-10 02:00:00
102189,A,2026-05-01 15:00:00
102190,A,2026-05-23 09:00:00
102191,B,2026-05-07 12:00:00
102192,B,2026-05-15 11:00:00
102193,B,2026-05-27 01:00:00
102194,B,2026-05-23 07:00:00
102195,B,2026-05-13 00:00:00
102196,A,2026-05-21 16:00:00
102197,A,2026-05-01 23:00:00
102198,B,2026-05-10 15:00:00
102199,A,2026-05-28 17:00:00
102200,B,2026-05-23 17:00:00
102201,B,2026-05-27 06:00:00
102202,B,2026-05-13 19:00:00
102203,B,2026-05-17 13:00:00
102204,A,2026-05-09 10:00:00
102205,A,2026-05-27 17:00:00
102206,A,2026-05-10 20:00:00
102207,B,2026-05-22 01:00:00
102208,B,2026-05-10 17:00:00
102209,A,2026-05-26 17:00:00
102210,A,2026-05-18 02:00:00
102211,B,2026-05-12 07:00:00
102212,A,2026-05-03 15:00:00
102213,B,2026-05-20 13:00:00
102214,B,2026-05-21 22:00:00
102215,B,2026-05-10 20:00:00
102216,B,2026-05-28 05:00:00
102217,A,2026-05-26 15:00:00
102218,B,2026-05-26 13:00:00
102219,B,2026-05-01 23:00:00
102220,A,2026-05-08 05:00:00
102221,B,2026-05-24 00:00:00
102222,B,2026-05-19 20:00:00
102223,A,2026-05-12 10:00:00
102224,B,2026-05-28 06:00:00
102225,B,2026-05-16 00:00:00
102226,A,2026-05-23 13:00:00
102227,A,2026-05-22 02:00:00
102228,A,2026-05-24 18:00:00
102229,B,2026-05-05 11:00:00
102230,B,2026-05-21 20:00:00
102231,A,2026-05-09 08:00:00
102232,B,2026-05-09 17:00:00
102233,A,2026-05-27 10:00:00
102234,B,2026-05-18 07:00:00
102235,B,2026-05-14 18:00:00
102236,B,2026-05-21 08:00:00
102237,B,2026-05-19 07:00:00
102238,B,2026-05-05 14:00:00
102239,A,2026-05-04 20:00:00
102240,B,2026-05-24 01:00:00
102241,B,2026-05-24 02:00:00
102242,A,2026-05-06 05:00:00
102243,B,2026-05-22 12:00:00
102244,B,2026-05-02 20:00:00
102245,B,2026-05-12 23:00:00
102246,A,2026-05-20 15:00:00
102247,B,2026-05-04 09:00:00
102248,B,2026-05-14 00:00:00
102249,A,2026-05-03 22:00:00
102250,A,2026-05-01 03:00:00
102251,B,2026-05-15 23:00:00
102252,B,2026-05-17 18:00:00
102253,B,2026-05-08 17:00:00
102254,B,2026-05-19 06:00:00
102255,A,2026-05-28 13:00:00
102256,B,2026-05-08 15:00:00
102257,B,2026-05-02 11:00:00
102258,B,2026-05-06 18:00:00
102259,A,2026-05-04 00:00:00
102260,A,2026-05-20 13:00:00
102261,A,2026-05-26 07:00:00
102262,A,2026-05-18 15:00:00
102263,A,2026-05-23 13:00:00
102264,B,2026-05-06 11:00:00
102265,B,2026-05-28 02:00:00
102266,A,2026-05-01 16:00:00
102267,B,2026-05-09 16:00:00
102268,A,2026-05-01 00:00:00
102269,B,2026-05-01 18:00:00
102270,A,2026-05-09 09:00:00
102271,B,2026-05-16 01:00:00
102272,A,2026-05-20 22:00:00
102273,A,2026-05-28 20:00:00
102274,B,2026-05-14 15:00:00
102275,A,2026-05-07 17:00:00
102276,B,2026-05-01 01:00:00
102277,A,2026-05-02 06:00:00
102278,B,2026-05-06 03:00:00
102279,A,2026-05-19 08:00:00
102280,B,2026-05-23 19:00:00
102281,B,2026-05-16 01:00:00
102282,A,2026-05-01 14:00:00
102283,A,2026-05-16 20:00:00
102284,A,2026-05-09 11:00:00
102285,A,2026-05-15 12:00:00
102286,A,2026-05-03 12:00:00
102287,B,2026-05-28 16:00:00
102288,A,2026-05-01 06:00:00
102289,A,2026-05-15 20:00:00
102290,A,2026-05-24 08:00:00
102291,A,2026-05-26 00:00:00
102292,B,2026-05-10 13:00:00
102293,A,2026-05-07 05:00:00
102294,A,2026-05-04 09:00:00
102295,B,2026-05-14 11:00:00
102296,A,2026-05-22 06:00:00
102297,A,2026-05-04 09:00:00
102298,A,2026-05-11 07:00:00
102299,A,2026-05-07 21:00:00
102300,A,2026-05-15 21:00:00
102301,B,2026-05-01 03:00:00
102302,A,2026-05-10 01:00:00
102303,A,2026-05-09 23:00:00
102304,A,2026-05-22 19:00:00
102305,B,2026-05-14 22:00:00
102306,B,2026-05-11 09:00:00
102307,A,2026-05-04 17:00:00
102308,B,2026-05-17 17:00:00
102309,B,2026-05-04 05:00:00
102310,A,2026-05-26 15:00:00
102311,A,2026-05-08 11:00:00
102312,A,2026-05-08 11:00:00
102313,A,2026-05-11 09:00:00
102314,B,2026-05-27 15:00:00
102315,B,2026-05-27 03:00:00
102316,B,2026-05-03 00:00:00
102317,B,2026-05-04 03:00:00
102318,A,2026-05-02 03:00:00
102319,B,2026-05-11 01:00:00
102320,B,2026-05-08 03:00:00
102321,B,2026-05-12 17:00:00
102322,B,2026-05-11 18:00:00
102323,A,2026-05-26 07:00:00
102324,B,2026-05-01 02:00:00
102325,B,2026-05-24 03:00:00
102326,A,2026-05-27 08:00:00
102327,B,2026-05-16 14:00:00
102328,A,2026-05-11 17:00:00
102329,A,2026-05-04 16:00:00
102330,B,2026-05-06 16:00:00
102331,A,2026-05-05 02:00:00
102332,A,2026-05-28 09:00:00
102333,B,2026-05-02 16:00:00
102334,B,2026-05-26 18:00:00
102335,B,2026-05-02 21:00:00
102336,A,2026-05-10 21:00:00
102337,A,2026-05-05 09:00:00
102338,A,2026-05-02 21:00:00
102339,A,2026-05-01 17:00:00
102340,B,2026-05-11 09:00:00
102341,A,2026-05-07 16:00:00
102342,B,2026-05-18 16:00:00
102343,A,2026-05-27 08:00:00
102344,A,2026-05-16 11:00:00
102345,A,2026-05-17 18:00:00
102346,A,2026-05-07 09:00:00
102347,B,2026-05-16 16:00:00
102348,B,2026-05-24 08:00:00
102349,A,2026-05-25 03:00:00
102350,B,2026-05-10 10:00:00
102351,B,2026-05-03 04:00:00
102352,B,2026-05-22 03:00:00
102353,B,2026-05-19 01:00:00
102354,B,2026-05-23 00:00:00
102355,A,2026-05-16 17:00:00
102356,B,2026-05-01 16:00:00
102357,B,2026-05-19 10:00:00
102358,A,2026-05-22 14:00:00
102359,A,2026-05-11 12:00:00
102360,B,2026-05-01 19:00:00
102361,A,2026-05-02 20:00:00
102362,B,2026-05-27 03:00:00
102363,B,2026-05-27 03:00:00
102364,A,2026-05-01 09:00:00
102365,A,2026-05-24 20:00:00
102366,B,2026-05-23 00:00:00
102367,B,2026-05-25 20:00:00
102368,A,2026-05-13 02:00:00
102369,B,2026-05-01 09:00:00
102370,A,2026-05-27 15:00:00
102371,A,2026-05-19 15:00:00
102372,A,2026-05-20 20:00:00
102373,A,2026-05-14 06:00:00
102374,B,2026-05-13 11:00:00
102375,B,2026-05-26 04:00:00
102376,A,2026-05-08 09:00:00
102377,B,2026-05-21 09:00:00
102378,B,2026-05-16 12:00:00
102379,B,2026-05-13 09:00:00
102380,B,2026-05-14 14:00:00
102381,A,2026-05-14 11:00:00
102382,A,2026-05-15 13:00:00
102383,B,2026-05-17 02:00:00
102384,B,2026-05-10 16:00:00
102385,A,2026-05-06 09:00:00
102386,B,2026-05-12 23:00:00
102387,B,2026-05-19 20:00:00
102388,A,2026-05-04 21:00:00
102389,A,2026-05-22 05:00:00
102390,A,2026-05-02 17:00:00
102391,A,2026-05-09 04:00:00
102392,A,2026-05-27 02:00:00
102393,B,2026-05-21 16:00:00
102394,A,2026-05-04 16:00:00
102395,A,2026-05-22 06:00:00
102396,A,2026-05-10 17:00:00
102397,B,2026-05-03 17:00:00
102398,A,2026-05-12 08:00:00
102399,A,2026-05-08 15:00:00
102400,B,2026-05-15 22:00:00
102401,A,2026-05-28 16:00:00
102402,B,2026-05-27 02:00:00
102403,B,2026-05-02 06:00:00
102404,B,2026-05-03 03:00:00
102405,B,2026-05-18 18:00:00
102406,A,2026-05-15 00:00:00
102407,B,2026-05-17 16:00:00
102408,A,2026-05-10 03:00:00
102409,A,2026-05-06 12:00:00
102410,A,2026-05-15 04:00:00
102411,B,2026-05-24 02:00:00
102412,A,2026-05-25 17:00:00
102413,A,2026-05-24 19:00:00
102414,A,2026-05-20 16:00:00
102415,A,2026-05-06 13:00:00
102416,A,2026-05-21 05:00:00
102417,B,2026-05-17 03:00:00
102418,A,2026-05-18 20:00:00
102419,A,2026-05-06 02:00:00
102420,A,2026-05-03 01:00:00
102421,A,2026-05-03 22:00:00
102422,B,2026-05-25 10:00:00
102423,B,2026-05-20 07:00:00
102424,A,2026-05-02 18:00:00
102425,A,2026-05-24 21:00:00
102426,B,2026-05-16 13:00:00
102427,A,2026-05-19 23:00:00
102428,A,2026-05-28 13:00:00
102429,A,2026-05-04 21:00:00
102430,B,2026-05-24 22:00:00
102431,A,2026-05-28 21:00:00
102432,A,2026-05-20 01:00:00
102433,B,2026-05-18 08:00:00
102434,B,2026-05-04 15:00:00
102435,B,2026-05-25 16:00:00
102436,A,2026-05-04 04:00:00
102437,B,2026-05-19 14:00:00
102438,A,2026-05-11 11:00:00
102439,A,2026-05-16 02:00:00
102440,B,2026-05-16 05:00:00
102441,A,2026-05-24 08:00:00
102442,A,2026-05-03 17:00:00
102443,A,2026-05-27 09:00:00
102444,A,2026-05-16 15:00:00
102445,A,2026-05-05 07:00:00
102446,A,2026-05-06 07:00:00
102447,A,2026-05-05 04:00:00
102448,B,2026-05-04 05:00:00
102449,B,2026-05-12 10:00:00
102450,B,2026-05-18 06:00:00
102451,A,2026-05-16 17:00:00
102452,B,2026-05-23 23:00:00
102453,A,2026-05-11 17:00:00
102454,A,2026-05-05 01:00:00
102455,B,2026-05-21 17:00:00
102456,A,2026-05-03 00:00:00
102457,B,2026-05-07 21:00:00
102458,B,2026-05-26 10:00:00
102459,A,2026-05-23 08:00:00
102460,A,2026-05-22 19:00:00
102461,B,2026-05-08 23:00:00
102462,A,2026-05-20 03:00:00
102463,B,2026-05-05 06:00:00
102464,A,2026-05-01 03:00:00
102465,B,2026-05-04 20:00:00
102466,A,2026-05-27 12:00:00
102467,B,2026-05-19 05:00:00
102468,A,2026-05-13 15:00:00
102469,B,2026-05-07 05:00:00
102470,A,2026-05-16 03:00:00
102471,B,2026-05-11 02:00:00
102472,A,2026-05-19 16:00:00
102473,A,2026-05-13 04:00:00
102474,B,2026-05-08 12:00:00
102475,A,2026-05-12 14:00:00
102476,B,2026-05-23 17:00:00
102477,B,2026-05-26 04:00:00
102478,A,2026-05-20 08:00:00
102479,A,2026-05-20 10:00:00
102480,A,2026-05-03 00:00:00
102481,A,2026-05-25 13:00:00
102482,B,2026-05-21 20:00:00
102483,B,2026-05-11 07:00:00
102484,A,2026-05-19 07:00:00
102485,B,2026-05-21 03:00:00
102486,B,2026-05-22 15:00:00
102487,A,2026-05-07 21:00:00
102488,A,2026-05-19 02:00:00
102489,B,2026-05-08 10:00:00
102490,B,2026-05-18 07:00:00
102491,B,2026-05-15 11:00:00
102492,B,2026-05-26 05:00:00
102493,A,2026-05-20 14:00:00
102494,B,2026-05-22 04:00:00
102495,B,2026-05-14 04:00:00
102496,B,2026-05-08 09:00:00
102497,B,2026-05-09 10:00:00
102498,B,2026-05-14 00:00:00
102499,A,2026-05-02 09:00:00
102500,B,2026-05-19 19:00:00
102501,A,2026-05-15 07:00:00
102502,A,2026-05-27 14:00:00
102503,A,2026-05-25 15:00:00
102504,B,2026-05-06 03:00:00
102505,B,2026-05-14 22:00:00
102506,A,2026-05-15 02:00:00
102507,B,2026-05-05 19:00:00
102508,B,2026-05-18 02:00:00
102509,B,2026-05-27 06:00:00
102510,B,2026-05-27 10:00:00
102511,B,2026-05-27 03:00:00
102512,A,2026-05-04 09:00:00
102513,B,2026-05-02 01:00:00
102514,B,2026-05-24 20:00:00
102515,A,2026-05-24 05:00:00
102516,A,2026-05-28 16:00:00
102517,B,2026-05-04 06:00:00
102518,B,2026-05-11 05:00:00
102519,A,2026-05-26 04:00:00
102520,A,2026-05-14 09:00:00
102521,B,2026-05-04 10:00:00
102522,B,2026-05-22 02:00:00
102523,B,2026-05-02 15:00:00
102524,A,2026-05-05 07:00:00
102525,B,2026-05-05 04:00:00
102526,B,2026-05-23 08:00:00
102527,A,2026-05-20 05:00:00
102528,B,2026-05-06 09:00:00
102529,A,2026-05-21 13:00:00
102530,B,2026-05-24 19:00:00
102531,A,2026-05-27 21:00:00
102532,A,2026-05-02 14:00:00
102533,A,2026-05-18 12:00:00
102534,B,2026-05-09 18:00:00
102535,B,2026-05-16 05:00:00
102536,A,2026-05-16 11:00:00
102537,B,2026-05-24 11:00:00
102538,A,2026-05-19 06:00:00
102539,B,2026-05-05 10:00:00
102540,A,2026-05-13 04:00:00
102541,B,2026-05-09 12:00:00
102542,A,2026-05-16 01:00:00
102543,A,2026-05-04 12:00:00
102544,B,2026-05-05 19:00:00
102545,A,2026-05-27 21:00:00
102546,B,2026-05-05 23:00:00
102547,B,2026-05-17 03:00:00
102548,A,2026-05-06 23:00:00
102549,A,2026-05-01 03:00:00
102550,B,2026-05-28 22:00:00
102551,A,2026-05-11 10:00:00
102552,A,2026-05-19 19:00:00
102553,A,2026-05-27 09:00:00
102554,B,2026-05-04 10:00:00
102555,B,2026-05-08 09:00:00
102556,B,2026-05-11 21:00:00
102557,A,2026-05-28 01:00:00
102558,A,2026-05-26 14:00:00
102559,B,2026-05-16 08:00:00
102560,B,2026-05-14 21:00:00
102561,B,2026-05-06 21:00:00
102562,A,2026-05-24 15:00:00
102563,A,2026-05-19 21:00:00
102564,A,2026-05-26 03:00:00
102565,A,2026-05-08 06:00:00
102566,A,2026-05-10 16:00:00
102567,A,2026-05-09 16:00:00
102568,B,2026-05-01 10:00:00
102569,B,2026-05-14 00:00:00
102570,B,2026-05-13 11:00:00
102571,A,2026-05-24 07:00:00
102572,A,2026-05-15 03:00:00
102573,A,2026-05-12 09:00:00
102574,B,2026-05-10 00:00:00
102575,A,2026-05-01 21:00:00
102576,A,2026-05-10 04:00:00
102577,A,2026-05-15 11:00:00
102578,B,2026-05-18 00:00:00
102579,A,2026-05-22 09:00:00
102580,B,2026-05-01 22:00:00
102581,A,2026-05-23 05:00:00
102582,A,2026-05-21 11:00:00
102583,B,2026-05-07 04:00:00
102584,A,2026-05-28 05:00:00
102585,A,2026-05-19 02:00:00
102586,A,2026-05-18 12:00:00
102587,A,2026-05-23 21:00:00
102588,A,2026-05-08 04:00:00
102589,B,2026-05-26 16:00:00
102590,B,2026-05-10 17:00:00
102591,A,2026-05-03 19:00:00
102592,B,2026-05-07 09:00:00
102593,B,2026-05-16 04:00:00
102594,B,2026-05-12 15:00:00
102595,B,2026-05-20 15:00:00
102596,A,2026-05-12 21:00:00
102597,B,2026-05-26 23:00:00
102598,B,2026-05-03 07:00:00
102599,A,2026-05-03 18:00:00
102600,B,2026-05-14 03:00:00
102601,B,2026-05-28 04:00:00
102602,B,2026-05-25 12:00:00
102603,B,2026-05-01 06:00:00
102604,B,2026-05-10 02:00:00
102605,B,2026-05-06 11:00:00
102606,A,2026-05-01 09:00:00
102607,B,2026-05-07 10:00:00
102608,A,2026-05-17 19:00:00
102609,A,2026-05-04 17:00:00
102610,B,2026-05-14 11:00:00
102611,A,2026-05-04 01:00:00
102612,A,2026-05-05 01:00:00
102613,A,2026-05-22 17:00:00
102614,A,2026-05-28 12:00:00
102615,A,2026-05-19 23:00:00
102616,A,2026-05-20 21:00:00
102617,B,2026-05-22 20:00:00
102618,A,2026-05-17 09:00:00
102619,B,2026-05-03 04:00:00
102620,B,2026-05-18 17:00:00
102621,A,2026-05-12 07:00:00
102622,A,2026-05-25 23:00:00
102623,B,2026-05-18 19:00:00
102624,A,2026-05-28 06:00:00
102625,B,2026-05-06 21:00:00
102626,A,2026-05-13 02:00:00
102627,B,2026-05-21 05:00:00
102628,B,2026-05-20 23:00:00
102629,A,2026-05-03 07:00:00
102630,A,2026-05-02 15:00:00
102631,B,2026-05-10 01:00:00
102632,B,2026-05-17 01:00:00
102633,B,2026-05-27 00:00:00
102634,B,2026-05-03 03:00:00
102635,A,2026-05-19 08:00:00
102636,B,2026-05-12 20:00:00
102637,A,2026-05-26 22:00:00
102638,B,2026-05-02 18:00:00
102639,A,2026-05-15 15:00:00
102640,B,2026-05-18 21:00:00
102641,A,2026-05-04 13:00:00
102642,A,2026-05-13 14:00:00
102643,A,2026-05-12 12:00:00
102644,A,2026-05-19 16:00:00
102645,B,2026-05-26 07:00:00
102646,A,2026-05-21 05:00:00
102647,A,2026-05-04 17:00:00
102648,A,2026-05-22 22:00:00
102649,B,2026-05-07 05:00:00
102650,A,2026-05-05 18:00:00
102651,A,2026-05-05 14:00:00
102652,A,2026-05-04 20:00:00
102653,B,2026-05-12 22:00:00
102654,A,2026-05-21 16:00:00
102655,B,2026-05-11 01:00:00
102656,B,2026-05-07 22:00:00
102657,A,2026-05-24 09:00:00
102658,A,2026-05-07 09:00:00
102659,B,2026-05-01 07:00:00
102660,A,2026-05-24 05:00:00
102661,B,2026-05-25 23:00:00
102662,B,2026-05-15 11:00:00
102663,A,2026-05-11 03:00:00
102664,A,2026-05-22 01:00:00
102665,B,2026-05-22 10:00:00
102666,B,2026-05-04 02:00:00
102667,B,2026-05-22 05:00:00
102668,A,2026-05-01 19:00:00
102669,B,2026-05-17 18:00:00
102670,A,2026-05-21 06:00:00
102671,A,2026-05-26 00:00:00
102672,B,2026-05-27 20:00:00
102673,B,2026-05-22 14:00:00
102674,B,2026-05-02 07:00:00
102675,B,2026-05-28 11:00:00
102676,A,2026-05-05 05:00:00
102677,B,2026-05-09 23:00:00
102678,A,2026-05-27 07:00:00
102679,B,2026-05-23 05:00:00
102680,A,2026-05-12 07:00:00
102681,B,2026-05-21 02:00:00
102682,B,2026-05-01 07:00:00
102683,A,2026-05-05 08:00:00
102684,A,2026-05-12 18:00:00
102685,B,2026-05-17 09:00:00
102686,A,2026-05-26 17:00:00
102687,A,2026-05-07 21:00:00
102688,B,2026-05-01 13:00:00
102689,A,2026-05-06 12:00:00
102690,A,2026-05-22 02:00:00
102691,B,2026-05-24 21:00:00
102692,A,2026-05-17 07:00:00
102693,A,2026-05-06 07:00:00
102694,B,2026-05-02 01:00:00
102695,A,2026-05-03 11:00:00
102696,B,2026-05-21 12:00:00
102697,A,2026-05-17 15:00:00
102698,B,2026-05-04 14:00:00
102699,B,2026-05-05 12:00:00
102700,A,2026-05-02 00:00:00
102701,A,2026-05-16 07:00:00
102702,B,2026-05-16 12:00:00
102703,B,2026-05-01 00:00:00
102704,A,2026-05-25 11:00:00
102705,A,2026-05-25 11:00:00
102706,B,2026-05-02 08:00:00
102707,A,2026-05-06 04:00:00
102708,A,2026-05-11 19:00:00
102709,B,2026-05-12 01:00:00
102710,B,2026-05-07 18:00:00
102711,B,2026-05-18 23:00:00
102712,B,2026-05-11 08:00:00
102713,B,2026-05-01 09:00:00
102714,A,2026-05-07 18:00:00
102715,A,2026-05-27 02:00:00
102716,A,2026-05-19 21:00:00
102717,A,2026-05-02 13:00:00
102718,A,2026-05-01 10:00:00
102719,B,2026-05-27 18:00:00
102720,A,2026-05-14 02:00:00
102721,B,2026-05-10 11:00:00
102722,B,2026-05-19 06:00:00
102723,B,2026-05-07 02:00:00
102724,B,2026-05-28 02:00:00
102725,A,2026-05-06 05:00:00
102726,B,2026-05-17 10:00:00
102727,B,2026-05-25 07:00:00
102728,A,2026-05-27 04:00:00
102729,B,2026-05-16 00:00:00
102730,A,2026-05-18 14:00:00
102731,B,2026-05-21 12:00:00
102732,A,2026-05-20 03:00:00
102733,A,2026-05-04 23:00:00
102734,B,2026-05-09 17:00:00
102735,A,2026-05-10 10:00:00
102736,A,2026-05-06 13:00:00
102737,B,2026-05-12 05:00:00
102738,B,2026-05-17 11:00:00
102739,A,2026-05-01 09:00:00
102740,B,2026-05-01 22:00:00
102741,A,2026-05-14 03:00:00
102742,B,2026-05-26 17:00:00
102743,A,2026-05-26 17:00:00
102744,B,2026-05-11 10:00:00
102745,A,2026-05-08 10:00:00
102746,A,2026-05-17 00:00:00
102747,B,2026-05-10 05:00:00
102748,A,2026-05-18 03:00:00
102749,A,2026-05-13 15:00:00
102750,A,2026-05-15 07:00:00
102751,B,2026-05-17 11:00:00
102752,B,2026-05-05 06:00:00
102753,A,2026-05-13 20:00:00
102754,A,2026-05-28 11:00:00
102755,A,2026-05-02 14:00:00
102756,A,2026-05-03 04:00:00
102757,B,2026-05-17 14:00:00
102758,B,2026-05-25 10:00:00
102759,B,2026-05-13 01:00:00
102760,B,2026-05-03 17:00:00
102761,B,2026-05-17 20:00:00
102762,A,2026-05-26 10:00:00
102763,A,2026-05-14 19:00:00
102764,A,2026-05-13 04:00:00
102765,A,2026-05-24 16:00:00
102766,A,2026-05-01 17:00:00
102767,B,2026-05-28 23:00:00
102768,A,2026-05-13 13:00:00
102769,B,2026-05-01 01:00:00
102770,B,2026-05-10 04:00:00
102771,A,2026-05-06 16:00:00
102772,B,2026-05-08 05:00:00
102773,B,2026-05-20 23:00:00
102774,A,2026-05-15 16:00:00
102775,A,2026-05-04 07:00:00
102776,A,2026-05-19 09:00:00
102777,A,2026-05-02 06:00:00
102778,A,2026-05-01 22:00:00
102779,A,2026-05-12 22:00:00
102780,A,2026-05-26 04:00:00
102781,A,2026-05-19 13:00:00
102782,A,2026-05-25 11:00:00
102783,A,2026-05-21 10:00:00
102784,A,2026-05-04 05:00:00
102785,B,2026-05-26 23:00:00
102786,A,2026-05-26 04:00:00
102787,A,2026-05-21 20:00:00
102788,A,2026-05-21 15:00:00
102789,B,2026-05-09 09:00:00
102790,B,2026-05-15 11:00:00
102791,A,2026-05-06 20:00:00
102792,B,2026-05-08 06:00:00
102793,A,2026-05-16 01:00:00
102794,B,2026-05-23 01:00:00
102795,B,2026-05-10 10:00:00
102796,A,2026-05-23 23:00:00
102797,B,2026-05-03 02:00:00
102798,A,2026-05-16 11:00:00
102799,A,2026-05-05 07:00:00
102800,B,2026-05-16 02:00:00
102801,B,2026-05-01 00:00:00
102802,B,2026-05-08 00:00:00
102803,A,2026-05-05 17:00:00
102804,B,2026-05-04 05:00:00
102805,B,2026-05-12 10:00:00
102806,B,2026-05-23 09:00:00
102807,A,2026-05-09 13:00:00
102808,B,2026-05-14 05:00:00
102809,A,2026-05-22 05:00:00
102810,A,2026-05-10 11:00:00
102811,A,2026-05-20 18:00:00
102812,A,2026-05-15 21:00:00
102813,B,2026-05-10 05:00:00
102814,A,2026-05-26 06:00:00
102815,A,2026-05-05 12:00:00
102816,B,2026-05-10 09:00:00
102817,B,2026-05-12 08:00:00
102818,A,2026-05-27 08:00:00
102819,B,2026-05-14 18:00:00
102820,A,2026-05-17 04:00:00
102821,A,2026-05-15 02:00:00
102822,B,2026-05-20 02:00:00
102823,A,2026-05-03 13:00:00
102824,A,2026-05-27 14:00:00
102825,A,2026-05-03 23:00:00
102826,B,2026-05-02 20:00:00
102827,B,2026-05-24 23:00:00
102828,B,2026-05-19 07:00:00
102829,A,2026-05-15 08:00:00
102830,B,2026-05-26 04:00:00
102831,B,2026-05-13 03:00:00
102832,B,2026-05-22 19:00:00
102833,B,2026-05-04 20:00:00
102834,A,2026-05-08 16:00:00
102835,A,2026-05-20 00:00:00
102836,A,2026-05-06 11:00:00
102837,A,2026-05-17 13:00:00
102838,B,2026-05-16 04:00:00
102839,B,2026-05-26 18:00:00
102840,B,2026-05-16 13:00:00
102841,B,2026-05-22 16:00:00
102842,B,2026-05-28 21:00:00
102843,B,2026-05-09 21:00:00
102844,A,2026-05-10 00:00:00
102845,B,2026-05-26 09:00:00
102846,A,2026-05-05 00:00:00
102847,A,2026-05-23 15:00:00
102848,B,2026-05-22 20:00:00
102849,B,2026-05-22 03:00:00
102850,B,2026-05-09 00:00:00
102851,A,2026-05-17 07:00:00
102852,B,2026-05-09 18:00:00
102853,B,2026-05-16 16:00:00
102854,A,2026-05-27 11:00:00
102855,A,2026-05-09 11:00:00
102856,B,2026-05-17 23:00:00
102857,A,2026-05-21 01:00:00
102858,A,2026-05-15 20:00:00
102859,B,2026-05-25 01:00:00
102860,B,2026-05-20 12:00:00
102861,A,2026-05-15 09:00:00
102862,A,2026-05-25 09:00:00
102863,A,2026-05-23 22:00:00
102864,B,2026-05-23 21:00:00
102865,B,2026-05-22 20:00:00
102866,B,2026-05-01 14:00:00
102867,B,2026-05-14 11:00:00
102868,B,2026-05-21 23:00:00
102869,A,2026-05-02 05:00:00
102870,B,2026-05-03 10:00:00
102871,A,2026-05-16 07:00:00
102872,A,2026-05-17 19:00:00
102873,B,2026-05-05 15:00:00
102874,A,2026-05-14 21:00:00
102875,B,2026-05-15 19:00:00
102876,A,2026-05-09 20:00:00
102877,B,2026-05-10 10:00:00
102878,B,2026-05-16 00:00:00
102879,B,2026-05-15 03:00:00
102880,B,2026-05-21 17:00:00
102881,A,2026-05-03 00:00:00
102882,B,2026-05-06 20:00:00
102883,A,2026-05-19 00:00:00
102884,A,2026-05-15 05:00:00
102885,B,2026-05-16 14:00:00
102886,B,2026-05-04 19:00:00
102887,B,2026-05-16 21:00:00
102888,A,2026-05-25 14:00:00
102889,A,2026-05-17 19:00:00
102890,B,2026-05-24 19:00:00
102891,B,2026-05-10 10:00:00
102892,B,2026-05-07 04:00:00
102893,B,2026-05-04 06:00:00
102894,B,2026-05-24 03:00:00
102895,B,2026-05-23 01:00:00
102896,B,2026-05-16 00:00:00
102897,A,2026-05-10 03:00:00
102898,A,2026-05-19 15:00:00
102899,B,2026-05-04 17:00:00
102900,B,2026-05-21 03:00:00
102901,B,2026-05-19 07:00:00
102902,B,2026-05-10 15:00:00
102903,A,2026-05-11 17:00:00
102904,A,2026-05-03 23:00:00
102905,A,2026-05-25 02:00:00
102906,B,2026-05-22 10:00:00
102907,A,2026-05-02 01:00:00
102908,A,2026-05-25 11:00:00
102909,A,2026-05-25 02:00:00
102910,A,2026-05-03 09:00:00
102911,A,2026-05-07 04:00:00
102912,A,2026-05-25 18:00:00
102913,A,2026-05-15 03:00:00
102914,B,2026-05-18 01:00:00
102915,A,2026-05-08 16:00:00
102916,B,2026-05-03 23:00:00
102917,A,2026-05-12 11:00:00
102918,B,2026-05-17 02:00:00
102919,A,2026-05-19 13:00:00
102920,B,2026-05-20 01:00:00
102921,A,2026-05-16 00:00:00
102922,A,2026-05-17 18:00:00
102923,B,2026-05-20 08:00:00
102924,A,2026-05-16 21:00:00
102925,B,2026-05-13 01:00:00
102926,B,2026-05-23 07:00:00
102927,B,2026-05-19 14:00:00
102928,A,2026-05-03 17:00:00
102929,A,2026-05-05 16:00:00
102930,A,2026-05-11 19:00:00
102931,A,2026-05-08 07:00:00
102932,A,2026-05-25 02:00:00
102933,B,2026-05-17 04:00:00
102934,B,2026-05-26 00:00:00
102935,A,2026-05-13 22:00:00
102936,A,2026-05-28 05:00:00
102937,A,2026-05-06 10:00:00
102938,B,2026-05-03 03:00:00
102939,A,2026-05-20 21:00:00
102940,A,2026-05-05 07:00:00
102941,A,2026-05-03 19:00:00
102942,B,2026-05-10 04:00:00
102943,A,2026-05-22 09:00:00
102944,A,2026-05-10 23:00:00
102945,A,2026-05-11 16:00:00
102946,B,2026-05-22 21:00:00
102947,A,2026-05-22 20:00:00
102948,A,2026-05-27 04:00:00
102949,B,2026-05-04 01:00:00
102950,A,2026-05-02 13:00:00
102951,A,2026-05-02 11:00:00
102952,B,2026-05-22 23:00:00
102953,A,2026-05-04 06:00:00
102954,A,2026-05-03 14:00:00
102955,A,2026-05-25 05:00:00
102956,A,2026-05-11 04:00:00
102957,A,2026-05-26 03:00:00
102958,A,2026-05-03 01:00:00
102959,A,2026-05-26 09:00:00
102960,B,2026-05-12 21:00:00
102961,A,2026-05-15 05:00:00
102962,A,2026-05-20 17:00:00
102963,B,2026-05-03 01:00:00
102964,A,2026-05-04 19:00:00
102965,B,2026-05-25 02:00:00
102966,B,2026-05-14 18:00:00
102967,B,2026-05-09 12:00:00
102968,A,2026-05-24 15:00:00
102969,A,2026-05-02 13:00:00
102970,B,2026-05-27 12:00:00
102971,B,2026-05-27 15:00:00
102972,A,2026-05-24 19:00:00
102973,A,2026-05-10 19:00:00
102974,A,2026-05-28 22:00:00
102975,B,2026-05-09 19:00:00
102976,A,2026-05-09 06:00:00
102977,B,2026-05-23 23:00:00
102978,B,2026-05-01 21:00:00
102979,B,2026-05-08 22:00:00
102980,B,2026-05-03 04:00:00
102981,A,2026-05-13 22:00:00
102982,A,2026-05-10 11:00:00
102983,B,2026-05-26 03:00:00
102984,A,2026-05-06 15:00:00
102985,A,2026-05-01 05:00:00
102986,B,2026-05-17 06:00:00
102987,A,2026-05-02 20:00:00
102988,A,2026-05-17 15:00:00
102989,A,2026-05-12 18:00:00
102990,B,2026-05-01 23:00:00
102991,B,2026-05-17 04:00:00
102992,A,2026-05-11 19:00:00
102993,A,2026-05-24 07:00:00
102994,A,2026-05-06 12:00:00
102995,B,2026-05-09 12:00:00
102996,A,2026-05-06 15:00:00
102997,A,2026-05-21 00:00:00
102998,A,2026-05-27 10:00:00
102999,B,2026-05-03 01:00:00
103000,A,2026-05-16 21:00:00
103001,B,2026-05-26 16:00:00
103002,B,2026-05-15 07:00:00
103003,B,2026-05-16 11:00:00
103004,B,2026-05-03 14:00:00
103005,A,2026-05-28 13:00:00
103006,A,2026-05-10 17:00:00
103007,A,2026-05-05 22:00:00
103008,A,2026-05-13 02:00:00
103009,A,2026-05-11 09:00:00
103010,B,2026-05-07 09:00:00
103011,B,2026-05-19 21:00:00
103012,A,2026-05-21 16:00:00
103013,B,2026-05-27 08:00:00
103014,B,2026-05-18 17:00:00
103015,B,2026-05-24 04:00:00
103016,B,2026-05-07 04:00:00
103017,B,2026-05-19 22:00:00
103018,A,2026-05-22 18:00:00
103019,A,2026-05-19 21:00:00
103020,B,2026-05-23 01:00:00
103021,A,2026-05-12 22:00:00
103022,A,2026-05-15 04:00:00
103023,B,2026-05-20 09:00:00
103024,A,2026-05-17 06:00:00
103025,A,2026-05-25 19:00:00
103026,A,2026-05-26 03:00:00
103027,B,2026-05-02 14:00:00
103028,A,2026-05-15 22:00:00
103029,A,2026-05-27 06:00:00
103030,A,2026-05-06 05:00:00
103031,B,2026-05-18 21:00:00
103032,B,2026-05-05 21:00:00
103033,A,2026-05-03 21:00:00
103034,B,2026-05-05 11:00:00
103035,B,2026-05-03 17:00:00
103036,B,2026-05-07 18:00:00
103037,A,2026-05-19 02:00:00
103038,B,2026-05-22 16:00:00
103039,A,2026-05-28 12:00:00
103040,A,2026-05-27 03:00:00
103041,B,2026-05-26 07:00:00
103042,B,2026-05-12 22:00:00
103043,B,2026-05-02 13:00:00
103044,B,2026-05-28 09:00:00
103045,B,2026-05-22 14:00:00
103046,B,2026-05-12 19:00:00
103047,B,2026-05-05 16:00:00
103048,A,2026-05-06 10:00:00
103049,B,2026-05-28 09:00:00
103050,A,2026-05-27 23:00:00
103051,A,2026-05-13 20:00:00
103052,A,2026-05-21 17:00:00
103053,B,2026-05-05 05:00:00
103054,A,2026-05-13 19:00:00
103055,B,2026-05-08 07:00:00
103056,A,2026-05-21 05:00:00
103057,B,2026-05-06 03:00:00
103058,B,2026-05-22 05:00:00
103059,A,2026-05-03 23:00:00
103060,B,2026-05-24 06:00:00
103061,B,2026-05-02 06:00:00
103062,B,2026-05-23 23:00:00
103063,B,2026-05-01 22:00:00
103064,A,2026-05-25 14:00:00
103065,B,2026-05-20 15:00:00
103066,A,2026-05-14 04:00:00
103067,B,2026-05-04 22:00:00
103068,A,2026-05-19 21:00:00
103069,A,2026-05-24 11:00:00
103070,B,2026-05-26 15:00:00
103071,B,2026-05-15 05:00:00
103072,B,2026-05-21 17:00:00
103073,B,2026-05-11 12:00:00
103074,B,2026-05-23 00:00:00
103075,A,2026-05-04 03:00:00
103076,B,2026-05-01 09:00:00
103077,A,2026-05-23 03:00:00
103078,A,2026-05-22 02:00:00
103079,B,2026-05-19 04:00:00
103080,A,2026-05-25 21:00:00
103081,A,2026-05-24 11:00:00
103082,A,2026-05-10 19:00:00
103083,B,2026-05-06 11:00:00
103084,A,2026-05-26 22:00:00
103085,A,2026-05-20 03:00:00
103086,A,2026-05-27 12:00:00
103087,A,2026-05-27 11:00:00
103088,A,2026-05-08 20:00:00
103089,A,2026-05-16 07:00:00
103090,A,2026-05-05 07:00:00
103091,B,2026-05-23 09:00:00
103092,A,2026-05-11 06:00:00
103093,B,2026-05-08 11:00:00
103094,A,2026-05-06 08:00:00
103095,A,2026-05-05 17:00:00
103096,A,2026-05-14 21:00:00
103097,B,2026-05-18 04:00:00
103098,A,2026-05-23 13:00:00
103099,A,2026-05-21 21:00:00
103100,A,2026-05-01 19:00:00
103101,A,2026-05-18 01:00:00
103102,B,2026-05-06 15:00:00
103103,A,2026-05-02 07:00:00
103104,B,2026-05-12 20:00:00
103105,A,2026-05-12 18:00:00
103106,B,2026-05-21 15:00:00
103107,A,2026-05-09 20:00:00
103108,A,2026-05-16 07:00:00
103109,A,2026-05-18 06:00:00
103110,B,2026-05-24 14:00:00
103111,A,2026-05-28 11:00:00
103112,B,2026-05-25 19:00:00
103113,B,2026-05-17 18:00:00
103114,B,2026-05-04 03:00:00
103115,B,2026-05-03 20:00:00
103116,B,2026-05-20 00:00:00
103117,A,2026-05-20 22:00:00
103118,A,2026-05-24 15:00:00
103119,B,2026-05-17 07:00:00
103120,A,2026-05-02 02:00:00
103121,B,2026-05-27 20:00:00
103122,A,2026-05-24 19:00:00
103123,A,2026-05-12 16:00:00
103124,A,2026-05-03 07:00:00
103125,B,2026-05-11 18:00:00
103126,A,2026-05-01 19:00:00
103127,A,2026-05-24 01:00:00
103128,A,2026-05-01 08:00:00
103129,B,2026-05-04 11:00:00
103130,B,2026-05-14 08:00:00
103131,B,2026-05-18 04:00:00
103132,A,2026-05-19 23:00:00
103133,A,2026-05-05 05:00:00
103134,A,2026-05-17 11:00:00
103135,B,2026-05-28 04:00:00
103136,A,2026-05-14 15:00:00
103137,A,2026-05-13 12:00:00
103138,A,2026-05-07 17:00:00
103139,A,2026-05-07 21:00:00
103140,B,2026-05-15 01:00:00
103141,B,2026-05-28 22:00:00
103142,B,2026-05-08 08:00:00
103143,A,2026-05-22 05:00:00
103144,A,2026-05-10 22:00:00
103145,B,2026-05-11 13:00:00
103146,B,2026-05-14 18:00:00
103147,A,2026-05-07 17:00:00
103148,B,2026-05-08 23:00:00
103149,B,2026-05-07 10:00:00
103150,B,2026-05-02 19:00:00
103151,A,2026-05-15 08:00:00
103152,B,2026-05-09 12:00:00
103153,A,2026-05-19 10:00:00
103154,B,2026-05-07 16:00:00
103155,A,2026-05-21 01:00:00
103156,A,2026-05-15 11:00:00
103157,B,2026-05-04 16:00:00
103158,B,2026-05-11 03:00:00
103159,A,2026-05-28 13:00:00
103160,A,2026-05-12 08:00:00
103161,B,2026-05-11 00:00:00
103162,A,2026-05-12 15:00:00
103163,A,2026-05-16 13:00:00
103164,A,2026-05-13 00:00:00
103165,A,2026-05-14 18:00:00
103166,A,2026-05-07 21:00:00
103167,A,2026-05-05 11:00:00
103168,B,2026-05-01 10:00:00
103169,B,2026-05-03 21:00:00
103170,A,2026-05-27 13:00:00
103171,B,2026-05-05 16:00:00
103172,A,2026-05-23 04:00:00
103173,A,2026-05-13 10:00:00
103174,B,2026-05-02 23:00:00
103175,A,2026-05-15 23:00:00
103176,A,2026-05-03 12:00:00
103177,A,2026-05-13 21:00:00
103178,B,2026-05-14 02:00:00
103179,B,2026-05-15 06:00:00
103180,B,2026-05-06 22:00:00
103181,A,2026-05-18 04:00:00
103182,B,2026-05-08 16:00:00
103183,A,2026-05-10 08:00:00
103184,B,2026-05-14 20:00:00
103185,B,2026-05-04 18:00:00
103186,A,2026-05-19 01:00:00
103187,A,2026-05-07 08:00:00
103188,A,2026-05-10 08:00:00
103189,A,2026-05-03 21:00:00
103190,A,2026-05-22 04:00:00
103191,B,2026-05-03 04:00:00
103192,B,2026-05-01 17:00:00
103193,A,2026-05-12 19:00:00
103194,B,2026-05-21 01:00:00
103195,B,2026-05-13 04:00:00
103196,B,2026-05-07 06:00:00
103197,B,2026-05-12 13:00:00
103198,A,2026-05-03 17:00:00
103199,B,2026-05-15 23:00:00
103200,A,2026-05-04 08:00:00
103201,B,2026-05-11 08:00:00
103202,B,2026-05-22 12:00:00
103203,B,2026-05-18 14:00:00
103204,A,2026-05-24 23:00:00
103205,B,2026-05-28 10:00:00
103206,B,2026-05-08 22:00:00
103207,B,2026-05-02 08:00:00
103208,A,2026-05-04 06:00:00
103209,B,2026-05-09 07:00:00
103210,A,2026-05-25 15:00:00
103211,B,2026-05-13 11:00:00
103212,B,2026-05-03 11:00:00
103213,B,2026-05-26 02:00:00
103214,B,2026-05-27 09:00:00
103215,A,2026-05-20 01:00:00
103216,B,2026-05-07 00:00:00
103217,A,2026-05-02 16:00:00
103218,B,2026-05-09 03:00:00
103219,A,2026-05-03 23:00:00
103220,B,2026-05-19 13:00:00
103221,A,2026-05-23 14:00:00
103222,B,2026-05-05 11:00:00
103223,A,2026-05-19 18:00:00
103224,A,2026-05-17 22:00:00
103225,A,2026-05-17 14:00:00
103226,B,2026-05-27 12:00:00
103227,B,2026-05-17 16:00:00
103228,B,2026-05-18 14:00:00
103229,B,2026-05-12 14:00:00
103230,B,2026-05-09 08:00:00
103231,A,2026-05-26 18:00:00
103232,B,2026-05-22 01:00:00
103233,B,2026-05-04 16:00:00
103234,B,2026-05-05 21:00:00
103235,B,2026-05-06 18:00:00
103236,B,2026-05-01 23:00:00
103237,A,2026-05-24 13:00:00
103238,A,2026-05-27 23:00:00
103239,A,2026-05-13 11:00:00
103240,A,2026-05-07 07:00:00
103241,A,2026-05-19 18:00:00
103242,B,2026-05-03 10:00:00
103243,B,2026-05-04 20:00:00
103244,B,2026-05-13 10:00:00
103245,A,2026-05-03 21:00:00
103246,B,2026-05-18 00:00:00
103247,B,2026-05-09 22:00:00
103248,B,2026-05-23 10:00:00
103249,B,2026-05-28 03:00:00
103250,B,2026-05-18 12:00:00
103251,A,2026-05-01 18:00:00
103252,B,2026-05-17 16:00:00
103253,A,2026-05-09 00:00:00
103254,B,2026-05-07 02:00:00
103255,B,2026-05-24 20:00:00
103256,B,2026-05-02 12:00:00
103257,A,2026-05-05 23:00:00
103258,B,2026-05-03 18:00:00
103259,A,2026-05-14 16:00:00
103260,B,2026-05-08 15:00:00
103261,A,2026-05-03 09:00:00
103262,B,2026-05-06 03:00:00
103263,A,2026-05-16 08:00:00
103264,A,2026-05-15 05:00:00
103265,A,2026-05-27 05:00:00
103266,B,2026-05-06 09:00:00
103267,A,2026-05-04 03:00:00
103268,A,2026-05-09 18:00:00
103269,B,2026-05-06 21:00:00
103270,B,2026-05-18 19:00:00
103271,B,2026-05-09 10:00:00
103272,A,2026-05-11 21:00:00
103273,B,2026-05-04 10:00:00
103274,B,2026-05-20 21:00:00
103275,B,2026-05-25 21:00:00
103276,A,2026-05-14 11:00:00
103277,A,2026-05-02 05:00:00
103278,A,2026-05-15 07:00:00
103279,A,2026-05-08 18:00:00
103280,A,2026-05-09 12:00:00
103281,A,2026-05-24 23:00:00
103282,B,2026-05-17 17:00:00
103283,B,2026-05-19 12:00:00
103284,B,2026-05-09 00:00:00
103285,A,2026-05-10 12:00:00
103286,B,2026-05-23 01:00:00
103287,B,2026-05-05 22:00:00
103288,A,2026-05-20 09:00:00
103289,B,2026-05-20 07:00:00
103290,A,2026-05-22 20:00:00
103291,A,2026-05-05 15:00:00
103292,A,2026-05-01 09:00:00
103293,B,2026-05-11 18:00:00
103294,B,2026-05-18 12:00:00
103295,B,2026-05-02 03:00:00
103296,A,2026-05-09 20:00:00
103297,B,2026-05-08 22:00:00
103298,B,2026-05-10 10:00:00
103299,B,2026-05-22 04:00:00
103300,B,2026-05-08 17:00:00
103301,B,2026-05-26 13:00:00
103302,A,2026-05-02 04:00:00
103303,A,2026-05-24 16:00:00
103304,A,2026-05-20 15:00:00
103305,B,2026-05-04 23:00:00
103306,A,2026-05-10 19:00:00
103307,A,2026-05-20 15:00:00
103308,A,2026-05-09 20:00:00
103309,A,2026-05-04 20:00:00
103310,A,2026-05-13 14:00:00
103311,B,2026-05-09 04:00:00
103312,A,2026-05-09 03:00:00
103313,A,2026-05-23 21:00:00
103314,A,2026-05-15 14:00:00
103315,A,2026-05-23 05:00:00
103316,B,2026-05-20 20:00:00
103317,B,2026-05-07 14:00:00
103318,A,2026-05-04 15:00:00
103319,B,2026-05-24 05:00:00
103320,B,2026-05-23 13:00:00
103321,A,2026-05-18 19:00:00
103322,B,2026-05-15 21:00:00
103323,A,2026-05-01 14:00:00
103324,B,2026-05-25 14:00:00
103325,A,2026-05-17 12:00:00
103326,A,2026-05-04 11:00:00
103327,A,2026-05-26 19:00:00
103328,B,2026-05-13 23:00:00
103329,B,2026-05-05 07:00:00
103330,A,2026-05-04 11:00:00
103331,A,2026-05-05 08:00:00
103332,A,2026-05-26 20:00:00
103333,B,2026-05-09 21:00:00
103334,A,2026-05-24 01:00:00
103335,A,2026-05-04 13:00:00
103336,A,2026-05-02 15:00:00
103337,B,2026-05-27 06:00:00
103338,B,2026-05-04 11:00:00
103339,A,2026-05-04 03:00:00
103340,B,2026-05-06 05:00:00
103341,B,2026-05-24 11:00:00
103342,A,2026-05-15 14:00:00
103343,B,2026-05-23 00:00:00
103344,A,2026-05-04 03:00:00
103345,A,2026-05-14 13:00:00
103346,B,2026-05-03 07:00:00
103347,A,2026-05-06 00:00:00
103348,A,2026-05-10 21:00:00
103349,B,2026-05-14 11:00:00
103350,B,2026-05-17 04:00:00
103351,B,2026-05-22 09:00:00
103352,B,2026-05-04 06:00:00
103353,B,2026-05-05 04:00:00
103354,A,2026-05-18 04:00:00
103355,A,2026-05-22 22:00:00
103356,A,2026-05-04 01:00:00
103357,B,2026-05-23 23:00:00
103358,A,2026-05-04 08:00:00
103359,B,2026-05-08 04:00:00
103360,A,2026-05-14 14:00:00
103361,A,2026-05-14 20:00:00
103362,B,2026-05-25 13:00:00
103363,B,2026-05-24 22:00:00
103364,A,2026-05-17 20:00:00
103365,B,2026-05-02 05:00:00
103366,A,2026-05-08 20:00:00
103367,B,2026-05-02 16:00:00
103368,B,2026-05-25 20:00:00
103369,B,2026-05-01 06:00:00
103370,A,2026-05-14 12:00:00
103371,B,2026-05-07 03:00:00
103372,A,2026-05-27 00:00:00
103373,A,2026-05-18 08:00:00
103374,A,2026-05-02 07:00:00
103375,B,2026-05-25 01:00:00
103376,A,2026-05-26 21:00:00
103377,B,2026-05-08 22:00:00
103378,A,2026-05-07 04:00:00
103379,B,2026-05-13 13:00:00
103380,A,2026-05-09 20:00:00
103381,A,2026-05-02 18:00:00
103382,B,2026-05-06 09:00:00
103383,A,2026-05-17 07:00:00
103384,B,2026-05-14 15:00:00
103385,B,2026-05-21 17:00:00
103386,A,2026-05-10 13:00:00
103387,A,2026-05-21 00:00:00
103388,B,2026-05-02 13:00:00
103389,B,2026-05-11 05:00:00
103390,A,2026-05-12 11:00:00
103391,B,2026-05-08 18:00:00
103392,B,2026-05-07 06:00:00
103393,B,2026-05-11 23:00:00
103394,A,2026-05-09 10:00:00
103395,A,2026-05-20 11:00:00
103396,B,2026-05-10 07:00:00
103397,A,2026-05-27 03:00:00
103398,A,2026-05-08 08:00:00
103399,B,2026-05-26 19:00:00
103400,B,2026-05-04 02:00:00
103401,B,2026-05-25 13:00:00
103402,B,2026-05-24 04:00:00
103403,B,2026-05-13 18:00:00
103404,B,2026-05-21 17:00:00
103405,B,2026-05-03 03:00:00
103406,A,2026-05-21 14:00:00
103407,A,2026-05-09 02:00:00
103408,A,2026-05-08 17:00:00
103409,A,2026-05-26 17:00:00
103410,A,2026-05-24 20:00:00
103411,A,2026-05-07 05:00:00
103412,B,2026-05-07 02:00:00
103413,B,2026-05-17 03:00:00
103414,B,2026-05-09 03:00:00
103415,B,2026-05-21 08:00:00
103416,A,2026-05-28 19:00:00
103417,A,2026-05-10 17:00:00
103418,A,2026-05-15 15:00:00
103419,A,2026-05-25 17:00:00
103420,A,2026-05-18 17:00:00
103421,A,2026-05-19 04:00:00
103422,A,2026-05-10 19:00:00
103423,B,2026-05-20 21:00:00
103424,B,2026-05-23 02:00:00
103425,A,2026-05-23 06:00:00
103426,B,2026-05-23 19:00:00
103427,A,2026-05-18 08:00:00
103428,A,2026-05-18 01:00:00
103429,B,2026-05-26 08:00:00
103430,B,2026-05-03 15:00:00
103431,A,2026-05-24 04:00:00
103432,A,2026-05-09 18:00:00
103433,A,2026-05-25 07:00:00
103434,A,2026-05-26 10:00:00
103435,B,2026-05-23 16:00:00
103436,B,2026-05-27 10:00:00
103437,A,2026-05-16 21:00:00
103438,B,2026-05-28 14:00:00
103439,B,2026-05-03 16:00:00
103440,B,2026-05-06 21:00:00
103441,A,2026-05-20 22:00:00
103442,B,2026-05-10 15:00:00
103443,A,2026-05-18 23:00:00
103444,B,2026-05-26 17:00:00
103445,B,2026-05-27 11:00:00
103446,B,2026-05-06 04:00:00
103447,B,2026-05-10 05:00:00
103448,B,2026-05-02 10:00:00
103449,A,2026-05-16 17:00:00
103450,B,2026-05-21 03:00:00
103451,B,2026-05-15 09:00:00
103452,B,2026-05-26 15:00:00
103453,B,2026-05-09 12:00:00
103454,A,2026-05-28 07:00:00
103455,A,2026-05-11 16:00:00
103456,B,2026-05-02 03:00:00
103457,A,2026-05-09 00:00:00
103458,B,2026-05-12 19:00:00
103459,A,2026-05-06 09:00:00
103460,B,2026-05-01 04:00:00
103461,B,2026-05-21 01:00:00
103462,A,2026-05-25 08:00:00
103463,A,2026-05-19 14:00:00
103464,B,2026-05-17 00:00:00
103465,A,2026-05-03 09:00:00
103466,B,2026-05-03 04:00:00
103467,A,2026-05-17 07:00:00
103468,A,2026-05-24 18:00:00
103469,B,2026-05-09 18:00:00
103470,B,2026-05-22 22:00:00
103471,B,2026-05-16 22:00:00
103472,A,2026-05-05 23:00:00
103473,A,2026-05-28 08:00:00
103474,B,2026-05-18 00:00:00
103475,A,2026-05-22 11:00:00
103476,B,2026-05-10 14:00:00
103477,B,2026-05-06 21:00:00
103478,A,2026-05-16 13:00:00
103479,A,2026-05-21 00:00:00
103480,A,2026-05-24 21:00:00
103481,A,2026-05-24 18:00:00
103482,A,2026-05-28 14:00:00
103483,A,2026-05-06 08:00:00
103484,B,2026-05-21 03:00:00
103485,B,2026-05-18 21:00:00
103486,B,2026-05-28 10:00:00
103487,A,2026-05-08 14:00:00
103488,B,2026-05-18 11:00:00
103489,B,2026-05-26 16:00:00
103490,B,2026-05-22 01:00:00
103491,B,2026-05-23 06:00:00
103492,B,2026-05-27 16:00:00
103493,A,2026-05-14 02:00:00
103494,B,2026-05-21 17:00:00
103495,B,2026-05-09 21:00:00
103496,B,2026-05-20 08:00:00
103497,B,2026-05-12 13:00:00
103498,A,2026-05-20 04:00:00
103499,B,2026-05-06 17:00:00
103500,B,2026-05-01 10:00:00
103501,B,2026-05-04 02:00:00
103502,A,2026-05-28 08:00:00
103503,A,2026-05-21 18:00:00
103504,A,2026-05-08 03:00:00
103505,B,2026-05-08 15:00:00
103506,B,2026-05-10 03:00:00
103507,A,2026-05-09 19:00:00
103508,A,2026-05-26 18:00:00
103509,A,2026-05-19 22:00:00
103510,A,2026-05-08 10:00:00
103511,B,2026-05-18 00:00:00
103512,B,2026-05-08 17:00:00
103513,B,2026-05-26 12:00:00
103514,B,2026-05-19 06:00:00
103515,B,2026-05-24 10:00:00
103516,A,2026-05-03 16:00:00
103517,A,2026-05-27 06:00:00
103518,B,2026-05-14 23:00:00
103519,A,2026-05-26 22:00:00
103520,B,2026-05-22 15:00:00
103521,A,2026-05-15 20:00:00
103522,A,2026-05-02 09:00:00
103523,A,2026-05-06 11:00:00
103524,A,2026-05-26 08:00:00
103525,B,2026-05-06 23:00:00
103526,B,2026-05-14 18:00:00
103527,B,2026-05-06 13:00:00
103528,B,2026-05-05 10:00:00
103529,A,2026-05-11 20:00:00
103530,A,2026-05-23 08:00:00
103531,B,2026-05-11 08:00:00
103532,A,2026-05-01 20:00:00
103533,B,2026-05-22 19:00:00
103534,A,2026-05-10 11:00:00
103535,A,2026-05-13 04:00:00
103536,A,2026-05-11 12:00:00
103537,A,2026-05-08 01:00:00
103538,A,2026-05-08 03:00:00
103539,A,2026-05-21 04:00:00
103540,A,2026-05-10 15:00:00
103541,A,2026-05-04 18:00:00
103542,B,2026-05-18 19:00:00
103543,A,2026-05-19 08:00:00
103544,B,2026-05-28 21:00:00
103545,A,2026-05-24 02:00:00
103546,B,2026-05-21 03:00:00
103547,B,2026-05-03 00:00:00
103548,B,2026-05-27 00:00:00
103549,B,2026-05-07 17:00:00
103550,B,2026-05-14 17:00:00
103551,B,2026-05-24 08:00:00
103552,B,2026-05-20 12:00:00
103553,B,2026-05-28 11:00:00
103554,A,2026-05-01 19:00:00
103555,A,2026-05-10 09:00:00
103556,A,2026-05-13 10:00:00
103557,A,2026-05-11 21:00:00
103558,A,2026-05-18 00:00:00
103559,B,2026-05-14 02:00:00
103560,B,2026-05-11 13:00:00
103561,A,2026-05-27 03:00:00
103562,B,2026-05-10 20:00:00
103563,B,2026-05-20 09:00:00
103564,A,2026-05-20 11:00:00
103565,A,2026-05-08 18:00:00
103566,A,2026-05-17 07:00:00
103567,B,2026-05-23 09:00:00
103568,B,2026-05-27 01:00:00
103569,B,2026-05-15 08:00:00
103570,A,2026-05-01 20:00:00
103571,B,2026-05-01 18:00:00
103572,A,2026-05-26 04:00:00
103573,A,2026-05-05 01:00:00
103574,A,2026-05-20 12:00:00
103575,B,2026-05-23 18:00:00
103576,B,2026-05-01 21:00:00
103577,A,2026-05-15 07:00:00
103578,A,2026-05-28 08:00:00
103579,B,2026-05-03 07:00:00
103580,B,2026-05-04 01:00:00
103581,B,2026-05-15 06:00:00
103582,B,2026-05-13 15:00:00
103583,B,2026-05-02 14:00:00
103584,A,2026-05-28 18:00:00
103585,A,2026-05-08 06:00:00
103586,B,2026-05-01 04:00:00
103587,B,2026-05-22 07:00:00
103588,B,2026-05-03 15:00:00
103589,A,2026-05-09 16:00:00
103590,B,2026-05-06 02:00:00
103591,B,2026-05-13 04:00:00
103592,A,2026-05-10 03:00:00
103593,A,2026-05-26 08:00:00
103594,B,2026-05-14 15:00:00
103595,A,2026-05-05 17:00:00
103596,A,2026-05-13 12:00:00
103597,A,2026-05-12 04:00:00
103598,B,2026-05-20 06:00:00
103599,A,2026-05-25 18:00:00
103600,B,2026-05-07 07:00:00
103601,B,2026-05-18 17:00:00
103602,A,2026-05-12 21:00:00
103603,B,2026-05-06 23:00:00
103604,A,2026-05-07 18:00:00
103605,B,2026-05-06 21:00:00
103606,B,2026-05-25 09:00:00
103607,A,2026-05-01 15:00:00
103608,A,2026-05-19 11:00:00
103609,B,2026-05-09 22:00:00
103610,B,2026-05-23 08:00:00
103611,B,2026-05-17 04:00:00
103612,B,2026-05-09 20:00:00
103613,B,2026-05-04 22:00:00
103614,B,2026-05-23 23:00:00
103615,A,2026-05-10 00:00:00
103616,A,2026-05-25 03:00:00
103617,B,2026-05-27 15:00:00
103618,B,2026-05-21 23:00:00
103619,B,2026-05-06 04:00:00
103620,A,2026-05-05 05:00:00
103621,B,2026-05-04 23:00:00
103622,A,2026-05-13 15:00:00
103623,B,2026-05-26 12:00:00
103624,B,2026-05-17 22:00:00
103625,A,2026-05-11 03:00:00
103626,B,2026-05-27 22:00:00
103627,B,2026-05-13 01:00:00
103628,A,2026-05-19 08:00:00
103629,B,2026-05-15 21:00:00
103630,A,2026-05-23 12:00:00
103631,B,2026-05-12 09:00:00
103632,B,2026-05-13 05:00:00
103633,A,2026-05-23 17:00:00
103634,B,2026-05-02 18:00:00
103635,B,2026-05-19 17:00:00
103636,A,2026-05-14 08:00:00
103637,A,2026-05-25 01:00:00
103638,A,2026-05-10 17:00:00
103639,B,2026-05-24 18:00:00
103640,B,2026-05-19 17:00:00
103641,A,2026-05-13 04:00:00
103642,A,2026-05-10 18:00:00
103643,A,2026-05-07 10:00:00
103644,B,2026-05-09 09:00:00
103645,A,2026-05-26 01:00:00
103646,A,2026-05-04 01:00:00
103647,A,2026-05-24 08:00:00
103648,B,2026-05-20 00:00:00
103649,A,2026-05-13 16:00:00
103650,A,2026-05-25 01:00:00
103651,B,2026-05-17 03:00:00
103652,A,2026-05-03 03:00:00
103653,B,2026-05-16 14:00:00
103654,B,2026-05-16 02:00:00
103655,A,2026-05-08 11:00:00
103656,B,2026-05-08 21:00:00
103657,B,2026-05-07 06:00:00
103658,A,2026-05-16 16:00:00
103659,B,2026-05-11 15:00:00
103660,A,2026-05-15 21:00:00
103661,A,2026-05-12 14:00:00
103662,A,2026-05-11 07:00:00
103663,A,2026-05-08 03:00:00
103664,A,2026-05-15 09:00:00
103665,B,2026-05-10 16:00:00
103666,B,2026-05-05 08:00:00
103667,A,2026-05-22 02:00:00
103668,B,2026-05-24 22:00:00
103669,B,2026-05-08 13:00:00
103670,A,2026-05-14 12:00:00
103671,A,2026-05-18 09:00:00
103672,A,2026-05-10 12:00:00
103673,A,2026-05-21 09:00:00
103674,A,2026-05-13 20:00:00
103675,A,2026-05-04 11:00:00
103676,B,2026-05-12 14:00:00
103677,A,2026-05-25 07:00:00
103678,A,2026-05-02 05:00:00
103679,A,2026-05-04 01:00:00
103680,B,2026-05-16 23:00:00
103681,A,2026-05-27 14:00:00
103682,B,2026-05-14 07:00:00
103683,B,2026-05-19 20:00:00
103684,B,2026-05-06 03:00:00
103685,B,2026-05-23 15:00:00
103686,A,2026-05-08 17:00:00
103687,A,2026-05-28 17:00:00
103688,A,2026-05-22 04:00:00
103689,B,2026-05-22 23:00:00
103690,B,2026-05-06 03:00:00
103691,B,2026-05-02 01:00:00
103692,B,2026-05-24 04:00:00
103693,A,2026-05-26 14:00:00
103694,B,2026-05-09 23:00:00
103695,A,2026-05-26 17:00:00
103696,A,2026-05-19 11:00:00
103697,B,2026-05-13 20:00:00
103698,B,2026-05-25 20:00:00
103699,A,2026-05-05 12:00:00
103700,A,2026-05-11 02:00:00
103701,B,2026-05-04 19:00:00
103702,B,2026-05-28 11:00:00
103703,B,2026-05-26 04:00:00
103704,A,2026-05-25 09:00:00
103705,A,2026-05-18 11:00:00
103706,B,2026-05-04 17:00:00
103707,A,2026-05-24 07:00:00
103708,B,2026-05-01 17:00:00
103709,A,2026-05-15 23:00:00
103710,B,2026-05-21 16:00:00
103711,B,2026-05-26 22:00:00
103712,B,2026-05-19 17:00:00
103713,A,2026-05-28 16:00:00
103714,A,2026-05-05 12:00:00
103715,B,2026-05-04 03:00:00
103716,A,2026-05-24 08:00:00
103717,A,2026-05-07 21:00:00
103718,A,2026-05-12 01:00:00
103719,B,2026-05-04 21:00:00
103720,A,2026-05-25 15:00:00
103721,A,2026-05-21 04:00:00
103722,A,2026-05-27 03:00:00
103723,B,2026-05-25 05:00:00
103724,A,2026-05-20 18:00:00
103725,B,2026-05-17 22:00:00
103726,B,2026-05-14 06:00:00
103727,B,2026-05-20 18:00:00
103728,B,2026-05-03 14:00:00
103729,B,2026-05-23 04:00:00
103730,B,2026-05-23 17:00:00
103731,B,2026-05-03 02:00:00
103732,B,2026-05-01 07:00:00
103733,A,2026-05-02 00:00:00
103734,B,2026-05-16 11:00:00
103735,B,2026-05-05 15:00:00
103736,B,2026-05-28 02:00:00
103737,B,2026-05-06 17:00:00
103738,A,2026-05-06 18:00:00
103739,A,2026-05-02 12:00:00
103740,B,2026-05-17 13:00:00
103741,B,2026-05-04 06:00:00
103742,A,2026-05-20 21:00:00
103743,A,2026-05-02 02:00:00
103744,A,2026-05-11 16:00:00
103745,B,2026-05-07 13:00:00
103746,A,2026-05-13 08:00:00
103747,A,2026-05-08 11:00:00
103748,B,2026-05-11 14:00:00
103749,A,2026-05-08 18:00:00
103750,B,2026-05-07 19:00:00
103751,B,2026-05-12 02:00:00
103752,A,2026-05-14 06:00:00
103753,B,2026-05-16 00:00:00
103754,A,2026-05-20 17:00:00
103755,A,2026-05-19 03:00:00
103756,B,2026-05-17 21:00:00
103757,A,2026-05-05 22:00:00
103758,A,2026-05-24 08:00:00
103759,A,2026-05-13 19:00:00
103760,A,2026-05-16 15:00:00
103761,B,2026-05-24 05:00:00
103762,B,2026-05-07 08:00:00
103763,A,2026-05-04 02:00:00
103764,B,2026-05-04 00:00:00
103765,B,2026-05-11 22:00:00
103766,A,2026-05-04 02:00:00
103767,B,2026-05-13 04:00:00
103768,B,2026-05-25 15:00:00
103769,B,2026-05-28 02:00:00
103770,B,2026-05-13 07:00:00
103771,B,2026-05-02 19:00:00
103772,B,2026-05-20 11:00:00
103773,A,2026-05-19 12:00:00
103774,B,2026-05-10 16:00:00
103775,A,2026-05-06 22:00:00
103776,B,2026-05-14 18:00:00
103777,B,2026-05-14 20:00:00
103778,B,2026-05-03 07:00:00
103779,A,2026-05-05 00:00:00
103780,B,2026-05-10 13:00:00
103781,A,2026-05-19 05:00:00
103782,A,2026-05-07 05:00:00
103783,A,2026-05-04 01:00:00
103784,A,2026-05-13 22:00:00
103785,A,2026-05-13 20:00:00
103786,B,2026-05-19 05:00:00
103787,A,2026-05-25 09:00:00
103788,B,2026-05-05 06:00:00
103789,A,2026-05-02 21:00:00
103790,B,2026-05-16 14:00:00
103791,B,2026-05-08 01:00:00
103792,B,2026-05-27 17:00:00
103793,B,2026-05-19 06:00:00
103794,A,2026-05-05 12:00:00
103795,A,2026-05-22 15:00:00
103796,B,2026-05-28 19:00:00
103797,B,2026-05-24 01:00:00
103798,A,2026-05-02 03:00:00
103799,A,2026-05-11 08:00:00
103800,B,2026-05-03 06:00:00
103801,A,2026-05-03 06:00:00
103802,B,2026-05-20 01:00:00
103803,A,2026-05-24 10:00:00
103804,A,2026-05-08 07:00:00
103805,B,2026-05-23 03:00:00
103806,A,2026-05-11 05:00:00
103807,A,2026-05-15 02:00:00
103808,A,2026-05-02 16:00:00
103809,A,2026-05-14 11:00:00
103810,B,2026-05-01 14:00:00
103811,A,2026-05-09 04:00:00
103812,B,2026-05-12 19:00:00
103813,A,2026-05-21 11:00:00
103814,A,2026-05-10 11:00:00
103815,A,2026-05-09 17:00:00
103816,A,2026-05-01 16:00:00
103817,B,2026-05-19 06:00:00
103818,B,2026-05-23 00:00:00
103819,A,2026-05-07 12:00:00
103820,B,2026-05-14 15:00:00
103821,B,2026-05-25 14:00:00
103822,B,2026-05-18 21:00:00
103823,B,2026-05-08 17:00:00
103824,A,2026-05-27 15:00:00
103825,A,2026-05-27 15:00:00
103826,A,2026-05-19 13:00:00
103827,B,2026-05-05 05:00:00
103828,A,2026-05-14 13:00:00
103829,A,2026-05-15 02:00:00
103830,A,2026-05-28 06:00:00
103831,B,2026-05-16 10:00:00
103832,A,2026-05-18 17:00:00
103833,A,2026-05-24 03:00:00
103834,A,2026-05-03 12:00:00
103835,B,2026-05-14 18:00:00
103836,A,2026-05-19 04:00:00
103837,B,2026-05-22 16:00:00
103838,A,2026-05-09 21:00:00
103839,B,2026-05-16 20:00:00
103840,A,2026-05-20 12:00:00
103841,A,2026-05-08 12:00:00
103842,B,2026-05-16 02:00:00
103843,B,2026-05-12 23:00:00
103844,A,2026-05-16 22:00:00
103845,A,2026-05-09 09:00:00
103846,B,2026-05-02 03:00:00
103847,B,2026-05-25 14:00:00
103848,A,2026-05-12 07:00:00
103849,A,2026-05-17 13:00:00
103850,A,2026-05-20 03:00:00
103851,B,2026-05-23 03:00:00
103852,A,2026-05-16 15:00:00
103853,A,2026-05-28 06:00:00
103854,A,2026-05-10 19:00:00
103855,B,2026-05-07 01:00:00
103856,B,2026-05-08 08:00:00
103857,B,2026-05-06 10:00:00
103858,B,2026-05-18 12:00:00
103859,B,2026-05-12 20:00:00
103860,A,2026-05-15 08:00:00
103861,B,2026-05-23 05:00:00
103862,B,2026-05-14 05:00:00
103863,B,2026-05-07 17:00:00
103864,B,2026-05-13 22:00:00
103865,A,2026-05-03 08:00:00
103866,A,2026-05-10 12:00:00
103867,B,2026-05-08 11:00:00
103868,A,2026-05-05 19:00:00
103869,B,2026-05-18 11:00:00
103870,B,2026-05-14 22:00:00
103871,B,2026-05-08 08:00:00
103872,B,2026-05-24 07:00:00
103873,B,2026-05-28 16:00:00
103874,B,2026-05-07 17:00:00
103875,A,2026-05-10 21:00:00
103876,A,2026-05-26 19:00:00
103877,B,2026-05-08 02:00:00
103878,B,2026-05-18 18:00:00
103879,A,2026-05-19 07:00:00
103880,A,2026-05-14 06:00:00
103881,B,2026-05-15 23:00:00
103882,B,2026-05-12 21:00:00
103883,A,2026-05-16 15:00:00
103884,A,2026-05-25 03:00:00
103885,B,2026-05-02 16:00:00
103886,B,2026-05-06 02:00:00
103887,A,2026-05-13 20:00:00
103888,A,2026-05-09 03:00:00
103889,B,2026-05-10 06:00:00
103890,A,2026-05-05 21:00:00
103891,A,2026-05-23 01:00:00
103892,A,2026-05-18 23:00:00
103893,B,2026-05-02 16:00:00
103894,B,2026-05-26 03:00:00
103895,B,2026-05-04 23:00:00
103896,B,2026-05-09 07:00:00
103897,A,2026-05-03 10:00:00
103898,B,2026-05-06 13:00:00
103899,A,2026-05-16 03:00:00
103900,A,2026-05-18 02:00:00
103901,B,2026-05-12 04:00:00
103902,B,2026-05-02 12:00:00
103903,B,2026-05-13 05:00:00
103904,A,2026-05-24 16:00:00
103905,A,2026-05-20 20:00:00
103906,B,2026-05-17 14:00:00
103907,B,2026-05-06 02:00:00
103908,A,2026-05-24 15:00:00
103909,B,2026-05-17 18:00:00
103910,A,2026-05-03 11:00:00
103911,B,2026-05-17 23:00:00
103912,B,2026-05-22 22:00:00
103913,A,2026-05-08 13:00:00
103914,A,2026-05-22 07:00:00
103915,A,2026-05-20 07:00:00
103916,A,2026-05-14 08:00:00
103917,B,2026-05-05 14:00:00
103918,A,2026-05-15 15:00:00
103919,B,2026-05-28 01:00:00
103920,B,2026-05-14 20:00:00
103921,B,2026-05-16 10:00:00
103922,B,2026-05-14 16:00:00
103923,A,2026-05-21 11:00:00
103924,B,2026-05-27 18:00:00
103925,A,2026-05-08 02:00:00
103926,B,2026-05-05 17:00:00
103927,B,2026-05-03 10:00:00
103928,B,2026-05-16 21:00:00
103929,B,2026-05-26 21:00:00
103930,A,2026-05-11 16:00:00
103931,B,2026-05-16 19:00:00
103932,B,2026-05-18 00:00:00
103933,A,2026-05-23 18:00:00
103934,B,2026-05-16 09:00:00
103935,A,2026-05-04 22:00:00
103936,A,2026-05-08 23:00:00
103937,B,2026-05-07 14:00:00
103938,A,2026-05-13 16:00:00
103939,B,2026-05-18 01:00:00
103940,A,2026-05-06 03:00:00
103941,B,2026-05-14 14:00:00
103942,B,2026-05-27 19:00:00
103943,B,2026-05-10 20:00:00
103944,A,2026-05-11 18:00:00
103945,A,2026-05-06 09:00:00
103946,A,2026-05-16 05:00:00
103947,B,2026-05-23 08:00:00
103948,B,2026-05-21 09:00:00
103949,B,2026-05-01 06:00:00
103950,B,2026-05-10 11:00:00
103951,A,2026-05-10 14:00:00
103952,B,2026-05-27 21:00:00
103953,A,2026-05-19 23:00:00
103954,B,2026-05-20 21:00:00
103955,A,2026-05-01 23:00:00
103956,B,2026-05-19 13:00:00
103957,B,2026-05-22 14:00:00
103958,B,2026-05-04 04:00:00
103959,B,2026-05-11 21:00:00
103960,A,2026-05-04 02:00:00
103961,B,2026-05-23 04:00:00
103962,B,2026-05-12 00:00:00
103963,A,2026-05-19 14:00:00
103964,B,2026-05-05 22:00:00
103965,A,2026-05-22 17:00:00
103966,A,2026-05-28 18:00:00
103967,A,2026-05-02 15:00:00
103968,B,2026-05-22 16:00:00
103969,A,2026-05-10 11:00:00
103970,A,2026-05-09 12:00:00
103971,A,2026-05-02 21:00:00
103972,B,2026-05-01 16:00:00
103973,B,2026-05-06 05:00:00
103974,B,2026-05-22 13:00:00
103975,A,2026-05-26 17:00:00
103976,A,2026-05-07 05:00:00
103977,B,2026-05-02 16:00:00
103978,A,2026-05-26 05:00:00
103979,A,2026-05-20 06:00:00
103980,B,2026-05-06 23:00:00
103981,B,2026-05-17 21:00:00
103982,A,2026-05-16 21:00:00
103983,A,2026-05-28 06:00:00
103984,B,2026-05-15 20:00:00
103985,B,2026-05-07 03:00:00
103986,B,2026-05-03 05:00:00
103987,A,2026-05-17 03:00:00
103988,B,2026-05-27 12:00:00
103989,B,2026-05-13 04:00:00
103990,B,2026-05-24 10:00:00
103991,A,2026-05-08 13:00:00
103992,B,2026-05-17 01:00:00
103993,A,2026-05-19 06:00:00
103994,A,2026-05-25 23:00:00
103995,B,2026-05-12 19:00:00
103996,A,2026-05-04 02:00:00
103997,A,2026-05-20 12:00:00
103998,A,2026-05-05 12:00:00
103999,A,2026-05-07 18:00:00
104000,A,2026-05-19 00:00:00
104001,B,2026-05-06 09:00:00
104002,B,2026-05-16 20:00:00
104003,A,2026-05-19 23:00:00
104004,A,2026-05-19 22:00:00
104005,B,2026-05-06 17:00:00
104006,A,2026-05-03 04:00:00
104007,B,2026-05-26 03:00:00
104008,B,2026-05-16 02:00:00
104009,B,2026-05-09 21:00:00
104010,B,2026-05-06 17:00:00
104011,A,2026-05-24 00:00:00
104012,B,2026-05-14 02:00:00
104013,B,2026-05-01 23:00:00
104014,B,2026-05-08 05:00:00
104015,B,2026-05-05 11:00:00
104016,A,2026-05-20 11:00:00
104017,B,2026-05-16 22:00:00
104018,B,2026-05-11 14:00:00
104019,B,2026-05-02 12:00:00
104020,B,2026-05-20 11:00:00
104021,A,2026-05-15 20:00:00
104022,B,2026-05-14 17:00:00
104023,A,2026-05-20 15:00:00
104024,B,2026-05-24 20:00:00
104025,B,2026-05-25 16:00:00
104026,B,2026-05-09 14:00:00
104027,B,2026-05-17 20:00:00
104028,A,2026-05-19 18:00:00
104029,B,2026-05-18 17:00:00
104030,A,2026-05-16 15:00:00
104031,A,2026-05-24 12:00:00
104032,B,2026-05-08 09:00:00
104033,B,2026-05-01 23:00:00
104034,A,2026-05-03 06:00:00
104035,B,2026-05-24 14:00:00
104036,B,2026-05-04 11:00:00
104037,B,2026-05-16 13:00:00
104038,A,2026-05-10 11:00:00
104039,A,2026-05-08 05:00:00
104040,A,2026-05-06 18:00:00
104041,A,2026-05-02 16:00:00
104042,B,2026-05-13 04:00:00
104043,B,2026-05-07 16:00:00
104044,A,2026-05-05 12:00:00
104045,B,2026-05-16 19:00:00
104046,B,2026-05-05 05:00:00
104047,B,2026-05-13 13:00:00
104048,B,2026-05-26 13:00:00
104049,A,2026-05-15 00:00:00
104050,B,2026-05-19 22:00:00
104051,A,2026-05-14 04:00:00
104052,A,2026-05-06 20:00:00
104053,B,2026-05-13 09:00:00
104054,A,2026-05-18 09:00:00
104055,B,2026-05-18 00:00:00
104056,B,2026-05-03 19:00:00
104057,B,2026-05-28 05:00:00
104058,A,2026-05-13 22:00:00
104059,A,2026-05-17 20:00:00
104060,B,2026-05-12 05:00:00
104061,B,2026-05-07 21:00:00
104062,A,2026-05-19 18:00:00
104063,A,2026-05-19 23:00:00
104064,A,2026-05-21 05:00:00
104065,A,2026-05-12 18:00:00
104066,A,2026-05-14 10:00:00
104067,B,2026-05-19 19:00:00
104068,B,2026-05-11 22:00:00
104069,B,2026-05-02 20:00:00
104070,B,2026-05-25 01:00:00
104071,A,2026-05-10 12:00:00
104072,A,2026-05-23 07:00:00
104073,B,2026-05-28 19:00:00
104074,B,2026-05-02 18:00:00
104075,A,2026-05-24 22:00:00
104076,A,2026-05-19 17:00:00
104077,A,2026-05-27 12:00:00
104078,B,2026-05-19 17:00:00
104079,B,2026-05-11 13:00:00
104080,B,2026-05-27 17:00:00
104081,B,2026-05-05 07:00:00
104082,A,2026-05-15 18:00:00
104083,A,2026-05-06 10:00:00
104084,B,2026-05-20 04:00:00
104085,B,2026-05-07 11:00:00
104086,A,2026-05-21 17:00:00
104087,A,2026-05-18 09:00:00
104088,A,2026-05-05 08:00:00
104089,A,2026-05-15 10:00:00
104090,A,2026-05-12 01:00:00
104091,B,2026-05-28 20:00:00
104092,B,2026-05-03 02:00:00
104093,B,2026-05-10 05:00:00
104094,A,2026-05-05 00:00:00
104095,A,2026-05-07 04:00:00
104096,A,2026-05-08 05:00:00
104097,A,2026-05-08 20:00:00
104098,B,2026-05-25 04:00:00
104099,B,2026-05-09 07:00:00
104100,B,2026-05-04 08:00:00
104101,B,2026-05-12 01:00:00
104102,B,2026-05-22 07:00:00
104103,B,2026-05-20 12:00:00
104104,B,2026-05-05 16:00:00
104105,B,2026-05-04 08:00:00
104106,B,2026-05-14 16:00:00
104107,A,2026-05-04 15:00:00
104108,B,2026-05-04 07:00:00
104109,B,2026-05-18 15:00:00
104110,B,2026-05-11 18:00:00
104111,A,2026-05-25 17:00:00
104112,A,2026-05-07 12:00:00
104113,A,2026-05-16 21:00:00
104114,B,2026-05-17 19:00:00
104115,A,2026-05-07 04:00:00
104116,A,2026-05-06 15:00:00
104117,A,2026-05-22 07:00:00
104118,B,2026-05-25 14:00:00
104119,B,2026-05-17 08:00:00
104120,A,2026-05-01 01:00:00
104121,A,2026-05-28 04:00:00
104122,A,2026-05-27 03:00:00
104123,A,2026-05-07 08:00:00
104124,A,2026-05-08 06:00:00
104125,B,2026-05-24 18:00:00
104126,A,2026-05-12 18:00:00
104127,B,2026-05-04 06:00:00
104128,A,2026-05-17 11:00:00
104129,A,2026-05-20 15:00:00
104130,A,2026-05-20 15:00:00
104131,A,2026-05-24 09:00:00
104132,B,2026-05-02 05:00:00
104133,B,2026-05-03 07:00:00
104134,A,2026-05-04 00:00:00
104135,A,2026-05-08 00:00:00
104136,A,2026-05-23 12:00:00
104137,B,2026-05-19 19:00:00
104138,A,2026-05-07 13:00:00
104139,B,2026-05-22 19:00:00
104140,A,2026-05-26 20:00:00
104141,B,2026-05-21 21:00:00
104142,B,2026-05-25 09:00:00
104143,B,2026-05-12 12:00:00
104144,A,2026-05-19 15:00:00
104145,A,2026-05-21 18:00:00
104146,B,2026-05-14 04:00:00
104147,A,2026-05-05 19:00:00
104148,B,2026-05-27 01:00:00
104149,B,2026-05-19 07:00:00
104150,A,2026-05-03 15:00:00
104151,B,2026-05-25 06:00:00
104152,B,2026-05-07 16:00:00
104153,A,2026-05-12 02:00:00
104154,A,2026-05-11 00:00:00
104155,A,2026-05-24 22:00:00
104156,B,2026-05-12 01:00:00
104157,B,2026-05-10 03:00:00
104158,A,2026-05-15 20:00:00
104159,B,2026-05-06 09:00:00
104160,A,2026-05-17 08:00:00
104161,A,2026-05-22 20:00:00
104162,B,2026-05-03 10:00:00
104163,B,2026-05-13 05:00:00
104164,A,2026-05-24 15:00:00
104165,B,2026-05-27 13:00:00
104166,A,2026-05-02 15:00:00
104167,A,2026-05-21 17:00:00
104168,A,2026-05-20 22:00:00
104169,B,2026-05-25 23:00:00
104170,A,2026-05-19 05:00:00
104171,B,2026-05-13 16:00:00
104172,B,2026-05-13 19:00:00
104173,A,2026-05-27 11:00:00
104174,B,2026-05-17 01:00:00
104175,B,2026-05-10 12:00:00
104176,A,2026-05-16 20:00:00
104177,A,2026-05-04 21:00:00
104178,A,2026-05-19 17:00:00
104179,A,2026-05-18 20:00:00
104180,B,2026-05-11 09:00:00
104181,B,2026-05-20 01:00:00
104182,A,2026-05-10 19:00:00
104183,A,2026-05-18 20:00:00
104184,A,2026-05-25 13:00:00
104185,A,2026-05-18 02:00:00
104186,B,2026-05-18 08:00:00
104187,B,2026-05-15 05:00:00
104188,A,2026-05-27 18:00:00
104189,A,2026-05-13 12:00:00
104190,A,2026-05-19 17:00:00
104191,A,2026-05-24 02:00:00
104192,A,2026-05-16 07:00:00
104193,A,2026-05-13 02:00:00
104194,B,2026-05-28 19:00:00
104195,B,2026-05-10 02:00:00
104196,A,2026-05-26 15:00:00
104197,A,2026-05-08 04:00:00
104198,B,2026-05-09 22:00:00
104199,A,2026-05-24 12:00:00
104200,A,2026-05-19 20:00:00
104201,A,2026-05-08 07:00:00
104202,A,2026-05-19 18:00:00
104203,B,2026-05-24 18:00:00
104204,B,2026-05-07 07:00:00
104205,A,2026-05-08 16:00:00
104206,A,2026-05-08 23:00:00
104207,A,2026-05-23 12:00:00
104208,A,2026-05-18 07:00:00
104209,B,2026-05-25 22:00:00
104210,A,2026-05-25 19:00:00
104211,B,2026-05-22 11:00:00
104212,B,2026-05-07 06:00:00
104213,B,2026-05-27 01:00:00
104214,A,2026-05-18 11:00:00
104215,B,2026-05-23 04:00:00
104216,B,2026-05-14 19:00:00
104217,B,2026-05-04 19:00:00
104218,A,2026-05-02 05:00:00
104219,B,2026-05-16 08:00:00
104220,B,2026-05-19 17:00:00
104221,B,2026-05-09 15:00:00
104222,A,2026-05-17 11:00:00
104223,B,2026-05-16 05:00:00
104224,A,2026-05-26 19:00:00
104225,B,2026-05-07 12:00:00
104226,A,2026-05-25 05:00:00
104227,A,2026-05-22 18:00:00
104228,B,2026-05-17 12:00:00
104229,A,2026-05-12 01:00:00
104230,B,2026-05-21 03:00:00
104231,B,2026-05-03 00:00:00
104232,A,2026-05-06 16:00:00
104233,A,2026-05-21 11:00:00
104234,B,2026-05-10 01:00:00
104235,A,2026-05-14 07:00:00
104236,A,2026-05-02 12:00:00
104237,A,2026-05-03 09:00:00
104238,B,2026-05-28 08:00:00
104239,A,2026-05-02 13:00:00
104240,B,2026-05-10 22:00:00
104241,B,2026-05-27 08:00:00
104242,A,2026-05-24 00:00:00
104243,A,2026-05-23 12:00:00
104244,A,2026-05-09 04:00:00
104245,B,2026-05-06 06:00:00
104246,A,2026-05-17 09:00:00
104247,B,2026-05-22 01:00:00
104248,B,2026-05-20 15:00:00
104249,A,2026-05-05 09:00:00
104250,A,2026-05-02 22:00:00
104251,A,2026-05-06 20:00:00
104252,B,2026-05-28 01:00:00
104253,B,2026-05-24 19:00:00
104254,B,2026-05-15 04:00:00
104255,A,2026-05-07 00:00:00
104256,B,2026-05-04 21:00:00
104257,A,2026-05-08 20:00:00
104258,B,2026-05-20 20:00:00
104259,B,2026-05-09 04:00:00
104260,A,2026-05-16 15:00:00
104261,B,2026-05-12 02:00:00
104262,A,2026-05-09 10:00:00
104263,B,2026-05-27 16:00:00
104264,B,2026-05-09 01:00:00
104265,A,2026-05-02 13:00:00
104266,A,2026-05-18 17:00:00
104267,B,2026-05-21 03:00:00
104268,B,2026-05-10 11:00:00
104269,A,2026-05-05 09:00:00
104270,B,2026-05-23 07:00:00
104271,B,2026-05-14 15:00:00
104272,B,2026-05-10 20:00:00
104273,B,2026-05-15 17:00:00
104274,B,2026-05-23 08:00:00
104275,A,2026-05-09 03:00:00
104276,B,2026-05-12 19:00:00
104277,A,2026-05-17 00:00:00
104278,A,2026-05-10 05:00:00
104279,B,2026-05-13 12:00:00
104280,A,2026-05-01 10:00:00
104281,B,2026-05-20 04:00:00
104282,A,2026-05-16 17:00:00
104283,A,2026-05-21 04:00:00
104284,B,2026-05-12 15:00:00
104285,B,2026-05-16 20:00:00
104286,B,2026-05-17 23:00:00
104287,A,2026-05-04 15:00:00
104288,B,2026-05-13 11:00:00
104289,A,2026-05-28 23:00:00
104290,B,2026-05-14 02:00:00
104291,B,2026-05-01 13:00:00
104292,B,2026-05-25 23:00:00
104293,A,2026-05-14 10:00:00
104294,A,2026-05-01 09:00:00
104295,A,2026-05-20 22:00:00
104296,A,2026-05-14 18:00:00
104297,A,2026-05-16 11:00:00
104298,B,2026-05-18 17:00:00
104299,B,2026-05-23 06:00:00
104300,A,2026-05-02 22:00:00
104301,A,2026-05-06 23:00:00
104302,B,2026-05-02 21:00:00
104303,B,2026-05-04 10:00:00
104304,B,2026-05-09 03:00:00
104305,B,2026-05-17 11:00:00
104306,A,2026-05-27 16:00:00
104307,B,2026-05-05 22:00:00
104308,B,2026-05-03 00:00:00
104309,A,2026-05-20 23:00:00
104310,A,2026-05-12 13:00:00
104311,B,2026-05-08 07:00:00
104312,A,2026-05-08 02:00:00
104313,B,2026-05-09 18:00:00
104314,B,2026-05-16 13:00:00
104315,B,2026-05-17 15:00:00
104316,B,2026-05-08 13:00:00
104317,A,2026-05-11 19:00:00
104318,B,2026-05-26 20:00:00
104319,B,2026-05-14 04:00:00
104320,B,2026-05-27 14:00:00
104321,A,2026-05-21 16:00:00
104322,B,2026-05-22 14:00:00
104323,A,2026-05-24 12:00:00
104324,A,2026-05-11 13:00:00
104325,A,2026-05-10 15:00:00
104326,B,2026-05-23 07:00:00
104327,A,2026-05-16 17:00:00
104328,A,2026-05-04 14:00:00
104329,A,2026-05-12 15:00:00
104330,A,2026-05-16 23:00:00
104331,B,2026-05-21 12:00:00
104332,B,2026-05-09 23:00:00
104333,B,2026-05-15 21:00:00
104334,B,2026-05-05 12:00:00
104335,B,2026-05-24 02:00:00
104336,B,2026-05-06 21:00:00
104337,A,2026-05-01 16:00:00
104338,A,2026-05-14 19:00:00
104339,A,2026-05-13 05:00:00
104340,B,2026-05-02 14:00:00
104341,A,2026-05-09 12:00:00
104342,B,2026-05-08 08:00:00
104343,B,2026-05-23 00:00:00
104344,B,2026-05-03 17:00:00
104345,A,2026-05-21 08:00:00
104346,B,2026-05-26 16:00:00
104347,A,2026-05-27 14:00:00
104348,A,2026-05-15 18:00:00
104349,B,2026-05-13 14:00:00
104350,B,2026-05-09 15:00:00
104351,B,2026-05-18 19:00:00
104352,B,2026-05-06 06:00:00
104353,A,2026-05-15 07:00:00
104354,B,2026-05-13 07:00:00
104355,A,2026-05-22 08:00:00
104356,A,2026-05-24 09:00:00
104357,B,2026-05-09 05:00:00
104358,B,2026-05-03 16:00:00
104359,A,2026-05-14 15:00:00
104360,B,2026-05-26 23:00:00
104361,B,2026-05-09 11:00:00
104362,A,2026-05-19 05:00:00
104363,B,2026-05-03 06:00:00
104364,B,2026-05-13 17:00:00
104365,B,2026-05-15 13:00:00
104366,A,2026-05-25 12:00:00
104367,B,2026-05-12 20:00:00
104368,B,2026-05-19 09:00:00
104369,B,2026-05-24 05:00:00
104370,A,2026-05-22 15:00:00
104371,B,2026-05-05 11:00:00
104372,B,2026-05-04 15:00:00
104373,B,2026-05-06 14:00:00
104374,B,2026-05-04 01:00:00
104375,A,2026-05-16 23:00:00
104376,B,2026-05-07 08:00:00
104377,A,2026-05-14 00:00:00
104378,B,2026-05-28 18:00:00
104379,B,2026-05-23 06:00:00
104380,B,2026-05-15 06:00:00
104381,A,2026-05-09 17:00:00
104382,B,2026-05-28 21:00:00
104383,A,2026-05-14 18:00:00
104384,A,2026-05-22 20:00:00
104385,A,2026-05-11 13:00:00
104386,B,2026-05-26 18:00:00
104387,A,2026-05-18 04:00:00
104388,A,2026-05-25 00:00:00
104389,A,2026-05-28 04:00:00
104390,B,2026-05-04 12:00:00
104391,B,2026-05-07 10:00:00
104392,A,2026-05-14 19:00:00
104393,A,2026-05-18 05:00:00
104394,A,2026-05-10 04:00:00
104395,A,2026-05-24 04:00:00
104396,A,2026-05-20 10:00:00
104397,A,2026-05-26 10:00:00
104398,A,2026-05-02 15:00:00
104399,B,2026-05-27 00:00:00
104400,B,2026-05-11 14:00:00
104401,A,2026-05-08 15:00:00
104402,A,2026-05-09 01:00:00
104403,B,2026-05-08 18:00:00
104404,B,2026-05-06 21:00:00
104405,A,2026-05-04 08:00:00
104406,B,2026-05-02 01:00:00
104407,A,2026-05-17 03:00:00
104408,B,2026-05-10 18:00:00
104409,B,2026-05-12 18:00:00
104410,B,2026-05-05 16:00:00
104411,A,2026-05-03 23:00:00
104412,B,2026-05-21 16:00:00
104413,B,2026-05-09 21:00:00
104414,A,2026-05-01 23:00:00
104415,A,2026-05-26 21:00:00
104416,B,2026-05-01 04:00:00
104417,A,2026-05-20 16:00:00
104418,A,2026-05-21 10:00:00
104419,A,2026-05-12 18:00:00
104420,B,2026-05-14 16:00:00
104421,A,2026-05-18 18:00:00
104422,A,2026-05-03 16:00:00
104423,A,2026-05-15 04:00:00
104424,A,2026-05-01 18:00:00
104425,B,2026-05-11 19:00:00
104426,B,2026-05-26 22:00:00
104427,B,2026-05-28 01:00:00
104428,B,2026-05-25 21:00:00
104429,B,2026-05-02 05:00:00
104430,B,2026-05-01 03:00:00
104431,A,2026-05-07 12:00:00
104432,B,2026-05-24 14:00:00
104433,B,2026-05-01 06:00:00
104434,B,2026-05-09 02:00:00
104435,B,2026-05-19 10:00:00
104436,B,2026-05-15 04:00:00
104437,A,2026-05-23 14:00:00
104438,B,2026-05-10 21:00:00
104439,B,2026-05-03 16:00:00
104440,A,2026-05-25 12:00:00
104441,A,2026-05-06 05:00:00
104442,A,2026-05-22 08:00:00
104443,B,2026-05-19 23:00:00
104444,A,2026-05-13 03:00:00
104445,A,2026-05-24 05:00:00
104446,A,2026-05-01 03:00:00
104447,B,2026-05-28 16:00:00
104448,A,2026-05-05 06:00:00
104449,B,2026-05-09 07:00:00
104450,B,2026-05-10 16:00:00
104451,B,2026-05-03 18:00:00
104452,B,2026-05-09 13:00:00
104453,A,2026-05-18 02:00:00
104454,B,2026-05-06 00:00:00
104455,B,2026-05-10 18:00:00
104456,B,2026-05-08 21:00:00
104457,B,2026-05-05 15:00:00
104458,A,2026-05-19 23:00:00
104459,B,2026-05-12 01:00:00
104460,A,2026-05-06 19:00:00
104461,A,2026-05-16 02:00:00
104462,B,2026-05-23 21:00:00
104463,B,2026-05-12 03:00:00
104464,A,2026-05-10 01:00:00
104465,A,2026-05-24 18:00:00
104466,A,2026-05-21 09:00:00
104467,B,2026-05-19 05:00:00
104468,A,2026-05-04 21:00:00
104469,A,2026-05-20 20:00:00
104470,A,2026-05-15 12:00:00
104471,B,2026-05-09 15:00:00
104472,B,2026-05-17 05:00:00
104473,B,2026-05-27 09:00:00
104474,A,2026-05-19 04:00:00
104475,A,2026-05-01 20:00:00
104476,B,2026-05-26 19:00:00
104477,B,2026-05-27 23:00:00
104478,B,2026-05-10 08:00:00
104479,B,2026-05-20 17:00:00
104480,B,2026-05-08 11:00:00
104481,B,2026-05-15 21:00:00
104482,A,2026-05-14 02:00:00
104483,B,2026-05-26 17:00:00
104484,B,2026-05-17 09:00:00
104485,B,2026-05-04 07:00:00
104486,B,2026-05-16 12:00:00
104487,B,2026-05-15 07:00:00
104488,B,2026-05-23 22:00:00
104489,B,2026-05-02 07:00:00
104490,A,2026-05-28 16:00:00
104491,A,2026-05-12 20:00:00
104492,B,2026-05-25 21:00:00
104493,A,2026-05-21 02:00:00
104494,B,2026-05-07 07:00:00
104495,A,2026-05-21 03:00:00
104496,B,2026-05-05 07:00:00
104497,A,2026-05-06 04:00:00
104498,A,2026-05-03 06:00:00
104499,A,2026-05-04 22:00:00
104500,B,2026-05-28 22:00:00
104501,A,2026-05-03 06:00:00
104502,B,2026-05-13 20:00:00
104503,A,2026-05-02 09:00:00
104504,B,2026-05-27 11:00:00
104505,B,2026-05-24 01:00:00
104506,A,2026-05-03 08:00:00
104507,A,2026-05-04 07:00:00
104508,A,2026-05-18 23:00:00
104509,A,2026-05-28 17:00:00
104510,A,2026-05-04 16:00:00
104511,B,2026-05-07 12:00:00
104512,B,2026-05-09 06:00:00
104513,A,2026-05-26 00:00:00
104514,A,2026-05-21 09:00:00
104515,A,2026-05-25 23:00:00
104516,B,2026-05-27 21:00:00
104517,A,2026-05-22 01:00:00
104518,A,2026-05-06 21:00:00
104519,A,2026-05-05 09:00:00
104520,A,2026-05-27 11:00:00
104521,A,2026-05-01 02:00:00
104522,B,2026-05-02 12:00:00
104523,B,2026-05-10 02:00:00
104524,A,2026-05-18 09:00:00
104525,A,2026-05-28 07:00:00
104526,A,2026-05-20 22:00:00
104527,A,2026-05-15 03:00:00
104528,A,2026-05-11 10:00:00
104529,A,2026-05-23 06:00:00
104530,B,2026-05-25 14:00:00
104531,A,2026-05-13 17:00:00
104532,B,2026-05-16 03:00:00
104533,A,2026-05-06 00:00:00
104534,A,2026-05-12 09:00:00
104535,A,2026-05-26 05:00:00
104536,B,2026-05-05 15:00:00
104537,B,2026-05-16 05:00:00
104538,A,2026-05-13 18:00:00
104539,A,2026-05-27 12:00:00
104540,A,2026-05-01 21:00:00
104541,A,2026-05-21 18:00:00
104542,A,2026-05-14 05:00:00
104543,A,2026-05-21 00:00:00
104544,B,2026-05-24 07:00:00
104545,A,2026-05-24 02:00:00
104546,A,2026-05-22 16:00:00
104547,B,2026-05-03 15:00:00
104548,A,2026-05-28 02:00:00
104549,A,2026-05-23 08:00:00
104550,A,2026-05-09 13:00:00
104551,A,2026-05-15 05:00:00
104552,B,2026-05-12 16:00:00
104553,A,2026-05-16 06:00:00
104554,B,2026-05-27 07:00:00
104555,B,2026-05-05 22:00:00
104556,B,2026-05-28 14:00:00
104557,A,2026-05-03 11:00:00
104558,A,2026-05-02 15:00:00
104559,B,2026-05-04 03:00:00
104560,A,2026-05-10 22:00:00
104561,B,2026-05-06 07:00:00
104562,B,2026-05-02 08:00:00
104563,B,2026-05-04 02:00:00
104564,A,2026-05-15 03:00:00
104565,A,2026-05-27 09:00:00
104566,A,2026-05-23 06:00:00
104567,A,2026-05-01 14:00:00
104568,A,2026-05-17 17:00:00
104569,B,2026-05-18 09:00:00
104570,B,2026-05-16 21:00:00
104571,A,2026-05-14 19:00:00
104572,B,2026-05-28 06:00:00
104573,A,2026-05-20 16:00:00
104574,A,2026-05-28 07:00:00
104575,B,2026-05-21 18:00:00
104576,A,2026-05-20 07:00:00
104577,B,2026-05-11 10:00:00
104578,A,2026-05-28 11:00:00
104579,B,2026-05-06 22:00:00
104580,A,2026-05-06 06:00:00
104581,B,2026-05-10 17:00:00
104582,B,2026-05-02 17:00:00
104583,B,2026-05-17 16:00:00
104584,A,2026-05-11 08:00:00
104585,B,2026-05-15 07:00:00
104586,B,2026-05-13 06:00:00
104587,B,2026-05-24 11:00:00
104588,A,2026-05-21 20:00:00
104589,B,2026-05-18 03:00:00
104590,B,2026-05-02 07:00:00
104591,A,2026-05-18 15:00:00
104592,A,2026-05-06 09:00:00
104593,B,2026-05-25 17:00:00
104594,B,2026-05-21 23:00:00
104595,A,2026-05-23 08:00:00
104596,B,2026-05-27 15:00:00
104597,B,2026-05-18 10:00:00
104598,A,2026-05-19 07:00:00
104599,B,2026-05-18 11:00:00
104600,A,2026-05-04 09:00:00
104601,A,2026-05-14 04:00:00
104602,B,2026-05-10 16:00:00
104603,A,2026-05-26 09:00:00
104604,B,2026-05-28 06:00:00
104605,A,2026-05-02 10:00:00
104606,A,2026-05-10 04:00:00
104607,B,2026-05-25 02:00:00
104608,B,2026-05-14 01:00:00
104609,B,2026-05-05 20:00:00
104610,A,2026-05-19 02:00:00
104611,A,2026-05-27 09:00:00
104612,A,2026-05-07 16:00:00
104613,B,2026-05-06 19:00:00
104614,A,2026-05-26 21:00:00
104615,A,2026-05-20 12:00:00
104616,A,2026-05-23 08:00:00
104617,B,2026-05-20 15:00:00
104618,B,2026-05-19 22:00:00
104619,A,2026-05-07 02:00:00
104620,B,2026-05-07 10:00:00
104621,A,2026-05-24 19:00:00
104622,B,2026-05-27 19:00:00
104623,A,2026-05-18 23:00:00
104624,A,2026-05-19 07:00:00
104625,B,2026-05-14 02:00:00
104626,A,2026-05-09 17:00:00
104627,A,2026-05-28 14:00:00
104628,B,2026-05-04 22:00:00
104629,A,2026-05-19 11:00:00
104630,A,2026-05-18 17:00:00
104631,A,2026-05-10 03:00:00
104632,A,2026-05-02 18:00:00
104633,B,2026-05-17 11:00:00
104634,B,2026-05-03 09:00:00
104635,A,2026-05-05 21:00:00
104636,B,2026-05-17 20:00:00
104637,B,2026-05-21 19:00:00
104638,A,2026-05-12 02:00:00
104639,A,2026-05-12 20:00:00
104640,B,2026-05-06 06:00:00
104641,B,2026-05-21 16:00:00
104642,A,2026-05-25 17:00:00
104643,B,2026-05-15 05:00:00
104644,B,2026-05-04 01:00:00
104645,B,2026-05-03 15:00:00
104646,A,2026-05-08 18:00:00
104647,B,2026-05-03 13:00:00
104648,B,2026-05-04 10:00:00
104649,B,2026-05-19 04:00:00
104650,A,2026-05-24 13:00:00
104651,B,2026-05-03 04:00:00
104652,B,2026-05-10 11:00:00
104653,B,2026-05-13 00:00:00
104654,B,2026-05-26 22:00:00
104655,B,2026-05-01 22:00:00
104656,B,2026-05-02 13:00:00
104657,A,2026-05-24 19:00:00
104658,A,2026-05-07 16:00:00
104659,A,2026-05-18 15:00:00
104660,B,2026-05-07 15:00:00
104661,B,2026-05-05 09:00:00
104662,B,2026-05-14 06:00:00
104663,A,2026-05-21 08:00:00
104664,B,2026-05-27 14:00:00
104665,A,2026-05-25 08:00:00
104666,A,2026-05-09 21:00:00
104667,A,2026-05-04 20:00:00
104668,A,2026-05-23 19:00:00
104669,A,2026-05-27 11:00:00
104670,B,2026-05-19 02:00:00
104671,B,2026-05-09 18:00:00
104672,B,2026-05-12 03:00:00
104673,B,2026-05-01 10:00:00
104674,B,2026-05-17 18:00:00
104675,B,2026-05-23 02:00:00
104676,A,2026-05-25 06:00:00
104677,B,2026-05-23 00:00:00
104678,A,2026-05-11 16:00:00
104679,B,2026-05-05 10:00:00
104680,A,2026-05-12 20:00:00
104681,A,2026-05-19 22:00:00
104682,B,2026-05-11 08:00:00
104683,A,2026-05-15 12:00:00
104684,B,2026-05-14 23:00:00
104685,A,2026-05-19 23:00:00
104686,A,2026-05-08 10:00:00
104687,A,2026-05-04 11:00:00
104688,B,2026-05-27 07:00:00
104689,A,2026-05-15 18:00:00
104690,B,2026-05-05 14:00:00
104691,A,2026-05-05 23:00:00
104692,B,2026-05-08 16:00:00
104693,A,2026-05-10 00:00:00
104694,B,2026-05-20 04:00:00
104695,A,2026-05-13 06:00:00
104696,A,2026-05-27 15:00:00
104697,A,2026-05-23 20:00:00
104698,B,2026-05-23 21:00:00
104699,B,2026-05-26 01:00:00
104700,A,2026-05-15 05:00:00
104701,A,2026-05-11 23:00:00
104702,A,2026-05-27 09:00:00
104703,A,2026-05-27 17:00:00
104704,A,2026-05-07 05:00:00
104705,B,2026-05-23 14:00:00
104706,A,2026-05-12 21:00:00
104707,A,2026-05-22 05:00:00
104708,A,2026-05-09 06:00:00
104709,B,2026-05-12 07:00:00
104710,B,2026-05-08 22:00:00
104711,B,2026-05-22 21:00:00
104712,B,2026-05-02 18:00:00
104713,B,2026-05-22 22:00:00
104714,A,2026-05-08 09:00:00
104715,B,2026-05-15 05:00:00
104716,A,2026-05-21 05:00:00
104717,B,2026-05-27 17:00:00
104718,A,2026-05-03 10:00:00
104719,A,2026-05-05 02:00:00
104720,B,2026-05-18 00:00:00
104721,A,2026-05-24 13:00:00
104722,B,2026-05-03 09:00:00
104723,B,2026-05-06 14:00:00
104724,B,2026-05-13 12:00:00
104725,A,2026-05-05 20:00:00
104726,B,2026-05-22 14:00:00
104727,B,2026-05-18 05:00:00
104728,B,2026-05-28 08:00:00
104729,A,2026-05-09 10:00:00
104730,B,2026-05-06 02:00:00
104731,A,2026-05-16 08:00:00
104732,B,2026-05-14 16:00:00
104733,B,2026-05-28 03:00:00
104734,A,2026-05-01 19:00:00
104735,A,2026-05-18 05:00:00
104736,B,2026-05-10 22:00:00
104737,A,2026-05-27 08:00:00
104738,A,2026-05-26 21:00:00
104739,B,2026-05-11 03:00:00
104740,A,2026-05-26 16:00:00
104741,A,2026-05-28 00:00:00
104742,B,2026-05-04 16:00:00
104743,A,2026-05-23 17:00:00
104744,A,2026-05-26 04:00:00
104745,B,2026-05-11 16:00:00
104746,A,2026-05-12 02:00:00
104747,B,2026-05-12 14:00:00
104748,B,2026-05-05 11:00:00
104749,B,2026-05-13 03:00:00
104750,A,2026-05-23 11:00:00
104751,B,2026-05-26 10:00:00
104752,A,2026-05-09 00:00:00
104753,A,2026-05-21 22:00:00
104754,A,2026-05-25 11:00:00
104755,A,2026-05-19 15:00:00
104756,A,2026-05-15 15:00:00
104757,B,2026-05-03 12:00:00
104758,A,2026-05-28 15:00:00
104759,A,2026-05-14 05:00:00
104760,A,2026-05-16 21:00:00
104761,A,2026-05-13 09:00:00
104762,B,2026-05-22 14:00:00
104763,B,2026-05-20 05:00:00
104764,B,2026-05-08 21:00:00
104765,B,2026-05-06 05:00:00
104766,B,2026-05-16 06:00:00
104767,B,2026-05-22 03:00:00
104768,B,2026-05-25 03:00:00
104769,A,2026-05-05 11:00:00
104770,B,2026-05-24 18:00:00
104771,B,2026-05-03 06:00:00
104772,B,2026-05-22 01:00:00
104773,B,2026-05-10 00:00:00
104774,B,2026-05-03 03:00:00
104775,A,2026-05-10 20:00:00
104776,A,2026-05-20 07:00:00
104777,A,2026-05-25 23:00:00
104778,A,2026-05-27 07:00:00
104779,A,2026-05-08 01:00:00
104780,B,2026-05-28 05:00:00
104781,A,2026-05-11 11:00:00
104782,A,2026-05-16 10:00:00
104783,B,2026-05-04 04:00:00
104784,A,2026-05-06 04:00:00
104785,B,2026-05-26 19:00:00
104786,A,2026-05-15 10:00:00
104787,A,2026-05-04 13:00:00
104788,B,2026-05-04 15:00:00
104789,A,2026-05-21 04:00:00
104790,B,2026-05-08 06:00:00
104791,A,2026-05-14 08:00:00
104792,B,2026-05-03 22:00:00
104793,A,2026-05-09 21:00:00
104794,A,2026-05-11 14:00:00
104795,A,2026-05-20 15:00:00
104796,A,2026-05-06 09:00:00
104797,A,2026-05-08 15:00:00
104798,B,2026-05-17 20:00:00
104799,A,2026-05-07 02:00:00
104800,B,2026-05-17 14:00:00
104801,B,2026-05-01 03:00:00
104802,B,2026-05-25 17:00:00
104803,A,2026-05-24 20:00:00
104804,B,2026-05-21 13:00:00
104805,B,2026-05-27 07:00:00
104806,B,2026-05-11 12:00:00
104807,A,2026-05-11 08:00:00
104808,A,2026-05-01 20:00:00
104809,B,2026-05-21 15:00:00
104810,A,2026-05-19 03:00:00
104811,B,2026-05-11 11:00:00
104812,A,2026-05-26 19:00:00
104813,B,2026-05-16 13:00:00
104814,B,2026-05-09 14:00:00
104815,A,2026-05-04 07:00:00
104816,B,2026-05-01 04:00:00
104817,A,2026-05-27 02:00:00
104818,B,2026-05-27 16:00:00
104819,B,2026-05-11 16:00:00
104820,A,2026-05-15 03:00:00
104821,B,2026-05-07 17:00:00
104822,B,2026-05-11 00:00:00
104823,A,2026-05-26 20:00:00
104824,B,2026-05-08 03:00:00
104825,A,2026-05-02 22:00:00
104826,A,2026-05-12 06:00:00
104827,A,2026-05-02 23:00:00
104828,B,2026-05-17 02:00:00
104829,A,2026-05-28 10:00:00
104830,B,2026-05-16 21:00:00
104831,A,2026-05-03 02:00:00
104832,A,2026-05-01 10:00:00
104833,A,2026-05-01 09:00:00
104834,B,2026-05-14 13:00:00
104835,B,2026-05-21 17:00:00
104836,B,2026-05-17 17:00:00
104837,A,2026-05-18 08:00:00
104838,A,2026-05-14 06:00:00
104839,B,2026-05-11 11:00:00
104840,B,2026-05-10 06:00:00
104841,A,2026-05-21 07:00:00
104842,A,2026-05-01 06:00:00
104843,B,2026-05-03 01:00:00
104844,B,2026-05-08 03:00:00
104845,B,2026-05-14 14:00:00
104846,B,2026-05-10 12:00:00
104847,B,2026-05-23 13:00:00
104848,B,2026-05-01 03:00:00
104849,B,2026-05-24 15:00:00
104850,B,2026-05-24 20:00:00
104851,A,2026-05-19 06:00:00
104852,A,2026-05-20 19:00:00
104853,A,2026-05-24 22:00:00
104854,A,2026-05-01 19:00:00
104855,B,2026-05-28 20:00:00
104856,B,2026-05-16 19:00:00
104857,A,2026-05-13 01:00:00
104858,B,2026-05-21 17:00:00
104859,A,2026-05-22 20:00:00
104860,A,2026-05-07 00:00:00
104861,B,2026-05-25 05:00:00
104862,B,2026-05-17 18:00:00
104863,A,2026-05-16 02:00:00
104864,A,2026-05-04 20:00:00
104865,B,2026-05-19 20:00:00
104866,B,2026-05-19 19:00:00
104867,B,2026-05-17 03:00:00
104868,A,2026-05-04 06:00:00
104869,B,2026-05-05 03:00:00
104870,B,2026-05-03 12:00:00
104871,A,2026-05-25 00:00:00
104872,A,2026-05-04 23:00:00
104873,A,2026-05-09 20:00:00
104874,B,2026-05-01 14:00:00
104875,B,2026-05-13 06:00:00
104876,A,2026-05-14 05:00:00
104877,A,2026-05-02 14:00:00
104878,A,2026-05-02 04:00:00
104879,A,2026-05-13 15:00:00
104880,B,2026-05-19 06:00:00
104881,A,2026-05-13 22:00:00
104882,B,2026-05-18 21:00:00
104883,B,2026-05-05 11:00:00
104884,B,2026-05-17 05:00:00
104885,A,2026-05-17 04:00:00
104886,B,2026-05-22 15:00:00
104887,A,2026-05-04 07:00:00
104888,A,2026-05-06 14:00:00
104889,B,2026-05-27 23:00:00
104890,A,2026-05-26 18:00:00
104891,A,2026-05-28 00:00:00
104892,A,2026-05-03 09:00:00
104893,A,2026-05-27 23:00:00
104894,B,2026-05-09 21:00:00
104895,B,2026-05-02 23:00:00
104896,B,2026-05-16 19:00:00
104897,A,2026-05-11 04:00:00
104898,B,2026-05-08 13:00:00
104899,B,2026-05-20 01:00:00
104900,B,2026-05-27 23:00:00
104901,B,2026-05-19 01:00:00
104902,B,2026-05-07 15:00:00
104903,B,2026-05-18 06:00:00
104904,B,2026-05-17 12:00:00
104905,A,2026-05-10 19:00:00
104906,B,2026-05-13 18:00:00
104907,A,2026-05-05 06:00:00
104908,A,2026-05-27 17:00:00
104909,A,2026-05-21 03:00:00
104910,B,2026-05-01 12:00:00
104911,A,2026-05-10 15:00:00
104912,B,2026-05-21 12:00:00
104913,B,2026-05-23 12:00:00
104914,A,2026-05-13 22:00:00
104915,A,2026-05-18 08:00:00
104916,B,2026-05-20 21:00:00
104917,B,2026-05-15 07:00:00
104918,B,2026-05-04 20:00:00
104919,B,2026-05-11 12:00:00
104920,A,2026-05-18 16:00:00
104921,A,2026-05-01 23:00:00
104922,A,2026-05-03 03:00:00
104923,B,2026-05-20 06:00:00
104924,B,2026-05-26 07:00:00
104925,A,2026-05-27 20:00:00
104926,A,2026-05-02 19:00:00
104927,A,2026-05-04 20:00:00
104928,A,2026-05-13 00:00:00
104929,A,2026-05-17 21:00:00
104930,A,2026-05-25 19:00:00
104931,A,2026-05-09 00:00:00
104932,A,2026-05-21 09:00:00
104933,A,2026-05-20 12:00:00
104934,B,2026-05-22 12:00:00
104935,B,2026-05-04 20:00:00
104936,B,2026-05-09 19:00:00
104937,B,2026-05-19 09:00:00
104938,A,2026-05-06 15:00:00
104939,B,2026-05-18 02:00:00
104940,A,2026-05-26 11:00:00
104941,A,2026-05-26 15:00:00
104942,A,2026-05-09 12:00:00
104943,A,2026-05-05 11:00:00
104944,B,2026-05-24 11:00:00
104945,B,2026-05-12 19:00:00
104946,A,2026-05-22 15:00:00
104947,A,2026-05-07 20:00:00
104948,A,2026-05-22 08:00:00
104949,B,2026-05-20 02:00:00
104950,B,2026-05-25 16:00:00
104951,A,2026-05-14 05:00:00
104952,B,2026-05-02 01:00:00
104953,A,2026-05-26 01:00:00
104954,B,2026-05-08 07:00:00
104955,A,2026-05-07 01:00:00
104956,A,2026-05-22 02:00:00
104957,B,2026-05-23 14:00:00
104958,A,2026-05-14 04:00:00
104959,A,2026-05-24 20:00:00
104960,B,2026-05-06 23:00:00
104961,B,2026-05-09 04:00:00
104962,A,2026-05-21 20:00:00
104963,B,2026-05-05 02:00:00
104964,B,2026-05-20 13:00:00
104965,B,2026-05-14 14:00:00
104966,B,2026-05-26 23:00:00
104967,B,2026-05-21 03:00:00
104968,B,2026-05-19 12:00:00
104969,B,2026-05-16 10:00:00
104970,A,2026-05-04 08:00:00
104971,B,2026-05-04 22:00:00
104972,A,2026-05-26 06:00:00
104973,A,2026-05-08 02:00:00
104974,A,2026-05-20 09:00:00
104975,B,2026-05-19 01:00:00
104976,B,2026-05-16 21:00:00
104977,B,2026-05-19 04:00:00
104978,B,2026-05-08 21:00:00
104979,B,2026-05-01 13:00:00
104980,B,2026-05-09 11:00:00
104981,B,2026-05-11 16:00:00
104982,A,2026-05-07 17:00:00
104983,A,2026-05-11 14:00:00
104984,A,2026-05-07 10:00:00
104985,B,2026-05-24 01:00:00
104986,A,2026-05-09 02:00:00
104987,A,2026-05-21 11:00:00
104988,B,2026-05-18 18:00:00
104989,B,2026-05-27 22:00:00
104990,B,2026-05-15 21:00:00
104991,A,2026-05-20 02:00:00
104992,B,2026-05-08 17:00:00
104993,B,2026-05-24 01:00:00
104994,B,2026-05-26 22:00:00
104995,A,2026-05-16 13:00:00
104996,B,2026-05-06 20:00:00
104997,A,2026-05-02 20:00:00
104998,A,2026-05-11 14:00:00
104999,B,2026-05-22 01:00:00
105000,A,2026-05-01 06:00:00
105001,B,2026-05-19 00:00:00
105002,B,2026-05-19 21:00:00
105003,B,2026-05-06 07:00:00
105004,A,2026-05-12 18:00:00
105005,B,2026-05-03 18:00:00
105006,B,2026-05-22 21:00:00
105007,B,2026-05-08 09:00:00
105008,B,2026-05-24 13:00:00
105009,A,2026-05-02 00:00:00
105010,B,2026-05-19 04:00:00
105011,B,2026-05-11 13:00:00
105012,A,2026-05-09 03:00:00
105013,A,2026-05-22 20:00:00
105014,A,2026-05-22 09:00:00
105015,A,2026-05-22 08:00:00
105016,B,2026-05-01 18:00:00
105017,A,2026-05-10 22:00:00
105018,B,2026-05-20 15:00:00
105019,B,2026-05-20 10:00:00
105020,B,2026-05-06 00:00:00
105021,B,2026-05-15 21:00:00
105022,A,2026-05-25 06:00:00
105023,A,2026-05-22 01:00:00
105024,A,2026-05-05 06:00:00
105025,B,2026-05-14 14:00:00
105026,B,2026-05-04 06:00:00
105027,A,2026-05-02 21:00:00
105028,B,2026-05-23 12:00:00
105029,B,2026-05-15 18:00:00
105030,B,2026-05-25 11:00:00
105031,B,2026-05-02 13:00:00
105032,A,2026-05-24 20:00:00
105033,B,2026-05-23 01:00:00
105034,A,2026-05-01 09:00:00
105035,B,2026-05-01 16:00:00
105036,A,2026-05-05 11:00:00
105037,B,2026-05-11 18:00:00
105038,A,2026-05-24 14:00:00
105039,B,2026-05-10 22:00:00
105040,B,2026-05-22 16:00:00
105041,B,2026-05-08 12:00:00
105042,A,2026-05-01 01:00:00
105043,A,2026-05-06 13:00:00
105044,B,2026-05-28 18:00:00
105045,A,2026-05-19 13:00:00
105046,A,2026-05-20 08:00:00
105047,B,2026-05-21 03:00:00
105048,B,2026-05-25 08:00:00
105049,A,2026-05-10 14:00:00
105050,A,2026-05-19 17:00:00
105051,B,2026-05-14 18:00:00
105052,B,2026-05-25 12:00:00
105053,A,2026-05-28 01:00:00
105054,A,2026-05-01 15:00:00
105055,B,2026-05-12 09:00:00
105056,A,2026-05-17 06:00:00
105057,A,2026-05-23 10:00:00
105058,A,2026-05-06 11:00:00
105059,B,2026-05-27 00:00:00
105060,A,2026-05-05 11:00:00
105061,A,2026-05-14 13:00:00
105062,A,2026-05-07 21:00:00
105063,A,2026-05-18 05:00:00
105064,B,2026-05-13 22:00:00
105065,B,2026-05-24 15:00:00
105066,A,2026-05-11 02:00:00
105067,A,2026-05-21 11:00:00
105068,B,2026-05-04 05:00:00
105069,A,2026-05-24 14:00:00
105070,B,2026-05-09 04:00:00
105071,A,2026-05-12 03:00:00
105072,B,2026-05-23 17:00:00
105073,B,2026-05-28 04:00:00
105074,A,2026-05-17 17:00:00
105075,B,2026-05-08 12:00:00
105076,B,2026-05-23 20:00:00
105077,B,2026-05-07 02:00:00
105078,A,2026-05-20 14:00:00
105079,B,2026-05-22 11:00:00
105080,B,2026-05-22 14:00:00
105081,A,2026-05-12 16:00:00
105082,A,2026-05-05 22:00:00
105083,B,2026-05-10 10:00:00
105084,B,2026-05-27 21:00:00
105085,A,2026-05-08 18:00:00
105086,B,2026-05-17 10:00:00
105087,A,2026-05-07 16:00:00
105088,A,2026-05-21 00:00:00
105089,B,2026-05-24 00:00:00
105090,A,2026-05-15 12:00:00
105091,A,2026-05-25 17:00:00
105092,B,2026-05-01 09:00:00
105093,B,2026-05-15 05:00:00
105094,B,2026-05-08 06:00:00
105095,A,2026-05-01 21:00:00
105096,A,2026-05-18 22:00:00
105097,A,2026-05-17 18:00:00
105098,A,2026-05-04 00:00:00
105099,B,2026-05-17 00:00:00
105100,B,2026-05-26 18:00:00
105101,A,2026-05-19 12:00:00
105102,B,2026-05-22 10:00:00
105103,B,2026-05-24 13:00:00
105104,A,2026-05-18 06:00:00
105105,A,2026-05-26 00:00:00
105106,B,2026-05-03 22:00:00
105107,B,2026-05-08 02:00:00
105108,A,2026-05-10 02:00:00
105109,A,2026-05-03 23:00:00
105110,B,2026-05-18 08:00:00
105111,A,2026-05-01 07:00:00
105112,B,2026-05-18 15:00:00
105113,B,2026-05-18 04:00:00
105114,B,2026-05-24 06:00:00
105115,B,2026-05-10 23:00:00
105116,A,2026-05-22 01:00:00
105117,B,2026-05-20 22:00:00
105118,A,2026-05-26 05:00:00
105119,B,2026-05-12 20:00:00
105120,A,2026-05-28 07:00:00
105121,A,2026-05-21 22:00:00
105122,A,2026-05-22 10:00:00
105123,B,2026-05-02 16:00:00
105124,B,2026-05-19 14:00:00
105125,A,2026-05-11 21:00:00
105126,A,2026-05-18 04:00:00
105127,A,2026-05-10 05:00:00
105128,A,2026-05-12 02:00:00
105129,A,2026-05-27 09:00:00
105130,B,2026-05-27 06:00:00
105131,A,2026-05-11 21:00:00
105132,B,2026-05-01 22:00:00
105133,A,2026-05-06 21:00:00
105134,B,2026-05-17 04:00:00
105135,A,2026-05-01 15:00:00
105136,B,2026-05-19 05:00:00
105137,B,2026-05-28 05:00:00
105138,B,2026-05-05 00:00:00
105139,B,2026-05-24 09:00:00
105140,A,2026-05-25 16:00:00
105141,A,2026-05-25 06:00:00
105142,B,2026-05-20 23:00:00
105143,A,2026-05-18 17:00:00
105144,B,2026-05-07 14:00:00
105145,A,2026-05-12 12:00:00
105146,A,2026-05-23 02:00:00
105147,B,2026-05-16 00:00:00
105148,A,2026-05-14 01:00:00
105149,B,2026-05-03 03:00:00
105150,A,2026-05-02 06:00:00
105151,A,2026-05-13 21:00:00
105152,A,2026-05-07 06:00:00
105153,A,2026-05-21 05:00:00
105154,A,2026-05-04 04:00:00
105155,A,2026-05-20 04:00:00
105156,A,2026-05-26 14:00:00
105157,B,2026-05-25 16:00:00
105158,A,2026-05-02 23:00:00
105159,A,2026-05-15 06:00:00
105160,B,2026-05-27 08:00:00
105161,B,2026-05-15 07:00:00
105162,A,2026-05-21 21:00:00
105163,A,2026-05-09 19:00:00
105164,B,2026-05-21 19:00:00
105165,A,2026-05-17 21:00:00
105166,A,2026-05-26 16:00:00
105167,B,2026-05-14 21:00:00
105168,B,2026-05-05 21:00:00
105169,B,2026-05-21 12:00:00
105170,A,2026-05-28 17:00:00
105171,B,2026-05-23 06:00:00
105172,A,2026-05-23 11:00:00
105173,B,2026-05-22 11:00:00
105174,A,2026-05-09 09:00:00
105175,A,2026-05-05 07:00:00
105176,B,2026-05-09 16:00:00
105177,B,2026-05-07 19:00:00
105178,B,2026-05-08 07:00:00
105179,A,2026-05-17 00:00:00
105180,A,2026-05-12 07:00:00
105181,B,2026-05-03 05:00:00
105182,B,2026-05-26 15:00:00
105183,A,2026-05-26 16:00:00
105184,B,2026-05-19 14:00:00
105185,B,2026-05-03 07:00:00
105186,A,2026-05-11 01:00:00
105187,B,2026-05-27 14:00:00
105188,A,2026-05-05 21:00:00
105189,B,2026-05-11 13:00:00
105190,A,2026-05-04 13:00:00
105191,B,2026-05-13 20:00:00
105192,B,2026-05-05 13:00:00
105193,B,2026-05-23 13:00:00
105194,B,2026-05-14 20:00:00
105195,B,2026-05-21 13:00:00
105196,B,2026-05-01 04:00:00
105197,A,2026-05-19 16:00:00
105198,A,2026-05-05 23:00:00
105199,B,2026-05-06 19:00:00
105200,B,2026-05-19 15:00:00
105201,A,2026-05-18 05:00:00
105202,A,2026-05-16 13:00:00
105203,A,2026-05-14 16:00:00
105204,A,2026-05-11 22:00:00
105205,B,2026-05-24 00:00:00
105206,A,2026-05-16 07:00:00
105207,A,2026-05-24 22:00:00
105208,B,2026-05-16 07:00:00
105209,A,2026-05-25 06:00:00
105210,B,2026-05-22 10:00:00
105211,B,2026-05-01 15:00:00
105212,B,2026-05-21 04:00:00
105213,B,2026-05-22 14:00:00
105214,B,2026-05-11 01:00:00
105215,B,2026-05-01 16:00:00
105216,B,2026-05-01 19:00:00
105217,A,2026-05-03 08:00:00
105218,A,2026-05-08 06:00:00
105219,A,2026-05-14 06:00:00
105220,B,2026-05-17 04:00:00
105221,A,2026-05-17 02:00:00
105222,B,2026-05-19 04:00:00
105223,A,2026-05-23 05:00:00
105224,B,2026-05-04 22:00:00
105225,B,2026-05-06 12:00:00
105226,B,2026-05-05 04:00:00
105227,B,2026-05-07 19:00:00
105228,B,2026-05-22 09:00:00
105229,B,2026-05-20 14:00:00
105230,B,2026-05-23 06:00:00
105231,A,2026-05-17 19:00:00
105232,A,2026-05-16 16:00:00
105233,A,2026-05-13 01:00:00
105234,A,2026-05-18 11:00:00
105235,B,2026-05-21 05:00:00
105236,B,2026-05-11 15:00:00
105237,A,2026-05-04 10:00:00
105238,A,2026-05-28 09:00:00
105239,A,2026-05-14 02:00:00
105240,A,2026-05-07 23:00:00
105241,A,2026-05-10 12:00:00
105242,A,2026-05-26 15:00:00
105243,B,2026-05-22 11:00:00
105244,A,2026-05-16 11:00:00
105245,A,2026-05-28 15:00:00
105246,B,2026-05-10 10:00:00
105247,B,2026-05-19 08:00:00
105248,B,2026-05-09 17:00:00
105249,A,2026-05-19 19:00:00
105250,B,2026-05-15 08:00:00
105251,B,2026-05-04 06:00:00
105252,A,2026-05-11 03:00:00
105253,A,2026-05-25 06:00:00
105254,A,2026-05-13 22:00:00
105255,B,2026-05-11 23:00:00
105256,B,2026-05-09 05:00:00
105257,A,2026-05-22 18:00:00
105258,B,2026-05-23 18:00:00
105259,B,2026-05-09 23:00:00
105260,B,2026-05-22 08:00:00
105261,A,2026-05-22 18:00:00
105262,B,2026-05-11 03:00:00
105263,A,2026-05-18 15:00:00
105264,B,2026-05-07 07:00:00
105265,B,2026-05-18 04:00:00
105266,B,2026-05-20 17:00:00
105267,B,2026-05-15 04:00:00
105268,A,2026-05-16 05:00:00
105269,B,2026-05-20 11:00:00
105270,A,2026-05-10 01:00:00
105271,A,2026-05-23 17:00:00
105272,A,2026-05-09 10:00:00
105273,A,2026-05-07 21:00:00
105274,B,2026-05-22 15:00:00
105275,B,2026-05-11 01:00:00
105276,A,2026-05-10 18:00:00
105277,B,2026-05-09 23:00:00
105278,A,2026-05-05 21:00:00
105279,B,2026-05-07 09:00:00
105280,B,2026-05-24 05:00:00
105281,B,2026-05-01 06:00:00
105282,A,2026-05-14 02:00:00
105283,A,2026-05-12 18:00:00
105284,A,2026-05-05 21:00:00
105285,A,2026-05-11 23:00:00
105286,A,2026-05-21 09:00:00
105287,A,2026-05-26 14:00:00
105288,A,2026-05-08 19:00:00
105289,B,2026-05-21 19:00:00
105290,A,2026-05-09 09:00:00
105291,B,2026-05-12 20:00:00
105292,B,2026-05-19 21:00:00
105293,A,2026-05-27 06:00:00
105294,A,2026-05-16 20:00:00
105295,A,2026-05-01 17:00:00
105296,B,2026-05-05 10:00:00
105297,B,2026-05-12 02:00:00
105298,B,2026-05-20 13:00:00
105299,B,2026-05-19 06:00:00
105300,A,2026-05-02 15:00:00
105301,B,2026-05-08 18:00:00
105302,A,2026-05-14 17:00:00
105303,B,2026-05-21 20:00:00
105304,A,2026-05-23 19:00:00
105305,B,2026-05-11 08:00:00
105306,B,2026-05-24 11:00:00
105307,A,2026-05-09 02:00:00
105308,A,2026-05-24 19:00:00
105309,A,2026-05-24 14:00:00
105310,A,2026-05-19 08:00:00
105311,B,2026-05-02 08:00:00
105312,A,2026-05-02 14:00:00
105313,A,2026-05-21 00:00:00
105314,A,2026-05-14 07:00:00
105315,B,2026-05-03 05:00:00
105316,B,2026-05-23 19:00:00
105317,B,2026-05-27 05:00:00
105318,B,2026-05-03 07:00:00
105319,B,2026-05-12 00:00:00
105320,B,2026-05-26 10:00:00
105321,B,2026-05-25 15:00:00
105322,A,2026-05-12 23:00:00
105323,A,2026-05-10 23:00:00
105324,B,2026-05-06 23:00:00
105325,A,2026-05-08 08:00:00
105326,B,2026-05-21 03:00:00
105327,B,2026-05-08 00:00:00
105328,A,2026-05-10 10:00:00
105329,B,2026-05-01 19:00:00
105330,B,2026-05-28 09:00:00
105331,B,2026-05-10 16:00:00
105332,B,2026-05-17 00:00:00
105333,A,2026-05-18 09:00:00
105334,B,2026-05-12 23:00:00
105335,B,2026-05-12 11:00:00
105336,B,2026-05-11 20:00:00
105337,B,2026-05-05 02:00:00
105338,B,2026-05-09 08:00:00
105339,A,2026-05-10 08:00:00
105340,B,2026-05-11 17:00:00
105341,A,2026-05-03 17:00:00
105342,B,2026-05-04 20:00:00
105343,A,2026-05-17 21:00:00
105344,B,2026-05-23 19:00:00
105345,B,2026-05-01 08:00:00
105346,A,2026-05-15 19:00:00
105347,A,2026-05-24 07:00:00
105348,B,2026-05-10 23:00:00
105349,A,2026-05-09 09:00:00
105350,A,2026-05-04 06:00:00
105351,B,2026-05-14 19:00:00
105352,B,2026-05-05 23:00:00
105353,A,2026-05-13 00:00:00
105354,B,2026-05-14 04:00:00
105355,A,2026-05-22 19:00:00
105356,A,2026-05-01 16:00:00
105357,A,2026-05-07 16:00:00
105358,A,2026-05-21 10:00:00
105359,A,2026-05-06 02:00:00
105360,A,2026-05-05 02:00:00
105361,B,2026-05-15 03:00:00
105362,A,2026-05-05 06:00:00
105363,B,2026-05-16 09:00:00
105364,B,2026-05-23 03:00:00
105365,B,2026-05-03 09:00:00
105366,B,2026-05-05 16:00:00
105367,B,2026-05-15 03:00:00
105368,A,2026-05-03 01:00:00
105369,A,2026-05-13 04:00:00
105370,B,2026-05-06 10:00:00
105371,B,2026-05-10 07:00:00
105372,B,2026-05-08 23:00:00
105373,B,2026-05-01 12:00:00
105374,A,2026-05-16 00:00:00
105375,B,2026-05-19 05:00:00
105376,A,2026-05-03 23:00:00
105377,B,2026-05-21 14:00:00
105378,A,2026-05-04 23:00:00
105379,B,2026-05-14 04:00:00
105380,B,2026-05-15 22:00:00
105381,A,2026-05-03 17:00:00
105382,A,2026-05-15 11:00:00
105383,B,2026-05-14 09:00:00
105384,A,2026-05-06 04:00:00
105385,B,2026-05-24 23:00:00
105386,A,2026-05-08 07:00:00
105387,B,2026-05-22 04:00:00
105388,A,2026-05-03 06:00:00
105389,A,2026-05-04 02:00:00
105390,A,2026-05-21 09:00:00
105391,A,2026-05-08 12:00:00
105392,A,2026-05-02 06:00:00
105393,A,2026-05-23 20:00:00
105394,A,2026-05-23 05:00:00
105395,B,2026-05-04 23:00:00
105396,B,2026-05-16 17:00:00
105397,A,2026-05-17 06:00:00
105398,B,2026-05-02 20:00:00
105399,B,2026-05-10 16:00:00
105400,A,2026-05-27 02:00:00
105401,B,2026-05-21 00:00:00
105402,A,2026-05-09 05:00:00
105403,A,2026-05-20 03:00:00
105404,A,2026-05-20 21:00:00
105405,B,2026-05-07 02:00:00
105406,A,2026-05-07 08:00:00
105407,A,2026-05-19 07:00:00
105408,A,2026-05-26 17:00:00
105409,A,2026-05-03 03:00:00
105410,A,2026-05-06 05:00:00
105411,B,2026-05-25 09:00:00
105412,B,2026-05-12 00:00:00
105413,A,2026-05-23 11:00:00
105414,A,2026-05-12 11:00:00
105415,B,2026-05-07 19:00:00
105416,B,2026-05-25 05:00:00
105417,A,2026-05-27 02:00:00
105418,A,2026-05-15 22:00:00
105419,B,2026-05-20 09:00:00
105420,A,2026-05-10 15:00:00
105421,B,2026-05-18 13:00:00
105422,A,2026-05-09 10:00:00
105423,A,2026-05-06 03:00:00
105424,A,2026-05-13 03:00:00
105425,A,2026-05-16 12:00:00
105426,A,2026-05-25 21:00:00
105427,B,2026-05-17 00:00:00
105428,A,2026-05-18 19:00:00
105429,A,2026-05-23 21:00:00
105430,A,2026-05-19 14:00:00
105431,A,2026-05-19 22:00:00
105432,A,2026-05-28 11:00:00
105433,B,2026-05-23 21:00:00
105434,A,2026-05-07 17:00:00
105435,A,2026-05-05 13:00:00
105436,B,2026-05-19 11:00:00
105437,A,2026-05-23 06:00:00
105438,A,2026-05-04 04:00:00
105439,B,2026-05-19 15:00:00
105440,A,2026-05-16 10:00:00
105441,B,2026-05-08 02:00:00
105442,A,2026-05-09 06:00:00
105443,B,2026-05-13 13:00:00
105444,B,2026-05-10 15:00:00
105445,A,2026-05-25 02:00:00
105446,A,2026-05-18 02:00:00
105447,B,2026-05-28 05:00:00
105448,A,2026-05-04 03:00:00
105449,B,2026-05-26 16:00:00
105450,A,2026-05-19 09:00:00
105451,A,2026-05-04 04:00:00
105452,A,2026-05-05 02:00:00
105453,A,2026-05-26 09:00:00
105454,A,2026-05-18 19:00:00
105455,B,2026-05-15 05:00:00
105456,A,2026-05-05 00:00:00
105457,A,2026-05-20 07:00:00
105458,B,2026-05-13 07:00:00
105459,A,2026-05-13 07:00:00
105460,A,2026-05-10 06:00:00
105461,A,2026-05-08 21:00:00
105462,A,2026-05-10 05:00:00
105463,A,2026-05-09 02:00:00
105464,A,2026-05-05 08:00:00
105465,A,2026-05-28 04:00:00
105466,B,2026-05-03 16:00:00
105467,A,2026-05-12 04:00:00
105468,A,2026-05-20 02:00:00
105469,A,2026-05-13 09:00:00
105470,A,2026-05-27 08:00:00
105471,A,2026-05-19 08:00:00
105472,B,2026-05-07 23:00:00
105473,B,2026-05-26 03:00:00
105474,A,2026-05-02 05:00:00
105475,B,2026-05-09 21:00:00
105476,A,2026-05-01 15:00:00
105477,A,2026-05-18 22:00:00
105478,B,2026-05-15 13:00:00
105479,B,2026-05-23 04:00:00
105480,A,2026-05-23 12:00:00
105481,A,2026-05-12 05:00:00
105482,A,2026-05-26 00:00:00
105483,B,2026-05-10 17:00:00
105484,A,2026-05-19 05:00:00
105485,B,2026-05-06 01:00:00
105486,A,2026-05-12 19:00:00
105487,B,2026-05-19 01:00:00
105488,B,2026-05-28 22:00:00
105489,A,2026-05-09 14:00:00
105490,A,2026-05-10 04:00:00
105491,A,2026-05-11 07:00:00
105492,A,2026-05-15 13:00:00
105493,A,2026-05-10 11:00:00
105494,B,2026-05-28 05:00:00
105495,B,2026-05-10 23:00:00
105496,B,2026-05-07 18:00:00
105497,A,2026-05-04 23:00:00
105498,B,2026-05-12 22:00:00
105499,A,2026-05-05 23:00:00
105500,B,2026-05-21 11:00:00
105501,A,2026-05-07 22:00:00
105502,B,2026-05-07 16:00:00
105503,B,2026-05-07 16:00:00
105504,A,2026-05-20 17:00:00
105505,B,2026-05-09 22:00:00
105506,A,2026-05-15 00:00:00
105507,A,2026-05-20 02:00:00
105508,B,2026-05-16 16:00:00
105509,B,2026-05-23 11:00:00
105510,B,2026-05-11 10:00:00
105511,B,2026-05-14 10:00:00
105512,B,2026-05-21 03:00:00
105513,B,2026-05-01 19:00:00
105514,A,2026-05-17 06:00:00
105515,A,2026-05-22 02:00:00
105516,B,2026-05-24 15:00:00
105517,B,2026-05-19 10:00:00
105518,A,2026-05-20 16:00:00
105519,B,2026-05-23 21:00:00
105520,A,2026-05-24 11:00:00
105521,A,2026-05-20 05:00:00
105522,B,2026-05-20 07:00:00
105523,A,2026-05-16 14:00:00
105524,B,2026-05-05 02:00:00
105525,B,2026-05-15 06:00:00
105526,A,2026-05-26 12:00:00
105527,B,2026-05-11 11:00:00
105528,B,2026-05-08 17:00:00
105529,A,2026-05-16 12:00:00
105530,A,2026-05-19 10:00:00
105531,B,2026-05-06 05:00:00
105532,A,2026-05-14 04:00:00
105533,A,2026-05-10 23:00:00
105534,A,2026-05-25 11:00:00
105535,B,2026-05-16 20:00:00
105536,A,2026-05-15 04:00:00
105537,A,2026-05-02 21:00:00
105538,B,2026-05-21 13:00:00
105539,B,2026-05-04 21:00:00
105540,A,2026-05-10 00:00:00
105541,B,2026-05-07 05:00:00
105542,B,2026-05-19 05:00:00
105543,A,2026-05-24 10:00:00
105544,B,2026-05-05 11:00:00
105545,A,2026-05-09 14:00:00
105546,A,2026-05-15 19:00:00
105547,A,2026-05-17 21:00:00
105548,A,2026-05-27 22:00:00
105549,B,2026-05-12 17:00:00
105550,A,2026-05-21 16:00:00
105551,B,2026-05-23 16:00:00
105552,B,2026-05-27 10:00:00
105553,B,2026-05-10 17:00:00
105554,A,2026-05-10 22:00:00
105555,B,2026-05-19 08:00:00
105556,B,2026-05-04 17:00:00
105557,A,2026-05-16 14:00:00
105558,A,2026-05-09 04:00:00
105559,A,2026-05-04 02:00:00
105560,A,2026-05-27 07:00:00
105561,A,2026-05-23 18:00:00
105562,A,2026-05-15 04:00:00
105563,B,2026-05-28 21:00:00
105564,A,2026-05-20 02:00:00
105565,A,2026-05-14 06:00:00
105566,A,2026-05-18 03:00:00
105567,A,2026-05-25 22:00:00
105568,A,2026-05-08 12:00:00
105569,B,2026-05-28 06:00:00
105570,B,2026-05-04 07:00:00
105571,B,2026-05-17 01:00:00
105572,A,2026-05-22 19:00:00
105573,B,2026-05-12 08:00:00
105574,B,2026-05-04 18:00:00
105575,A,2026-05-12 22:00:00
105576,A,2026-05-06 09:00:00
105577,A,2026-05-09 00:00:00
105578,B,2026-05-09 23:00:00
105579,B,2026-05-04 07:00:00
105580,A,2026-05-01 03:00:00
105581,B,2026-05-19 07:00:00
105582,A,2026-05-13 18:00:00
105583,A,2026-05-13 12:00:00
105584,A,2026-05-21 17:00:00
105585,A,2026-05-25 05:00:00
105586,B,2026-05-09 00:00:00
105587,A,2026-05-21 03:00:00
105588,A,2026-05-04 22:00:00
105589,B,2026-05-22 00:00:00
105590,B,2026-05-18 18:00:00
105591,A,2026-05-18 19:00:00
105592,B,2026-05-16 07:00:00
105593,A,2026-05-04 06:00:00
105594,A,2026-05-26 16:00:00
105595,A,2026-05-03 02:00:00
105596,A,2026-05-26 11:00:00
105597,A,2026-05-24 20:00:00
105598,A,2026-05-24 20:00:00
105599,A,2026-05-15 11:00:00
105600,A,2026-05-15 13:00:00
105601,B,2026-05-06 12:00:00
105602,B,2026-05-23 09:00:00
105603,B,2026-05-01 11:00:00
105604,A,2026-05-10 19:00:00
105605,A,2026-05-27 20:00:00
105606,A,2026-05-18 02:00:00
105607,A,2026-05-05 21:00:00
105608,B,2026-05-01 22:00:00
105609,A,2026-05-17 07:00:00
105610,B,2026-05-05 23:00:00
105611,B,2026-05-15 01:00:00
105612,A,2026-05-02 04:00:00
105613,B,2026-05-16 10:00:00
105614,B,2026-05-04 23:00:00
105615,A,2026-05-09 19:00:00
105616,A,2026-05-27 05:00:00
105617,A,2026-05-03 06:00:00
105618,A,2026-05-23 19:00:00
105619,A,2026-05-19 23:00:00
105620,B,2026-05-04 06:00:00
105621,B,2026-05-01 08:00:00
105622,B,2026-05-06 05:00:00
105623,B,2026-05-24 23:00:00
105624,A,2026-05-15 23:00:00
105625,A,2026-05-17 07:00:00
105626,B,2026-05-16 18:00:00
105627,A,2026-05-03 08:00:00
105628,A,2026-05-28 09:00:00
105629,A,2026-05-11 10:00:00
105630,A,2026-05-06 16:00:00
105631,A,2026-05-15 05:00:00
105632,B,2026-05-19 17:00:00
105633,B,2026-05-08 16:00:00
105634,B,2026-05-20 11:00:00
105635,B,2026-05-27 18:00:00
105636,B,2026-05-06 13:00:00
105637,A,2026-05-05 18:00:00
105638,B,2026-05-01 03:00:00
105639,B,2026-05-13 13:00:00
105640,B,2026-05-04 02:00:00
105641,A,2026-05-04 18:00:00
105642,A,2026-05-20 14:00:00
105643,A,2026-05-03 12:00:00
105644,A,2026-05-18 09:00:00
105645,A,2026-05-10 14:00:00
105646,A,2026-05-24 08:00:00
105647,A,2026-05-21 05:00:00
105648,B,2026-05-27 03:00:00
105649,B,2026-05-26 04:00:00
105650,B,2026-05-01 20:00:00
105651,A,2026-05-20 09:00:00
105652,B,2026-05-06 12:00:00
105653,B,2026-05-07 11:00:00
105654,A,2026-05-28 05:00:00
105655,A,2026-05-13 07:00:00
105656,A,2026-05-26 14:00:00
105657,B,2026-05-11 17:00:00
105658,A,2026-05-28 12:00:00
105659,B,2026-05-08 12:00:00
105660,B,2026-05-04 05:00:00
105661,B,2026-05-02 15:00:00
105662,A,2026-05-17 09:00:00
105663,A,2026-05-04 13:00:00
105664,B,2026-05-07 21:00:00
105665,A,2026-05-03 22:00:00
105666,A,2026-05-19 01:00:00
105667,A,2026-05-09 22:00:00
105668,A,2026-05-08 00:00:00
105669,A,2026-05-26 19:00:00
105670,A,2026-05-04 06:00:00
105671,A,2026-05-23 04:00:00
105672,B,2026-05-23 15:00:00
105673,A,2026-05-16 03:00:00
105674,A,2026-05-16 13:00:00
105675,A,2026-05-27 07:00:00
105676,A,2026-05-18 22:00:00
105677,A,2026-05-26 06:00:00
105678,B,2026-05-28 13:00:00
105679,A,2026-05-11 08:00:00
105680,A,2026-05-16 21:00:00
105681,B,2026-05-04 22:00:00
105682,A,2026-05-28 20:00:00
105683,A,2026-05-22 22:00:00
105684,A,2026-05-15 03:00:00
105685,A,2026-05-26 19:00:00
105686,B,2026-05-26 20:00:00
105687,A,2026-05-25 00:00:00
105688,A,2026-05-26 21:00:00
105689,A,2026-05-19 11:00:00
105690,A,2026-05-17 17:00:00
105691,B,2026-05-02 02:00:00
105692,A,2026-05-02 11:00:00
105693,A,2026-05-16 20:00:00
105694,B,2026-05-25 20:00:00
105695,A,2026-05-21 17:00:00
105696,B,2026-05-28 21:00:00
105697,A,2026-05-26 17:00:00
105698,B,2026-05-03 20:00:00
105699,B,2026-05-23 03:00:00
105700,B,2026-05-08 21:00:00
105701,B,2026-05-14 03:00:00
105702,A,2026-05-10 05:00:00
105703,A,2026-05-16 11:00:00
105704,A,2026-05-03 20:00:00
105705,A,2026-05-01 06:00:00
105706,A,2026-05-19 11:00:00
105707,A,2026-05-06 21:00:00
105708,B,2026-05-24 07:00:00
105709,B,2026-05-14 23:00:00
105710,B,2026-05-06 05:00:00
105711,B,2026-05-02 05:00:00
105712,B,2026-05-21 08:00:00
105713,A,2026-05-07 04:00:00
105714,A,2026-05-25 21:00:00
105715,B,2026-05-08 07:00:00
105716,A,2026-05-26 11:00:00
105717,A,2026-05-22 17:00:00
105718,B,2026-05-19 00:00:00
105719,B,2026-05-08 01:00:00
105720,A,2026-05-10 07:00:00
105721,B,2026-05-05 00:00:00
105722,B,2026-05-17 03:00:00
105723,B,2026-05-23 06:00:00
105724,A,2026-05-17 13:00:00
105725,A,2026-05-25 13:00:00
105726,B,2026-05-09 16:00:00
105727,B,2026-05-17 03:00:00
105728,B,2026-05-09 06:00:00
105729,A,2026-05-05 04:00:00
105730,A,2026-05-14 11:00:00
105731,A,2026-05-02 00:00:00
105732,B,2026-05-11 12:00:00
105733,B,2026-05-16 16:00:00
105734,A,2026-05-21 04:00:00
105735,A,2026-05-24 01:00:00
105736,A,2026-05-14 18:00:00
105737,A,2026-05-12 11:00:00
105738,A,2026-05-10 09:00:00
105739,B,2026-05-13 20:00:00
105740,A,2026-05-28 09:00:00
105741,A,2026-05-02 00:00:00
105742,A,2026-05-26 12:00:00
105743,B,2026-05-28 19:00:00
105744,A,2026-05-17 19:00:00
105745,A,2026-05-18 18:00:00
105746,A,2026-05-07 07:00:00
105747,A,2026-05-02 23:00:00
105748,A,2026-05-16 09:00:00
105749,B,2026-05-20 02:00:00
105750,B,2026-05-05 11:00:00
105751,A,2026-05-05 20:00:00
105752,B,2026-05-16 21:00:00
105753,A,2026-05-16 12:00:00
105754,B,2026-05-03 02:00:00
105755,A,2026-05-20 03:00:00
105756,A,2026-05-03 17:00:00
105757,B,2026-05-06 19:00:00
105758,B,2026-05-25 07:00:00
105759,B,2026-05-08 07:00:00
105760,A,2026-05-25 02:00:00
105761,A,2026-05-26 17:00:00
105762,A,2026-05-27 20:00:00
105763,A,2026-05-28 00:00:00
105764,B,2026-05-08 00:00:00
105765,B,2026-05-06 19:00:00
105766,A,2026-05-02 04:00:00
105767,A,2026-05-23 00:00:00
105768,A,2026-05-20 23:00:00
105769,A,2026-05-13 11:00:00
105770,B,2026-05-25 19:00:00
105771,A,2026-05-21 23:00:00
105772,A,2026-05-19 09:00:00
105773,B,2026-05-22 18:00:00
105774,B,2026-05-08 12:00:00
105775,B,2026-05-05 04:00:00
105776,B,2026-05-08 16:00:00
105777,B,2026-05-10 05:00:00
105778,B,2026-05-12 23:00:00
105779,B,2026-05-08 12:00:00
105780,A,2026-05-19 10:00:00
105781,A,2026-05-18 11:00:00
105782,B,2026-05-08 16:00:00
105783,B,2026-05-27 02:00:00
105784,B,2026-05-11 22:00:00
105785,B,2026-05-26 14:00:00
105786,A,2026-05-09 10:00:00
105787,A,2026-05-02 02:00:00
105788,A,2026-05-24 11:00:00
105789,B,2026-05-11 01:00:00
105790,A,2026-05-11 18:00:00
105791,B,2026-05-08 06:00:00
105792,B,2026-05-10 03:00:00
105793,A,2026-05-08 05:00:00
105794,A,2026-05-04 03:00:00
105795,B,2026-05-06 02:00:00
105796,A,2026-05-14 15:00:00
105797,B,2026-05-26 14:00:00
105798,B,2026-05-27 15:00:00
105799,A,2026-05-28 05:00:00
105800,B,2026-05-16 23:00:00
105801,A,2026-05-26 22:00:00
105802,B,2026-05-28 16:00:00
105803,A,2026-05-05 19:00:00
105804,B,2026-05-14 13:00:00
105805,B,2026-05-17 20:00:00
105806,B,2026-05-25 23:00:00
105807,A,2026-05-20 07:00:00
105808,A,2026-05-09 13:00:00
105809,B,2026-05-06 17:00:00
105810,B,2026-05-24 15:00:00
105811,A,2026-05-08 14:00:00
105812,A,2026-05-04 02:00:00
105813,B,2026-05-01 19:00:00
105814,B,2026-05-13 17:00:00
105815,A,2026-05-13 11:00:00
105816,B,2026-05-12 10:00:00
105817,B,2026-05-13 04:00:00
105818,A,2026-05-04 15:00:00
105819,B,2026-05-20 20:00:00
105820,A,2026-05-14 01:00:00
105821,A,2026-05-02 22:00:00
105822,A,2026-05-28 03:00:00
105823,B,2026-05-25 03:00:00
105824,A,2026-05-15 11:00:00
105825,B,2026-05-27 21:00:00
105826,B,2026-05-11 10:00:00
105827,B,2026-05-09 18:00:00
105828,B,2026-05-21 00:00:00
105829,A,2026-05-11 10:00:00
105830,B,2026-05-02 15:00:00
105831,A,2026-05-04 18:00:00
105832,A,2026-05-10 05:00:00
105833,B,2026-05-26 23:00:00
105834,B,2026-05-26 07:00:00
105835,B,2026-05-02 09:00:00
105836,B,2026-05-02 09:00:00
105837,B,2026-05-28 06:00:00
105838,A,2026-05-20 09:00:00
105839,A,2026-05-06 00:00:00
105840,B,2026-05-09 17:00:00
105841,B,2026-05-26 12:00:00
105842,B,2026-05-28 11:00:00
105843,A,2026-05-17 04:00:00
105844,A,2026-05-24 07:00:00
105845,A,2026-05-23 15:00:00
105846,B,2026-05-10 08:00:00
105847,A,2026-05-18 06:00:00
105848,A,2026-05-20 04:00:00
105849,B,2026-05-22 22:00:00
105850,B,2026-05-16 15:00:00
105851,B,2026-05-05 16:00:00
105852,A,2026-05-13 09:00:00
105853,B,2026-05-14 23:00:00
105854,A,2026-05-22 14:00:00
105855,A,2026-05-11 09:00:00
105856,B,2026-05-03 18:00:00
105857,B,2026-05-14 14:00:00
105858,B,2026-05-10 05:00:00
105859,B,2026-05-04 01:00:00
105860,A,2026-05-15 10:00:00
105861,B,2026-05-20 14:00:00
105862,B,2026-05-05 00:00:00
105863,A,2026-05-24 14:00:00
105864,B,2026-05-05 15:00:00
105865,A,2026-05-21 09:00:00
105866,A,2026-05-17 12:00:00
105867,B,2026-05-17 15:00:00
105868,A,2026-05-08 01:00:00
105869,B,2026-05-04 15:00:00
105870,B,2026-05-20 09:00:00
105871,A,2026-05-08 05:00:00
105872,A,2026-05-28 18:00:00
105873,A,2026-05-06 19:00:00
105874,A,2026-05-08 10:00:00
105875,B,2026-05-19 15:00:00
105876,A,2026-05-12 22:00:00
105877,B,2026-05-24 00:00:00
105878,B,2026-05-13 21:00:00
105879,B,2026-05-12 15:00:00
105880,A,2026-05-22 04:00:00
105881,A,2026-05-25 04:00:00
105882,B,2026-05-26 00:00:00
105883,A,2026-05-23 05:00:00
105884,A,2026-05-10 10:00:00
105885,A,2026-05-21 14:00:00
105886,B,2026-05-06 06:00:00
105887,B,2026-05-14 05:00:00
105888,B,2026-05-21 17:00:00
105889,A,2026-05-28 15:00:00
105890,B,2026-05-27 12:00:00
105891,B,2026-05-08 12:00:00
105892,B,2026-05-19 10:00:00
105893,A,2026-05-10 15:00:00
105894,B,2026-05-01 19:00:00
105895,B,2026-05-07 16:00:00
105896,B,2026-05-28 07:00:00
105897,B,2026-05-05 12:00:00
105898,B,2026-05-21 10:00:00
105899,B,2026-05-23 01:00:00
105900,A,2026-05-18 12:00:00
105901,B,2026-05-25 01:00:00
105902,B,2026-05-17 00:00:00
105903,B,2026-05-08 05:00:00
105904,B,2026-05-11 07:00:00
105905,A,2026-05-10 23:00:00
105906,A,2026-05-22 03:00:00
105907,A,2026-05-03 14:00:00
105908,B,2026-05-25 11:00:00
105909,A,2026-05-18 10:00:00
105910,B,2026-05-19 08:00:00
105911,A,2026-05-22 21:00:00
105912,A,2026-05-22 09:00:00
105913,A,2026-05-25 04:00:00
105914,B,2026-05-08 11:00:00
105915,B,2026-05-10 02:00:00
105916,A,2026-05-02 10:00:00
105917,B,2026-05-01 17:00:00
105918,A,2026-05-22 00:00:00
105919,B,2026-05-19 02:00:00
105920,B,2026-05-10 00:00:00
105921,A,2026-05-24 05:00:00
105922,B,2026-05-22 20:00:00
105923,A,2026-05-20 17:00:00
105924,A,2026-05-08 11:00:00
105925,B,2026-05-25 02:00:00
105926,B,2026-05-14 14:00:00
105927,B,2026-05-23 17:00:00
105928,A,2026-05-11 02:00:00
105929,A,2026-05-17 09:00:00
105930,A,2026-05-24 22:00:00
105931,B,2026-05-09 06:00:00
105932,A,2026-05-21 01:00:00
105933,B,2026-05-01 03:00:00
105934,B,2026-05-12 23:00:00
105935,B,2026-05-10 04:00:00
105936,A,2026-05-06 12:00:00
105937,A,2026-05-21 13:00:00
105938,A,2026-05-17 03:00:00
105939,A,2026-05-26 15:00:00
105940,B,2026-05-24 06:00:00
105941,B,2026-05-18 11:00:00
105942,B,2026-05-07 15:00:00
105943,B,2026-05-17 20:00:00
105944,A,2026-05-08 19:00:00
105945,A,2026-05-22 14:00:00
105946,B,2026-05-25 07:00:00
105947,A,2026-05-05 09:00:00
105948,B,2026-05-13 18:00:00
105949,B,2026-05-03 09:00:00
105950,A,2026-05-17 18:00:00
105951,B,2026-05-07 06:00:00
105952,A,2026-05-01 12:00:00
105953,A,2026-05-15 17:00:00
105954,B,2026-05-18 02:00:00
105955,A,2026-05-16 02:00:00
105956,A,2026-05-26 17:00:00
105957,A,2026-05-28 06:00:00
105958,B,2026-05-23 09:00:00
105959,B,2026-05-16 10:00:00
105960,B,2026-05-01 07:00:00
105961,A,2026-05-02 11:00:00
105962,A,2026-05-20 21:00:00
105963,B,2026-05-23 02:00:00
105964,A,2026-05-12 13:00:00
105965,B,2026-05-26 07:00:00
105966,B,2026-05-09 05:00:00
105967,A,2026-05-14 07:00:00
105968,B,2026-05-26 12:00:00
105969,B,2026-05-18 19:00:00
105970,B,2026-05-12 03:00:00
105971,B,2026-05-17 21:00:00
105972,B,2026-05-26 02:00:00
105973,B,2026-05-17 07:00:00
105974,A,2026-05-17 14:00:00
105975,B,2026-05-14 11:00:00
105976,A,2026-05-15 04:00:00
105977,B,2026-05-25 04:00:00
105978,A,2026-05-09 05:00:00
105979,A,2026-05-11 22:00:00
105980,A,2026-05-17 12:00:00
105981,A,2026-05-22 11:00:00
105982,B,2026-05-19 05:00:00
105983,A,2026-05-03 03:00:00
105984,A,2026-05-21 17:00:00
105985,A,2026-05-16 15:00:00
105986,B,2026-05-26 11:00:00
105987,A,2026-05-04 09:00:00
105988,A,2026-05-12 03:00:00
105989,A,2026-05-13 01:00:00
105990,A,2026-05-13 05:00:00
105991,B,2026-05-16 08:00:00
105992,A,2026-05-23 20:00:00
105993,B,2026-05-12 19:00:00
105994,B,2026-05-28 14:00:00
105995,A,2026-05-20 21:00:00
105996,B,2026-05-27 23:00:00
105997,B,2026-05-09 07:00:00
105998,A,2026-05-04 05:00:00
105999,A,2026-05-26 06:00:00
106000,A,2026-05-21 00:00:00
106001,B,2026-05-26 01:00:00
106002,B,2026-05-12 17:00:00
106003,A,2026-05-21 17:00:00
106004,B,2026-05-14 22:00:00
106005,A,2026-05-04 05:00:00
106006,B,2026-05-14 13:00:00
106007,A,2026-05-20 07:00:00
106008,A,2026-05-22 03:00:00
106009,A,2026-05-14 21:00:00
106010,B,2026-05-04 04:00:00
106011,B,2026-05-07 02:00:00
106012,B,2026-05-27 14:00:00
106013,A,2026-05-18 17:00:00
106014,B,2026-05-19 10:00:00
106015,A,2026-05-10 13:00:00
106016,B,2026-05-20 22:00:00
106017,A,2026-05-22 17:00:00
106018,A,2026-05-23 20:00:00
106019,A,2026-05-16 20:00:00
106020,A,2026-05-08 21:00:00
106021,A,2026-05-25 14:00:00
106022,B,2026-05-28 05:00:00
106023,A,2026-05-02 17:00:00
106024,B,2026-05-15 15:00:00
106025,A,2026-05-06 15:00:00
106026,B,2026-05-04 00:00:00
106027,A,2026-05-03 04:00:00
106028,B,2026-05-09 07:00:00
106029,B,2026-05-28 14:00:00
106030,B,2026-05-28 09:00:00
106031,B,2026-05-10 11:00:00
106032,A,2026-05-27 06:00:00
106033,A,2026-05-21 13:00:00
106034,B,2026-05-14 04:00:00
106035,A,2026-05-03 18:00:00
106036,A,2026-05-06 21:00:00
106037,B,2026-05-27 17:00:00
106038,B,2026-05-01 23:00:00
106039,A,2026-05-17 07:00:00
106040,A,2026-05-08 09:00:00
106041,B,2026-05-22 06:00:00
106042,B,2026-05-15 03:00:00
106043,A,2026-05-20 12:00:00
106044,A,2026-05-03 14:00:00
106045,A,2026-05-21 14:00:00
106046,A,2026-05-04 20:00:00
106047,A,2026-05-04 15:00:00
106048,B,2026-05-23 10:00:00
106049,A,2026-05-15 01:00:00
106050,A,2026-05-18 21:00:00
106051,B,2026-05-17 03:00:00
106052,A,2026-05-20 18:00:00
106053,B,2026-05-04 02:00:00
106054,B,2026-05-17 16:00:00
106055,A,2026-05-17 13:00:00
106056,B,2026-05-06 08:00:00
106057,A,2026-05-14 15:00:00
106058,A,2026-05-02 02:00:00
106059,B,2026-05-19 21:00:00
106060,B,2026-05-10 22:00:00
106061,A,2026-05-06 19:00:00
106062,A,2026-05-05 06:00:00
106063,A,2026-05-11 14:00:00
106064,B,2026-05-07 01:00:00
106065,B,2026-05-12 04:00:00
106066,A,2026-05-02 03:00:00
106067,B,2026-05-04 18:00:00
106068,B,2026-05-10 02:00:00
106069,A,2026-05-09 05:00:00
106070,A,2026-05-06 03:00:00
106071,B,2026-05-05 07:00:00
106072,A,2026-05-19 02:00:00
106073,A,2026-05-20 02:00:00
106074,A,2026-05-17 00:00:00
106075,A,2026-05-18 17:00:00
106076,A,2026-05-18 17:00:00
106077,A,2026-05-06 06:00:00
106078,B,2026-05-21 02:00:00
106079,A,2026-05-20 20:00:00
106080,B,2026-05-01 14:00:00
106081,B,2026-05-08 20:00:00
106082,B,2026-05-11 17:00:00
106083,A,2026-05-19 09:00:00
106084,B,2026-05-17 15:00:00
106085,B,2026-05-06 13:00:00
106086,A,2026-05-28 06:00:00
106087,A,2026-05-26 20:00:00
106088,A,2026-05-17 09:00:00
106089,A,2026-05-16 05:00:00
106090,A,2026-05-16 17:00:00
106091,B,2026-05-02 02:00:00
106092,B,2026-05-07 00:00:00
106093,A,2026-05-18 10:00:00
106094,B,2026-05-06 23:00:00
106095,B,2026-05-09 10:00:00
106096,A,2026-05-22 17:00:00
106097,B,2026-05-24 16:00:00
106098,B,2026-05-03 07:00:00
106099,B,2026-05-04 05:00:00
106100,A,2026-05-18 08:00:00
106101,B,2026-05-02 21:00:00
106102,B,2026-05-03 23:00:00
106103,A,2026-05-07 12:00:00
106104,A,2026-05-11 14:00:00
106105,B,2026-05-10 15:00:00
106106,A,2026-05-01 18:00:00
106107,B,2026-05-13 19:00:00
106108,B,2026-05-01 12:00:00
106109,A,2026-05-13 15:00:00
106110,A,2026-05-12 09:00:00
106111,A,2026-05-08 14:00:00
106112,A,2026-05-08 04:00:00
106113,B,2026-05-09 19:00:00
106114,B,2026-05-01 10:00:00
106115,A,2026-05-22 23:00:00
106116,A,2026-05-16 04:00:00
106117,B,2026-05-05 17:00:00
106118,A,2026-05-24 21:00:00
106119,B,2026-05-02 17:00:00
106120,A,2026-05-04 22:00:00
106121,B,2026-05-19 04:00:00
106122,A,2026-05-08 04:00:00
106123,A,2026-05-19 23:00:00
106124,B,2026-05-26 20:00:00
106125,A,2026-05-21 13:00:00
106126,B,2026-05-05 09:00:00
106127,B,2026-05-08 01:00:00
106128,B,2026-05-11 06:00:00
106129,B,2026-05-04 21:00:00
106130,A,2026-05-15 23:00:00
106131,A,2026-05-09 11:00:00
106132,B,2026-05-01 09:00:00
106133,B,2026-05-01 01:00:00
106134,B,2026-05-25 03:00:00
106135,A,2026-05-05 04:00:00
106136,A,2026-05-19 08:00:00
106137,A,2026-05-06 22:00:00
106138,B,2026-05-08 04:00:00
106139,B,2026-05-21 07:00:00
106140,B,2026-05-15 11:00:00
106141,B,2026-05-26 05:00:00
106142,B,2026-05-05 14:00:00
106143,A,2026-05-06 16:00:00
106144,A,2026-05-08 15:00:00
106145,A,2026-05-27 00:00:00
106146,B,2026-05-15 06:00:00
106147,A,2026-05-08 03:00:00
106148,B,2026-05-01 21:00:00
106149,B,2026-05-26 22:00:00
106150,A,2026-05-14 16:00:00
106151,B,2026-05-21 13:00:00
106152,A,2026-05-09 08:00:00
106153,A,2026-05-11 18:00:00
106154,B,2026-05-01 10:00:00
106155,B,2026-05-15 04:00:00
106156,B,2026-05-17 19:00:00
106157,A,2026-05-03 11:00:00
106158,A,2026-05-03 14:00:00
106159,A,2026-05-22 01:00:00
106160,A,2026-05-02 22:00:00
106161,A,2026-05-14 23:00:00
106162,A,2026-05-02 02:00:00
106163,B,2026-05-02 22:00:00
106164,B,2026-05-07 10:00:00
106165,B,2026-05-02 00:00:00
106166,B,2026-05-02 09:00:00
106167,B,2026-05-20 21:00:00
106168,B,2026-05-21 19:00:00
106169,A,2026-05-02 07:00:00
106170,B,2026-05-01 19:00:00
106171,B,2026-05-15 22:00:00
106172,B,2026-05-25 08:00:00
106173,A,2026-05-16 03:00:00
106174,B,2026-05-07 05:00:00
106175,A,2026-05-13 14:00:00
106176,A,2026-05-09 08:00:00
106177,B,2026-05-11 10:00:00
106178,A,2026-05-18 15:00:00
106179,A,2026-05-28 16:00:00
106180,A,2026-05-20 00:00:00
106181,B,2026-05-28 08:00:00
106182,B,2026-05-19 12:00:00
106183,A,2026-05-09 21:00:00
106184,A,2026-05-07 07:00:00
106185,A,2026-05-25 19:00:00
106186,A,2026-05-24 14:00:00
106187,A,2026-05-21 08:00:00
106188,B,2026-05-08 19:00:00
106189,A,2026-05-17 10:00:00
106190,A,2026-05-22 01:00:00
106191,B,2026-05-04 10:00:00
106192,B,2026-05-09 02:00:00
106193,B,2026-05-20 19:00:00
106194,B,2026-05-11 15:00:00
106195,A,2026-05-03 07:00:00
106196,A,2026-05-02 01:00:00
106197,B,2026-05-16 12:00:00
106198,A,2026-05-28 06:00:00
106199,A,2026-05-28 09:00:00
106200,A,2026-05-15 16:00:00
106201,B,2026-05-15 06:00:00
106202,B,2026-05-27 11:00:00
106203,A,2026-05-01 01:00:00
106204,A,2026-05-25 01:00:00
106205,A,2026-05-08 01:00:00
106206,B,2026-05-15 20:00:00
106207,B,2026-05-28 04:00:00
106208,A,2026-05-03 08:00:00
106209,B,2026-05-05 12:00:00
106210,B,2026-05-11 06:00:00
106211,B,2026-05-20 02:00:00
106212,B,2026-05-12 13:00:00
106213,A,2026-05-01 23:00:00
106214,B,2026-05-14 07:00:00
106215,B,2026-05-07 05:00:00
106216,A,2026-05-17 18:00:00
106217,A,2026-05-20 01:00:00
106218,B,2026-05-16 07:00:00
106219,A,2026-05-04 07:00:00
106220,B,2026-05-09 17:00:00
106221,B,2026-05-19 01:00:00
106222,B,2026-05-14 15:00:00
106223,B,2026-05-28 15:00:00
106224,B,2026-05-24 10:00:00
106225,B,2026-05-13 22:00:00
106226,A,2026-05-04 16:00:00
106227,A,2026-05-23 11:00:00
106228,B,2026-05-03 04:00:00
106229,B,2026-05-20 23:00:00
106230,B,2026-05-22 19:00:00
106231,A,2026-05-21 09:00:00
106232,A,2026-05-11 21:00:00
106233,B,2026-05-02 03:00:00
106234,A,2026-05-18 00:00:00
106235,A,2026-05-12 14:00:00
106236,A,2026-05-10 21:00:00
106237,B,2026-05-04 16:00:00
106238,A,2026-05-07 05:00:00
106239,A,2026-05-22 03:00:00
106240,B,2026-05-03 00:00:00
106241,B,2026-05-13 17:00:00
106242,A,2026-05-17 03:00:00
106243,A,2026-05-11 02:00:00
106244,A,2026-05-05 10:00:00
106245,B,2026-05-22 15:00:00
106246,B,2026-05-15 20:00:00
106247,A,2026-05-02 02:00:00
106248,B,2026-05-23 03:00:00
106249,A,2026-05-11 14:00:00
106250,A,2026-05-25 21:00:00
106251,A,2026-05-21 19:00:00
106252,B,2026-05-14 23:00:00
106253,A,2026-05-07 21:00:00
106254,A,2026-05-20 05:00:00
106255,A,2026-05-06 05:00:00
106256,B,2026-05-21 12:00:00
106257,A,2026-05-13 05:00:00
106258,A,2026-05-21 13:00:00
106259,B,2026-05-18 02:00:00
106260,B,2026-05-24 19:00:00
106261,B,2026-05-22 05:00:00
106262,A,2026-05-18 16:00:00
106263,A,2026-05-23 06:00:00
106264,B,2026-05-27 14:00:00
106265,A,2026-05-23 14:00:00
106266,A,2026-05-02 15:00:00
106267,A,2026-05-07 16:00:00
106268,B,2026-05-07 08:00:00
106269,B,2026-05-21 02:00:00
106270,A,2026-05-21 15:00:00
106271,B,2026-05-14 06:00:00
106272,B,2026-05-23 04:00:00
106273,B,2026-05-27 05:00:00
106274,B,2026-05-02 02:00:00
106275,A,2026-05-10 06:00:00
106276,B,2026-05-25 11:00:00
106277,A,2026-05-03 18:00:00
106278,A,2026-05-28 19:00:00
106279,B,2026-05-10 00:00:00
106280,B,2026-05-14 04:00:00
106281,B,2026-05-13 05:00:00
106282,B,2026-05-08 06:00:00
106283,B,2026-05-26 04:00:00
106284,B,2026-05-04 03:00:00
106285,A,2026-05-10 10:00:00
106286,B,2026-05-24 07:00:00
106287,A,2026-05-06 23:00:00
106288,A,2026-05-01 13:00:00
106289,A,2026-05-21 10:00:00
106290,A,2026-05-22 05:00:00
106291,B,2026-05-13 11:00:00
106292,B,2026-05-11 19:00:00
106293,A,2026-05-26 13:00:00
106294,B,2026-05-11 01:00:00
106295,B,2026-05-12 02:00:00
106296,A,2026-05-25 21:00:00
106297,B,2026-05-23 10:00:00
106298,B,2026-05-15 15:00:00
106299,B,2026-05-23 07:00:00
106300,B,2026-05-16 10:00:00
106301,B,2026-05-06 19:00:00
106302,B,2026-05-21 10:00:00
106303,A,2026-05-04 00:00:00
106304,A,2026-05-05 09:00:00
106305,B,2026-05-17 04:00:00
106306,A,2026-05-11 07:00:00
106307,A,2026-05-07 23:00:00
106308,A,2026-05-14 07:00:00
106309,A,2026-05-20 07:00:00
106310,B,2026-05-16 16:00:00
106311,A,2026-05-26 16:00:00
106312,B,2026-05-05 14:00:00
106313,A,2026-05-02 09:00:00
106314,B,2026-05-24 16:00:00
106315,B,2026-05-09 04:00:00
106316,A,2026-05-20 05:00:00
106317,B,2026-05-12 02:00:00
106318,B,2026-05-19 20:00:00
106319,A,2026-05-23 04:00:00
106320,A,2026-05-01 15:00:00
106321,B,2026-05-10 14:00:00
106322,B,2026-05-02 10:00:00
106323,A,2026-05-05 06:00:00
106324,B,2026-05-06 04:00:00
106325,A,2026-05-22 05:00:00
106326,B,2026-05-16 07:00:00
106327,A,2026-05-01 17:00:00
106328,B,2026-05-22 15:00:00
106329,A,2026-05-23 23:00:00
106330,B,2026-05-02 16:00:00
106331,B,2026-05-02 22:00:00
106332,B,2026-05-26 14:00:00
106333,A,2026-05-25 02:00:00
106334,B,2026-05-22 06:00:00
106335,B,2026-05-20 23:00:00
106336,B,2026-05-22 13:00:00
106337,B,2026-05-06 14:00:00
106338,A,2026-05-28 14:00:00
106339,B,2026-05-21 01:00:00
106340,A,2026-05-12 01:00:00
106341,A,2026-05-08 00:00:00
106342,A,2026-05-17 01:00:00
106343,B,2026-05-28 19:00:00
106344,B,2026-05-01 07:00:00
106345,A,2026-05-25 08:00:00
106346,B,2026-05-24 21:00:00
106347,B,2026-05-06 11:00:00
106348,A,2026-05-15 23:00:00
106349,B,2026-05-24 04:00:00
106350,B,2026-05-03 06:00:00
106351,B,2026-05-23 20:00:00
106352,A,2026-05-06 00:00:00
106353,B,2026-05-14 14:00:00
106354,A,2026-05-28 00:00:00
106355,A,2026-05-14 17:00:00
106356,A,2026-05-11 10:00:00
106357,A,2026-05-17 01:00:00
106358,A,2026-05-14 04:00:00
106359,A,2026-05-13 03:00:00
106360,B,2026-05-18 17:00:00
106361,A,2026-05-23 18:00:00
106362,A,2026-05-06 23:00:00
106363,A,2026-05-26 09:00:00
106364,A,2026-05-22 19:00:00
106365,A,2026-05-03 18:00:00
106366,A,2026-05-03 18:00:00
106367,A,2026-05-20 07:00:00
106368,B,2026-05-06 01:00:00
106369,B,2026-05-27 02:00:00
106370,A,2026-05-18 18:00:00
106371,A,2026-05-28 16:00:00
106372,B,2026-05-18 08:00:00
106373,B,2026-05-06 11:00:00
106374,B,2026-05-27 08:00:00
106375,A,2026-05-17 19:00:00
106376,B,2026-05-01 11:00:00
106377,B,2026-05-27 03:00:00
106378,A,2026-05-14 00:00:00
106379,B,2026-05-09 03:00:00
106380,B,2026-05-03 17:00:00
106381,A,2026-05-01 02:00:00
106382,B,2026-05-14 19:00:00
106383,B,2026-05-13 19:00:00
106384,A,2026-05-19 12:00:00
106385,B,2026-05-17 07:00:00
106386,B,2026-05-23 14:00:00
106387,B,2026-05-27 18:00:00
106388,A,2026-05-27 19:00:00
106389,B,2026-05-19 22:00:00
106390,A,2026-05-23 08:00:00
106391,B,2026-05-28 04:00:00
106392,B,2026-05-11 12:00:00
106393,B,2026-05-05 21:00:00
106394,B,2026-05-08 15:00:00
106395,A,2026-05-21 13:00:00
106396,B,2026-05-10 03:00:00
106397,B,2026-05-26 11:00:00
106398,B,2026-05-17 07:00:00
106399,B,2026-05-17 03:00:00
106400,A,2026-05-07 21:00:00
106401,A,2026-05-08 22:00:00
106402,A,2026-05-28 19:00:00
106403,B,2026-05-21 16:00:00
106404,B,2026-05-15 05:00:00
106405,A,2026-05-26 20:00:00
106406,A,2026-05-12 04:00:00
106407,A,2026-05-15 00:00:00
106408,B,2026-05-03 07:00:00
106409,B,2026-05-08 22:00:00
106410,A,2026-05-06 01:00:00
106411,B,2026-05-16 06:00:00
106412,B,2026-05-08 03:00:00
106413,A,2026-05-25 09:00:00
106414,B,2026-05-10 06:00:00
106415,B,2026-05-20 16:00:00
106416,B,2026-05-23 10:00:00
106417,A,2026-05-03 19:00:00
106418,B,2026-05-07 22:00:00
106419,B,2026-05-26 06:00:00
106420,A,2026-05-19 06:00:00
106421,A,2026-05-09 19:00:00
106422,A,2026-05-03 18:00:00
106423,A,2026-05-14 23:00:00
106424,A,2026-05-06 11:00:00
106425,B,2026-05-17 06:00:00
106426,B,2026-05-07 03:00:00
106427,A,2026-05-03 04:00:00
106428,B,2026-05-02 19:00:00
106429,B,2026-05-12 15:00:00
106430,A,2026-05-20 01:00:00
106431,B,2026-05-21 05:00:00
106432,B,2026-05-14 14:00:00
106433,B,2026-05-22 15:00:00
106434,A,2026-05-24 14:00:00
106435,B,2026-05-18 06:00:00
106436,B,2026-05-06 06:00:00
106437,A,2026-05-07 22:00:00
106438,B,2026-05-21 23:00:00
106439,B,2026-05-22 11:00:00
106440,A,2026-05-27 01:00:00
106441,A,2026-05-21 13:00:00
106442,B,2026-05-25 15:00:00
106443,B,2026-05-26 20:00:00
106444,B,2026-05-25 01:00:00
106445,B,2026-05-17 03:00:00
106446,B,2026-05-08 00:00:00
106447,A,2026-05-22 10:00:00
106448,B,2026-05-13 17:00:00
106449,B,2026-05-16 19:00:00
106450,A,2026-05-04 23:00:00
106451,B,2026-05-23 09:00:00
106452,A,2026-05-26 06:00:00
106453,A,2026-05-26 06:00:00
106454,A,2026-05-18 12:00:00
106455,A,2026-05-23 08:00:00
106456,A,2026-05-04 11:00:00
106457,B,2026-05-05 20:00:00
106458,A,2026-05-13 08:00:00
106459,B,2026-05-10 12:00:00
106460,A,2026-05-10 13:00:00
106461,A,2026-05-20 11:00:00
106462,A,2026-05-13 04:00:00
106463,B,2026-05-13 11:00:00
106464,A,2026-05-25 02:00:00
106465,A,2026-05-05 10:00:00
106466,A,2026-05-06 21:00:00
106467,B,2026-05-11 11:00:00
106468,A,2026-05-01 21:00:00
106469,B,2026-05-23 13:00:00
106470,B,2026-05-07 01:00:00
106471,B,2026-05-08 16:00:00
106472,A,2026-05-28 01:00:00
106473,B,2026-05-28 04:00:00
106474,B,2026-05-01 11:00:00
106475,A,2026-05-11 11:00:00
106476,A,2026-05-17 03:00:00
106477,B,2026-05-26 06:00:00
106478,A,2026-05-20 10:00:00
106479,A,2026-05-09 01:00:00
106480,A,2026-05-05 08:00:00
106481,B,2026-05-24 02:00:00
106482,B,2026-05-24 19:00:00
106483,A,2026-05-08 16:00:00
106484,B,2026-05-20 12:00:00
106485,B,2026-05-16 15:00:00
106486,A,2026-05-17 17:00:00
106487,B,2026-05-25 09:00:00
106488,B,2026-05-26 20:00:00
106489,B,2026-05-11 07:00:00
106490,A,2026-05-25 22:00:00
106491,B,2026-05-28 23:00:00
106492,B,2026-05-17 14:00:00
106493,A,2026-05-19 15:00:00
106494,A,2026-05-24 18:00:00
106495,B,2026-05-02 01:00:00
106496,A,2026-05-15 05:00:00
106497,B,2026-05-17 05:00:00
106498,B,2026-05-10 04:00:00
106499,A,2026-05-26 15:00:00
106500,A,2026-05-06 11:00:00
106501,A,2026-05-23 21:00:00
106502,B,2026-05-27 10:00:00
106503,B,2026-05-16 15:00:00
106504,A,2026-05-28 13:00:00
106505,A,2026-05-25 15:00:00
106506,B,2026-05-05 17:00:00
106507,A,2026-05-04 11:00:00
106508,A,2026-05-09 18:00:00
106509,B,2026-05-05 08:00:00
106510,B,2026-05-14 14:00:00
106511,B,2026-05-10 05:00:00
106512,B,2026-05-03 05:00:00
106513,B,2026-05-12 16:00:00
106514,A,2026-05-28 13:00:00
106515,B,2026-05-11 06:00:00
106516,B,2026-05-12 09:00:00
106517,A,2026-05-04 00:00:00
106518,B,2026-05-09 17:00:00
106519,B,2026-05-12 19:00:00
106520,A,2026-05-28 16:00:00
106521,A,2026-05-25 07:00:00
106522,A,2026-05-11 11:00:00
106523,B,2026-05-02 05:00:00
106524,A,2026-05-23 20:00:00
106525,A,2026-05-21 18:00:00
106526,A,2026-05-07 06:00:00
106527,A,2026-05-22 05:00:00
106528,A,2026-05-16 17:00:00
106529,A,2026-05-04 00:00:00
106530,B,2026-05-28 06:00:00
106531,B,2026-05-04 20:00:00
106532,A,2026-05-04 12:00:00
106533,B,2026-05-22 05:00:00
106534,B,2026-05-05 03:00:00
106535,A,2026-05-20 04:00:00
106536,A,2026-05-24 00:00:00
106537,B,2026-05-13 03:00:00
106538,A,2026-05-16 04:00:00
106539,A,2026-05-05 06:00:00
106540,B,2026-05-16 01:00:00
106541,B,2026-05-03 14:00:00
106542,A,2026-05-13 23:00:00
106543,A,2026-05-17 01:00:00
106544,B,2026-05-14 08:00:00
106545,A,2026-05-27 00:00:00
106546,A,2026-05-12 10:00:00
106547,A,2026-05-10 17:00:00
106548,A,2026-05-22 19:00:00
106549,A,2026-05-12 03:00:00
106550,A,2026-05-02 09:00:00
106551,A,2026-05-08 10:00:00
106552,B,2026-05-17 00:00:00
106553,B,2026-05-02 23:00:00
106554,B,2026-05-16 17:00:00
106555,A,2026-05-28 06:00:00
106556,B,2026-05-26 12:00:00
106557,B,2026-05-20 23:00:00
106558,A,2026-05-19 03:00:00
106559,A,2026-05-11 06:00:00
106560,B,2026-05-24 14:00:00
106561,A,2026-05-01 02:00:00
106562,B,2026-05-16 22:00:00
106563,A,2026-05-11 17:00:00
106564,B,2026-05-18 08:00:00
106565,B,2026-05-28 13:00:00
106566,B,2026-05-06 12:00:00
106567,B,2026-05-14 13:00:00
106568,A,2026-05-15 14:00:00
106569,B,2026-05-19 04:00:00
106570,B,2026-05-28 01:00:00
106571,A,2026-05-18 11:00:00
106572,A,2026-05-20 05:00:00
106573,A,2026-05-19 22:00:00
106574,A,2026-05-26 01:00:00
106575,B,2026-05-12 06:00:00
106576,B,2026-05-18 08:00:00
106577,A,2026-05-10 15:00:00
106578,B,2026-05-16 15:00:00
106579,B,2026-05-07 11:00:00
106580,B,2026-05-02 20:00:00
106581,A,2026-05-28 23:00:00
106582,B,2026-05-19 06:00:00
106583,A,2026-05-24 14:00:00
106584,B,2026-05-27 12:00:00
106585,B,2026-05-23 23:00:00
106586,A,2026-05-08 19:00:00
106587,B,2026-05-07 22:00:00
106588,B,2026-05-28 00:00:00
106589,A,2026-05-13 16:00:00
106590,B,2026-05-13 05:00:00
106591,B,2026-05-12 22:00:00
106592,A,2026-05-11 21:00:00
106593,B,2026-05-05 07:00:00
106594,A,2026-05-11 22:00:00
106595,B,2026-05-17 12:00:00
106596,B,2026-05-22 16:00:00
106597,B,2026-05-24 17:00:00
106598,A,2026-05-28 19:00:00
106599,B,2026-05-03 16:00:00
106600,B,2026-05-24 19:00:00
106601,B,2026-05-11 19:00:00
106602,A,2026-05-22 06:00:00
106603,B,2026-05-13 06:00:00
106604,B,2026-05-22 23:00:00
106605,A,2026-05-23 18:00:00
106606,A,2026-05-04 09:00:00
106607,A,2026-05-11 19:00:00
106608,B,2026-05-22 00:00:00
106609,A,2026-05-03 00:00:00
106610,A,2026-05-07 03:00:00
106611,B,2026-05-24 07:00:00
106612,A,2026-05-13 13:00:00
106613,B,2026-05-28 15:00:00
106614,B,2026-05-17 05:00:00
106615,A,2026-05-17 22:00:00
106616,A,2026-05-27 13:00:00
106617,B,2026-05-09 14:00:00
106618,A,2026-05-18 15:00:00
106619,A,2026-05-23 11:00:00
106620,A,2026-05-22 22:00:00
106621,B,2026-05-23 05:00:00
106622,A,2026-05-16 16:00:00
106623,B,2026-05-27 20:00:00
106624,A,2026-05-21 10:00:00
106625,A,2026-05-17 21:00:00
106626,B,2026-05-24 00:00:00
106627,B,2026-05-08 05:00:00
106628,B,2026-05-23 07:00:00
106629,A,2026-05-25 23:00:00
106630,B,2026-05-01 18:00:00
106631,A,2026-05-06 22:00:00
106632,A,2026-05-08 17:00:00
106633,A,2026-05-26 09:00:00
106634,A,2026-05-07 05:00:00
106635,B,2026-05-22 13:00:00
106636,B,2026-05-07 18:00:00
106637,A,2026-05-03 15:00:00
106638,A,2026-05-21 16:00:00
106639,B,2026-05-01 21:00:00
106640,A,2026-05-18 20:00:00
106641,A,2026-05-21 23:00:00
106642,A,2026-05-22 01:00:00
106643,B,2026-05-16 22:00:00
106644,B,2026-05-09 22:00:00
106645,B,2026-05-15 15:00:00
106646,B,2026-05-06 21:00:00
106647,A,2026-05-27 23:00:00
106648,B,2026-05-21 00:00:00
106649,B,2026-05-22 09:00:00
106650,B,2026-05-10 15:00:00
106651,A,2026-05-24 13:00:00
106652,A,2026-05-03 15:00:00
106653,A,2026-05-03 03:00:00
106654,A,2026-05-27 21:00:00
106655,B,2026-05-04 17:00:00
106656,A,2026-05-19 00:00:00
106657,B,2026-05-14 21:00:00
106658,B,2026-05-17 19:00:00
106659,B,2026-05-01 06:00:00
106660,A,2026-05-08 20:00:00
106661,B,2026-05-25 09:00:00
106662,A,2026-05-22 20:00:00
106663,B,2026-05-03 10:00:00
106664,A,2026-05-02 02:00:00
106665,A,2026-05-27 23:00:00
106666,B,2026-05-14 13:00:00
106667,B,2026-05-01 12:00:00
106668,B,2026-05-05 14:00:00
106669,A,2026-05-17 12:00:00
106670,A,2026-05-22 04:00:00
106671,A,2026-05-02 18:00:00
106672,B,2026-05-16 03:00:00
106673,B,2026-05-05 23:00:00
106674,B,2026-05-17 23:00:00
106675,A,2026-05-21 08:00:00
106676,B,2026-05-12 01:00:00
106677,A,2026-05-10 12:00:00
106678,B,2026-05-07 00:00:00
106679,B,2026-05-27 18:00:00
106680,A,2026-05-05 05:00:00
106681,B,2026-05-09 13:00:00
106682,A,2026-05-08 20:00:00
106683,B,2026-05-12 05:00:00
106684,B,2026-05-27 08:00:00
106685,B,2026-05-15 10:00:00
106686,A,2026-05-13 14:00:00
106687,A,2026-05-12 20:00:00
106688,B,2026-05-16 16:00:00
106689,A,2026-05-11 00:00:00
106690,B,2026-05-22 15:00:00
106691,A,2026-05-05 23:00:00
106692,A,2026-05-21 07:00:00
106693,B,2026-05-01 01:00:00
106694,B,2026-05-25 20:00:00
106695,B,2026-05-27 23:00:00
106696,A,2026-05-20 19:00:00
106697,A,2026-05-06 10:00:00
106698,A,2026-05-01 19:00:00
106699,B,2026-05-01 02:00:00
106700,B,2026-05-09 21:00:00
106701,B,2026-05-04 15:00:00
106702,B,2026-05-20 13:00:00
106703,A,2026-05-12 17:00:00
106704,A,2026-05-07 07:00:00
106705,A,2026-05-18 17:00:00
106706,B,2026-05-13 01:00:00
106707,B,2026-05-06 14:00:00
106708,B,2026-05-07 01:00:00
106709,B,2026-05-28 21:00:00
106710,A,2026-05-05 06:00:00
106711,A,2026-05-27 10:00:00
106712,B,2026-05-11 23:00:00
106713,B,2026-05-21 17:00:00
106714,B,2026-05-22 17:00:00
106715,A,2026-05-28 23:00:00
106716,A,2026-05-02 15:00:00
106717,B,2026-05-03 10:00:00
106718,A,2026-05-26 20:00:00
106719,B,2026-05-10 08:00:00
106720,A,2026-05-14 20:00:00
106721,B,2026-05-17 08:00:00
106722,A,2026-05-07 17:00:00
106723,B,2026-05-12 15:00:00
106724,A,2026-05-08 06:00:00
106725,B,2026-05-20 03:00:00
106726,B,2026-05-18 05:00:00
106727,B,2026-05-01 21:00:00
106728,A,2026-05-26 10:00:00
106729,A,2026-05-02 05:00:00
106730,B,2026-05-04 00:00:00
106731,B,2026-05-10 06:00:00
106732,A,2026-05-22 11:00:00
106733,B,2026-05-07 11:00:00
106734,B,2026-05-17 04:00:00
106735,A,2026-05-08 00:00:00
106736,B,2026-05-20 20:00:00
106737,B,2026-05-16 01:00:00
106738,A,2026-05-13 21:00:00
106739,B,2026-05-22 23:00:00
106740,B,2026-05-10 04:00:00
106741,B,2026-05-02 10:00:00
106742,B,2026-05-25 05:00:00
106743,B,2026-05-14 03:00:00
106744,B,2026-05-02 19:00:00
106745,B,2026-05-28 13:00:00
106746,A,2026-05-25 13:00:00
106747,B,2026-05-13 05:00:00
106748,A,2026-05-14 09:00:00
106749,A,2026-05-26 05:00:00
106750,A,2026-05-05 01:00:00
106751,A,2026-05-17 02:00:00
106752,B,2026-05-05 15:00:00
106753,B,2026-05-12 05:00:00
106754,A,2026-05-14 08:00:00
106755,A,2026-05-24 05:00:00
106756,B,2026-05-10 01:00:00
106757,A,2026-05-12 21:00:00
106758,B,2026-05-08 08:00:00
106759,A,2026-05-02 00:00:00
106760,B,2026-05-14 19:00:00
106761,B,2026-05-01 21:00:00
106762,B,2026-05-16 13:00:00
106763,A,2026-05-26 19:00:00
106764,B,2026-05-02 12:00:00
106765,A,2026-05-07 11:00:00
106766,A,2026-05-20 01:00:00
106767,B,2026-05-13 01:00:00
106768,B,2026-05-12 23:00:00
106769,A,2026-05-16 18:00:00
106770,B,2026-05-10 13:00:00
106771,B,2026-05-17 16:00:00
106772,A,2026-05-09 09:00:00
106773,A,2026-05-28 19:00:00
106774,A,2026-05-19 22:00:00
106775,A,2026-05-07 23:00:00
106776,B,2026-05-01 17:00:00
106777,A,2026-05-10 09:00:00
106778,A,2026-05-20 12:00:00
106779,B,2026-05-02 20:00:00
106780,A,2026-05-24 12:00:00
106781,A,2026-05-10 15:00:00
106782,A,2026-05-11 09:00:00
106783,B,2026-05-08 16:00:00
106784,B,2026-05-13 15:00:00
106785,A,2026-05-05 09:00:00
106786,B,2026-05-13 17:00:00
106787,B,2026-05-12 01:00:00
106788,B,2026-05-17 06:00:00
106789,A,2026-05-09 20:00:00
106790,A,2026-05-03 12:00:00
106791,A,2026-05-20 14:00:00
106792,A,2026-05-22 21:00:00
106793,B,2026-05-27 13:00:00
106794,B,2026-05-10 07:00:00
106795,B,2026-05-25 20:00:00
106796,B,2026-05-07 04:00:00
106797,B,2026-05-28 05:00:00
106798,A,2026-05-05 16:00:00
106799,B,2026-05-04 15:00:00
106800,B,2026-05-27 02:00:00
106801,A,2026-05-17 18:00:00
106802,A,2026-05-19 11:00:00
106803,B,2026-05-23 10:00:00
106804,A,2026-05-08 12:00:00
106805,B,2026-05-25 20:00:00
106806,A,2026-05-04 15:00:00
106807,A,2026-05-10 00:00:00
106808,B,2026-05-02 14:00:00
106809,A,2026-05-03 15:00:00
106810,B,2026-05-16 14:00:00
106811,A,2026-05-14 22:00:00
106812,A,2026-05-13 08:00:00
106813,B,2026-05-17 19:00:00
106814,B,2026-05-24 22:00:00
106815,A,2026-05-03 23:00:00
106816,B,2026-05-07 19:00:00
106817,A,2026-05-28 05:00:00
106818,A,2026-05-11 12:00:00
106819,A,2026-05-03 22:00:00
106820,A,2026-05-21 09:00:00
106821,B,2026-05-08 01:00:00
106822,B,2026-05-14 22:00:00
106823,A,2026-05-28 02:00:00
106824,B,2026-05-14 07:00:00
106825,A,2026-05-08 23:00:00
106826,B,2026-05-16 10:00:00
106827,B,2026-05-22 06:00:00
106828,A,2026-05-27 20:00:00
106829,A,2026-05-19 16:00:00
106830,B,2026-05-12 23:00:00
106831,B,2026-05-19 04:00:00
106832,A,2026-05-07 23:00:00
106833,B,2026-05-03 19:00:00
106834,B,2026-05-16 17:00:00
106835,A,2026-05-10 11:00:00
106836,B,2026-05-20 23:00:00
106837,A,2026-05-18 00:00:00
106838,A,2026-05-20 22:00:00
106839,B,2026-05-03 14:00:00
106840,A,2026-05-05 05:00:00
106841,B,2026-05-16 14:00:00
106842,A,2026-05-21 05:00:00
106843,A,2026-05-14 02:00:00
106844,A,2026-05-12 22:00:00
106845,B,2026-05-09 08:00:00
106846,A,2026-05-07 01:00:00
106847,A,2026-05-20 11:00:00
106848,B,2026-05-15 13:00:00
106849,B,2026-05-15 12:00:00
106850,A,2026-05-25 17:00:00
106851,A,2026-05-11 04:00:00
106852,B,2026-05-23 00:00:00
106853,A,2026-05-06 07:00:00
106854,B,2026-05-03 11:00:00
106855,A,2026-05-20 11:00:00
106856,B,2026-05-06 15:00:00
106857,A,2026-05-21 10:00:00
106858,A,2026-05-15 08:00:00
106859,A,2026-05-09 01:00:00
106860,B,2026-05-01 22:00:00
106861,B,2026-05-10 08:00:00
106862,A,2026-05-19 09:00:00
106863,B,2026-05-19 08:00:00
106864,A,2026-05-21 18:00:00
106865,A,2026-05-05 00:00:00
106866,B,2026-05-09 00:00:00
106867,A,2026-05-09 13:00:00
106868,B,2026-05-04 18:00:00
106869,A,2026-05-13 18:00:00
106870,B,2026-05-10 21:00:00
106871,A,2026-05-15 00:00:00
106872,A,2026-05-13 05:00:00
106873,A,2026-05-08 21:00:00
106874,A,2026-05-26 14:00:00
106875,B,2026-05-04 19:00:00
106876,B,2026-05-07 10:00:00
106877,A,2026-05-07 04:00:00
106878,A,2026-05-07 10:00:00
106879,A,2026-05-24 07:00:00
106880,B,2026-05-26 00:00:00
106881,B,2026-05-11 14:00:00
106882,A,2026-05-15 16:00:00
106883,A,2026-05-18 00:00:00
106884,B,2026-05-16 01:00:00
106885,A,2026-05-16 12:00:00
106886,A,2026-05-07 13:00:00
106887,A,2026-05-14 21:00:00
106888,A,2026-05-20 18:00:00
106889,A,2026-05-28 00:00:00
106890,B,2026-05-23 21:00:00
106891,B,2026-05-05 15:00:00
106892,B,2026-05-18 20:00:00
106893,B,2026-05-06 21:00:00
106894,B,2026-05-18 19:00:00
106895,B,2026-05-21 16:00:00
106896,A,2026-05-28 14:00:00
106897,A,2026-05-01 12:00:00
106898,B,2026-05-16 16:00:00
106899,A,2026-05-13 00:00:00
106900,B,2026-05-18 07:00:00
106901,B,2026-05-27 17:00:00
106902,B,2026-05-10 00:00:00
106903,B,2026-05-07 06:00:00
106904,B,2026-05-19 13:00:00
106905,B,2026-05-28 06:00:00
106906,A,2026-05-06 01:00:00
106907,A,2026-05-16 11:00:00
106908,A,2026-05-09 10:00:00
106909,A,2026-05-11 15:00:00
106910,B,2026-05-20 20:00:00
106911,B,2026-05-01 18:00:00
106912,A,2026-05-13 14:00:00
106913,A,2026-05-21 17:00:00
106914,B,2026-05-05 21:00:00
106915,B,2026-05-21 16:00:00
106916,B,2026-05-21 14:00:00
106917,B,2026-05-08 01:00:00
106918,B,2026-05-05 07:00:00
106919,B,2026-05-03 14:00:00
106920,A,2026-05-19 05:00:00
106921,A,2026-05-27 02:00:00
106922,A,2026-05-02 10:00:00
106923,B,2026-05-04 13:00:00
106924,A,2026-05-25 21:00:00
106925,A,2026-05-09 21:00:00
106926,B,2026-05-10 02:00:00
106927,A,2026-05-19 21:00:00
106928,A,2026-05-26 02:00:00
106929,B,2026-05-09 07:00:00
106930,A,2026-05-20 22:00:00
106931,B,2026-05-21 05:00:00
106932,B,2026-05-11 02:00:00
106933,B,2026-05-03 07:00:00
106934,B,2026-05-09 02:00:00
106935,B,2026-05-17 18:00:00
106936,A,2026-05-02 18:00:00
106937,A,2026-05-17 17:00:00
106938,B,2026-05-11 10:00:00
106939,B,2026-05-22 10:00:00
106940,B,2026-05-09 20:00:00
106941,A,2026-05-26 22:00:00
106942,A,2026-05-05 19:00:00
106943,A,2026-05-16 15:00:00
106944,A,2026-05-16 08:00:00
106945,A,2026-05-03 05:00:00
106946,B,2026-05-09 12:00:00
106947,A,2026-05-27 19:00:00
106948,B,2026-05-03 06:00:00
106949,A,2026-05-03 04:00:00
106950,B,2026-05-23 04:00:00
106951,A,2026-05-15 12:00:00
106952,A,2026-05-15 07:00:00
106953,B,2026-05-25 20:00:00
106954,B,2026-05-16 06:00:00
106955,B,2026-05-26 16:00:00
106956,A,2026-05-17 13:00:00
106957,A,2026-05-16 20:00:00
106958,A,2026-05-07 07:00:00
106959,B,2026-05-25 04:00:00
106960,A,2026-05-22 01:00:00
106961,A,2026-05-03 07:00:00
106962,B,2026-05-11 21:00:00
106963,A,2026-05-06 13:00:00
106964,A,2026-05-06 07:00:00
106965,B,2026-05-04 05:00:00
106966,A,2026-05-20 10:00:00
106967,B,2026-05-19 19:00:00
106968,A,2026-05-06 03:00:00
106969,A,2026-05-24 11:00:00
106970,A,2026-05-20 11:00:00
106971,B,2026-05-01 07:00:00
106972,A,2026-05-13 16:00:00
106973,A,2026-05-19 19:00:00
106974,A,2026-05-17 16:00:00
106975,A,2026-05-06 18:00:00
106976,A,2026-05-25 20:00:00
106977,B,2026-05-01 14:00:00
106978,B,2026-05-08 20:00:00
106979,B,2026-05-04 18:00:00
106980,A,2026-05-24 17:00:00
106981,B,2026-05-04 15:00:00
106982,B,2026-05-24 04:00:00
106983,B,2026-05-01 18:00:00
106984,B,2026-05-24 09:00:00
106985,A,2026-05-03 02:00:00
106986,A,2026-05-03 00:00:00
106987,B,2026-05-18 22:00:00
106988,A,2026-05-11 02:00:00
106989,B,2026-05-10 18:00:00
106990,A,2026-05-01 10:00:00
106991,A,2026-05-26 23:00:00
106992,A,2026-05-23 05:00:00
106993,B,2026-05-28 07:00:00
106994,A,2026-05-23 22:00:00
106995,A,2026-05-03 03:00:00
106996,B,2026-05-09 07:00:00
106997,B,2026-05-15 14:00:00
106998,A,2026-05-28 00:00:00
106999,A,2026-05-01 04:00:00
107000,B,2026-05-09 07:00:00
107001,B,2026-05-13 15:00:00
107002,A,2026-05-01 09:00:00
107003,A,2026-05-09 16:00:00
107004,B,2026-05-24 22:00:00
107005,B,2026-05-10 04:00:00
107006,B,2026-05-20 13:00:00
107007,B,2026-05-11 22:00:00
107008,B,2026-05-15 23:00:00
107009,A,2026-05-14 18:00:00
107010,B,2026-05-20 04:00:00
107011,B,2026-05-09 02:00:00
107012,A,2026-05-25 21:00:00
107013,A,2026-05-16 23:00:00
107014,A,2026-05-28 08:00:00
107015,B,2026-05-13 21:00:00
107016,A,2026-05-06 10:00:00
107017,A,2026-05-17 23:00:00
107018,A,2026-05-22 00:00:00
107019,B,2026-05-11 18:00:00
107020,A,2026-05-21 19:00:00
107021,B,2026-05-21 11:00:00
107022,B,2026-05-22 19:00:00
107023,B,2026-05-06 18:00:00
107024,A,2026-05-09 21:00:00
107025,B,2026-05-04 23:00:00
107026,A,2026-05-15 02:00:00
107027,B,2026-05-04 10:00:00
107028,A,2026-05-16 05:00:00
107029,B,2026-05-22 03:00:00
107030,B,2026-05-16 17:00:00
107031,B,2026-05-08 12:00:00
107032,B,2026-05-13 02:00:00
107033,B,2026-05-21 16:00:00
107034,A,2026-05-18 01:00:00
107035,B,2026-05-28 23:00:00
107036,B,2026-05-05 12:00:00
107037,A,2026-05-05 23:00:00
107038,B,2026-05-06 18:00:00
107039,B,2026-05-07 04:00:00
107040,B,2026-05-08 20:00:00
107041,A,2026-05-09 04:00:00
107042,A,2026-05-24 13:00:00
107043,A,2026-05-27 16:00:00
107044,B,2026-05-24 15:00:00
107045,A,2026-05-13 12:00:00
107046,B,2026-05-22 14:00:00
107047,A,2026-05-17 09:00:00
107048,B,2026-05-10 14:00:00
107049,B,2026-05-06 16:00:00
107050,B,2026-05-12 11:00:00
107051,B,2026-05-05 04:00:00
107052,B,2026-05-21 16:00:00
107053,A,2026-05-07 01:00:00
107054,B,2026-05-15 10:00:00
107055,A,2026-05-08 03:00:00
107056,B,2026-05-07 23:00:00
107057,B,2026-05-12 21:00:00
107058,A,2026-05-04 15:00:00
107059,B,2026-05-27 21:00:00
107060,B,2026-05-12 05:00:00
107061,B,2026-05-09 05:00:00
107062,B,2026-05-01 20:00:00
107063,B,2026-05-28 04:00:00
107064,A,2026-05-03 06:00:00
107065,B,2026-05-20 05:00:00
107066,A,2026-05-12 04:00:00
107067,B,2026-05-02 05:00:00
107068,A,2026-05-05 18:00:00
107069,B,2026-05-16 14:00:00
107070,B,2026-05-20 18:00:00
107071,A,2026-05-12 12:00:00
107072,A,2026-05-12 22:00:00
107073,B,2026-05-21 20:00:00
107074,A,2026-05-08 02:00:00
107075,A,2026-05-07 08:00:00
107076,B,2026-05-14 13:00:00
107077,B,2026-05-25 21:00:00
107078,B,2026-05-21 04:00:00
107079,B,2026-05-03 02:00:00
107080,A,2026-05-16 01:00:00
107081,B,2026-05-19 03:00:00
107082,A,2026-05-13 16:00:00
107083,A,2026-05-03 02:00:00
107084,B,2026-05-19 14:00:00
107085,B,2026-05-08 17:00:00
107086,A,2026-05-02 03:00:00
107087,A,2026-05-06 19:00:00
107088,B,2026-05-20 05:00:00
107089,B,2026-05-12 17:00:00
107090,A,2026-05-04 08:00:00
107091,A,2026-05-16 13:00:00
107092,A,2026-05-08 14:00:00
107093,B,2026-05-04 17:00:00
107094,B,2026-05-10 10:00:00
107095,B,2026-05-14 22:00:00
107096,A,2026-05-21 15:00:00
107097,A,2026-05-08 11:00:00
107098,A,2026-05-25 06:00:00
107099,A,2026-05-12 08:00:00
107100,A,2026-05-23 06:00:00
107101,A,2026-05-05 03:00:00
107102,B,2026-05-14 19:00:00
107103,B,2026-05-16 05:00:00
107104,B,2026-05-11 19:00:00
107105,B,2026-05-07 22:00:00
107106,A,2026-05-14 17:00:00
107107,B,2026-05-24 12:00:00
107108,A,2026-05-03 15:00:00
107109,B,2026-05-19 21:00:00
107110,B,2026-05-23 09:00:00
107111,A,2026-05-01 21:00:00
107112,A,2026-05-03 23:00:00
107113,A,2026-05-14 17:00:00
107114,A,2026-05-15 10:00:00
107115,B,2026-05-07 17:00:00
107116,A,2026-05-20 04:00:00
107117,A,2026-05-03 22:00:00
107118,A,2026-05-15 03:00:00
107119,A,2026-05-25 19:00:00
107120,B,2026-05-19 12:00:00
107121,A,2026-05-28 23:00:00
107122,B,2026-05-19 23:00:00
107123,B,2026-05-21 03:00:00
107124,B,2026-05-06 17:00:00
107125,A,2026-05-18 22:00:00
107126,B,2026-05-15 10:00:00
107127,A,2026-05-07 11:00:00
107128,A,2026-05-13 13:00:00
107129,B,2026-05-16 17:00:00
107130,B,2026-05-11 15:00:00
107131,A,2026-05-22 19:00:00
107132,B,2026-05-01 13:00:00
107133,A,2026-05-11 18:00:00
107134,A,2026-05-08 18:00:00
107135,B,2026-05-09 09:00:00
107136,A,2026-05-06 22:00:00
107137,B,2026-05-15 14:00:00
107138,A,2026-05-06 08:00:00
107139,A,2026-05-11 03:00:00
107140,A,2026-05-20 04:00:00
107141,B,2026-05-14 18:00:00
107142,B,2026-05-12 15:00:00
107143,A,2026-05-21 01:00:00
107144,B,2026-05-03 21:00:00
107145,B,2026-05-20 09:00:00
107146,A,2026-05-03 00:00:00
107147,A,2026-05-11 19:00:00
107148,B,2026-05-04 16:00:00
107149,B,2026-05-07 01:00:00
107150,B,2026-05-12 13:00:00
107151,A,2026-05-04 21:00:00
107152,B,2026-05-25 01:00:00
107153,A,2026-05-25 11:00:00
107154,B,2026-05-01 17:00:00
107155,B,2026-05-19 08:00:00
107156,B,2026-05-23 18:00:00
107157,A,2026-05-25 06:00:00
107158,A,2026-05-26 08:00:00
107159,B,2026-05-24 10:00:00
107160,A,2026-05-27 06:00:00
107161,B,2026-05-05 18:00:00
107162,A,2026-05-24 09:00:00
107163,A,2026-05-27 00:00:00
107164,B,2026-05-04 15:00:00
107165,A,2026-05-22 13:00:00
107166,B,2026-05-28 08:00:00
107167,A,2026-05-16 23:00:00
107168,A,2026-05-03 15:00:00
107169,B,2026-05-16 05:00:00
107170,A,2026-05-17 10:00:00
107171,A,2026-05-15 11:00:00
107172,B,2026-05-04 02:00:00
107173,B,2026-05-19 03:00:00
107174,A,2026-05-23 12:00:00
107175,B,2026-05-23 00:00:00
107176,B,2026-05-28 15:00:00
107177,A,2026-05-05 11:00:00
107178,A,2026-05-09 03:00:00
107179,A,2026-05-26 16:00:00
107180,B,2026-05-11 21:00:00
107181,A,2026-05-01 15:00:00
107182,A,2026-05-12 15:00:00
107183,A,2026-05-20 00:00:00
107184,B,2026-05-10 21:00:00
107185,B,2026-05-28 22:00:00
107186,B,2026-05-01 17:00:00
107187,B,2026-05-01 04:00:00
107188,B,2026-05-17 03:00:00
107189,B,2026-05-25 12:00:00
107190,B,2026-05-26 15:00:00
107191,B,2026-05-13 19:00:00
107192,A,2026-05-17 08:00:00
107193,A,2026-05-11 04:00:00
107194,A,2026-05-02 13:00:00
107195,B,2026-05-07 04:00:00
107196,B,2026-05-08 01:00:00
107197,A,2026-05-05 10:00:00
107198,A,2026-05-24 03:00:00
107199,A,2026-05-12 18:00:00
107200,A,2026-05-27 03:00:00
107201,A,2026-05-07 12:00:00
107202,A,2026-05-09 11:00:00
107203,B,2026-05-25 17:00:00
107204,B,2026-05-15 01:00:00
107205,A,2026-05-21 00:00:00
107206,B,2026-05-23 16:00:00
107207,A,2026-05-16 02:00:00
107208,B,2026-05-06 06:00:00
107209,B,2026-05-22 10:00:00
107210,B,2026-05-25 04:00:00
107211,B,2026-05-17 11:00:00
107212,B,2026-05-08 17:00:00
107213,B,2026-05-25 19:00:00
107214,A,2026-05-21 13:00:00
107215,A,2026-05-21 04:00:00
107216,A,2026-05-19 20:00:00
107217,A,2026-05-28 19:00:00
107218,A,2026-05-26 22:00:00
107219,A,2026-05-28 03:00:00
107220,A,2026-05-06 07:00:00
107221,A,2026-05-06 15:00:00
107222,B,2026-05-04 17:00:00
107223,A,2026-05-11 02:00:00
107224,A,2026-05-21 14:00:00
107225,A,2026-05-23 11:00:00
107226,B,2026-05-08 07:00:00
107227,A,2026-05-01 19:00:00
107228,B,2026-05-15 16:00:00
107229,B,2026-05-22 23:00:00
107230,B,2026-05-14 05:00:00
107231,A,2026-05-01 05:00:00
107232,A,2026-05-28 16:00:00
107233,B,2026-05-11 20:00:00
107234,A,2026-05-14 12:00:00
107235,A,2026-05-02 04:00:00
107236,B,2026-05-27 14:00:00
107237,A,2026-05-28 18:00:00
107238,B,2026-05-17 18:00:00
107239,B,2026-05-20 23:00:00
107240,A,2026-05-09 17:00:00
107241,B,2026-05-19 11:00:00
107242,A,2026-05-03 07:00:00
107243,A,2026-05-27 15:00:00
107244,A,2026-05-16 16:00:00
107245,B,2026-05-21 22:00:00
107246,A,2026-05-10 06:00:00
107247,A,2026-05-18 18:00:00
107248,A,2026-05-20 13:00:00
107249,A,2026-05-22 08:00:00
107250,B,2026-05-01 12:00:00
107251,B,2026-05-07 05:00:00
107252,B,2026-05-12 22:00:00
107253,B,2026-05-02 18:00:00
107254,B,2026-05-06 02:00:00
107255,B,2026-05-05 15:00:00
107256,B,2026-05-03 12:00:00
107257,B,2026-05-24 00:00:00
107258,A,2026-05-08 04:00:00
107259,B,2026-05-22 08:00:00
107260,A,2026-05-28 05:00:00
107261,B,2026-05-13 09:00:00
107262,B,2026-05-27 18:00:00
107263,B,2026-05-22 02:00:00
107264,A,2026-05-05 21:00:00
107265,B,2026-05-08 00:00:00
107266,A,2026-05-10 20:00:00
107267,A,2026-05-25 20:00:00
107268,B,2026-05-11 14:00:00
107269,B,2026-05-04 19:00:00
107270,A,2026-05-23 16:00:00
107271,B,2026-05-08 21:00:00
107272,A,2026-05-06 20:00:00
107273,A,2026-05-27 18:00:00
107274,A,2026-05-22 23:00:00
107275,A,2026-05-07 20:00:00
107276,B,2026-05-10 19:00:00
107277,A,2026-05-17 20:00:00
107278,A,2026-05-08 10:00:00
107279,B,2026-05-14 03:00:00
107280,A,2026-05-09 07:00:00
107281,A,2026-05-09 00:00:00
107282,B,2026-05-26 08:00:00
107283,A,2026-05-28 14:00:00
107284,B,2026-05-07 07:00:00
107285,B,2026-05-21 18:00:00
107286,A,2026-05-24 16:00:00
107287,B,2026-05-11 11:00:00
107288,B,2026-05-25 21:00:00
107289,A,2026-05-20 17:00:00
107290,B,2026-05-14 03:00:00
107291,B,2026-05-07 19:00:00
107292,B,2026-05-06 04:00:00
107293,A,2026-05-26 00:00:00
107294,A,2026-05-17 07:00:00
107295,A,2026-05-19 06:00:00
107296,B,2026-05-09 17:00:00
107297,A,2026-05-11 22:00:00
107298,A,2026-05-07 06:00:00
107299,A,2026-05-21 00:00:00
107300,A,2026-05-18 09:00:00
107301,B,2026-05-23 13:00:00
107302,B,2026-05-06 19:00:00
107303,B,2026-05-24 22:00:00
107304,B,2026-05-23 03:00:00
107305,B,2026-05-03 03:00:00
107306,A,2026-05-01 17:00:00
107307,B,2026-05-24 10:00:00
107308,B,2026-05-12 21:00:00
107309,A,2026-05-02 03:00:00
107310,B,2026-05-07 15:00:00
107311,B,2026-05-19 05:00:00
107312,B,2026-05-15 00:00:00
107313,A,2026-05-01 17:00:00
107314,A,2026-05-23 15:00:00
107315,A,2026-05-19 04:00:00
107316,A,2026-05-16 18:00:00
107317,B,2026-05-25 09:00:00
107318,B,2026-05-12 01:00:00
107319,B,2026-05-18 08:00:00
107320,B,2026-05-04 19:00:00
107321,A,2026-05-18 06:00:00
107322,B,2026-05-06 16:00:00
107323,A,2026-05-16 12:00:00
107324,A,2026-05-10 06:00:00
107325,A,2026-05-20 05:00:00
107326,B,2026-05-28 04:00:00
107327,B,2026-05-22 11:00:00
107328,B,2026-05-06 21:00:00
107329,B,2026-05-03 01:00:00
107330,A,2026-05-07 15:00:00
107331,B,2026-05-11 14:00:00
107332,A,2026-05-12 18:00:00
107333,A,2026-05-15 23:00:00
107334,A,2026-05-18 14:00:00
107335,B,2026-05-28 15:00:00
107336,A,2026-05-18 12:00:00
107337,A,2026-05-08 06:00:00
107338,A,2026-05-15 04:00:00
107339,B,2026-05-12 04:00:00
107340,B,2026-05-27 16:00:00
107341,B,2026-05-26 19:00:00
107342,A,2026-05-09 02:00:00
107343,A,2026-05-27 16:00:00
107344,B,2026-05-27 14:00:00
107345,B,2026-05-04 10:00:00
107346,A,2026-05-12 05:00:00
107347,A,2026-05-12 16:00:00
107348,B,2026-05-16 04:00:00
107349,B,2026-05-11 21:00:00
107350,B,2026-05-03 11:00:00
107351,B,2026-05-28 08:00:00
107352,A,2026-05-07 13:00:00
107353,B,2026-05-25 09:00:00
107354,B,2026-05-01 09:00:00
107355,B,2026-05-26 14:00:00
107356,B,2026-05-17 05:00:00
107357,B,2026-05-18 23:00:00
107358,A,2026-05-01 00:00:00
107359,B,2026-05-17 01:00:00
107360,B,2026-05-05 16:00:00
107361,B,2026-05-15 11:00:00
107362,A,2026-05-26 05:00:00
107363,B,2026-05-15 22:00:00
107364,B,2026-05-05 11:00:00
107365,A,2026-05-06 18:00:00
107366,A,2026-05-19 12:00:00
107367,A,2026-05-10 20:00:00
107368,B,2026-05-17 22:00:00
107369,A,2026-05-28 18:00:00
107370,B,2026-05-18 16:00:00
107371,A,2026-05-19 09:00:00
107372,A,2026-05-05 22:00:00
107373,B,2026-05-06 02:00:00
107374,A,2026-05-27 05:00:00
107375,A,2026-05-25 20:00:00
107376,A,2026-05-10 04:00:00
107377,A,2026-05-21 17:00:00
107378,A,2026-05-06 02:00:00
107379,A,2026-05-18 02:00:00
107380,A,2026-05-23 10:00:00
107381,B,2026-05-17 17:00:00
107382,B,2026-05-02 00:00:00
107383,B,2026-05-16 06:00:00
107384,A,2026-05-11 05:00:00
107385,B,2026-05-26 03:00:00
107386,B,2026-05-22 20:00:00
107387,B,2026-05-15 07:00:00
107388,A,2026-05-28 21:00:00
107389,B,2026-05-08 04:00:00
107390,B,2026-05-22 15:00:00
107391,B,2026-05-01 07:00:00
107392,B,2026-05-18 05:00:00
107393,B,2026-05-13 07:00:00
107394,B,2026-05-14 14:00:00
107395,A,2026-05-14 12:00:00
107396,A,2026-05-02 11:00:00
107397,B,2026-05-23 19:00:00
107398,B,2026-05-19 06:00:00
107399,B,2026-05-27 09:00:00
107400,B,2026-05-09 20:00:00
107401,A,2026-05-01 21:00:00
107402,B,2026-05-06 09:00:00
107403,A,2026-05-06 01:00:00
107404,A,2026-05-19 02:00:00
107405,B,2026-05-27 17:00:00
107406,A,2026-05-07 18:00:00
107407,A,2026-05-19 22:00:00
107408,A,2026-05-04 21:00:00
107409,B,2026-05-23 11:00:00
107410,A,2026-05-06 07:00:00
107411,B,2026-05-24 21:00:00
107412,B,2026-05-08 06:00:00
107413,A,2026-05-04 10:00:00
107414,B,2026-05-19 02:00:00
107415,A,2026-05-16 23:00:00
107416,A,2026-05-18 02:00:00
107417,B,2026-05-16 05:00:00
107418,A,2026-05-16 07:00:00
107419,B,2026-05-08 03:00:00
107420,B,2026-05-26 05:00:00
107421,B,2026-05-21 21:00:00
107422,A,2026-05-24 05:00:00
107423,A,2026-05-19 09:00:00
107424,B,2026-05-28 22:00:00
107425,A,2026-05-19 04:00:00
107426,A,2026-05-15 21:00:00
107427,A,2026-05-18 10:00:00
107428,A,2026-05-09 09:00:00
107429,B,2026-05-12 00:00:00
107430,B,2026-05-01 09:00:00
107431,A,2026-05-06 07:00:00
107432,A,2026-05-05 08:00:00
107433,A,2026-05-21 02:00:00
107434,B,2026-05-10 21:00:00
107435,A,2026-05-22 18:00:00
107436,A,2026-05-18 08:00:00
107437,A,2026-05-28 15:00:00
107438,B,2026-05-15 02:00:00
107439,A,2026-05-25 21:00:00
107440,B,2026-05-16 08:00:00
107441,A,2026-05-01 02:00:00
107442,A,2026-05-06 05:00:00
107443,B,2026-05-22 01:00:00
107444,A,2026-05-20 16:00:00
107445,B,2026-05-02 19:00:00
107446,A,2026-05-08 13:00:00
107447,B,2026-05-18 04:00:00
107448,B,2026-05-09 05:00:00
107449,B,2026-05-14 05:00:00
107450,B,2026-05-25 08:00:00
107451,A,2026-05-04 16:00:00
107452,B,2026-05-26 18:00:00
107453,B,2026-05-23 16:00:00
107454,A,2026-05-09 20:00:00
107455,A,2026-05-08 01:00:00
107456,A,2026-05-13 15:00:00
107457,A,2026-05-02 08:00:00
107458,B,2026-05-20 01:00:00
107459,A,2026-05-18 19:00:00
107460,A,2026-05-01 17:00:00
107461,B,2026-05-03 02:00:00
107462,A,2026-05-04 23:00:00
107463,A,2026-05-01 19:00:00
107464,A,2026-05-13 03:00:00
107465,A,2026-05-05 19:00:00
107466,B,2026-05-24 09:00:00
107467,B,2026-05-06 02:00:00
107468,A,2026-05-16 01:00:00
107469,B,2026-05-23 09:00:00
107470,B,2026-05-28 20:00:00
107471,A,2026-05-10 21:00:00
107472,B,2026-05-15 14:00:00
107473,A,2026-05-14 00:00:00
107474,A,2026-05-26 11:00:00
107475,A,2026-05-19 03:00:00
107476,B,2026-05-01 10:00:00
107477,A,2026-05-26 23:00:00
107478,B,2026-05-01 03:00:00
107479,A,2026-05-07 03:00:00
107480,A,2026-05-10 08:00:00
107481,B,2026-05-04 05:00:00
107482,A,2026-05-07 06:00:00
107483,B,2026-05-24 00:00:00
107484,A,2026-05-11 17:00:00
107485,B,2026-05-16 21:00:00
107486,A,2026-05-24 17:00:00
107487,B,2026-05-06 00:00:00
107488,B,2026-05-26 14:00:00
107489,A,2026-05-27 05:00:00
107490,B,2026-05-01 04:00:00
107491,B,2026-05-20 05:00:00
107492,B,2026-05-22 10:00:00
107493,A,2026-05-09 01:00:00
107494,B,2026-05-10 22:00:00
107495,A,2026-05-22 03:00:00
107496,A,2026-05-22 18:00:00
107497,A,2026-05-18 15:00:00
107498,A,2026-05-08 21:00:00
107499,A,2026-05-20 13:00:00
107500,B,2026-05-05 19:00:00
107501,B,2026-05-16 10:00:00
107502,A,2026-05-12 20:00:00
107503,A,2026-05-16 23:00:00
107504,B,2026-05-17 04:00:00
107505,A,2026-05-23 01:00:00
107506,A,2026-05-24 17:00:00
107507,B,2026-05-19 07:00:00
107508,B,2026-05-25 18:00:00
107509,A,2026-05-12 00:00:00
107510,A,2026-05-03 05:00:00
107511,B,2026-05-26 21:00:00
107512,B,2026-05-06 07:00:00
107513,A,2026-05-04 06:00:00
107514,B,2026-05-03 21:00:00
107515,A,2026-05-10 12:00:00
107516,B,2026-05-28 08:00:00
107517,A,2026-05-16 21:00:00
107518,A,2026-05-07 22:00:00
107519,B,2026-05-21 08:00:00
107520,A,2026-05-19 16:00:00
107521,A,2026-05-05 05:00:00
107522,B,2026-05-13 14:00:00
107523,A,2026-05-23 20:00:00
107524,A,2026-05-18 23:00:00
107525,B,2026-05-18 17:00:00
107526,A,2026-05-26 03:00:00
107527,A,2026-05-15 04:00:00
107528,A,2026-05-26 23:00:00
107529,B,2026-05-05 05:00:00
107530,A,2026-05-24 09:00:00
107531,A,2026-05-07 18:00:00
107532,A,2026-05-24 17:00:00
107533,A,2026-05-04 03:00:00
107534,B,2026-05-14 01:00:00
107535,B,2026-05-11 18:00:00
107536,A,2026-05-21 07:00:00
107537,B,2026-05-26 00:00:00
107538,B,2026-05-13 14:00:00
107539,A,2026-05-21 01:00:00
107540,B,2026-05-05 03:00:00
107541,A,2026-05-14 09:00:00
107542,B,2026-05-21 12:00:00
107543,B,2026-05-24 05:00:00
107544,B,2026-05-12 22:00:00
107545,B,2026-05-04 21:00:00
107546,A,2026-05-03 19:00:00
107547,B,2026-05-18 16:00:00
107548,B,2026-05-13 05:00:00
107549,A,2026-05-23 16:00:00
107550,A,2026-05-11 14:00:00
107551,B,2026-05-24 09:00:00
107552,A,2026-05-05 18:00:00
107553,B,2026-05-16 21:00:00
107554,A,2026-05-21 09:00:00
107555,B,2026-05-04 12:00:00
107556,A,2026-05-27 00:00:00
107557,A,2026-05-05 00:00:00
107558,B,2026-05-22 01:00:00
107559,A,2026-05-14 20:00:00
107560,B,2026-05-22 02:00:00
107561,A,2026-05-19 22:00:00
107562,B,2026-05-24 13:00:00
107563,A,2026-05-25 11:00:00
107564,A,2026-05-28 03:00:00
107565,A,2026-05-11 20:00:00
107566,B,2026-05-28 10:00:00
107567,A,2026-05-20 21:00:00
107568,B,2026-05-25 01:00:00
107569,B,2026-05-17 14:00:00
107570,B,2026-05-03 17:00:00
107571,B,2026-05-11 21:00:00
107572,B,2026-05-01 10:00:00
107573,A,2026-05-15 00:00:00
107574,B,2026-05-28 00:00:00
107575,A,2026-05-25 22:00:00
107576,A,2026-05-28 02:00:00
107577,B,2026-05-25 07:00:00
107578,A,2026-05-09 18:00:00
107579,B,2026-05-22 22:00:00
107580,A,2026-05-05 19:00:00
107581,B,2026-05-13 12:00:00
107582,A,2026-05-08 22:00:00
107583,A,2026-05-02 20:00:00
107584,A,2026-05-08 17:00:00
107585,A,2026-05-18 11:00:00
107586,B,2026-05-05 17:00:00
107587,B,2026-05-18 03:00:00
107588,A,2026-05-18 19:00:00
107589,A,2026-05-26 23:00:00
107590,A,2026-05-28 05:00:00
107591,A,2026-05-17 18:00:00
107592,A,2026-05-22 13:00:00
107593,B,2026-05-24 13:00:00
107594,A,2026-05-09 21:00:00
107595,A,2026-05-23 10:00:00
107596,B,2026-05-15 16:00:00
107597,A,2026-05-09 22:00:00
107598,B,2026-05-02 14:00:00
107599,A,2026-05-21 01:00:00
107600,B,2026-05-28 16:00:00
107601,B,2026-05-01 18:00:00
107602,B,2026-05-03 20:00:00
107603,B,2026-05-16 22:00:00
107604,A,2026-05-05 15:00:00
107605,B,2026-05-05 19:00:00
107606,B,2026-05-06 22:00:00
107607,B,2026-05-26 06:00:00
107608,B,2026-05-22 16:00:00
107609,A,2026-05-28 19:00:00
107610,B,2026-05-10 04:00:00
107611,B,2026-05-01 13:00:00
107612,A,2026-05-04 04:00:00
107613,A,2026-05-25 13:00:00
107614,B,2026-05-28 10:00:00
107615,A,2026-05-01 07:00:00
107616,B,2026-05-07 15:00:00
107617,A,2026-05-06 07:00:00
107618,B,2026-05-03 17:00:00
107619,A,2026-05-26 02:00:00
107620,A,2026-05-04 01:00:00
107621,B,2026-05-04 20:00:00
107622,B,2026-05-26 15:00:00
107623,A,2026-05-22 18:00:00
107624,A,2026-05-18 22:00:00
107625,B,2026-05-24 12:00:00
107626,B,2026-05-01 13:00:00
107627,A,2026-05-26 00:00:00
107628,B,2026-05-11 04:00:00
107629,A,2026-05-03 20:00:00
107630,B,2026-05-13 12:00:00
107631,B,2026-05-12 01:00:00
107632,A,2026-05-01 18:00:00
107633,A,2026-05-23 16:00:00
107634,A,2026-05-26 16:00:00
107635,B,2026-05-15 15:00:00
107636,A,2026-05-03 13:00:00
107637,A,2026-05-22 07:00:00
107638,A,2026-05-17 04:00:00
107639,B,2026-05-05 18:00:00
107640,B,2026-05-26 11:00:00
107641,A,2026-05-04 12:00:00
107642,B,2026-05-27 17:00:00
107643,A,2026-05-22 14:00:00
107644,B,2026-05-19 05:00:00
107645,B,2026-05-22 20:00:00
107646,B,2026-05-07 15:00:00
107647,A,2026-05-23 10:00:00
107648,A,2026-05-12 17:00:00
107649,B,2026-05-07 07:00:00
107650,B,2026-05-03 23:00:00
107651,A,2026-05-20 00:00:00
107652,B,2026-05-06 02:00:00
107653,A,2026-05-21 04:00:00
107654,A,2026-05-28 21:00:00
107655,B,2026-05-10 06:00:00
107656,A,2026-05-20 21:00:00
107657,A,2026-05-10 01:00:00
107658,A,2026-05-28 02:00:00
107659,B,2026-05-18 14:00:00
107660,B,2026-05-12 02:00:00
107661,A,2026-05-15 18:00:00
107662,A,2026-05-27 21:00:00
107663,A,2026-05-01 00:00:00
107664,B,2026-05-18 10:00:00
107665,B,2026-05-14 04:00:00
107666,B,2026-05-13 10:00:00
107667,B,2026-05-15 20:00:00
107668,A,2026-05-14 03:00:00
107669,A,2026-05-28 04:00:00
107670,B,2026-05-27 17:00:00
107671,B,2026-05-27 22:00:00
107672,B,2026-05-07 15:00:00
107673,B,2026-05-22 01:00:00
107674,B,2026-05-22 08:00:00
107675,B,2026-05-23 05:00:00
107676,B,2026-05-01 01:00:00
107677,A,2026-05-13 11:00:00
107678,A,2026-05-23 11:00:00
107679,A,2026-05-27 23:00:00
107680,B,2026-05-26 10:00:00
107681,B,2026-05-14 02:00:00
107682,A,2026-05-25 14:00:00
107683,A,2026-05-23 22:00:00
107684,A,2026-05-28 11:00:00
107685,A,2026-05-04 11:00:00
107686,B,2026-05-28 15:00:00
107687,B,2026-05-01 00:00:00
107688,B,2026-05-14 10:00:00
107689,B,2026-05-07 06:00:00
107690,A,2026-05-18 21:00:00
107691,B,2026-05-13 15:00:00
107692,B,2026-05-14 06:00:00
107693,A,2026-05-02 19:00:00
107694,A,2026-05-27 20:00:00
107695,B,2026-05-28 05:00:00
107696,A,2026-05-13 01:00:00
107697,B,2026-05-13 15:00:00
107698,B,2026-05-26 13:00:00
107699,B,2026-05-15 13:00:00
107700,B,2026-05-16 06:00:00
107701,B,2026-05-07 13:00:00
107702,A,2026-05-23 18:00:00
107703,B,2026-05-13 21:00:00
107704,A,2026-05-17 10:00:00
107705,B,2026-05-15 07:00:00
107706,B,2026-05-07 06:00:00
107707,B,2026-05-17 23:00:00
107708,A,2026-05-06 18:00:00
107709,A,2026-05-16 07:00:00
107710,A,2026-05-22 04:00:00
107711,B,2026-05-05 08:00:00
107712,B,2026-05-26 21:00:00
107713,A,2026-05-16 11:00:00
107714,B,2026-05-06 04:00:00
107715,A,2026-05-22 18:00:00
107716,A,2026-05-02 21:00:00
107717,B,2026-05-27 12:00:00
107718,B,2026-05-12 09:00:00
107719,A,2026-05-06 00:00:00
107720,A,2026-05-22 05:00:00
107721,A,2026-05-08 19:00:00
107722,B,2026-05-13 20:00:00
107723,B,2026-05-19 11:00:00
107724,B,2026-05-17 03:00:00
107725,A,2026-05-13 23:00:00
107726,A,2026-05-25 14:00:00
107727,B,2026-05-05 05:00:00
107728,B,2026-05-17 01:00:00
107729,B,2026-05-20 14:00:00
107730,A,2026-05-10 03:00:00
107731,A,2026-05-26 02:00:00
107732,B,2026-05-23 13:00:00
107733,B,2026-05-14 23:00:00
107734,A,2026-05-24 04:00:00
107735,A,2026-05-13 09:00:00
107736,A,2026-05-23 15:00:00
107737,A,2026-05-26 19:00:00
107738,A,2026-05-13 18:00:00
107739,A,2026-05-26 07:00:00
107740,B,2026-05-09 14:00:00
107741,A,2026-05-23 21:00:00
107742,A,2026-05-20 15:00:00
107743,B,2026-05-17 15:00:00
107744,B,2026-05-05 06:00:00
107745,B,2026-05-26 22:00:00
107746,A,2026-05-11 11:00:00
107747,A,2026-05-24 08:00:00
107748,A,2026-05-07 21:00:00
107749,B,2026-05-18 07:00:00
107750,B,2026-05-25 22:00:00
107751,B,2026-05-08 07:00:00
107752,B,2026-05-13 12:00:00
107753,B,2026-05-16 23:00:00
107754,B,2026-05-14 22:00:00
107755,A,2026-05-22 16:00:00
107756,A,2026-05-16 04:00:00
107757,A,2026-05-10 17:00:00
107758,B,2026-05-12 21:00:00
107759,B,2026-05-01 01:00:00
107760,A,2026-05-21 05:00:00
107761,B,2026-05-09 15:00:00
107762,B,2026-05-13 22:00:00
107763,B,2026-05-24 21:00:00
107764,B,2026-05-18 11:00:00
107765,A,2026-05-16 05:00:00
107766,B,2026-05-09 11:00:00
107767,B,2026-05-24 03:00:00
107768,B,2026-05-03 00:00:00
107769,B,2026-05-02 09:00:00
107770,B,2026-05-27 23:00:00
107771,A,2026-05-14 19:00:00
107772,B,2026-05-17 13:00:00
107773,A,2026-05-25 18:00:00
107774,B,2026-05-12 13:00:00
107775,B,2026-05-11 14:00:00
107776,B,2026-05-26 09:00:00
107777,A,2026-05-11 12:00:00
107778,A,2026-05-23 02:00:00
107779,B,2026-05-15 22:00:00
107780,A,2026-05-16 06:00:00
107781,B,2026-05-13 06:00:00
107782,A,2026-05-04 03:00:00
107783,A,2026-05-04 00:00:00
107784,B,2026-05-01 03:00:00
107785,A,2026-05-15 13:00:00
107786,A,2026-05-18 04:00:00
107787,B,2026-05-08 20:00:00
107788,A,2026-05-11 11:00:00
107789,A,2026-05-03 03:00:00
107790,A,2026-05-13 21:00:00
107791,A,2026-05-11 07:00:00
107792,B,2026-05-01 04:00:00
107793,A,2026-05-22 18:00:00
107794,A,2026-05-04 19:00:00
107795,A,2026-05-21 09:00:00
107796,B,2026-05-14 05:00:00
107797,A,2026-05-14 10:00:00
107798,A,2026-05-14 17:00:00
107799,A,2026-05-05 16:00:00
107800,A,2026-05-26 17:00:00
107801,A,2026-05-27 22:00:00
107802,A,2026-05-12 08:00:00
107803,B,2026-05-10 01:00:00
107804,B,2026-05-20 05:00:00
107805,A,2026-05-09 13:00:00
107806,A,2026-05-20 14:00:00
107807,B,2026-05-01 21:00:00
107808,B,2026-05-21 11:00:00
107809,B,2026-05-28 23:00:00
107810,A,2026-05-24 20:00:00
107811,A,2026-05-19 08:00:00
107812,A,2026-05-23 21:00:00
107813,A,2026-05-09 01:00:00
107814,B,2026-05-10 00:00:00
107815,A,2026-05-16 21:00:00
107816,B,2026-05-05 19:00:00
107817,A,2026-05-26 05:00:00
107818,B,2026-05-23 17:00:00
107819,B,2026-05-11 14:00:00
107820,B,2026-05-18 05:00:00
107821,B,2026-05-10 06:00:00
107822,A,2026-05-17 08:00:00
107823,A,2026-05-12 05:00:00
107824,A,2026-05-11 11:00:00
107825,A,2026-05-15 09:00:00
107826,A,2026-05-21 06:00:00
107827,B,2026-05-13 06:00:00
107828,B,2026-05-19 12:00:00
107829,B,2026-05-24 13:00:00
107830,A,2026-05-05 14:00:00
107831,A,2026-05-05 08:00:00
107832,B,2026-05-06 06:00:00
107833,A,2026-05-28 05:00:00
107834,B,2026-05-19 08:00:00
107835,B,2026-05-05 21:00:00
107836,A,2026-05-19 10:00:00
107837,A,2026-05-19 06:00:00
107838,A,2026-05-03 22:00:00
107839,A,2026-05-26 19:00:00
107840,A,2026-05-14 17:00:00
107841,A,2026-05-26 07:00:00
107842,A,2026-05-08 17:00:00
107843,A,2026-05-10 23:00:00
107844,A,2026-05-26 23:00:00
107845,A,2026-05-23 07:00:00
107846,A,2026-05-26 07:00:00
107847,B,2026-05-12 00:00:00
107848,A,2026-05-06 04:00:00
107849,A,2026-05-26 09:00:00
107850,B,2026-05-16 10:00:00
107851,A,2026-05-03 10:00:00
107852,B,2026-05-03 20:00:00
107853,A,2026-05-11 14:00:00
107854,A,2026-05-16 19:00:00
107855,B,2026-05-22 15:00:00
107856,A,2026-05-02 06:00:00
107857,A,2026-05-26 16:00:00
107858,A,2026-05-02 06:00:00
107859,A,2026-05-23 13:00:00
107860,B,2026-05-02 18:00:00
107861,A,2026-05-05 11:00:00
107862,A,2026-05-21 07:00:00
107863,B,2026-05-22 23:00:00
107864,A,2026-05-13 21:00:00
107865,A,2026-05-07 08:00:00
107866,B,2026-05-13 04:00:00
107867,A,2026-05-16 06:00:00
107868,B,2026-05-23 08:00:00
107869,A,2026-05-25 06:00:00
107870,A,2026-05-02 05:00:00
107871,B,2026-05-19 12:00:00
107872,B,2026-05-05 20:00:00
107873,B,2026-05-10 19:00:00
107874,A,2026-05-26 09:00:00
107875,B,2026-05-25 02:00:00
107876,A,2026-05-19 00:00:00
107877,B,2026-05-23 21:00:00
107878,B,2026-05-27 07:00:00
107879,B,2026-05-06 01:00:00
107880,B,2026-05-01 15:00:00
107881,B,2026-05-18 10:00:00
107882,B,2026-05-01 17:00:00
107883,B,2026-05-16 00:00:00
107884,A,2026-05-24 04:00:00
107885,A,2026-05-04 03:00:00
107886,A,2026-05-08 18:00:00
107887,A,2026-05-18 13:00:00
107888,B,2026-05-20 14:00:00
107889,B,2026-05-18 03:00:00
107890,A,2026-05-23 19:00:00
107891,B,2026-05-23 16:00:00
107892,B,2026-05-08 23:00:00
107893,B,2026-05-06 03:00:00
107894,B,2026-05-02 13:00:00
107895,A,2026-05-02 22:00:00
107896,A,2026-05-22 08:00:00
107897,A,2026-05-18 20:00:00
107898,B,2026-05-23 07:00:00
107899,B,2026-05-25 12:00:00
107900,A,2026-05-03 20:00:00
107901,B,2026-05-12 02:00:00
107902,B,2026-05-11 11:00:00
107903,A,2026-05-21 08:00:00
107904,A,2026-05-14 18:00:00
107905,B,2026-05-02 05:00:00
107906,A,2026-05-28 13:00:00
107907,B,2026-05-19 13:00:00
107908,B,2026-05-02 23:00:00
107909,A,2026-05-01 19:00:00
107910,A,2026-05-19 18:00:00
107911,B,2026-05-05 23:00:00
107912,B,2026-05-09 11:00:00
107913,A,2026-05-23 13:00:00
107914,B,2026-05-16 05:00:00
107915,B,2026-05-11 12:00:00
107916,B,2026-05-21 13:00:00
107917,B,2026-05-23 14:00:00
107918,B,2026-05-25 01:00:00
107919,A,2026-05-12 18:00:00
107920,A,2026-05-22 06:00:00
107921,B,2026-05-22 06:00:00
107922,A,2026-05-02 17:00:00
107923,B,2026-05-11 14:00:00
107924,A,2026-05-01 22:00:00
107925,A,2026-05-16 12:00:00
107926,A,2026-05-23 18:00:00
107927,B,2026-05-24 02:00:00
107928,A,2026-05-06 16:00:00
107929,A,2026-05-07 16:00:00
107930,A,2026-05-04 11:00:00
107931,B,2026-05-26 08:00:00
107932,B,2026-05-17 22:00:00
107933,A,2026-05-03 13:00:00
107934,B,2026-05-26 16:00:00
107935,A,2026-05-01 03:00:00
107936,B,2026-05-28 22:00:00
107937,B,2026-05-18 15:00:00
107938,A,2026-05-11 08:00:00
107939,A,2026-05-23 17:00:00
107940,B,2026-05-25 12:00:00
107941,B,2026-05-22 08:00:00
107942,B,2026-05-18 01:00:00
107943,B,2026-05-19 18:00:00
107944,B,2026-05-22 09:00:00
107945,A,2026-05-28 16:00:00
107946,A,2026-05-25 08:00:00
107947,A,2026-05-21 15:00:00
107948,A,2026-05-05 18:00:00
107949,A,2026-05-14 05:00:00
107950,B,2026-05-10 07:00:00
107951,A,2026-05-03 21:00:00
107952,A,2026-05-02 11:00:00
107953,A,2026-05-06 01:00:00
107954,B,2026-05-28 07:00:00
107955,A,2026-05-27 02:00:00
107956,A,2026-05-17 10:00:00
107957,B,2026-05-05 15:00:00
107958,A,2026-05-28 01:00:00
107959,B,2026-05-21 04:00:00
107960,A,2026-05-02 18:00:00
107961,B,2026-05-09 19:00:00
107962,A,2026-05-15 21:00:00
107963,B,2026-05-16 06:00:00
107964,B,2026-05-26 02:00:00
107965,A,2026-05-05 16:00:00
107966,B,2026-05-18 08:00:00
107967,B,2026-05-10 11:00:00
107968,B,2026-05-25 21:00:00
107969,B,2026-05-18 14:00:00
107970,B,2026-05-12 03:00:00
107971,B,2026-05-03 16:00:00
107972,B,2026-05-25 22:00:00
107973,A,2026-05-26 05:00:00
107974,A,2026-05-15 06:00:00
107975,B,2026-05-13 23:00:00
107976,B,2026-05-02 08:00:00
107977,A,2026-05-07 15:00:00
107978,B,2026-05-11 03:00:00
107979,A,2026-05-11 11:00:00
107980,B,2026-05-13 08:00:00
107981,A,2026-05-15 02:00:00
107982,B,2026-05-09 02:00:00
107983,B,2026-05-11 11:00:00
107984,A,2026-05-01 00:00:00
107985,B,2026-05-23 09:00:00
107986,A,2026-05-28 10:00:00
107987,A,2026-05-12 03:00:00
107988,B,2026-05-07 06:00:00
107989,B,2026-05-20 06:00:00
107990,B,2026-05-22 16:00:00
107991,A,2026-05-22 04:00:00
107992,B,2026-05-01 00:00:00
107993,A,2026-05-10 13:00:00
107994,B,2026-05-10 05:00:00
107995,A,2026-05-08 19:00:00
107996,B,2026-05-17 09:00:00
107997,A,2026-05-13 01:00:00
107998,A,2026-05-16 17:00:00
107999,B,2026-05-05 05:00:00
108000,B,2026-05-20 08:00:00
108001,A,2026-05-09 06:00:00
108002,A,2026-05-10 14:00:00
108003,A,2026-05-21 10:00:00
108004,B,2026-05-10 23:00:00
108005,B,2026-05-14 23:00:00
108006,B,2026-05-14 05:00:00
108007,A,2026-05-08 05:00:00
108008,A,2026-05-05 22:00:00
108009,B,2026-05-21 08:00:00
108010,B,2026-05-15 04:00:00
108011,B,2026-05-09 07:00:00
108012,B,2026-05-02 16:00:00
108013,A,2026-05-19 19:00:00
108014,A,2026-05-20 21:00:00
108015,A,2026-05-14 23:00:00
108016,A,2026-05-06 07:00:00
108017,A,2026-05-04 20:00:00
108018,A,2026-05-19 21:00:00
108019,B,2026-05-04 17:00:00
108020,B,2026-05-24 01:00:00
108021,B,2026-05-27 10:00:00
108022,B,2026-05-27 03:00:00
108023,B,2026-05-23 13:00:00
108024,A,2026-05-01 15:00:00
108025,B,2026-05-03 06:00:00
108026,A,2026-05-19 19:00:00
108027,B,2026-05-07 06:00:00
108028,A,2026-05-15 13:00:00
108029,A,2026-05-28 02:00:00
108030,B,2026-05-19 10:00:00
108031,B,2026-05-16 18:00:00
108032,B,2026-05-10 01:00:00
108033,A,2026-05-01 09:00:00
108034,B,2026-05-02 21:00:00
108035,A,2026-05-06 23:00:00
108036,B,2026-05-06 13:00:00
108037,B,2026-05-17 00:00:00
108038,B,2026-05-26 16:00:00
108039,A,2026-05-16 08:00:00
108040,B,2026-05-07 01:00:00
108041,A,2026-05-28 21:00:00
108042,B,2026-05-26 03:00:00
108043,A,2026-05-10 13:00:00
108044,A,2026-05-27 14:00:00
108045,B,2026-05-19 00:00:00
108046,B,2026-05-07 19:00:00
108047,B,2026-05-05 20:00:00
108048,B,2026-05-26 23:00:00
108049,A,2026-05-26 23:00:00
108050,A,2026-05-06 08:00:00
108051,A,2026-05-15 13:00:00
108052,B,2026-05-02 01:00:00
108053,B,2026-05-26 10:00:00
108054,A,2026-05-20 08:00:00
108055,B,2026-05-07 02:00:00
108056,A,2026-05-01 08:00:00
108057,B,2026-05-07 14:00:00
108058,B,2026-05-11 08:00:00
108059,A,2026-05-22 21:00:00
108060,A,2026-05-19 00:00:00
108061,A,2026-05-08 14:00:00
108062,B,2026-05-17 09:00:00
108063,B,2026-05-20 20:00:00
108064,B,2026-05-15 02:00:00
108065,A,2026-05-12 10:00:00
108066,B,2026-05-15 14:00:00
108067,A,2026-05-02 15:00:00
108068,A,2026-05-04 21:00:00
108069,B,2026-05-02 03:00:00
108070,A,2026-05-11 13:00:00
108071,A,2026-05-07 22:00:00
108072,B,2026-05-22 17:00:00
108073,A,2026-05-25 04:00:00
108074,A,2026-05-19 23:00:00
108075,B,2026-05-27 06:00:00
108076,A,2026-05-01 08:00:00
108077,A,2026-05-26 11:00:00
108078,A,2026-05-14 00:00:00
108079,A,2026-05-06 18:00:00
108080,A,2026-05-25 13:00:00
108081,B,2026-05-18 20:00:00
108082,A,2026-05-25 10:00:00
108083,A,2026-05-08 11:00:00
108084,B,2026-05-24 05:00:00
108085,A,2026-05-16 13:00:00
108086,A,2026-05-04 02:00:00
108087,B,2026-05-06 09:00:00
108088,A,2026-05-05 04:00:00
108089,A,2026-05-22 01:00:00
108090,A,2026-05-13 08:00:00
108091,A,2026-05-18 06:00:00
108092,A,2026-05-04 04:00:00
108093,A,2026-05-20 23:00:00
108094,A,2026-05-05 09:00:00
108095,A,2026-05-28 23:00:00
108096,A,2026-05-13 11:00:00
108097,A,2026-05-05 18:00:00
108098,B,2026-05-09 18:00:00
108099,B,2026-05-16 23:00:00
108100,A,2026-05-14 21:00:00
108101,B,2026-05-27 11:00:00
108102,B,2026-05-07 02:00:00
108103,B,2026-05-17 21:00:00
108104,A,2026-05-14 19:00:00
108105,B,2026-05-22 03:00:00
108106,B,2026-05-19 17:00:00
108107,A,2026-05-12 16:00:00
108108,A,2026-05-09 20:00:00
108109,B,2026-05-14 08:00:00
108110,B,2026-05-12 09:00:00
108111,A,2026-05-19 02:00:00
108112,B,2026-05-18 08:00:00
108113,A,2026-05-28 14:00:00
108114,B,2026-05-11 07:00:00
108115,B,2026-05-01 07:00:00
108116,B,2026-05-12 09:00:00
108117,B,2026-05-17 01:00:00
108118,B,2026-05-04 05:00:00
108119,A,2026-05-25 22:00:00
108120,B,2026-05-27 18:00:00
108121,B,2026-05-05 13:00:00
108122,B,2026-05-26 20:00:00
108123,A,2026-05-22 20:00:00
108124,B,2026-05-19 19:00:00
108125,A,2026-05-08 03:00:00
108126,A,2026-05-20 17:00:00
108127,B,2026-05-21 19:00:00
108128,B,2026-05-14 19:00:00
108129,B,2026-05-13 02:00:00
108130,B,2026-05-03 10:00:00
108131,B,2026-05-11 00:00:00
108132,B,2026-05-04 14:00:00
108133,B,2026-05-18 03:00:00
108134,A,2026-05-05 05:00:00
108135,A,2026-05-07 09:00:00
108136,A,2026-05-17 15:00:00
108137,B,2026-05-13 09:00:00
108138,B,2026-05-06 10:00:00
108139,B,2026-05-24 18:00:00
108140,A,2026-05-21 15:00:00
108141,A,2026-05-11 22:00:00
108142,B,2026-05-16 04:00:00
108143,B,2026-05-14 16:00:00
108144,A,2026-05-16 09:00:00
108145,B,2026-05-28 19:00:00
108146,A,2026-05-25 18:00:00
108147,B,2026-05-02 19:00:00
108148,A,2026-05-04 14:00:00
108149,B,2026-05-02 14:00:00
108150,A,2026-05-10 21:00:00
108151,A,2026-05-05 04:00:00
108152,A,2026-05-14 07:00:00
108153,B,2026-05-06 05:00:00
108154,A,2026-05-12 05:00:00
108155,B,2026-05-21 12:00:00
108156,B,2026-05-24 14:00:00
108157,A,2026-05-21 16:00:00
108158,B,2026-05-05 08:00:00
108159,B,2026-05-26 12:00:00
108160,B,2026-05-14 15:00:00
108161,A,2026-05-27 18:00:00
108162,A,2026-05-17 02:00:00
108163,B,2026-05-02 23:00:00
108164,A,2026-05-12 12:00:00
108165,B,2026-05-16 18:00:00
108166,A,2026-05-08 14:00:00
108167,B,2026-05-23 10:00:00
108168,B,2026-05-27 18:00:00
108169,B,2026-05-08 16:00:00
108170,A,2026-05-26 16:00:00
108171,A,2026-05-20 03:00:00
108172,A,2026-05-23 07:00:00
108173,B,2026-05-01 06:00:00
108174,B,2026-05-27 06:00:00
108175,A,2026-05-25 18:00:00
108176,B,2026-05-20 05:00:00
108177,A,2026-05-24 13:00:00
108178,A,2026-05-13 18:00:00
108179,B,2026-05-11 00:00:00
108180,B,2026-05-08 05:00:00
108181,B,2026-05-25 17:00:00
108182,A,2026-05-01 16:00:00
108183,B,2026-05-19 09:00:00
108184,B,2026-05-15 10:00:00
108185,B,2026-05-03 04:00:00
108186,A,2026-05-22 08:00:00
108187,B,2026-05-23 11:00:00
108188,A,2026-05-10 17:00:00
108189,B,2026-05-28 20:00:00
108190,A,2026-05-18 03:00:00
108191,A,2026-05-28 13:00:00
108192,A,2026-05-09 22:00:00
108193,B,2026-05-23 10:00:00
108194,B,2026-05-11 13:00:00
108195,B,2026-05-25 13:00:00
108196,A,2026-05-11 10:00:00
108197,B,2026-05-14 15:00:00
108198,B,2026-05-06 05:00:00
108199,B,2026-05-23 21:00:00
108200,B,2026-05-25 19:00:00
108201,B,2026-05-24 21:00:00
108202,B,2026-05-25 03:00:00
108203,B,2026-05-13 13:00:00
108204,A,2026-05-17 22:00:00
108205,A,2026-05-21 08:00:00
108206,A,2026-05-11 09:00:00
108207,B,2026-05-07 03:00:00
108208,A,2026-05-20 07:00:00
108209,B,2026-05-23 22:00:00
108210,B,2026-05-09 00:00:00
108211,B,2026-05-21 02:00:00
108212,A,2026-05-04 20:00:00
108213,B,2026-05-01 16:00:00
108214,B,2026-05-23 03:00:00
108215,A,2026-05-14 00:00:00
108216,B,2026-05-08 11:00:00
108217,A,2026-05-16 23:00:00
108218,B,2026-05-04 22:00:00
108219,A,2026-05-20 02:00:00
108220,A,2026-05-23 12:00:00
108221,B,2026-05-02 05:00:00
108222,A,2026-05-14 04:00:00
108223,B,2026-05-28 11:00:00
108224,A,2026-05-22 03:00:00
108225,A,2026-05-23 04:00:00
108226,B,2026-05-06 02:00:00
108227,B,2026-05-05 22:00:00
108228,A,2026-05-08 04:00:00
108229,A,2026-05-15 01:00:00
108230,A,2026-05-21 12:00:00
108231,A,2026-05-28 19:00:00
108232,A,2026-05-28 11:00:00
108233,A,2026-05-07 03:00:00
108234,A,2026-05-26 02:00:00
108235,A,2026-05-07 05:00:00
108236,B,2026-05-05 22:00:00
108237,A,2026-05-05 17:00:00
108238,B,2026-05-10 05:00:00
108239,A,2026-05-28 12:00:00
108240,B,2026-05-25 09:00:00
108241,B,2026-05-22 00:00:00
108242,B,2026-05-14 22:00:00
108243,A,2026-05-19 16:00:00
108244,A,2026-05-16 02:00:00
108245,B,2026-05-15 10:00:00
108246,A,2026-05-10 23:00:00
108247,A,2026-05-06 04:00:00
108248,B,2026-05-11 04:00:00
108249,A,2026-05-04 15:00:00
108250,B,2026-05-09 16:00:00
108251,B,2026-05-18 05:00:00
108252,A,2026-05-28 20:00:00
108253,A,2026-05-02 23:00:00
108254,B,2026-05-16 07:00:00
108255,B,2026-05-15 06:00:00
108256,A,2026-05-10 14:00:00
108257,B,2026-05-08 08:00:00
108258,A,2026-05-06 16:00:00
108259,B,2026-05-14 08:00:00
108260,A,2026-05-10 14:00:00
108261,A,2026-05-14 02:00:00
108262,A,2026-05-22 10:00:00
108263,A,2026-05-06 11:00:00
108264,A,2026-05-27 07:00:00
108265,A,2026-05-05 21:00:00
108266,B,2026-05-27 13:00:00
108267,B,2026-05-21 23:00:00
108268,A,2026-05-28 01:00:00
108269,A,2026-05-13 03:00:00
108270,A,2026-05-21 03:00:00
108271,A,2026-05-25 07:00:00
108272,B,2026-05-25 15:00:00
108273,B,2026-05-21 23:00:00
108274,A,2026-05-07 21:00:00
108275,B,2026-05-04 19:00:00
108276,A,2026-05-24 11:00:00
108277,A,2026-05-24 08:00:00
108278,A,2026-05-21 18:00:00
108279,B,2026-05-22 17:00:00
108280,B,2026-05-26 00:00:00
108281,A,2026-05-16 01:00:00
108282,A,2026-05-23 10:00:00
108283,A,2026-05-02 10:00:00
108284,B,2026-05-16 02:00:00
108285,B,2026-05-15 20:00:00
108286,A,2026-05-14 21:00:00
108287,B,2026-05-23 04:00:00
108288,A,2026-05-14 11:00:00
108289,B,2026-05-27 07:00:00
108290,B,2026-05-18 10:00:00
108291,B,2026-05-12 16:00:00
108292,B,2026-05-19 20:00:00
108293,B,2026-05-25 00:00:00
108294,A,2026-05-28 09:00:00
108295,A,2026-05-24 07:00:00
108296,A,2026-05-15 22:00:00
108297,A,2026-05-24 02:00:00
108298,A,2026-05-23 01:00:00
108299,B,2026-05-04 16:00:00
108300,B,2026-05-27 01:00:00
108301,A,2026-05-23 14:00:00
108302,B,2026-05-23 09:00:00
108303,A,2026-05-14 14:00:00
108304,A,2026-05-20 20:00:00
108305,A,2026-05-28 10:00:00
108306,B,2026-05-13 17:00:00
108307,A,2026-05-26 18:00:00
108308,B,2026-05-05 03:00:00
108309,B,2026-05-10 02:00:00
108310,A,2026-05-21 19:00:00
108311,A,2026-05-09 18:00:00
108312,B,2026-05-15 08:00:00
108313,A,2026-05-02 01:00:00
108314,A,2026-05-15 13:00:00
108315,B,2026-05-06 19:00:00
108316,A,2026-05-24 04:00:00
108317,A,2026-05-14 00:00:00
108318,A,2026-05-14 06:00:00
108319,B,2026-05-20 12:00:00
108320,A,2026-05-06 01:00:00
108321,B,2026-05-02 00:00:00
108322,B,2026-05-19 00:00:00
108323,A,2026-05-16 02:00:00
108324,A,2026-05-28 17:00:00
108325,B,2026-05-11 05:00:00
108326,A,2026-05-16 21:00:00
108327,B,2026-05-28 11:00:00
108328,A,2026-05-20 13:00:00
108329,B,2026-05-06 01:00:00
108330,B,2026-05-19 08:00:00
108331,B,2026-05-27 00:00:00
108332,A,2026-05-03 17:00:00
108333,B,2026-05-05 18:00:00
108334,A,2026-05-23 05:00:00
108335,A,2026-05-19 13:00:00
108336,B,2026-05-20 23:00:00
108337,B,2026-05-21 02:00:00
108338,A,2026-05-23 00:00:00
108339,B,2026-05-02 15:00:00
108340,B,2026-05-02 01:00:00
108341,A,2026-05-23 09:00:00
108342,B,2026-05-14 08:00:00
108343,A,2026-05-03 12:00:00
108344,B,2026-05-03 23:00:00
108345,B,2026-05-03 04:00:00
108346,A,2026-05-15 22:00:00
108347,B,2026-05-13 16:00:00
108348,B,2026-05-18 04:00:00
108349,B,2026-05-08 21:00:00
108350,B,2026-05-06 16:00:00
108351,B,2026-05-25 11:00:00
108352,A,2026-05-13 22:00:00
108353,A,2026-05-04 11:00:00
108354,B,2026-05-07 08:00:00
108355,B,2026-05-17 11:00:00
108356,A,2026-05-06 23:00:00
108357,A,2026-05-09 17:00:00
108358,B,2026-05-24 15:00:00
108359,B,2026-05-05 02:00:00
108360,A,2026-05-08 01:00:00
108361,B,2026-05-13 00:00:00
108362,A,2026-05-06 18:00:00
108363,A,2026-05-18 11:00:00
108364,A,2026-05-21 21:00:00
108365,A,2026-05-20 20:00:00
108366,B,2026-05-08 18:00:00
108367,A,2026-05-17 15:00:00
108368,B,2026-05-15 04:00:00
108369,B,2026-05-27 06:00:00
108370,B,2026-05-24 13:00:00
108371,A,2026-05-03 03:00:00
108372,A,2026-05-06 02:00:00
108373,B,2026-05-22 07:00:00
108374,B,2026-05-16 17:00:00
108375,A,2026-05-26 21:00:00
108376,B,2026-05-05 13:00:00
108377,B,2026-05-02 14:00:00
108378,B,2026-05-22 02:00:00
108379,B,2026-05-26 22:00:00
108380,B,2026-05-17 15:00:00
108381,A,2026-05-12 10:00:00
108382,B,2026-05-27 15:00:00
108383,B,2026-05-04 12:00:00
108384,B,2026-05-11 01:00:00
108385,B,2026-05-14 13:00:00
108386,A,2026-05-21 11:00:00
108387,A,2026-05-07 10:00:00
108388,A,2026-05-13 13:00:00
108389,B,2026-05-01 13:00:00
108390,B,2026-05-18 16:00:00
108391,A,2026-05-04 20:00:00
108392,B,2026-05-25 04:00:00
108393,B,2026-05-19 23:00:00
108394,B,2026-05-04 11:00:00
108395,B,2026-05-11 16:00:00
108396,A,2026-05-13 10:00:00
108397,B,2026-05-16 07:00:00
108398,A,2026-05-15 17:00:00
108399,A,2026-05-28 13:00:00
108400,B,2026-05-20 14:00:00
108401,A,2026-05-11 18:00:00
108402,A,2026-05-01 03:00:00
108403,A,2026-05-09 23:00:00
108404,A,2026-05-28 18:00:00
108405,A,2026-05-05 15:00:00
108406,B,2026-05-19 16:00:00
108407,A,2026-05-20 00:00:00
108408,B,2026-05-26 05:00:00
108409,A,2026-05-11 17:00:00
108410,A,2026-05-06 12:00:00
108411,B,2026-05-25 20:00:00
108412,A,2026-05-18 23:00:00
108413,B,2026-05-26 13:00:00
108414,B,2026-05-12 11:00:00
108415,B,2026-05-08 19:00:00
108416,B,2026-05-02 11:00:00
108417,A,2026-05-23 18:00:00
108418,A,2026-05-01 18:00:00
108419,A,2026-05-13 01:00:00
108420,B,2026-05-08 14:00:00
108421,B,2026-05-19 19:00:00
108422,A,2026-05-08 02:00:00
108423,A,2026-05-01 09:00:00
108424,B,2026-05-24 17:00:00
108425,A,2026-05-22 21:00:00
108426,B,2026-05-20 17:00:00
108427,A,2026-05-26 13:00:00
108428,B,2026-05-01 13:00:00
108429,B,2026-05-06 06:00:00
108430,B,2026-05-03 08:00:00
108431,A,2026-05-09 23:00:00
108432,A,2026-05-12 02:00:00
108433,A,2026-05-12 15:00:00
108434,B,2026-05-13 01:00:00
108435,B,2026-05-02 12:00:00
108436,B,2026-05-21 02:00:00
108437,A,2026-05-12 22:00:00
108438,B,2026-05-20 07:00:00
108439,A,2026-05-23 07:00:00
108440,B,2026-05-18 21:00:00
108441,B,2026-05-21 17:00:00
108442,B,2026-05-16 21:00:00
108443,A,2026-05-17 03:00:00
108444,B,2026-05-23 23:00:00
108445,A,2026-05-11 00:00:00
108446,B,2026-05-15 18:00:00
108447,A,2026-05-18 16:00:00
108448,B,2026-05-04 22:00:00
108449,B,2026-05-20 13:00:00
108450,A,2026-05-27 22:00:00
108451,A,2026-05-10 22:00:00
108452,A,2026-05-03 02:00:00
108453,A,2026-05-21 02:00:00
108454,B,2026-05-03 04:00:00
108455,B,2026-05-24 07:00:00
108456,A,2026-05-23 09:00:00
108457,B,2026-05-24 05:00:00
108458,A,2026-05-11 10:00:00
108459,B,2026-05-22 06:00:00
108460,A,2026-05-17 21:00:00
108461,B,2026-05-04 20:00:00
108462,A,2026-05-16 06:00:00
108463,B,2026-05-16 10:00:00
108464,B,2026-05-16 00:00:00
108465,B,2026-05-24 06:00:00
108466,B,2026-05-01 16:00:00
108467,B,2026-05-13 03:00:00
108468,A,2026-05-22 02:00:00
108469,B,2026-05-15 19:00:00
108470,A,2026-05-09 16:00:00
108471,B,2026-05-03 06:00:00
108472,B,2026-05-22 20:00:00
108473,B,2026-05-03 14:00:00
108474,B,2026-05-17 21:00:00
108475,B,2026-05-27 04:00:00
108476,A,2026-05-10 03:00:00
108477,A,2026-05-08 06:00:00
108478,A,2026-05-05 14:00:00
108479,B,2026-05-26 04:00:00
108480,A,2026-05-04 20:00:00
108481,B,2026-05-05 06:00:00
108482,A,2026-05-19 08:00:00
108483,A,2026-05-19 19:00:00
108484,A,2026-05-24 09:00:00
108485,A,2026-05-10 12:00:00
108486,B,2026-05-22 08:00:00
108487,A,2026-05-21 10:00:00
108488,B,2026-05-14 22:00:00
108489,A,2026-05-12 04:00:00
108490,A,2026-05-03 12:00:00
108491,B,2026-05-24 18:00:00
108492,B,2026-05-19 17:00:00
108493,B,2026-05-13 18:00:00
108494,B,2026-05-23 12:00:00
108495,A,2026-05-06 22:00:00
108496,B,2026-05-04 20:00:00
108497,B,2026-05-03 08:00:00
108498,B,2026-05-28 07:00:00
108499,A,2026-05-28 20:00:00
108500,A,2026-05-05 00:00:00
108501,A,2026-05-11 18:00:00
108502,B,2026-05-05 10:00:00
108503,A,2026-05-04 01:00:00
108504,A,2026-05-25 10:00:00
108505,A,2026-05-23 06:00:00
108506,B,2026-05-07 07:00:00
108507,B,2026-05-25 16:00:00
108508,B,2026-05-24 01:00:00
108509,B,2026-05-23 09:00:00
108510,B,2026-05-20 02:00:00
108511,A,2026-05-22 00:00:00
108512,B,2026-05-06 17:00:00
108513,A,2026-05-09 00:00:00
108514,A,2026-05-12 12:00:00
108515,B,2026-05-26 06:00:00
108516,A,2026-05-08 00:00:00
108517,A,2026-05-28 11:00:00
108518,B,2026-05-11 20:00:00
108519,B,2026-05-12 11:00:00
108520,B,2026-05-26 12:00:00
108521,A,2026-05-12 13:00:00
108522,A,2026-05-26 14:00:00
108523,A,2026-05-27 19:00:00
108524,A,2026-05-01 23:00:00
108525,A,2026-05-15 10:00:00
108526,B,2026-05-22 11:00:00
108527,A,2026-05-24 12:00:00
108528,B,2026-05-03 09:00:00
108529,B,2026-05-24 12:00:00
108530,A,2026-05-17 03:00:00
108531,A,2026-05-05 04:00:00
108532,A,2026-05-02 15:00:00
108533,B,2026-05-05 07:00:00
108534,A,2026-05-02 05:00:00
108535,A,2026-05-06 04:00:00
108536,B,2026-05-26 11:00:00
108537,B,2026-05-05 04:00:00
108538,B,2026-05-26 15:00:00
108539,B,2026-05-11 14:00:00
108540,B,2026-05-05 16:00:00
108541,B,2026-05-19 05:00:00
108542,A,2026-05-19 14:00:00
108543,A,2026-05-27 17:00:00
108544,A,2026-05-10 13:00:00
108545,B,2026-05-08 17:00:00
108546,B,2026-05-28 21:00:00
108547,B,2026-05-28 11:00:00
108548,B,2026-05-15 07:00:00
108549,A,2026-05-26 01:00:00
108550,A,2026-05-25 11:00:00
108551,A,2026-05-07 15:00:00
108552,B,2026-05-01 06:00:00
108553,B,2026-05-23 21:00:00
108554,A,2026-05-10 15:00:00
108555,A,2026-05-17 04:00:00
108556,B,2026-05-28 19:00:00
108557,A,2026-05-19 12:00:00
108558,A,2026-05-12 21:00:00
108559,A,2026-05-06 19:00:00
108560,A,2026-05-19 11:00:00
108561,B,2026-05-14 04:00:00
108562,A,2026-05-26 13:00:00
108563,B,2026-05-05 00:00:00
108564,B,2026-05-17 14:00:00
108565,B,2026-05-07 21:00:00
108566,B,2026-05-16 10:00:00
108567,A,2026-05-15 22:00:00
108568,A,2026-05-12 11:00:00
108569,A,2026-05-11 17:00:00
108570,A,2026-05-14 15:00:00
108571,A,2026-05-11 14:00:00
108572,A,2026-05-28 10:00:00
108573,B,2026-05-05 02:00:00
108574,B,2026-05-21 03:00:00
108575,A,2026-05-19 00:00:00
108576,B,2026-05-09 05:00:00
108577,B,2026-05-26 20:00:00
108578,A,2026-05-08 05:00:00
108579,B,2026-05-26 18:00:00
108580,A,2026-05-17 19:00:00
108581,B,2026-05-19 20:00:00
108582,A,2026-05-17 03:00:00
108583,B,2026-05-05 16:00:00
108584,B,2026-05-13 06:00:00
108585,B,2026-05-03 06:00:00
108586,B,2026-05-16 09:00:00
108587,B,2026-05-22 02:00:00
108588,B,2026-05-24 18:00:00
108589,A,2026-05-11 08:00:00
108590,B,2026-05-28 17:00:00
108591,A,2026-05-06 07:00:00
108592,B,2026-05-10 14:00:00
108593,B,2026-05-12 18:00:00
108594,B,2026-05-07 06:00:00
108595,A,2026-05-16 08:00:00
108596,A,2026-05-14 10:00:00
108597,A,2026-05-11 22:00:00
108598,A,2026-05-15 08:00:00
108599,B,2026-05-23 22:00:00
108600,A,2026-05-07 09:00:00
108601,B,2026-05-16 22:00:00
108602,B,2026-05-28 09:00:00
108603,A,2026-05-22 19:00:00
108604,B,2026-05-01 04:00:00
108605,B,2026-05-11 10:00:00
108606,B,2026-05-08 18:00:00
108607,A,2026-05-17 23:00:00
108608,B,2026-05-13 12:00:00
108609,B,2026-05-10 23:00:00
108610,A,2026-05-02 21:00:00
108611,A,2026-05-24 20:00:00
108612,B,2026-05-20 04:00:00
108613,A,2026-05-10 13:00:00
108614,B,2026-05-21 07:00:00
108615,A,2026-05-13 04:00:00
108616,B,2026-05-13 12:00:00
108617,B,2026-05-20 10:00:00
108618,B,2026-05-19 22:00:00
108619,B,2026-05-01 12:00:00
108620,B,2026-05-08 16:00:00
108621,B,2026-05-09 23:00:00
108622,B,2026-05-04 06:00:00
108623,A,2026-05-01 19:00:00
108624,A,2026-05-04 06:00:00
108625,B,2026-05-28 21:00:00
108626,A,2026-05-05 20:00:00
108627,A,2026-05-14 12:00:00
108628,A,2026-05-04 04:00:00
108629,A,2026-05-26 08:00:00
108630,B,2026-05-03 15:00:00
108631,B,2026-05-22 00:00:00
108632,A,2026-05-12 06:00:00
108633,B,2026-05-03 16:00:00
108634,A,2026-05-20 17:00:00
108635,A,2026-05-19 06:00:00
108636,B,2026-05-16 14:00:00
108637,A,2026-05-04 15:00:00
108638,B,2026-05-25 06:00:00
108639,A,2026-05-07 04:00:00
108640,A,2026-05-26 04:00:00
108641,B,2026-05-03 04:00:00
108642,A,2026-05-19 06:00:00
108643,A,2026-05-03 14:00:00
108644,B,2026-05-05 22:00:00
108645,A,2026-05-27 19:00:00
108646,B,2026-05-24 05:00:00
108647,B,2026-05-08 14:00:00
108648,B,2026-05-06 00:00:00
108649,B,2026-05-12 08:00:00
108650,A,2026-05-22 15:00:00
108651,B,2026-05-05 21:00:00
108652,A,2026-05-14 00:00:00
108653,B,2026-05-23 21:00:00
108654,A,2026-05-05 01:00:00
108655,A,2026-05-16 22:00:00
108656,B,2026-05-19 19:00:00
108657,A,2026-05-19 21:00:00
108658,A,2026-05-20 02:00:00
108659,B,2026-05-07 04:00:00
108660,B,2026-05-13 23:00:00
108661,A,2026-05-02 09:00:00
108662,A,2026-05-15 21:00:00
108663,A,2026-05-13 06:00:00
108664,B,2026-05-15 09:00:00
108665,B,2026-05-02 04:00:00
108666,A,2026-05-15 00:00:00
108667,A,2026-05-05 17:00:00
108668,B,2026-05-21 21:00:00
108669,B,2026-05-19 10:00:00
108670,B,2026-05-03 06:00:00
108671,B,2026-05-14 20:00:00
108672,A,2026-05-02 14:00:00
108673,A,2026-05-28 19:00:00
108674,B,2026-05-17 20:00:00
108675,A,2026-05-25 14:00:00
108676,A,2026-05-01 12:00:00
108677,A,2026-05-11 22:00:00
108678,B,2026-05-13 15:00:00
108679,B,2026-05-25 14:00:00
108680,B,2026-05-26 08:00:00
108681,B,2026-05-12 02:00:00
108682,B,2026-05-12 17:00:00
108683,B,2026-05-04 17:00:00
108684,B,2026-05-12 09:00:00
108685,A,2026-05-05 08:00:00
108686,A,2026-05-18 11:00:00
108687,B,2026-05-17 20:00:00
108688,A,2026-05-08 21:00:00
108689,B,2026-05-17 06:00:00
108690,B,2026-05-14 22:00:00
108691,B,2026-05-02 09:00:00
108692,A,2026-05-23 00:00:00
108693,A,2026-05-25 00:00:00
108694,B,2026-05-19 15:00:00
108695,B,2026-05-23 04:00:00
108696,A,2026-05-10 11:00:00
108697,A,2026-05-25 03:00:00
108698,A,2026-05-17 13:00:00
108699,A,2026-05-12 17:00:00
108700,A,2026-05-28 07:00:00
108701,B,2026-05-28 20:00:00
108702,B,2026-05-26 01:00:00
108703,A,2026-05-23 20:00:00
108704,B,2026-05-04 12:00:00
108705,A,2026-05-17 18:00:00
108706,B,2026-05-05 11:00:00
108707,A,2026-05-02 16:00:00
108708,B,2026-05-06 13:00:00
108709,A,2026-05-09 12:00:00
108710,B,2026-05-28 23:00:00
108711,A,2026-05-27 20:00:00
108712,A,2026-05-24 14:00:00
108713,B,2026-05-03 21:00:00
108714,B,2026-05-02 05:00:00
108715,A,2026-05-20 02:00:00
108716,A,2026-05-12 22:00:00
108717,B,2026-05-15 07:00:00
108718,B,2026-05-13 15:00:00
108719,A,2026-05-23 03:00:00
108720,B,2026-05-17 06:00:00
108721,B,2026-05-03 11:00:00
108722,B,2026-05-27 18:00:00
108723,A,2026-05-01 14:00:00
108724,A,2026-05-17 06:00:00
108725,A,2026-05-11 23:00:00
108726,B,2026-05-25 19:00:00
108727,B,2026-05-23 19:00:00
108728,B,2026-05-01 12:00:00
108729,B,2026-05-26 15:00:00
108730,A,2026-05-12 09:00:00
108731,B,2026-05-26 00:00:00
108732,B,2026-05-12 07:00:00
108733,B,2026-05-11 16:00:00
108734,B,2026-05-14 03:00:00
108735,B,2026-05-23 18:00:00
108736,A,2026-05-24 00:00:00
108737,B,2026-05-23 11:00:00
108738,A,2026-05-18 22:00:00
108739,B,2026-05-23 04:00:00
108740,A,2026-05-22 07:00:00
108741,A,2026-05-24 14:00:00
108742,A,2026-05-19 02:00:00
108743,B,2026-05-19 08:00:00
108744,A,2026-05-23 02:00:00
108745,A,2026-05-07 16:00:00
108746,B,2026-05-19 13:00:00
108747,B,2026-05-06 01:00:00
108748,B,2026-05-03 00:00:00
108749,A,2026-05-09 21:00:00
108750,A,2026-05-11 23:00:00
108751,A,2026-05-08 04:00:00
108752,A,2026-05-19 12:00:00
108753,B,2026-05-26 11:00:00
108754,B,2026-05-17 13:00:00
108755,B,2026-05-22 06:00:00
108756,A,2026-05-15 04:00:00
108757,B,2026-05-08 12:00:00
108758,A,2026-05-07 16:00:00
108759,B,2026-05-22 10:00:00
108760,A,2026-05-04 11:00:00
108761,B,2026-05-17 04:00:00
108762,A,2026-05-22 14:00:00
108763,B,2026-05-26 02:00:00
108764,B,2026-05-04 13:00:00
108765,B,2026-05-27 09:00:00
108766,A,2026-05-19 03:00:00
108767,A,2026-05-09 09:00:00
108768,B,2026-05-04 02:00:00
108769,B,2026-05-02 18:00:00
108770,B,2026-05-21 23:00:00
108771,A,2026-05-06 19:00:00
108772,B,2026-05-06 19:00:00
108773,B,2026-05-17 11:00:00
108774,B,2026-05-19 15:00:00
108775,A,2026-05-04 19:00:00
108776,A,2026-05-09 16:00:00
108777,B,2026-05-17 08:00:00
108778,A,2026-05-03 05:00:00
108779,A,2026-05-23 19:00:00
108780,A,2026-05-13 10:00:00
108781,B,2026-05-11 18:00:00
108782,B,2026-05-12 14:00:00
108783,A,2026-05-01 03:00:00
108784,B,2026-05-01 04:00:00
108785,B,2026-05-26 19:00:00
108786,A,2026-05-25 17:00:00
108787,B,2026-05-03 21:00:00
108788,B,2026-05-13 17:00:00
108789,A,2026-05-05 03:00:00
108790,A,2026-05-05 14:00:00
108791,B,2026-05-20 09:00:00
108792,A,2026-05-07 23:00:00
108793,A,2026-05-25 17:00:00
108794,B,2026-05-23 00:00:00
108795,A,2026-05-17 02:00:00
108796,B,2026-05-17 19:00:00
108797,A,2026-05-22 02:00:00
108798,B,2026-05-17 00:00:00
108799,B,2026-05-27 16:00:00
108800,B,2026-05-03 06:00:00
108801,A,2026-05-03 07:00:00
108802,B,2026-05-10 08:00:00
108803,B,2026-05-02 18:00:00
108804,A,2026-05-24 11:00:00
108805,B,2026-05-09 12:00:00
108806,B,2026-05-19 14:00:00
108807,B,2026-05-19 22:00:00
108808,B,2026-05-24 01:00:00
108809,A,2026-05-14 14:00:00
108810,A,2026-05-27 12:00:00
108811,B,2026-05-23 16:00:00
108812,B,2026-05-04 20:00:00
108813,A,2026-05-12 07:00:00
108814,A,2026-05-24 10:00:00
108815,B,2026-05-13 08:00:00
108816,A,2026-05-19 22:00:00
108817,B,2026-05-01 22:00:00
108818,A,2026-05-09 14:00:00
108819,A,2026-05-21 01:00:00
108820,B,2026-05-03 09:00:00
108821,B,2026-05-04 10:00:00
108822,B,2026-05-23 08:00:00
108823,A,2026-05-26 23:00:00
108824,A,2026-05-11 23:00:00
108825,A,2026-05-22 03:00:00
108826,A,2026-05-16 02:00:00
108827,B,2026-05-11 21:00:00
108828,B,2026-05-12 08:00:00
108829,B,2026-05-25 16:00:00
108830,A,2026-05-06 02:00:00
108831,B,2026-05-18 04:00:00
108832,A,2026-05-08 19:00:00
108833,B,2026-05-03 13:00:00
108834,B,2026-05-22 09:00:00
108835,A,2026-05-27 16:00:00
108836,B,2026-05-15 06:00:00
108837,B,2026-05-18 10:00:00
108838,A,2026-05-01 22:00:00
108839,A,2026-05-26 09:00:00
108840,A,2026-05-05 00:00:00
108841,A,2026-05-08 13:00:00
108842,A,2026-05-19 11:00:00
108843,A,2026-05-17 01:00:00
108844,B,2026-05-14 05:00:00
108845,A,2026-05-07 16:00:00
108846,A,2026-05-24 17:00:00
108847,B,2026-05-10 16:00:00
108848,B,2026-05-26 15:00:00
108849,A,2026-05-25 04:00:00
108850,A,2026-05-28 10:00:00
108851,B,2026-05-09 07:00:00
108852,A,2026-05-20 18:00:00
108853,B,2026-05-07 12:00:00
108854,A,2026-05-26 10:00:00
108855,A,2026-05-22 04:00:00
108856,B,2026-05-24 06:00:00
108857,A,2026-05-07 10:00:00
108858,A,2026-05-20 01:00:00
108859,A,2026-05-06 02:00:00
108860,B,2026-05-22 13:00:00
108861,A,2026-05-18 17:00:00
108862,B,2026-05-12 18:00:00
108863,A,2026-05-23 20:00:00
108864,A,2026-05-09 17:00:00
108865,B,2026-05-05 05:00:00
108866,A,2026-05-27 09:00:00
108867,B,2026-05-04 22:00:00
108868,A,2026-05-01 13:00:00
108869,A,2026-05-04 11:00:00
108870,B,2026-05-25 22:00:00
108871,A,2026-05-20 21:00:00
108872,A,2026-05-05 22:00:00
108873,A,2026-05-08 03:00:00
108874,B,2026-05-18 09:00:00
108875,A,2026-05-13 18:00:00
108876,A,2026-05-25 19:00:00
108877,B,2026-05-13 02:00:00
108878,A,2026-05-27 04:00:00
108879,A,2026-05-24 02:00:00
108880,B,2026-05-12 23:00:00
108881,A,2026-05-08 10:00:00
108882,B,2026-05-28 06:00:00
108883,A,2026-05-12 06:00:00
108884,A,2026-05-02 09:00:00
108885,A,2026-05-04 01:00:00
108886,A,2026-05-14 15:00:00
108887,B,2026-05-03 22:00:00
108888,A,2026-05-03 15:00:00
108889,B,2026-05-10 21:00:00
108890,A,2026-05-03 11:00:00
108891,B,2026-05-17 05:00:00
108892,A,2026-05-22 15:00:00
108893,A,2026-05-19 09:00:00
108894,B,2026-05-02 23:00:00
108895,B,2026-05-25 15:00:00
108896,A,2026-05-02 23:00:00
108897,A,2026-05-01 05:00:00
108898,A,2026-05-09 12:00:00
108899,A,2026-05-01 19:00:00
108900,B,2026-05-27 22:00:00
108901,A,2026-05-28 03:00:00
108902,A,2026-05-03 22:00:00
108903,A,2026-05-04 00:00:00
108904,B,2026-05-17 14:00:00
108905,B,2026-05-09 04:00:00
108906,B,2026-05-22 00:00:00
108907,B,2026-05-07 18:00:00
108908,A,2026-05-16 23:00:00
108909,A,2026-05-04 03:00:00
108910,B,2026-05-06 23:00:00
108911,B,2026-05-02 02:00:00
108912,A,2026-05-03 00:00:00
108913,A,2026-05-19 08:00:00
108914,B,2026-05-28 18:00:00
108915,A,2026-05-03 02:00:00
108916,B,2026-05-15 16:00:00
108917,A,2026-05-07 00:00:00
108918,A,2026-05-02 18:00:00
108919,B,2026-05-04 20:00:00
108920,B,2026-05-21 01:00:00
108921,A,2026-05-11 02:00:00
108922,B,2026-05-15 20:00:00
108923,B,2026-05-11 20:00:00
108924,B,2026-05-27 04:00:00
108925,B,2026-05-01 09:00:00
108926,A,2026-05-04 23:00:00
108927,B,2026-05-08 20:00:00
108928,A,2026-05-19 22:00:00
108929,A,2026-05-10 00:00:00
108930,A,2026-05-05 11:00:00
108931,B,2026-05-15 17:00:00
108932,A,2026-05-23 07:00:00
108933,A,2026-05-15 09:00:00
108934,B,2026-05-14 06:00:00
108935,B,2026-05-16 21:00:00
108936,B,2026-05-13 07:00:00
108937,A,2026-05-28 16:00:00
108938,A,2026-05-23 07:00:00
108939,B,2026-05-16 20:00:00
108940,A,2026-05-14 05:00:00
108941,A,2026-05-02 06:00:00
108942,B,2026-05-07 11:00:00
108943,B,2026-05-20 06:00:00
108944,B,2026-05-09 07:00:00
108945,B,2026-05-09 20:00:00
108946,B,2026-05-22 19:00:00
108947,B,2026-05-15 23:00:00
108948,A,2026-05-04 01:00:00
108949,B,2026-05-02 04:00:00
108950,A,2026-05-13 13:00:00
108951,B,2026-05-15 06:00:00
108952,B,2026-05-25 00:00:00
108953,A,2026-05-05 07:00:00
108954,A,2026-05-07 03:00:00
108955,B,2026-05-04 15:00:00
108956,A,2026-05-21 17:00:00
108957,A,2026-05-21 15:00:00
108958,B,2026-05-23 17:00:00
108959,B,2026-05-24 16:00:00
108960,B,2026-05-04 05:00:00
108961,B,2026-05-17 16:00:00
108962,A,2026-05-04 19:00:00
108963,B,2026-05-06 17:00:00
108964,A,2026-05-04 21:00:00
108965,A,2026-05-09 04:00:00
108966,A,2026-05-24 09:00:00
108967,A,2026-05-06 00:00:00
108968,A,2026-05-11 06:00:00
108969,A,2026-05-22 08:00:00
108970,A,2026-05-24 09:00:00
108971,B,2026-05-17 07:00:00
108972,A,2026-05-17 08:00:00
108973,B,2026-05-17 18:00:00
108974,B,2026-05-18 14:00:00
108975,B,2026-05-15 20:00:00
108976,B,2026-05-17 21:00:00
108977,A,2026-05-11 14:00:00
108978,B,2026-05-12 12:00:00
108979,B,2026-05-12 09:00:00
108980,A,2026-05-03 14:00:00
108981,B,2026-05-07 20:00:00
108982,A,2026-05-16 15:00:00
108983,B,2026-05-16 07:00:00
108984,A,2026-05-18 12:00:00
108985,B,2026-05-08 22:00:00
108986,B,2026-05-26 09:00:00
108987,A,2026-05-03 22:00:00
108988,B,2026-05-26 02:00:00
108989,B,2026-05-22 20:00:00
108990,B,2026-05-10 11:00:00
108991,B,2026-05-25 05:00:00
108992,B,2026-05-08 11:00:00
108993,B,2026-05-11 23:00:00
108994,A,2026-05-26 21:00:00
108995,B,2026-05-09 10:00:00
108996,B,2026-05-22 22:00:00
108997,A,2026-05-04 05:00:00
108998,A,2026-05-25 21:00:00
108999,B,2026-05-28 19:00:00
109000,B,2026-05-08 05:00:00
109001,A,2026-05-27 20:00:00
109002,B,2026-05-14 04:00:00
109003,A,2026-05-26 16:00:00
109004,B,2026-05-20 01:00:00
109005,B,2026-05-05 03:00:00
109006,B,2026-05-10 19:00:00
109007,A,2026-05-11 12:00:00
109008,B,2026-05-04 08:00:00
109009,A,2026-05-14 04:00:00
109010,A,2026-05-27 08:00:00
109011,B,2026-05-18 06:00:00
109012,A,2026-05-14 13:00:00
109013,B,2026-05-01 14:00:00
109014,B,2026-05-09 19:00:00
109015,A,2026-05-09 03:00:00
109016,A,2026-05-04 14:00:00
109017,B,2026-05-15 02:00:00
109018,B,2026-05-05 06:00:00
109019,B,2026-05-10 15:00:00
109020,A,2026-05-07 14:00:00
109021,B,2026-05-23 11:00:00
109022,B,2026-05-11 15:00:00
109023,A,2026-05-04 17:00:00
109024,B,2026-05-21 10:00:00
109025,B,2026-05-19 20:00:00
109026,A,2026-05-11 15:00:00
109027,A,2026-05-23 09:00:00
109028,B,2026-05-13 23:00:00
109029,A,2026-05-22 06:00:00
109030,A,2026-05-06 08:00:00
109031,B,2026-05-08 14:00:00
109032,B,2026-05-10 21:00:00
109033,A,2026-05-09 12:00:00
109034,B,2026-05-17 18:00:00
109035,A,2026-05-23 05:00:00
109036,B,2026-05-21 03:00:00
109037,B,2026-05-17 03:00:00
109038,A,2026-05-23 22:00:00
109039,A,2026-05-01 21:00:00
109040,A,2026-05-13 02:00:00
109041,B,2026-05-06 00:00:00
109042,A,2026-05-03 08:00:00
109043,A,2026-05-27 22:00:00
109044,B,2026-05-22 23:00:00
109045,B,2026-05-10 07:00:00
109046,B,2026-05-21 09:00:00
109047,B,2026-05-13 00:00:00
109048,A,2026-05-13 07:00:00
109049,A,2026-05-25 07:00:00
109050,A,2026-05-08 14:00:00
109051,B,2026-05-01 14:00:00
109052,A,2026-05-27 02:00:00
109053,B,2026-05-13 01:00:00
109054,A,2026-05-01 01:00:00
109055,A,2026-05-20 01:00:00
109056,A,2026-05-09 20:00:00
109057,A,2026-05-16 04:00:00
109058,B,2026-05-16 18:00:00
109059,B,2026-05-15 23:00:00
109060,B,2026-05-11 22:00:00
109061,B,2026-05-15 06:00:00
109062,B,2026-05-25 23:00:00
109063,A,2026-05-05 12:00:00
109064,B,2026-05-06 06:00:00
109065,B,2026-05-05 13:00:00
109066,A,2026-05-15 12:00:00
109067,B,2026-05-15 06:00:00
109068,B,2026-05-02 03:00:00
109069,B,2026-05-09 22:00:00
109070,B,2026-05-03 22:00:00
109071,B,2026-05-04 14:00:00
109072,B,2026-05-03 05:00:00
109073,A,2026-05-13 07:00:00
109074,B,2026-05-16 09:00:00
109075,A,2026-05-03 06:00:00
109076,B,2026-05-15 10:00:00
109077,A,2026-05-27 06:00:00
109078,B,2026-05-04 03:00:00
109079,A,2026-05-19 23:00:00
109080,B,2026-05-08 08:00:00
109081,A,2026-05-18 22:00:00
109082,A,2026-05-23 23:00:00
109083,B,2026-05-04 12:00:00
109084,A,2026-05-24 15:00:00
109085,B,2026-05-17 12:00:00
109086,A,2026-05-10 14:00:00
109087,A,2026-05-12 03:00:00
109088,B,2026-05-21 15:00:00
109089,A,2026-05-24 09:00:00
109090,B,2026-05-15 02:00:00
109091,B,2026-05-03 09:00:00
109092,B,2026-05-09 21:00:00
109093,B,2026-05-09 07:00:00
109094,B,2026-05-10 06:00:00
109095,B,2026-05-09 12:00:00
109096,A,2026-05-22 16:00:00
109097,A,2026-05-11 17:00:00
109098,A,2026-05-11 22:00:00
109099,B,2026-05-06 08:00:00
109100,B,2026-05-13 02:00:00
109101,A,2026-05-19 19:00:00
109102,B,2026-05-10 08:00:00
109103,A,2026-05-02 19:00:00
109104,B,2026-05-02 16:00:00
109105,B,2026-05-22 10:00:00
109106,B,2026-05-06 10:00:00
109107,B,2026-05-03 08:00:00
109108,A,2026-05-24 23:00:00
109109,B,2026-05-15 22:00:00
109110,B,2026-05-17 07:00:00
109111,B,2026-05-15 21:00:00
109112,A,2026-05-14 03:00:00
109113,B,2026-05-02 07:00:00
109114,A,2026-05-01 17:00:00
109115,A,2026-05-19 15:00:00
109116,A,2026-05-11 12:00:00
109117,A,2026-05-17 18:00:00
109118,B,2026-05-16 14:00:00
109119,A,2026-05-09 22:00:00
109120,A,2026-05-01 14:00:00
109121,B,2026-05-20 20:00:00
109122,A,2026-05-18 10:00:00
109123,A,2026-05-15 22:00:00
109124,B,2026-05-20 07:00:00
109125,A,2026-05-10 11:00:00
109126,B,2026-05-01 04:00:00
109127,B,2026-05-08 06:00:00
109128,A,2026-05-20 18:00:00
109129,A,2026-05-27 22:00:00
109130,A,2026-05-02 08:00:00
109131,B,2026-05-01 10:00:00
109132,B,2026-05-10 11:00:00
109133,A,2026-05-18 08:00:00
109134,A,2026-05-18 19:00:00
109135,B,2026-05-04 06:00:00
109136,B,2026-05-17 15:00:00
109137,A,2026-05-13 23:00:00
109138,B,2026-05-21 22:00:00
109139,A,2026-05-23 07:00:00
109140,B,2026-05-22 11:00:00
109141,A,2026-05-21 18:00:00
109142,A,2026-05-10 18:00:00
109143,B,2026-05-05 05:00:00
109144,B,2026-05-13 23:00:00
109145,A,2026-05-17 02:00:00
109146,B,2026-05-07 12:00:00
109147,A,2026-05-24 14:00:00
109148,A,2026-05-26 23:00:00
109149,B,2026-05-17 05:00:00
109150,A,2026-05-08 09:00:00
109151,A,2026-05-23 13:00:00
109152,B,2026-05-26 02:00:00
109153,A,2026-05-06 20:00:00
109154,B,2026-05-25 20:00:00
109155,A,2026-05-27 20:00:00
109156,A,2026-05-09 09:00:00
109157,B,2026-05-21 01:00:00
109158,A,2026-05-09 17:00:00
109159,B,2026-05-10 08:00:00
109160,A,2026-05-23 13:00:00
109161,B,2026-05-20 19:00:00
109162,B,2026-05-02 10:00:00
109163,A,2026-05-28 07:00:00
109164,A,2026-05-09 12:00:00
109165,B,2026-05-25 05:00:00
109166,B,2026-05-10 00:00:00
109167,B,2026-05-28 18:00:00
109168,B,2026-05-02 03:00:00
109169,B,2026-05-12 04:00:00
109170,B,2026-05-11 22:00:00
109171,A,2026-05-06 06:00:00
109172,A,2026-05-04 18:00:00
109173,A,2026-05-25 07:00:00
109174,B,2026-05-24 20:00:00
109175,B,2026-05-05 02:00:00
109176,B,2026-05-05 20:00:00
109177,A,2026-05-02 23:00:00
109178,A,2026-05-10 23:00:00
109179,B,2026-05-16 19:00:00
109180,B,2026-05-23 02:00:00
109181,B,2026-05-28 02:00:00
109182,A,2026-05-03 20:00:00
109183,A,2026-05-12 05:00:00
109184,A,2026-05-15 10:00:00
109185,B,2026-05-10 23:00:00
109186,A,2026-05-16 21:00:00
109187,A,2026-05-12 20:00:00
109188,B,2026-05-21 03:00:00
109189,B,2026-05-23 00:00:00
109190,A,2026-05-10 14:00:00
109191,B,2026-05-11 14:00:00
109192,B,2026-05-21 16:00:00
109193,B,2026-05-28 14:00:00
109194,A,2026-05-28 14:00:00
109195,A,2026-05-10 18:00:00
109196,B,2026-05-14 01:00:00
109197,B,2026-05-02 16:00:00
109198,A,2026-05-18 00:00:00
109199,A,2026-05-11 18:00:00
109200,A,2026-05-08 15:00:00
109201,B,2026-05-10 19:00:00
109202,A,2026-05-08 10:00:00
109203,A,2026-05-19 07:00:00
109204,A,2026-05-18 20:00:00
109205,B,2026-05-28 22:00:00
109206,A,2026-05-26 22:00:00
109207,A,2026-05-07 13:00:00
109208,A,2026-05-24 04:00:00
109209,B,2026-05-07 00:00:00
109210,A,2026-05-16 16:00:00
109211,B,2026-05-02 22:00:00
109212,A,2026-05-22 23:00:00
109213,B,2026-05-25 20:00:00
109214,B,2026-05-14 22:00:00
109215,A,2026-05-26 05:00:00
109216,A,2026-05-08 22:00:00
109217,A,2026-05-07 04:00:00
109218,B,2026-05-09 14:00:00
109219,B,2026-05-12 00:00:00
109220,B,2026-05-19 06:00:00
109221,B,2026-05-12 01:00:00
109222,B,2026-05-05 14:00:00
109223,A,2026-05-27 10:00:00
109224,B,2026-05-02 21:00:00
109225,B,2026-05-19 18:00:00
109226,B,2026-05-22 02:00:00
109227,A,2026-05-09 14:00:00
109228,B,2026-05-03 11:00:00
109229,A,2026-05-07 23:00:00
109230,B,2026-05-17 23:00:00
109231,A,2026-05-10 20:00:00
109232,B,2026-05-17 21:00:00
109233,B,2026-05-19 21:00:00
109234,A,2026-05-14 14:00:00
109235,A,2026-05-19 20:00:00
109236,A,2026-05-04 07:00:00
109237,A,2026-05-21 22:00:00
109238,B,2026-05-18 12:00:00
109239,B,2026-05-11 02:00:00
109240,A,2026-05-13 12:00:00
109241,A,2026-05-20 15:00:00
109242,A,2026-05-06 17:00:00
109243,A,2026-05-28 11:00:00
109244,B,2026-05-12 16:00:00
109245,A,2026-05-17 08:00:00
109246,B,2026-05-01 16:00:00
109247,B,2026-05-22 19:00:00
109248,A,2026-05-15 09:00:00
109249,A,2026-05-18 11:00:00
109250,A,2026-05-03 06:00:00
109251,B,2026-05-15 07:00:00
109252,A,2026-05-11 14:00:00
109253,A,2026-05-26 00:00:00
109254,A,2026-05-18 13:00:00
109255,B,2026-05-23 12:00:00
109256,B,2026-05-17 00:00:00
109257,A,2026-05-15 09:00:00
109258,B,2026-05-15 16:00:00
109259,B,2026-05-21 09:00:00
109260,A,2026-05-15 12:00:00
109261,A,2026-05-14 14:00:00
109262,B,2026-05-13 15:00:00
109263,A,2026-05-18 09:00:00
109264,A,2026-05-20 05:00:00
109265,A,2026-05-20 05:00:00
109266,B,2026-05-28 04:00:00
109267,A,2026-05-06 18:00:00
109268,B,2026-05-20 01:00:00
109269,B,2026-05-24 03:00:00
109270,A,2026-05-11 16:00:00
109271,A,2026-05-04 17:00:00
109272,A,2026-05-20 07:00:00
109273,B,2026-05-13 21:00:00
109274,A,2026-05-15 13:00:00
109275,A,2026-05-01 04:00:00
109276,B,2026-05-01 05:00:00
109277,A,2026-05-17 15:00:00
109278,A,2026-05-10 05:00:00
109279,A,2026-05-15 16:00:00
109280,A,2026-05-17 05:00:00
109281,A,2026-05-14 02:00:00
109282,B,2026-05-10 03:00:00
109283,A,2026-05-21 17:00:00
109284,B,2026-05-11 03:00:00
109285,A,2026-05-08 15:00:00
109286,A,2026-05-26 09:00:00
109287,A,2026-05-13 14:00:00
109288,B,2026-05-19 17:00:00
109289,A,2026-05-15 01:00:00
109290,A,2026-05-09 19:00:00
109291,B,2026-05-08 02:00:00
109292,B,2026-05-06 23:00:00
109293,A,2026-05-23 02:00:00
109294,A,2026-05-06 22:00:00
109295,A,2026-05-16 03:00:00
109296,B,2026-05-10 02:00:00
109297,B,2026-05-02 04:00:00
109298,B,2026-05-01 05:00:00
109299,B,2026-05-16 07:00:00
109300,B,2026-05-17 00:00:00
109301,A,2026-05-28 13:00:00
109302,A,2026-05-15 02:00:00
109303,B,2026-05-01 20:00:00
109304,B,2026-05-25 07:00:00
109305,B,2026-05-13 05:00:00
109306,A,2026-05-02 07:00:00
109307,B,2026-05-05 23:00:00
109308,B,2026-05-07 20:00:00
109309,A,2026-05-17 12:00:00
109310,B,2026-05-11 05:00:00
109311,A,2026-05-20 08:00:00
109312,B,2026-05-28 01:00:00
109313,B,2026-05-06 01:00:00
109314,A,2026-05-04 21:00:00
109315,A,2026-05-05 05:00:00
109316,B,2026-05-18 08:00:00
109317,B,2026-05-15 13:00:00
109318,A,2026-05-17 23:00:00
109319,A,2026-05-05 08:00:00
109320,A,2026-05-20 14:00:00
109321,B,2026-05-23 06:00:00
109322,A,2026-05-01 15:00:00
109323,A,2026-05-23 21:00:00
109324,A,2026-05-04 19:00:00
109325,A,2026-05-12 14:00:00
109326,B,2026-05-14 08:00:00
109327,B,2026-05-18 21:00:00
109328,B,2026-05-16 12:00:00
109329,B,2026-05-08 11:00:00
109330,A,2026-05-12 20:00:00
109331,A,2026-05-15 08:00:00
109332,A,2026-05-21 01:00:00
109333,A,2026-05-26 04:00:00
109334,B,2026-05-17 20:00:00
109335,B,2026-05-26 13:00:00
109336,B,2026-05-04 02:00:00
109337,B,2026-05-17 20:00:00
109338,B,2026-05-07 10:00:00
109339,A,2026-05-05 22:00:00
109340,B,2026-05-04 19:00:00
109341,B,2026-05-11 19:00:00
109342,B,2026-05-27 17:00:00
109343,B,2026-05-07 12:00:00
109344,A,2026-05-05 01:00:00
109345,A,2026-05-03 10:00:00
109346,A,2026-05-11 16:00:00
109347,A,2026-05-06 15:00:00
109348,A,2026-05-27 22:00:00
109349,A,2026-05-15 03:00:00
109350,A,2026-05-13 00:00:00
109351,B,2026-05-09 20:00:00
109352,A,2026-05-07 19:00:00
109353,B,2026-05-17 05:00:00
109354,B,2026-05-24 09:00:00
109355,A,2026-05-12 05:00:00
109356,B,2026-05-07 18:00:00
109357,A,2026-05-17 03:00:00
109358,A,2026-05-09 19:00:00
109359,A,2026-05-26 07:00:00
109360,B,2026-05-15 06:00:00
109361,A,2026-05-05 06:00:00
109362,B,2026-05-13 11:00:00
109363,B,2026-05-13 08:00:00
109364,B,2026-05-05 12:00:00
109365,A,2026-05-19 11:00:00
109366,B,2026-05-23 05:00:00
109367,A,2026-05-16 07:00:00
109368,B,2026-05-02 16:00:00
109369,A,2026-05-19 16:00:00
109370,B,2026-05-26 21:00:00
109371,A,2026-05-17 19:00:00
109372,B,2026-05-24 05:00:00
109373,A,2026-05-14 12:00:00
109374,B,2026-05-20 14:00:00
109375,A,2026-05-01 14:00:00
109376,A,2026-05-16 07:00:00
109377,A,2026-05-13 20:00:00
109378,B,2026-05-23 20:00:00
109379,B,2026-05-23 21:00:00
109380,B,2026-05-05 23:00:00
109381,A,2026-05-17 02:00:00
109382,B,2026-05-26 09:00:00
109383,B,2026-05-18 06:00:00
109384,A,2026-05-16 21:00:00
109385,A,2026-05-23 06:00:00
109386,A,2026-05-15 12:00:00
109387,A,2026-05-10 00:00:00
109388,B,2026-05-04 15:00:00
109389,B,2026-05-26 03:00:00
109390,B,2026-05-01 01:00:00
109391,B,2026-05-08 10:00:00
109392,A,2026-05-13 06:00:00
109393,A,2026-05-22 07:00:00
109394,B,2026-05-21 22:00:00
109395,A,2026-05-08 03:00:00
109396,A,2026-05-06 01:00:00
109397,B,2026-05-22 07:00:00
109398,A,2026-05-28 12:00:00
109399,B,2026-05-03 01:00:00
109400,B,2026-05-16 01:00:00
109401,A,2026-05-17 00:00:00
109402,B,2026-05-16 03:00:00
109403,B,2026-05-13 05:00:00
109404,A,2026-05-13 14:00:00
109405,B,2026-05-07 09:00:00
109406,A,2026-05-27 14:00:00
109407,A,2026-05-10 09:00:00
109408,A,2026-05-15 08:00:00
109409,A,2026-05-14 23:00:00
109410,A,2026-05-15 19:00:00
109411,B,2026-05-05 20:00:00
109412,B,2026-05-09 23:00:00
109413,A,2026-05-22 18:00:00
109414,A,2026-05-05 12:00:00
109415,A,2026-05-09 13:00:00
109416,B,2026-05-05 04:00:00
109417,A,2026-05-07 21:00:00
109418,B,2026-05-24 06:00:00
109419,A,2026-05-27 11:00:00
109420,B,2026-05-12 13:00:00
109421,A,2026-05-28 08:00:00
109422,A,2026-05-07 20:00:00
109423,A,2026-05-27 11:00:00
109424,A,2026-05-08 00:00:00
109425,B,2026-05-15 23:00:00
109426,B,2026-05-25 00:00:00
109427,B,2026-05-27 08:00:00
109428,A,2026-05-10 12:00:00
109429,A,2026-05-23 11:00:00
109430,A,2026-05-06 21:00:00
109431,B,2026-05-01 09:00:00
109432,A,2026-05-07 15:00:00
109433,B,2026-05-24 00:00:00
109434,B,2026-05-17 21:00:00
109435,A,2026-05-23 19:00:00
109436,A,2026-05-05 02:00:00
109437,A,2026-05-20 12:00:00
109438,B,2026-05-14 19:00:00
109439,B,2026-05-09 05:00:00
109440,B,2026-05-15 02:00:00
109441,B,2026-05-17 13:00:00
109442,B,2026-05-12 18:00:00
109443,B,2026-05-15 19:00:00
109444,B,2026-05-17 22:00:00
109445,B,2026-05-02 03:00:00
109446,A,2026-05-18 16:00:00
109447,A,2026-05-15 13:00:00
109448,B,2026-05-21 23:00:00
109449,B,2026-05-01 00:00:00
109450,A,2026-05-03 12:00:00
109451,B,2026-05-23 05:00:00
109452,B,2026-05-11 21:00:00
109453,A,2026-05-21 22:00:00
109454,A,2026-05-25 19:00:00
109455,A,2026-05-16 01:00:00
109456,A,2026-05-13 00:00:00
109457,A,2026-05-12 00:00:00
109458,A,2026-05-12 11:00:00
109459,B,2026-05-20 06:00:00
109460,A,2026-05-14 20:00:00
109461,B,2026-05-07 02:00:00
109462,B,2026-05-17 00:00:00
109463,A,2026-05-13 22:00:00
109464,B,2026-05-27 13:00:00
109465,A,2026-05-26 02:00:00
109466,B,2026-05-15 17:00:00
109467,A,2026-05-28 10:00:00
109468,B,2026-05-25 23:00:00
109469,B,2026-05-10 11:00:00
109470,A,2026-05-15 10:00:00
109471,B,2026-05-03 03:00:00
109472,A,2026-05-02 12:00:00
109473,B,2026-05-17 21:00:00
109474,B,2026-05-22 00:00:00
109475,A,2026-05-05 03:00:00
109476,A,2026-05-07 02:00:00
109477,A,2026-05-10 12:00:00
109478,A,2026-05-07 15:00:00
109479,A,2026-05-26 14:00:00
109480,A,2026-05-17 14:00:00
109481,A,2026-05-02 13:00:00
109482,A,2026-05-08 23:00:00
109483,B,2026-05-16 18:00:00
109484,B,2026-05-14 03:00:00
109485,B,2026-05-20 20:00:00
109486,B,2026-05-10 22:00:00
109487,B,2026-05-28 13:00:00
109488,B,2026-05-05 01:00:00
109489,A,2026-05-16 23:00:00
109490,B,2026-05-10 02:00:00
109491,A,2026-05-15 16:00:00
109492,B,2026-05-27 16:00:00
109493,B,2026-05-26 13:00:00
109494,A,2026-05-16 17:00:00
109495,B,2026-05-07 09:00:00
109496,B,2026-05-09 21:00:00
109497,B,2026-05-24 01:00:00
109498,A,2026-05-20 05:00:00
109499,A,2026-05-24 00:00:00
109500,B,2026-05-06 16:00:00
109501,B,2026-05-20 17:00:00
109502,B,2026-05-10 23:00:00
109503,B,2026-05-05 16:00:00
109504,B,2026-05-26 18:00:00
109505,A,2026-05-22 08:00:00
109506,B,2026-05-01 09:00:00
109507,B,2026-05-25 23:00:00
109508,A,2026-05-28 19:00:00
109509,A,2026-05-06 02:00:00
109510,B,2026-05-09 01:00:00
109511,A,2026-05-13 19:00:00
109512,B,2026-05-06 02:00:00
109513,B,2026-05-07 09:00:00
109514,A,2026-05-04 18:00:00
109515,A,2026-05-19 13:00:00
109516,A,2026-05-11 21:00:00
109517,A,2026-05-06 10:00:00
109518,B,2026-05-21 10:00:00
109519,B,2026-05-18 11:00:00
109520,B,2026-05-04 00:00:00
109521,A,2026-05-07 08:00:00
109522,A,2026-05-08 18:00:00
109523,A,2026-05-23 14:00:00
109524,A,2026-05-23 08:00:00
109525,B,2026-05-19 13:00:00
109526,B,2026-05-26 04:00:00
109527,A,2026-05-20 16:00:00
109528,A,2026-05-03 01:00:00
109529,A,2026-05-23 11:00:00
109530,A,2026-05-14 22:00:00
109531,A,2026-05-20 21:00:00
109532,B,2026-05-12 13:00:00
109533,B,2026-05-03 02:00:00
109534,B,2026-05-25 07:00:00
109535,A,2026-05-08 06:00:00
109536,B,2026-05-23 19:00:00
109537,A,2026-05-22 19:00:00
109538,A,2026-05-11 16:00:00
109539,B,2026-05-25 08:00:00
109540,B,2026-05-13 13:00:00
109541,B,2026-05-16 06:00:00
109542,B,2026-05-18 21:00:00
109543,B,2026-05-03 00:00:00
109544,A,2026-05-07 03:00:00
109545,A,2026-05-25 12:00:00
109546,B,2026-05-05 23:00:00
109547,A,2026-05-16 06:00:00
109548,A,2026-05-09 14:00:00
109549,A,2026-05-21 04:00:00
109550,B,2026-05-08 09:00:00
109551,A,2026-05-13 09:00:00
109552,B,2026-05-01 09:00:00
109553,A,2026-05-26 07:00:00
109554,A,2026-05-07 01:00:00
109555,A,2026-05-09 11:00:00
109556,B,2026-05-24 18:00:00
109557,A,2026-05-09 00:00:00
109558,A,2026-05-12 04:00:00
109559,B,2026-05-06 20:00:00
109560,B,2026-05-22 06:00:00
109561,B,2026-05-25 20:00:00
109562,A,2026-05-06 17:00:00
109563,B,2026-05-08 16:00:00
109564,A,2026-05-07 13:00:00
109565,B,2026-05-05 18:00:00
109566,B,2026-05-05 15:00:00
109567,B,2026-05-02 11:00:00
109568,A,2026-05-06 15:00:00
109569,B,2026-05-23 13:00:00
109570,A,2026-05-21 23:00:00
109571,B,2026-05-18 18:00:00
109572,B,2026-05-28 04:00:00
109573,A,2026-05-20 06:00:00
109574,B,2026-05-05 09:00:00
109575,A,2026-05-28 14:00:00
109576,A,2026-05-13 17:00:00
109577,A,2026-05-24 07:00:00
109578,B,2026-05-17 07:00:00
109579,B,2026-05-28 12:00:00
109580,A,2026-05-13 12:00:00
109581,A,2026-05-22 00:00:00
109582,B,2026-05-28 19:00:00
109583,A,2026-05-13 06:00:00
109584,B,2026-05-20 17:00:00
109585,B,2026-05-14 02:00:00
109586,B,2026-05-24 09:00:00
109587,A,2026-05-05 08:00:00
109588,B,2026-05-07 03:00:00
109589,B,2026-05-14 00:00:00
109590,B,2026-05-09 00:00:00
109591,B,2026-05-18 12:00:00
109592,A,2026-05-08 12:00:00
109593,A,2026-05-05 09:00:00
109594,B,2026-05-18 13:00:00
109595,B,2026-05-20 19:00:00
109596,A,2026-05-12 21:00:00
109597,A,2026-05-15 20:00:00
109598,A,2026-05-23 20:00:00
109599,B,2026-05-04 20:00:00
109600,A,2026-05-03 22:00:00
109601,A,2026-05-23 23:00:00
109602,B,2026-05-16 14:00:00
109603,B,2026-05-04 01:00:00
109604,A,2026-05-07 02:00:00
109605,B,2026-05-02 04:00:00
109606,A,2026-05-26 13:00:00
109607,B,2026-05-10 02:00:00
109608,A,2026-05-03 00:00:00
109609,B,2026-05-28 01:00:00
109610,A,2026-05-02 22:00:00
109611,B,2026-05-01 07:00:00
109612,A,2026-05-02 23:00:00
109613,A,2026-05-17 04:00:00
109614,B,2026-05-18 03:00:00
109615,B,2026-05-19 12:00:00
109616,B,2026-05-13 09:00:00
109617,A,2026-05-28 15:00:00
109618,A,2026-05-20 18:00:00
109619,A,2026-05-08 19:00:00
109620,B,2026-05-18 16:00:00
109621,A,2026-05-14 20:00:00
109622,A,2026-05-23 19:00:00
109623,A,2026-05-01 15:00:00
109624,A,2026-05-04 11:00:00
109625,B,2026-05-23 04:00:00
109626,A,2026-05-28 22:00:00
109627,B,2026-05-26 13:00:00
109628,B,2026-05-11 07:00:00
109629,B,2026-05-10 10:00:00
109630,B,2026-05-20 12:00:00
109631,A,2026-05-27 20:00:00
109632,A,2026-05-09 06:00:00
109633,A,2026-05-06 22:00:00
109634,A,2026-05-13 16:00:00
109635,A,2026-05-22 14:00:00
109636,B,2026-05-23 16:00:00
109637,B,2026-05-09 12:00:00
109638,A,2026-05-01 10:00:00
109639,A,2026-05-07 06:00:00
109640,B,2026-05-05 20:00:00
109641,B,2026-05-19 07:00:00
109642,B,2026-05-15 17:00:00
109643,A,2026-05-07 06:00:00
109644,B,2026-05-25 14:00:00
109645,A,2026-05-25 03:00:00
109646,A,2026-05-28 04:00:00
109647,A,2026-05-25 01:00:00
109648,A,2026-05-05 15:00:00
109649,B,2026-05-19 15:00:00
109650,B,2026-05-17 05:00:00
109651,A,2026-05-17 14:00:00
109652,A,2026-05-28 14:00:00
109653,A,2026-05-12 03:00:00
109654,B,2026-05-01 23:00:00
109655,A,2026-05-04 13:00:00
109656,B,2026-05-05 06:00:00
109657,A,2026-05-25 16:00:00
109658,B,2026-05-14 10:00:00
109659,A,2026-05-08 13:00:00
109660,B,2026-05-10 16:00:00
109661,A,2026-05-26 01:00:00
109662,A,2026-05-21 12:00:00
109663,B,2026-05-28 03:00:00
109664,B,2026-05-10 10:00:00
109665,B,2026-05-25 20:00:00
109666,A,2026-05-20 04:00:00
109667,B,2026-05-11 22:00:00
109668,B,2026-05-28 00:00:00
109669,A,2026-05-08 19:00:00
109670,A,2026-05-26 17:00:00
109671,A,2026-05-24 04:00:00
109672,B,2026-05-22 18:00:00
109673,A,2026-05-03 20:00:00
109674,A,2026-05-21 17:00:00
109675,B,2026-05-18 23:00:00
109676,A,2026-05-22 01:00:00
109677,A,2026-05-26 06:00:00
109678,B,2026-05-21 16:00:00
109679,B,2026-05-12 05:00:00
109680,A,2026-05-06 21:00:00
109681,A,2026-05-11 21:00:00
109682,B,2026-05-27 15:00:00
109683,A,2026-05-19 00:00:00
109684,B,2026-05-08 00:00:00
109685,B,2026-05-08 06:00:00
109686,A,2026-05-17 00:00:00
109687,B,2026-05-13 19:00:00
109688,B,2026-05-28 01:00:00
109689,B,2026-05-19 22:00:00
109690,B,2026-05-14 17:00:00
109691,B,2026-05-02 22:00:00
109692,A,2026-05-15 09:00:00
109693,A,2026-05-12 13:00:00
109694,B,2026-05-25 23:00:00
109695,A,2026-05-06 13:00:00
109696,B,2026-05-26 12:00:00
109697,B,2026-05-07 22:00:00
109698,A,2026-05-24 08:00:00
109699,B,2026-05-21 17:00:00
109700,B,2026-05-27 16:00:00
109701,B,2026-05-10 04:00:00
109702,B,2026-05-08 17:00:00
109703,A,2026-05-03 13:00:00
109704,B,2026-05-22 06:00:00
109705,A,2026-05-20 21:00:00
109706,A,2026-05-08 06:00:00
109707,A,2026-05-01 08:00:00
109708,A,2026-05-02 02:00:00
109709,A,2026-05-28 16:00:00
109710,A,2026-05-24 21:00:00
109711,B,2026-05-01 18:00:00
109712,A,2026-05-27 22:00:00
109713,A,2026-05-14 03:00:00
109714,A,2026-05-25 22:00:00
109715,A,2026-05-20 02:00:00
109716,B,2026-05-14 03:00:00
109717,B,2026-05-21 08:00:00
109718,B,2026-05-04 09:00:00
109719,A,2026-05-09 13:00:00
109720,A,2026-05-12 12:00:00
109721,A,2026-05-03 08:00:00
109722,A,2026-05-16 18:00:00
109723,B,2026-05-05 10:00:00
109724,A,2026-05-04 23:00:00
109725,A,2026-05-22 18:00:00
109726,B,2026-05-03 20:00:00
109727,B,2026-05-10 16:00:00
109728,A,2026-05-15 04:00:00
109729,B,2026-05-06 08:00:00
109730,B,2026-05-23 00:00:00
109731,B,2026-05-25 09:00:00
109732,B,2026-05-20 19:00:00
109733,B,2026-05-02 00:00:00
109734,A,2026-05-23 14:00:00
109735,A,2026-05-10 06:00:00
109736,B,2026-05-13 19:00:00
109737,A,2026-05-24 04:00:00
109738,A,2026-05-01 08:00:00
109739,B,2026-05-28 06:00:00
109740,A,2026-05-17 15:00:00
109741,B,2026-05-15 12:00:00
109742,B,2026-05-23 23:00:00
109743,A,2026-05-18 01:00:00
109744,B,2026-05-21 18:00:00
109745,A,2026-05-11 09:00:00
109746,A,2026-05-04 21:00:00
109747,B,2026-05-10 02:00:00
109748,B,2026-05-11 09:00:00
109749,A,2026-05-07 20:00:00
109750,B,2026-05-19 03:00:00
109751,B,2026-05-07 12:00:00
109752,A,2026-05-21 13:00:00
109753,A,2026-05-12 20:00:00
109754,B,2026-05-27 22:00:00
109755,B,2026-05-07 11:00:00
109756,A,2026-05-12 03:00:00
109757,A,2026-05-06 18:00:00
109758,A,2026-05-02 15:00:00
109759,B,2026-05-04 13:00:00
109760,B,2026-05-04 14:00:00
109761,B,2026-05-28 03:00:00
109762,A,2026-05-25 22:00:00
109763,A,2026-05-09 07:00:00
109764,B,2026-05-12 16:00:00
109765,A,2026-05-15 07:00:00
109766,A,2026-05-21 08:00:00
109767,A,2026-05-01 17:00:00
109768,A,2026-05-15 21:00:00
109769,B,2026-05-22 22:00:00
109770,A,2026-05-16 07:00:00
109771,A,2026-05-06 12:00:00
109772,A,2026-05-20 13:00:00
109773,A,2026-05-22 09:00:00
109774,A,2026-05-14 23:00:00
109775,B,2026-05-02 22:00:00
109776,A,2026-05-09 08:00:00
109777,B,2026-05-08 08:00:00
109778,B,2026-05-25 22:00:00
109779,A,2026-05-06 22:00:00
109780,A,2026-05-23 10:00:00
109781,B,2026-05-09 00:00:00
109782,B,2026-05-15 08:00:00
109783,B,2026-05-06 16:00:00
109784,B,2026-05-13 23:00:00
109785,A,2026-05-16 00:00:00
109786,B,2026-05-11 13:00:00
109787,A,2026-05-18 12:00:00
109788,A,2026-05-09 07:00:00
109789,A,2026-05-15 15:00:00
109790,A,2026-05-02 12:00:00
109791,A,2026-05-09 09:00:00
109792,B,2026-05-08 20:00:00
109793,A,2026-05-01 02:00:00
109794,A,2026-05-16 15:00:00
109795,A,2026-05-14 15:00:00
109796,B,2026-05-26 09:00:00
109797,A,2026-05-13 14:00:00
109798,B,2026-05-02 16:00:00
109799,B,2026-05-27 23:00:00
109800,B,2026-05-12 17:00:00
109801,B,2026-05-25 08:00:00
109802,A,2026-05-04 10:00:00
109803,B,2026-05-08 06:00:00
109804,A,2026-05-04 20:00:00
109805,A,2026-05-15 07:00:00
109806,B,2026-05-03 11:00:00
109807,B,2026-05-26 07:00:00
109808,B,2026-05-24 15:00:00
109809,B,2026-05-13 02:00:00
109810,B,2026-05-14 17:00:00
109811,A,2026-05-22 09:00:00
109812,B,2026-05-22 08:00:00
109813,B,2026-05-27 04:00:00
109814,B,2026-05-16 13:00:00
109815,A,2026-05-09 02:00:00
109816,A,2026-05-13 17:00:00
109817,A,2026-05-13 02:00:00
109818,A,2026-05-24 18:00:00
109819,A,2026-05-26 12:00:00
109820,A,2026-05-13 02:00:00
109821,B,2026-05-26 12:00:00
109822,B,2026-05-19 11:00:00
109823,A,2026-05-19 13:00:00
109824,B,2026-05-05 10:00:00
109825,B,2026-05-17 10:00:00
109826,A,2026-05-01 15:00:00
109827,B,2026-05-12 22:00:00
109828,B,2026-05-25 09:00:00
109829,A,2026-05-03 23:00:00
109830,B,2026-05-21 05:00:00
109831,B,2026-05-23 08:00:00
109832,A,2026-05-15 19:00:00
109833,B,2026-05-28 03:00:00
109834,A,2026-05-22 05:00:00
109835,A,2026-05-13 22:00:00
109836,A,2026-05-20 14:00:00
109837,B,2026-05-02 21:00:00
109838,A,2026-05-22 20:00:00
109839,B,2026-05-19 18:00:00
109840,B,2026-05-14 13:00:00
109841,B,2026-05-18 12:00:00
109842,B,2026-05-25 07:00:00
109843,B,2026-05-22 09:00:00
109844,B,2026-05-03 19:00:00
109845,A,2026-05-15 20:00:00
109846,B,2026-05-24 08:00:00
109847,B,2026-05-28 03:00:00
109848,A,2026-05-27 14:00:00
109849,B,2026-05-25 09:00:00
109850,A,2026-05-24 20:00:00
109851,B,2026-05-05 08:00:00
109852,B,2026-05-12 20:00:00
109853,A,2026-05-13 23:00:00
109854,A,2026-05-17 08:00:00
109855,A,2026-05-06 09:00:00
109856,B,2026-05-05 04:00:00
109857,A,2026-05-17 12:00:00
109858,A,2026-05-11 14:00:00
109859,B,2026-05-17 18:00:00
109860,A,2026-05-09 04:00:00
109861,B,2026-05-18 10:00:00
109862,B,2026-05-19 07:00:00
109863,B,2026-05-17 21:00:00
109864,B,2026-05-20 15:00:00
109865,B,2026-05-23 01:00:00
109866,B,2026-05-04 03:00:00
109867,B,2026-05-12 04:00:00
109868,A,2026-05-12 14:00:00
109869,B,2026-05-21 20:00:00
109870,A,2026-05-04 12:00:00
109871,A,2026-05-07 14:00:00
109872,B,2026-05-14 13:00:00
109873,A,2026-05-23 11:00:00
109874,B,2026-05-25 22:00:00
109875,B,2026-05-19 17:00:00
109876,B,2026-05-11 21:00:00
109877,A,2026-05-23 00:00:00
109878,B,2026-05-03 23:00:00
109879,A,2026-05-14 14:00:00
109880,A,2026-05-22 05:00:00
109881,A,2026-05-07 01:00:00
109882,B,2026-05-12 17:00:00
109883,A,2026-05-04 11:00:00
109884,A,2026-05-16 16:00:00
109885,A,2026-05-23 01:00:00
109886,B,2026-05-28 01:00:00
109887,A,2026-05-20 09:00:00
109888,A,2026-05-12 20:00:00
109889,A,2026-05-14 21:00:00
109890,B,2026-05-11 02:00:00
109891,B,2026-05-23 16:00:00
109892,B,2026-05-01 07:00:00
109893,A,2026-05-06 10:00:00
109894,A,2026-05-20 10:00:00
109895,A,2026-05-18 17:00:00
109896,A,2026-05-01 14:00:00
109897,B,2026-05-16 16:00:00
109898,A,2026-05-28 04:00:00
109899,A,2026-05-21 05:00:00
109900,B,2026-05-17 23:00:00
109901,A,2026-05-14 23:00:00
109902,B,2026-05-09 20:00:00
109903,A,2026-05-07 01:00:00
109904,A,2026-05-23 22:00:00
109905,B,2026-05-25 21:00:00
109906,A,2026-05-04 14:00:00
109907,A,2026-05-28 02:00:00
109908,B,2026-05-26 18:00:00
109909,A,2026-05-25 01:00:00
109910,A,2026-05-23 15:00:00
109911,B,2026-05-10 00:00:00
109912,B,2026-05-14 23:00:00
109913,B,2026-05-18 17:00:00
109914,A,2026-05-15 12:00:00
109915,B,2026-05-13 17:00:00
109916,B,2026-05-14 23:00:00
109917,A,2026-05-25 13:00:00
109918,A,2026-05-03 12:00:00
109919,A,2026-05-24 05:00:00
109920,B,2026-05-16 14:00:00
109921,A,2026-05-26 17:00:00
109922,B,2026-05-13 03:00:00
109923,B,2026-05-14 02:00:00
109924,B,2026-05-14 17:00:00
109925,B,2026-05-12 05:00:00
109926,A,2026-05-28 09:00:00
109927,A,2026-05-06 23:00:00
109928,B,2026-05-11 05:00:00
109929,B,2026-05-08 17:00:00
109930,B,2026-05-12 09:00:00
109931,B,2026-05-14 07:00:00
109932,B,2026-05-22 20:00:00
109933,A,2026-05-25 17:00:00
109934,B,2026-05-14 08:00:00
109935,A,2026-05-18 11:00:00
109936,B,2026-05-04 14:00:00
109937,A,2026-05-06 06:00:00
109938,A,2026-05-26 04:00:00
109939,B,2026-05-20 03:00:00
109940,B,2026-05-04 22:00:00
109941,B,2026-05-25 05:00:00
109942,B,2026-05-19 20:00:00
109943,A,2026-05-21 04:00:00
109944,B,2026-05-13 05:00:00
109945,A,2026-05-01 09:00:00
109946,A,2026-05-22 12:00:00
109947,A,2026-05-16 23:00:00
109948,B,2026-05-13 19:00:00
109949,B,2026-05-16 01:00:00
109950,B,2026-05-07 13:00:00
109951,A,2026-05-18 14:00:00
109952,B,2026-05-16 12:00:00
109953,A,2026-05-08 20:00:00
109954,B,2026-05-05 08:00:00
109955,B,2026-05-22 14:00:00
109956,B,2026-05-20 07:00:00
109957,A,2026-05-25 04:00:00
109958,A,2026-05-07 15:00:00
109959,A,2026-05-13 05:00:00
109960,B,2026-05-21 01:00:00
109961,B,2026-05-05 07:00:00
109962,B,2026-05-21 11:00:00
109963,B,2026-05-08 01:00:00
109964,A,2026-05-12 21:00:00
109965,B,2026-05-10 12:00:00
109966,B,2026-05-11 21:00:00
109967,A,2026-05-17 03:00:00
109968,A,2026-05-27 18:00:00
109969,A,2026-05-27 11:00:00
109970,A,2026-05-16 03:00:00
109971,A,2026-05-13 14:00:00
109972,B,2026-05-21 23:00:00
109973,A,2026-05-12 20:00:00
109974,B,2026-05-08 20:00:00
109975,A,2026-05-04 12:00:00
109976,B,2026-05-14 09:00:00
109977,A,2026-05-07 08:00:00
109978,A,2026-05-28 12:00:00
109979,B,2026-05-16 02:00:00
109980,A,2026-05-21 15:00:00
109981,A,2026-05-19 03:00:00
109982,A,2026-05-24 04:00:00
109983,A,2026-05-16 14:00:00
109984,A,2026-05-20 14:00:00
109985,A,2026-05-14 15:00:00
109986,A,2026-05-13 13:00:00
109987,A,2026-05-18 18:00:00
109988,B,2026-05-08 16:00:00
109989,A,2026-05-02 13:00:00
109990,B,2026-05-16 12:00:00
109991,A,2026-05-03 17:00:00
109992,B,2026-05-08 18:00:00
109993,B,2026-05-17 06:00:00
109994,A,2026-05-26 02:00:00
109995,A,2026-05-07 11:00:00
109996,A,2026-05-25 17:00:00
109997,B,2026-05-18 11:00:00
109998,B,2026-05-20 07:00:00
109999,B,2026-05-12 21:00:00
110000,A,2026-05-08 01:00:00
110001,B,2026-05-26 13:00:00
110002,A,2026-05-17 04:00:00
110003,B,2026-05-09 03:00:00
110004,A,2026-05-25 12:00:00
110005,A,2026-05-27 22:00:00
110006,B,2026-05-15 08:00:00
110007,A,2026-05-04 11:00:00
110008,B,2026-05-10 09:00:00
110009,A,2026-05-03 15:00:00
110010,B,2026-05-05 19:00:00
110011,B,2026-05-12 09:00:00
110012,B,2026-05-03 19:00:00
110013,B,2026-05-18 09:00:00
110014,B,2026-05-07 20:00:00
110015,A,2026-05-02 07:00:00
110016,A,2026-05-23 22:00:00
110017,A,2026-05-16 07:00:00
110018,B,2026-05-01 16:00:00
110019,A,2026-05-12 14:00:00
110020,B,2026-05-23 17:00:00
110021,B,2026-05-26 09:00:00
110022,B,2026-05-06 06:00:00
110023,B,2026-05-01 21:00:00
110024,B,2026-05-02 02:00:00
110025,A,2026-05-13 01:00:00
110026,A,2026-05-13 00:00:00
110027,B,2026-05-24 02:00:00
110028,A,2026-05-15 15:00:00
110029,A,2026-05-22 15:00:00
110030,B,2026-05-28 14:00:00
110031,A,2026-05-28 08:00:00
110032,B,2026-05-10 09:00:00
110033,B,2026-05-04 15:00:00
110034,B,2026-05-15 08:00:00
110035,A,2026-05-25 07:00:00
110036,B,2026-05-24 00:00:00
110037,A,2026-05-21 12:00:00
110038,B,2026-05-11 01:00:00
110039,A,2026-05-02 02:00:00
110040,A,2026-05-13 11:00:00
110041,A,2026-05-15 00:00:00
110042,B,2026-05-07 10:00:00
110043,A,2026-05-12 15:00:00
110044,A,2026-05-03 13:00:00
110045,A,2026-05-14 02:00:00
110046,A,2026-05-25 12:00:00
110047,A,2026-05-23 21:00:00
110048,A,2026-05-01 12:00:00
110049,A,2026-05-01 11:00:00
110050,A,2026-05-24 04:00:00
110051,B,2026-05-04 09:00:00
110052,B,2026-05-27 19:00:00
110053,A,2026-05-21 20:00:00
110054,B,2026-05-26 22:00:00
110055,B,2026-05-07 03:00:00
110056,B,2026-05-19 07:00:00
110057,A,2026-05-24 12:00:00
110058,B,2026-05-06 00:00:00
110059,A,2026-05-20 13:00:00
110060,A,2026-05-16 17:00:00
110061,A,2026-05-26 19:00:00
110062,A,2026-05-06 06:00:00
110063,B,2026-05-03 16:00:00
110064,B,2026-05-25 03:00:00
110065,A,2026-05-23 18:00:00
110066,B,2026-05-06 15:00:00
110067,B,2026-05-20 19:00:00
110068,A,2026-05-02 14:00:00
110069,B,2026-05-13 02:00:00
110070,A,2026-05-27 11:00:00
110071,A,2026-05-24 05:00:00
110072,A,2026-05-14 09:00:00
110073,A,2026-05-06 05:00:00
110074,B,2026-05-22 10:00:00
110075,B,2026-05-14 09:00:00
110076,B,2026-05-16 15:00:00
110077,B,2026-05-21 15:00:00
110078,B,2026-05-13 18:00:00
110079,A,2026-05-06 04:00:00
110080,B,2026-05-11 01:00:00
110081,A,2026-05-25 18:00:00
110082,B,2026-05-01 13:00:00
110083,B,2026-05-03 07:00:00
110084,B,2026-05-03 10:00:00
110085,A,2026-05-22 14:00:00
110086,A,2026-05-16 11:00:00
110087,B,2026-05-08 02:00:00
110088,A,2026-05-07 21:00:00
110089,B,2026-05-26 01:00:00
110090,A,2026-05-01 17:00:00
110091,B,2026-05-02 14:00:00
110092,B,2026-05-08 08:00:00
110093,B,2026-05-14 14:00:00
110094,B,2026-05-07 19:00:00
110095,B,2026-05-14 01:00:00
110096,A,2026-05-13 10:00:00
110097,A,2026-05-26 12:00:00
110098,A,2026-05-26 09:00:00
110099,A,2026-05-22 02:00:00
110100,A,2026-05-16 14:00:00
110101,A,2026-05-22 03:00:00
110102,A,2026-05-20 21:00:00
110103,B,2026-05-09 17:00:00
110104,B,2026-05-02 05:00:00
110105,A,2026-05-12 13:00:00
110106,B,2026-05-02 05:00:00
110107,B,2026-05-23 07:00:00
110108,A,2026-05-02 14:00:00
110109,A,2026-05-12 22:00:00
110110,B,2026-05-08 00:00:00
110111,A,2026-05-28 22:00:00
110112,B,2026-05-15 18:00:00
110113,B,2026-05-08 06:00:00
110114,B,2026-05-19 19:00:00
110115,B,2026-05-10 05:00:00
110116,B,2026-05-15 22:00:00
110117,A,2026-05-03 02:00:00
110118,B,2026-05-14 15:00:00
110119,B,2026-05-10 15:00:00
110120,B,2026-05-21 16:00:00
110121,A,2026-05-14 15:00:00
110122,B,2026-05-26 00:00:00
110123,B,2026-05-26 17:00:00
110124,A,2026-05-16 15:00:00
110125,B,2026-05-17 08:00:00
110126,B,2026-05-27 02:00:00
110127,B,2026-05-06 20:00:00
110128,A,2026-05-13 22:00:00
110129,A,2026-05-24 22:00:00
110130,B,2026-05-05 18:00:00
110131,A,2026-05-26 19:00:00
110132,A,2026-05-14 11:00:00
110133,A,2026-05-18 05:00:00
110134,A,2026-05-05 13:00:00
110135,A,2026-05-20 18:00:00
110136,A,2026-05-02 09:00:00
110137,A,2026-05-13 19:00:00
110138,B,2026-05-22 11:00:00
110139,B,2026-05-07 11:00:00
110140,A,2026-05-28 12:00:00
110141,A,2026-05-08 14:00:00
110142,B,2026-05-22 00:00:00
110143,A,2026-05-23 16:00:00
110144,B,2026-05-06 20:00:00
110145,A,2026-05-16 17:00:00
110146,B,2026-05-24 13:00:00
110147,B,2026-05-16 18:00:00
110148,B,2026-05-21 01:00:00
110149,A,2026-05-22 16:00:00
110150,A,2026-05-15 20:00:00
110151,A,2026-05-05 02:00:00
110152,B,2026-05-26 16:00:00
110153,B,2026-05-03 11:00:00
110154,A,2026-05-06 04:00:00
110155,A,2026-05-12 10:00:00
110156,A,2026-05-14 23:00:00
110157,A,2026-05-09 06:00:00
110158,B,2026-05-19 01:00:00
110159,A,2026-05-06 07:00:00
110160,A,2026-05-15 04:00:00
110161,A,2026-05-26 22:00:00
110162,A,2026-05-21 21:00:00
110163,B,2026-05-10 03:00:00
110164,B,2026-05-20 06:00:00
110165,A,2026-05-09 23:00:00
110166,B,2026-05-08 10:00:00
110167,A,2026-05-02 20:00:00
110168,A,2026-05-25 23:00:00
110169,A,2026-05-16 16:00:00
110170,B,2026-05-21 22:00:00
110171,B,2026-05-26 14:00:00
110172,B,2026-05-16 15:00:00
110173,B,2026-05-18 07:00:00
110174,A,2026-05-15 15:00:00
110175,A,2026-05-27 05:00:00
110176,B,2026-05-08 11:00:00
110177,B,2026-05-03 18:00:00
110178,B,2026-05-07 22:00:00
110179,B,2026-05-15 22:00:00
110180,A,2026-05-10 17:00:00
110181,B,2026-05-12 02:00:00
110182,B,2026-05-19 14:00:00
110183,B,2026-05-10 11:00:00
110184,A,2026-05-07 20:00:00
110185,B,2026-05-05 23:00:00
110186,A,2026-05-14 22:00:00
110187,B,2026-05-17 17:00:00
110188,B,2026-05-27 03:00:00
110189,B,2026-05-14 07:00:00
110190,A,2026-05-24 22:00:00
110191,B,2026-05-24 10:00:00
110192,B,2026-05-03 12:00:00
110193,A,2026-05-17 00:00:00
110194,B,2026-05-11 14:00:00
110195,B,2026-05-21 22:00:00
110196,A,2026-05-07 03:00:00
110197,B,2026-05-04 00:00:00
110198,B,2026-05-24 02:00:00
110199,B,2026-05-25 02:00:00
110200,B,2026-05-11 04:00:00
110201,B,2026-05-22 08:00:00
110202,B,2026-05-14 20:00:00
110203,A,2026-05-13 22:00:00
110204,B,2026-05-26 05:00:00
110205,A,2026-05-21 19:00:00
110206,B,2026-05-13 12:00:00
110207,B,2026-05-20 05:00:00
110208,A,2026-05-13 23:00:00
110209,A,2026-05-14 10:00:00
110210,B,2026-05-07 15:00:00
110211,B,2026-05-05 12:00:00
110212,B,2026-05-11 10:00:00
110213,A,2026-05-02 05:00:00
110214,A,2026-05-02 01:00:00
110215,B,2026-05-02 11:00:00
110216,B,2026-05-05 17:00:00
110217,A,2026-05-09 15:00:00
110218,B,2026-05-17 22:00:00
110219,B,2026-05-23 18:00:00
110220,B,2026-05-22 01:00:00
110221,A,2026-05-11 07:00:00
110222,A,2026-05-09 04:00:00
110223,B,2026-05-11 23:00:00
110224,B,2026-05-17 15:00:00
110225,A,2026-05-08 19:00:00
110226,B,2026-05-24 18:00:00
110227,A,2026-05-24 16:00:00
110228,A,2026-05-07 23:00:00
110229,A,2026-05-28 09:00:00
110230,A,2026-05-08 01:00:00
110231,A,2026-05-18 23:00:00
110232,A,2026-05-17 09:00:00
110233,B,2026-05-05 23:00:00
110234,A,2026-05-19 20:00:00
110235,A,2026-05-10 03:00:00
110236,A,2026-05-25 14:00:00
110237,A,2026-05-10 10:00:00
110238,A,2026-05-24 13:00:00
110239,B,2026-05-01 02:00:00
110240,A,2026-05-17 14:00:00
110241,A,2026-05-07 18:00:00
110242,A,2026-05-08 02:00:00
110243,B,2026-05-22 15:00:00
110244,B,2026-05-12 12:00:00
110245,B,2026-05-01 07:00:00
110246,A,2026-05-10 14:00:00
110247,A,2026-05-25 08:00:00
110248,A,2026-05-16 14:00:00
110249,B,2026-05-24 10:00:00
110250,B,2026-05-11 23:00:00
110251,B,2026-05-05 16:00:00
110252,A,2026-05-08 04:00:00
110253,A,2026-05-05 04:00:00
110254,B,2026-05-11 23:00:00
110255,B,2026-05-20 21:00:00
110256,B,2026-05-23 14:00:00
110257,B,2026-05-19 04:00:00
110258,B,2026-05-12 13:00:00
110259,B,2026-05-08 04:00:00
110260,A,2026-05-08 13:00:00
110261,B,2026-05-08 22:00:00
110262,A,2026-05-24 01:00:00
110263,B,2026-05-28 15:00:00
110264,B,2026-05-01 12:00:00
110265,A,2026-05-05 04:00:00
110266,B,2026-05-17 09:00:00
110267,B,2026-05-26 08:00:00
110268,B,2026-05-01 16:00:00
110269,A,2026-05-20 17:00:00
110270,A,2026-05-17 12:00:00
110271,B,2026-05-06 03:00:00
110272,A,2026-05-15 23:00:00
110273,A,2026-05-25 16:00:00
110274,B,2026-05-16 02:00:00
110275,A,2026-05-10 11:00:00
110276,B,2026-05-11 16:00:00
110277,A,2026-05-24 17:00:00
110278,A,2026-05-04 03:00:00
110279,B,2026-05-18 16:00:00
110280,A,2026-05-20 22:00:00
110281,A,2026-05-24 16:00:00
110282,A,2026-05-09 07:00:00
110283,B,2026-05-12 01:00:00
110284,A,2026-05-27 14:00:00
110285,B,2026-05-15 12:00:00
110286,B,2026-05-25 22:00:00
110287,A,2026-05-23 16:00:00
110288,B,2026-05-24 13:00:00
110289,B,2026-05-19 06:00:00
110290,B,2026-05-01 09:00:00
110291,B,2026-05-16 12:00:00
110292,A,2026-05-10 20:00:00
110293,A,2026-05-05 17:00:00
110294,A,2026-05-16 04:00:00
110295,A,2026-05-13 05:00:00
110296,B,2026-05-25 11:00:00
110297,B,2026-05-12 20:00:00
110298,A,2026-05-12 12:00:00
110299,A,2026-05-10 23:00:00
110300,B,2026-05-18 09:00:00
110301,B,2026-05-18 11:00:00
110302,A,2026-05-28 05:00:00
110303,B,2026-05-16 19:00:00
110304,B,2026-05-25 13:00:00
110305,A,2026-05-27 19:00:00
110306,B,2026-05-26 04:00:00
110307,B,2026-05-15 21:00:00
110308,A,2026-05-03 21:00:00
110309,A,2026-05-25 04:00:00
110310,A,2026-05-08 09:00:00
110311,A,2026-05-02 10:00:00
110312,B,2026-05-28 01:00:00
110313,A,2026-05-06 11:00:00
110314,A,2026-05-20 19:00:00
110315,B,2026-05-22 23:00:00
110316,A,2026-05-17 04:00:00
110317,B,2026-05-28 18:00:00
110318,A,2026-05-01 09:00:00
110319,B,2026-05-03 10:00:00
110320,A,2026-05-12 05:00:00
110321,A,2026-05-21 12:00:00
110322,B,2026-05-11 11:00:00
110323,B,2026-05-10 18:00:00
110324,A,2026-05-17 15:00:00
110325,B,2026-05-24 21:00:00
110326,B,2026-05-03 22:00:00
110327,A,2026-05-12 22:00:00
110328,B,2026-05-09 08:00:00
110329,B,2026-05-25 00:00:00
110330,A,2026-05-02 18:00:00
110331,A,2026-05-13 14:00:00
110332,B,2026-05-15 09:00:00
110333,A,2026-05-15 23:00:00
110334,B,2026-05-28 01:00:00
110335,B,2026-05-06 06:00:00
110336,B,2026-05-15 05:00:00
110337,B,2026-05-20 02:00:00
110338,A,2026-05-06 01:00:00
110339,B,2026-05-25 10:00:00
110340,A,2026-05-13 06:00:00
110341,B,2026-05-07 18:00:00
110342,A,2026-05-22 16:00:00
110343,A,2026-05-12 05:00:00
110344,B,2026-05-28 05:00:00
110345,B,2026-05-16 07:00:00
110346,B,2026-05-08 18:00:00
110347,B,2026-05-25 23:00:00
110348,A,2026-05-22 21:00:00
110349,A,2026-05-20 13:00:00
110350,A,2026-05-28 08:00:00
110351,A,2026-05-28 16:00:00
110352,A,2026-05-25 13:00:00
110353,B,2026-05-16 20:00:00
110354,B,2026-05-10 03:00:00
110355,A,2026-05-22 22:00:00
110356,A,2026-05-07 12:00:00
110357,B,2026-05-23 09:00:00
110358,B,2026-05-05 05:00:00
110359,B,2026-05-15 16:00:00
110360,A,2026-05-21 04:00:00
110361,A,2026-05-19 06:00:00
110362,B,2026-05-07 04:00:00
110363,B,2026-05-17 09:00:00
110364,A,2026-05-04 19:00:00
110365,B,2026-05-22 01:00:00
110366,A,2026-05-04 23:00:00
110367,A,2026-05-02 00:00:00
110368,A,2026-05-23 23:00:00
110369,A,2026-05-20 05:00:00
110370,A,2026-05-12 09:00:00
110371,B,2026-05-24 11:00:00
110372,B,2026-05-06 22:00:00
110373,B,2026-05-22 01:00:00
110374,B,2026-05-26 18:00:00
110375,A,2026-05-27 20:00:00
110376,A,2026-05-23 05:00:00
110377,A,2026-05-16 20:00:00
110378,B,2026-05-22 10:00:00
110379,A,2026-05-05 12:00:00
110380,A,2026-05-15 15:00:00
110381,B,2026-05-05 14:00:00
110382,A,2026-05-07 19:00:00
110383,A,2026-05-11 19:00:00
110384,A,2026-05-15 21:00:00
110385,A,2026-05-16 05:00:00
110386,A,2026-05-18 03:00:00
110387,B,2026-05-11 09:00:00
110388,B,2026-05-27 01:00:00
110389,B,2026-05-12 20:00:00
110390,A,2026-05-26 11:00:00
110391,A,2026-05-28 10:00:00
110392,B,2026-05-26 06:00:00
110393,A,2026-05-02 17:00:00
110394,A,2026-05-20 15:00:00
110395,B,2026-05-01 13:00:00
110396,B,2026-05-01 10:00:00
110397,B,2026-05-06 22:00:00
110398,A,2026-05-09 04:00:00
110399,A,2026-05-19 06:00:00
110400,B,2026-05-06 14:00:00
110401,B,2026-05-14 23:00:00
110402,B,2026-05-10 17:00:00
110403,A,2026-05-26 10:00:00
110404,B,2026-05-22 20:00:00
110405,A,2026-05-12 17:00:00
110406,A,2026-05-20 08:00:00
110407,B,2026-05-23 23:00:00
110408,B,2026-05-16 08:00:00
110409,A,2026-05-11 16:00:00
110410,A,2026-05-01 19:00:00
110411,B,2026-05-10 03:00:00
110412,B,2026-05-26 08:00:00
110413,A,2026-05-26 02:00:00
110414,B,2026-05-17 09:00:00
110415,B,2026-05-17 16:00:00
110416,A,2026-05-16 21:00:00
110417,A,2026-05-12 12:00:00
110418,B,2026-05-07 04:00:00
110419,B,2026-05-11 16:00:00
110420,A,2026-05-01 22:00:00
110421,B,2026-05-13 09:00:00
110422,B,2026-05-02 19:00:00
110423,B,2026-05-12 00:00:00
110424,A,2026-05-22 07:00:00
110425,A,2026-05-09 18:00:00
110426,A,2026-05-10 19:00:00
110427,A,2026-05-20 09:00:00
110428,A,2026-05-25 12:00:00
110429,A,2026-05-14 13:00:00
110430,A,2026-05-04 04:00:00
110431,A,2026-05-14 22:00:00
110432,B,2026-05-07 18:00:00
110433,A,2026-05-24 20:00:00
110434,B,2026-05-08 05:00:00
110435,A,2026-05-06 04:00:00
110436,A,2026-05-24 22:00:00
110437,B,2026-05-09 13:00:00
110438,A,2026-05-06 14:00:00
110439,B,2026-05-19 20:00:00
110440,A,2026-05-16 10:00:00
110441,A,2026-05-13 20:00:00
110442,A,2026-05-25 01:00:00
110443,B,2026-05-13 12:00:00
110444,B,2026-05-15 05:00:00
110445,A,2026-05-24 12:00:00
110446,A,2026-05-15 11:00:00
110447,A,2026-05-09 10:00:00
110448,A,2026-05-05 03:00:00
110449,A,2026-05-07 08:00:00
110450,A,2026-05-01 12:00:00
110451,B,2026-05-17 21:00:00
110452,B,2026-05-22 07:00:00
110453,B,2026-05-01 08:00:00
110454,B,2026-05-24 00:00:00
110455,B,2026-05-02 21:00:00
110456,A,2026-05-28 17:00:00
110457,A,2026-05-16 00:00:00
110458,B,2026-05-13 00:00:00
110459,A,2026-05-13 15:00:00
110460,B,2026-05-28 03:00:00
110461,A,2026-05-24 17:00:00
110462,B,2026-05-26 16:00:00
110463,B,2026-05-20 01:00:00
110464,A,2026-05-28 23:00:00
110465,A,2026-05-02 08:00:00
110466,A,2026-05-08 16:00:00
110467,A,2026-05-01 09:00:00
110468,B,2026-05-26 21:00:00
110469,B,2026-05-11 16:00:00
110470,B,2026-05-19 17:00:00
110471,A,2026-05-28 00:00:00
110472,A,2026-05-02 07:00:00
110473,A,2026-05-11 09:00:00
110474,A,2026-05-07 02:00:00
110475,B,2026-05-05 10:00:00
110476,A,2026-05-03 12:00:00
110477,B,2026-05-04 08:00:00
110478,B,2026-05-11 04:00:00
110479,B,2026-05-23 23:00:00
110480,B,2026-05-14 00:00:00
110481,B,2026-05-04 04:00:00
110482,A,2026-05-20 10:00:00
110483,A,2026-05-03 08:00:00
110484,B,2026-05-08 18:00:00
110485,B,2026-05-08 04:00:00
110486,B,2026-05-07 13:00:00
110487,B,2026-05-19 20:00:00
110488,B,2026-05-26 15:00:00
110489,B,2026-05-13 15:00:00
110490,B,2026-05-04 20:00:00
110491,A,2026-05-09 08:00:00
110492,A,2026-05-19 17:00:00
110493,B,2026-05-04 01:00:00
110494,A,2026-05-07 03:00:00
110495,B,2026-05-02 02:00:00
110496,B,2026-05-19 20:00:00
110497,A,2026-05-06 21:00:00
110498,B,2026-05-09 03:00:00
110499,A,2026-05-18 22:00:00
110500,A,2026-05-03 14:00:00
110501,A,2026-05-15 01:00:00
110502,A,2026-05-18 11:00:00
110503,B,2026-05-25 02:00:00
110504,B,2026-05-05 12:00:00
110505,A,2026-05-22 05:00:00
110506,B,2026-05-15 08:00:00
110507,A,2026-05-09 01:00:00
110508,A,2026-05-28 06:00:00
110509,A,2026-05-05 07:00:00
110510,A,2026-05-24 04:00:00
110511,B,2026-05-06 10:00:00
110512,A,2026-05-06 02:00:00
110513,B,2026-05-22 19:00:00
110514,A,2026-05-21 01:00:00
110515,A,2026-05-09 11:00:00
110516,A,2026-05-05 01:00:00
110517,B,2026-05-22 11:00:00
110518,B,2026-05-10 15:00:00
110519,A,2026-05-22 19:00:00
110520,B,2026-05-08 22:00:00
110521,A,2026-05-17 02:00:00
110522,B,2026-05-25 20:00:00
110523,A,2026-05-16 04:00:00
110524,A,2026-05-16 05:00:00
110525,B,2026-05-19 04:00:00
110526,A,2026-05-23 05:00:00
110527,B,2026-05-06 22:00:00
110528,A,2026-05-24 13:00:00
110529,B,2026-05-20 10:00:00
110530,A,2026-05-18 23:00:00
110531,A,2026-05-13 09:00:00
110532,A,2026-05-20 21:00:00
110533,B,2026-05-26 07:00:00
110534,B,2026-05-21 06:00:00
110535,B,2026-05-26 06:00:00
110536,B,2026-05-18 06:00:00
110537,A,2026-05-20 13:00:00
110538,A,2026-05-17 14:00:00
110539,A,2026-05-14 15:00:00
110540,B,2026-05-20 08:00:00
110541,B,2026-05-06 20:00:00
110542,B,2026-05-18 14:00:00
110543,B,2026-05-27 12:00:00
110544,A,2026-05-05 22:00:00
110545,A,2026-05-14 21:00:00
110546,B,2026-05-17 01:00:00
110547,B,2026-05-21 03:00:00
110548,A,2026-05-16 16:00:00
110549,B,2026-05-27 10:00:00
110550,B,2026-05-27 02:00:00
110551,A,2026-05-11 17:00:00
110552,A,2026-05-27 11:00:00
110553,A,2026-05-26 15:00:00
110554,A,2026-05-22 03:00:00
110555,A,2026-05-19 22:00:00
110556,B,2026-05-17 19:00:00
110557,B,2026-05-17 19:00:00
110558,B,2026-05-10 18:00:00
110559,A,2026-05-04 20:00:00
110560,B,2026-05-13 09:00:00
110561,B,2026-05-27 22:00:00
110562,B,2026-05-12 14:00:00
110563,A,2026-05-02 03:00:00
110564,A,2026-05-20 11:00:00
110565,A,2026-05-21 23:00:00
110566,A,2026-05-15 15:00:00
110567,A,2026-05-17 15:00:00
110568,B,2026-05-13 12:00:00
110569,A,2026-05-24 12:00:00
110570,A,2026-05-15 03:00:00
110571,B,2026-05-07 02:00:00
110572,B,2026-05-25 13:00:00
110573,A,2026-05-20 04:00:00
110574,B,2026-05-03 00:00:00
110575,B,2026-05-02 09:00:00
110576,A,2026-05-01 10:00:00
110577,B,2026-05-26 09:00:00
110578,B,2026-05-17 21:00:00
110579,A,2026-05-08 15:00:00
110580,A,2026-05-23 07:00:00
110581,A,2026-05-19 17:00:00
110582,A,2026-05-13 22:00:00
110583,A,2026-05-08 08:00:00
110584,B,2026-05-02 06:00:00
110585,B,2026-05-01 02:00:00
110586,B,2026-05-24 17:00:00
110587,A,2026-05-19 09:00:00
110588,A,2026-05-21 06:00:00
110589,B,2026-05-07 19:00:00
110590,A,2026-05-21 20:00:00
110591,A,2026-05-04 17:00:00
110592,B,2026-05-19 06:00:00
110593,B,2026-05-08 10:00:00
110594,A,2026-05-23 01:00:00
110595,A,2026-05-13 10:00:00
110596,B,2026-05-20 02:00:00
110597,B,2026-05-17 14:00:00
110598,B,2026-05-27 19:00:00
110599,A,2026-05-20 04:00:00
110600,A,2026-05-22 22:00:00
110601,A,2026-05-23 07:00:00
110602,A,2026-05-12 11:00:00
110603,B,2026-05-09 10:00:00
110604,B,2026-05-02 09:00:00
110605,A,2026-05-28 13:00:00
110606,B,2026-05-06 08:00:00
110607,A,2026-05-06 15:00:00
110608,B,2026-05-12 11:00:00
110609,B,2026-05-19 13:00:00
110610,B,2026-05-08 13:00:00
110611,B,2026-05-27 06:00:00
110612,A,2026-05-26 02:00:00
110613,B,2026-05-17 08:00:00
110614,A,2026-05-22 02:00:00
110615,A,2026-05-07 20:00:00
110616,B,2026-05-12 00:00:00
110617,A,2026-05-11 18:00:00
110618,A,2026-05-09 08:00:00
110619,B,2026-05-28 05:00:00
110620,A,2026-05-13 00:00:00
110621,A,2026-05-23 06:00:00
110622,A,2026-05-24 02:00:00
110623,A,2026-05-22 07:00:00
110624,B,2026-05-07 11:00:00
110625,B,2026-05-26 07:00:00
110626,A,2026-05-17 00:00:00
110627,B,2026-05-04 07:00:00
110628,B,2026-05-01 05:00:00
110629,A,2026-05-15 20:00:00
110630,B,2026-05-20 05:00:00
110631,A,2026-05-05 03:00:00
110632,B,2026-05-07 06:00:00
110633,B,2026-05-19 08:00:00
110634,A,2026-05-12 15:00:00
110635,A,2026-05-02 09:00:00
110636,B,2026-05-12 20:00:00
110637,B,2026-05-12 07:00:00
110638,A,2026-05-02 22:00:00
110639,B,2026-05-23 10:00:00
110640,B,2026-05-07 02:00:00
110641,B,2026-05-02 12:00:00
110642,A,2026-05-18 08:00:00
110643,A,2026-05-27 06:00:00
110644,A,2026-05-03 08:00:00
110645,A,2026-05-27 13:00:00
110646,A,2026-05-25 22:00:00
110647,B,2026-05-11 12:00:00
110648,B,2026-05-22 13:00:00
110649,A,2026-05-25 19:00:00
110650,A,2026-05-09 18:00:00
110651,B,2026-05-04 02:00:00
110652,B,2026-05-19 12:00:00
110653,B,2026-05-15 22:00:00
110654,B,2026-05-23 14:00:00
110655,B,2026-05-05 09:00:00
110656,B,2026-05-10 05:00:00
110657,B,2026-05-23 18:00:00
110658,B,2026-05-27 05:00:00
110659,A,2026-05-22 16:00:00
110660,B,2026-05-16 08:00:00
110661,A,2026-05-16 20:00:00
110662,A,2026-05-27 21:00:00
110663,A,2026-05-12 00:00:00
110664,B,2026-05-12 21:00:00
110665,B,2026-05-08 11:00:00
110666,B,2026-05-16 20:00:00
110667,B,2026-05-27 09:00:00
110668,A,2026-05-10 07:00:00
110669,A,2026-05-28 21:00:00
110670,A,2026-05-10 11:00:00
110671,A,2026-05-02 18:00:00
110672,B,2026-05-15 06:00:00
110673,B,2026-05-16 06:00:00
110674,B,2026-05-15 10:00:00
110675,B,2026-05-18 07:00:00
110676,A,2026-05-09 13:00:00
110677,A,2026-05-14 18:00:00
110678,A,2026-05-22 22:00:00
110679,B,2026-05-11 08:00:00
110680,A,2026-05-23 08:00:00
110681,A,2026-05-15 00:00:00
110682,B,2026-05-01 23:00:00
110683,B,2026-05-21 07:00:00
110684,A,2026-05-19 10:00:00
110685,B,2026-05-02 06:00:00
110686,A,2026-05-13 10:00:00
110687,B,2026-05-09 05:00:00
110688,B,2026-05-19 03:00:00
110689,A,2026-05-07 07:00:00
110690,B,2026-05-18 07:00:00
110691,A,2026-05-15 23:00:00
110692,A,2026-05-19 10:00:00
110693,A,2026-05-18 12:00:00
110694,B,2026-05-20 23:00:00
110695,A,2026-05-26 09:00:00
110696,B,2026-05-28 09:00:00
110697,A,2026-05-12 22:00:00
110698,A,2026-05-22 09:00:00
110699,A,2026-05-19 10:00:00
110700,A,2026-05-13 13:00:00
110701,B,2026-05-27 12:00:00
110702,B,2026-05-13 12:00:00
110703,A,2026-05-11 06:00:00
110704,A,2026-05-22 08:00:00
110705,A,2026-05-25 19:00:00
110706,A,2026-05-13 21:00:00
110707,B,2026-05-18 17:00:00
110708,A,2026-05-04 02:00:00
110709,B,2026-05-11 18:00:00
110710,B,2026-05-24 07:00:00
110711,B,2026-05-09 07:00:00
110712,B,2026-05-16 17:00:00
110713,A,2026-05-10 14:00:00
110714,A,2026-05-17 19:00:00
110715,A,2026-05-13 11:00:00
110716,A,2026-05-15 21:00:00
110717,B,2026-05-03 07:00:00
110718,A,2026-05-10 05:00:00
110719,A,2026-05-05 16:00:00
110720,B,2026-05-23 21:00:00
110721,B,2026-05-22 08:00:00
110722,B,2026-05-19 01:00:00
110723,A,2026-05-26 22:00:00
110724,B,2026-05-26 21:00:00
110725,B,2026-05-13 11:00:00
110726,B,2026-05-07 12:00:00
110727,A,2026-05-01 01:00:00
110728,B,2026-05-19 22:00:00
110729,A,2026-05-26 02:00:00
110730,B,2026-05-14 19:00:00
110731,B,2026-05-23 01:00:00
110732,A,2026-05-06 01:00:00
110733,A,2026-05-03 05:00:00
110734,A,2026-05-04 20:00:00
110735,B,2026-05-06 19:00:00
110736,A,2026-05-03 04:00:00
110737,B,2026-05-27 02:00:00
110738,B,2026-05-16 05:00:00
110739,A,2026-05-26 18:00:00
110740,B,2026-05-19 10:00:00
110741,B,2026-05-13 20:00:00
110742,A,2026-05-09 20:00:00
110743,A,2026-05-06 16:00:00
110744,A,2026-05-20 17:00:00
110745,B,2026-05-25 13:00:00
110746,B,2026-05-10 01:00:00
110747,A,2026-05-24 12:00:00
110748,A,2026-05-22 23:00:00
110749,B,2026-05-17 09:00:00
110750,A,2026-05-21 07:00:00
110751,B,2026-05-16 09:00:00
110752,A,2026-05-16 03:00:00
110753,A,2026-05-18 13:00:00
110754,A,2026-05-23 16:00:00
110755,B,2026-05-22 01:00:00
110756,B,2026-05-21 01:00:00
110757,B,2026-05-07 17:00:00
110758,A,2026-05-15 04:00:00
110759,B,2026-05-28 15:00:00
110760,A,2026-05-20 21:00:00
110761,B,2026-05-25 15:00:00
110762,B,2026-05-17 18:00:00
110763,B,2026-05-03 16:00:00
110764,B,2026-05-05 02:00:00
110765,A,2026-05-24 00:00:00
110766,B,2026-05-04 07:00:00
110767,B,2026-05-03 21:00:00
110768,B,2026-05-17 10:00:00
110769,A,2026-05-21 20:00:00
110770,A,2026-05-05 12:00:00
110771,A,2026-05-23 04:00:00
110772,A,2026-05-13 02:00:00
110773,A,2026-05-12 10:00:00
110774,A,2026-05-18 11:00:00
110775,B,2026-05-25 23:00:00
110776,B,2026-05-26 22:00:00
110777,B,2026-05-18 09:00:00
110778,B,2026-05-15 17:00:00
110779,A,2026-05-26 16:00:00
110780,A,2026-05-27 20:00:00
110781,B,2026-05-25 06:00:00
110782,A,2026-05-12 17:00:00
110783,B,2026-05-27 19:00:00
110784,B,2026-05-14 07:00:00
110785,B,2026-05-03 23:00:00
110786,B,2026-05-03 18:00:00
110787,A,2026-05-03 00:00:00
110788,A,2026-05-04 08:00:00
110789,B,2026-05-16 13:00:00
110790,B,2026-05-09 15:00:00
110791,B,2026-05-03 15:00:00
110792,B,2026-05-26 18:00:00
110793,B,2026-05-02 21:00:00
110794,A,2026-05-12 22:00:00
110795,A,2026-05-19 20:00:00
110796,A,2026-05-28 15:00:00
110797,B,2026-05-02 05:00:00
110798,A,2026-05-11 01:00:00
110799,A,2026-05-28 02:00:00
110800,A,2026-05-19 06:00:00
110801,A,2026-05-21 03:00:00
110802,B,2026-05-25 11:00:00
110803,B,2026-05-19 05:00:00
110804,A,2026-05-20 05:00:00
110805,B,2026-05-22 21:00:00
110806,B,2026-05-28 19:00:00
110807,B,2026-05-02 16:00:00
110808,A,2026-05-16 21:00:00
110809,B,2026-05-11 12:00:00
110810,A,2026-05-02 03:00:00
110811,B,2026-05-19 12:00:00
110812,B,2026-05-14 06:00:00
110813,A,2026-05-24 14:00:00
110814,A,2026-05-24 15:00:00
110815,A,2026-05-28 18:00:00
110816,B,2026-05-28 00:00:00
110817,B,2026-05-17 14:00:00
110818,B,2026-05-05 01:00:00
110819,B,2026-05-18 21:00:00
110820,A,2026-05-06 11:00:00
110821,A,2026-05-25 06:00:00
110822,A,2026-05-07 16:00:00
110823,B,2026-05-09 17:00:00
110824,A,2026-05-27 23:00:00
110825,A,2026-05-21 04:00:00
110826,B,2026-05-22 23:00:00
110827,B,2026-05-07 09:00:00
110828,B,2026-05-08 02:00:00
110829,B,2026-05-23 00:00:00
110830,B,2026-05-14 13:00:00
110831,B,2026-05-08 07:00:00
110832,A,2026-05-07 07:00:00
110833,B,2026-05-19 23:00:00
110834,B,2026-05-12 19:00:00
110835,A,2026-05-27 09:00:00
110836,B,2026-05-05 02:00:00
110837,A,2026-05-24 09:00:00
110838,A,2026-05-17 13:00:00
110839,B,2026-05-13 19:00:00
110840,B,2026-05-18 03:00:00
110841,B,2026-05-05 22:00:00
110842,A,2026-05-16 03:00:00
110843,B,2026-05-22 19:00:00
110844,B,2026-05-05 01:00:00
110845,B,2026-05-21 00:00:00
110846,B,2026-05-27 20:00:00
110847,A,2026-05-23 09:00:00
110848,B,2026-05-02 13:00:00
110849,A,2026-05-11 17:00:00
110850,B,2026-05-04 03:00:00
110851,A,2026-05-09 02:00:00
110852,A,2026-05-26 01:00:00
110853,A,2026-05-03 02:00:00
110854,B,2026-05-28 06:00:00
110855,A,2026-05-22 10:00:00
110856,B,2026-05-01 15:00:00
110857,B,2026-05-12 21:00:00
110858,A,2026-05-07 03:00:00
110859,A,2026-05-17 16:00:00
110860,B,2026-05-17 13:00:00
110861,A,2026-05-27 04:00:00
110862,B,2026-05-20 14:00:00
110863,A,2026-05-10 22:00:00
110864,B,2026-05-07 22:00:00
110865,B,2026-05-03 04:00:00
110866,A,2026-05-16 17:00:00
110867,A,2026-05-14 21:00:00
110868,A,2026-05-05 07:00:00
110869,A,2026-05-06 04:00:00
110870,B,2026-05-22 01:00:00
110871,A,2026-05-28 22:00:00
110872,A,2026-05-28 01:00:00
110873,A,2026-05-21 05:00:00
110874,A,2026-05-21 12:00:00
110875,A,2026-05-17 00:00:00
110876,A,2026-05-02 01:00:00
110877,A,2026-05-12 22:00:00
110878,A,2026-05-01 02:00:00
110879,B,2026-05-19 01:00:00
110880,A,2026-05-10 20:00:00
110881,A,2026-05-14 00:00:00
110882,B,2026-05-28 21:00:00
110883,B,2026-05-11 05:00:00
110884,B,2026-05-28 05:00:00
110885,B,2026-05-03 05:00:00
110886,B,2026-05-13 01:00:00
110887,A,2026-05-10 21:00:00
110888,A,2026-05-07 01:00:00
110889,A,2026-05-02 16:00:00
110890,B,2026-05-06 01:00:00
110891,A,2026-05-07 05:00:00
110892,B,2026-05-25 22:00:00
110893,B,2026-05-01 21:00:00
110894,A,2026-05-10 06:00:00
110895,A,2026-05-27 06:00:00
110896,B,2026-05-28 00:00:00
110897,B,2026-05-17 01:00:00
110898,A,2026-05-20 20:00:00
110899,B,2026-05-14 02:00:00
110900,B,2026-05-27 19:00:00
110901,A,2026-05-11 12:00:00
110902,B,2026-05-25 22:00:00
110903,A,2026-05-05 05:00:00
110904,B,2026-05-04 22:00:00
110905,B,2026-05-05 10:00:00
110906,B,2026-05-17 19:00:00
110907,B,2026-05-22 18:00:00
110908,A,2026-05-20 07:00:00
110909,B,2026-05-06 04:00:00
110910,B,2026-05-21 17:00:00
110911,B,2026-05-17 02:00:00
110912,A,2026-05-22 10:00:00
110913,B,2026-05-27 23:00:00
110914,B,2026-05-19 06:00:00
110915,B,2026-05-17 13:00:00
110916,B,2026-05-17 14:00:00
110917,A,2026-05-21 14:00:00
110918,A,2026-05-17 18:00:00
110919,A,2026-05-02 03:00:00
110920,A,2026-05-09 15:00:00
110921,A,2026-05-12 14:00:00
110922,A,2026-05-18 09:00:00
110923,B,2026-05-28 04:00:00
110924,A,2026-05-26 01:00:00
110925,B,2026-05-28 18:00:00
110926,A,2026-05-06 23:00:00
110927,B,2026-05-01 07:00:00
110928,A,2026-05-01 01:00:00
110929,A,2026-05-16 17:00:00
110930,B,2026-05-28 11:00:00
110931,B,2026-05-16 01:00:00
110932,B,2026-05-15 04:00:00
110933,A,2026-05-21 13:00:00
110934,A,2026-05-13 03:00:00
110935,B,2026-05-01 08:00:00
110936,A,2026-05-09 10:00:00
110937,A,2026-05-21 22:00:00
110938,B,2026-05-07 22:00:00
110939,B,2026-05-20 02:00:00
110940,B,2026-05-08 16:00:00
110941,B,2026-05-01 20:00:00
110942,A,2026-05-16 19:00:00
110943,A,2026-05-21 04:00:00
110944,B,2026-05-10 04:00:00
110945,B,2026-05-10 14:00:00
110946,A,2026-05-15 02:00:00
110947,B,2026-05-03 02:00:00
110948,B,2026-05-16 14:00:00
110949,A,2026-05-11 02:00:00
110950,A,2026-05-22 22:00:00
110951,A,2026-05-27 01:00:00
110952,A,2026-05-10 23:00:00
110953,B,2026-05-26 14:00:00
110954,A,2026-05-16 23:00:00
110955,A,2026-05-13 05:00:00
110956,A,2026-05-03 01:00:00
110957,B,2026-05-14 12:00:00
110958,B,2026-05-26 21:00:00
110959,A,2026-05-06 11:00:00
110960,B,2026-05-04 03:00:00
110961,B,2026-05-23 05:00:00
110962,B,2026-05-25 20:00:00
110963,A,2026-05-06 20:00:00
110964,A,2026-05-07 18:00:00
110965,A,2026-05-13 20:00:00
110966,B,2026-05-20 13:00:00
110967,A,2026-05-12 21:00:00
110968,B,2026-05-28 06:00:00
110969,A,2026-05-19 07:00:00
110970,A,2026-05-09 22:00:00
110971,B,2026-05-11 19:00:00
110972,B,2026-05-13 19:00:00
110973,A,2026-05-13 07:00:00
110974,B,2026-05-26 07:00:00
110975,A,2026-05-24 13:00:00
110976,B,2026-05-25 19:00:00
110977,B,2026-05-15 10:00:00
110978,A,2026-05-10 11:00:00
110979,B,2026-05-05 17:00:00
110980,B,2026-05-06 23:00:00
110981,A,2026-05-03 03:00:00
110982,B,2026-05-19 09:00:00
110983,B,2026-05-09 06:00:00
110984,A,2026-05-20 01:00:00
110985,B,2026-05-21 10:00:00
110986,A,2026-05-04 00:00:00
110987,B,2026-05-16 05:00:00
110988,B,2026-05-09 23:00:00
110989,A,2026-05-16 00:00:00
110990,B,2026-05-28 08:00:00
110991,A,2026-05-13 20:00:00
110992,B,2026-05-03 13:00:00
110993,B,2026-05-05 18:00:00
110994,B,2026-05-19 11:00:00
110995,B,2026-05-13 14:00:00
110996,A,2026-05-13 01:00:00
110997,B,2026-05-22 06:00:00
110998,A,2026-05-21 18:00:00
110999,A,2026-05-10 05:00:00
111000,A,2026-05-04 07:00:00
111001,B,2026-05-23 16:00:00
111002,A,2026-05-06 18:00:00
111003,A,2026-05-18 09:00:00
111004,A,2026-05-06 05:00:00
111005,A,2026-05-27 11:00:00
111006,A,2026-05-08 21:00:00
111007,B,2026-05-12 14:00:00
111008,A,2026-05-02 14:00:00
111009,A,2026-05-11 00:00:00
111010,A,2026-05-03 22:00:00
111011,B,2026-05-04 14:00:00
111012,B,2026-05-04 11:00:00
111013,A,2026-05-14 13:00:00
111014,B,2026-05-24 01:00:00
111015,A,2026-05-25 08:00:00
111016,A,2026-05-02 18:00:00
111017,A,2026-05-07 00:00:00
111018,A,2026-05-02 02:00:00
111019,B,2026-05-12 11:00:00
111020,A,2026-05-26 00:00:00
111021,B,2026-05-09 04:00:00
111022,A,2026-05-16 20:00:00
111023,B,2026-05-03 01:00:00
111024,A,2026-05-10 08:00:00
111025,B,2026-05-24 04:00:00
111026,A,2026-05-01 09:00:00
111027,A,2026-05-15 04:00:00
111028,B,2026-05-13 15:00:00
111029,B,2026-05-16 03:00:00
111030,A,2026-05-17 01:00:00
111031,A,2026-05-01 00:00:00
111032,A,2026-05-23 07:00:00
111033,B,2026-05-26 23:00:00
111034,A,2026-05-26 15:00:00
111035,B,2026-05-01 13:00:00
111036,A,2026-05-28 19:00:00
111037,B,2026-05-08 04:00:00
111038,B,2026-05-01 06:00:00
111039,A,2026-05-05 19:00:00
111040,B,2026-05-10 15:00:00
111041,A,2026-05-25 08:00:00
111042,A,2026-05-08 02:00:00
111043,A,2026-05-02 02:00:00
111044,B,2026-05-12 14:00:00
111045,A,2026-05-22 05:00:00
111046,A,2026-05-13 23:00:00
111047,A,2026-05-03 08:00:00
111048,A,2026-05-08 00:00:00
111049,B,2026-05-27 08:00:00
111050,B,2026-05-16 11:00:00
111051,A,2026-05-03 21:00:00
111052,B,2026-05-18 19:00:00
111053,A,2026-05-19 22:00:00
111054,A,2026-05-02 01:00:00
111055,A,2026-05-02 07:00:00
111056,B,2026-05-27 08:00:00
111057,A,2026-05-14 15:00:00
111058,B,2026-05-20 06:00:00
111059,B,2026-05-13 19:00:00
111060,B,2026-05-26 14:00:00
111061,B,2026-05-25 02:00:00
111062,B,2026-05-23 10:00:00
111063,B,2026-05-16 21:00:00
111064,B,2026-05-07 03:00:00
111065,A,2026-05-12 10:00:00
111066,A,2026-05-26 01:00:00
111067,A,2026-05-19 17:00:00
111068,A,2026-05-11 02:00:00
111069,B,2026-05-12 11:00:00
111070,B,2026-05-02 01:00:00
111071,A,2026-05-27 13:00:00
111072,A,2026-05-18 04:00:00
111073,B,2026-05-07 03:00:00
111074,B,2026-05-28 01:00:00
111075,A,2026-05-24 06:00:00
111076,A,2026-05-14 09:00:00
111077,B,2026-05-11 02:00:00
111078,B,2026-05-26 00:00:00
111079,B,2026-05-24 04:00:00
111080,B,2026-05-11 06:00:00
111081,B,2026-05-02 00:00:00
111082,B,2026-05-22 12:00:00
111083,B,2026-05-16 22:00:00
111084,A,2026-05-04 03:00:00
111085,A,2026-05-21 18:00:00
111086,B,2026-05-25 12:00:00
111087,B,2026-05-05 00:00:00
111088,B,2026-05-10 01:00:00
111089,A,2026-05-02 22:00:00
111090,A,2026-05-18 00:00:00
111091,B,2026-05-18 13:00:00
111092,A,2026-05-10 18:00:00
111093,B,2026-05-21 23:00:00
111094,A,2026-05-16 03:00:00
111095,B,2026-05-02 02:00:00
111096,B,2026-05-12 09:00:00
111097,B,2026-05-04 15:00:00
111098,A,2026-05-04 04:00:00
111099,B,2026-05-25 13:00:00
111100,B,2026-05-11 14:00:00
111101,A,2026-05-20 06:00:00
111102,A,2026-05-22 18:00:00
111103,A,2026-05-17 00:00:00
111104,A,2026-05-08 09:00:00
111105,A,2026-05-04 07:00:00
111106,A,2026-05-07 13:00:00
111107,B,2026-05-26 20:00:00
111108,A,2026-05-20 05:00:00
111109,B,2026-05-07 16:00:00
111110,B,2026-05-08 21:00:00
111111,A,2026-05-23 09:00:00
111112,B,2026-05-10 04:00:00
111113,B,2026-05-16 13:00:00
111114,B,2026-05-27 14:00:00
111115,A,2026-05-06 07:00:00
111116,B,2026-05-10 22:00:00
111117,B,2026-05-09 00:00:00
111118,B,2026-05-21 15:00:00
111119,A,2026-05-15 18:00:00
111120,A,2026-05-12 16:00:00
111121,B,2026-05-12 10:00:00
111122,A,2026-05-06 19:00:00
111123,B,2026-05-07 03:00:00
111124,B,2026-05-11 04:00:00
111125,B,2026-05-15 11:00:00
111126,B,2026-05-01 10:00:00
111127,B,2026-05-13 14:00:00
111128,B,2026-05-11 01:00:00
111129,B,2026-05-14 01:00:00
111130,A,2026-05-15 12:00:00
111131,A,2026-05-27 11:00:00
111132,A,2026-05-12 07:00:00
111133,B,2026-05-22 19:00:00
111134,A,2026-05-26 18:00:00
111135,A,2026-05-11 23:00:00
111136,B,2026-05-11 20:00:00
111137,A,2026-05-10 03:00:00
111138,A,2026-05-02 17:00:00
111139,A,2026-05-12 16:00:00
111140,B,2026-05-18 01:00:00
111141,B,2026-05-28 12:00:00
111142,B,2026-05-23 10:00:00
111143,A,2026-05-20 08:00:00
111144,B,2026-05-17 19:00:00
111145,A,2026-05-21 07:00:00
111146,A,2026-05-12 04:00:00
111147,B,2026-05-17 23:00:00
111148,B,2026-05-08 01:00:00
111149,B,2026-05-20 14:00:00
111150,A,2026-05-13 15:00:00
111151,B,2026-05-02 05:00:00
111152,A,2026-05-14 09:00:00
111153,B,2026-05-10 20:00:00
111154,A,2026-05-20 06:00:00
111155,B,2026-05-24 09:00:00
111156,A,2026-05-21 17:00:00
111157,A,2026-05-03 02:00:00
111158,A,2026-05-05 23:00:00
111159,B,2026-05-14 01:00:00
111160,B,2026-05-12 19:00:00
111161,B,2026-05-05 03:00:00
111162,A,2026-05-21 05:00:00
111163,A,2026-05-04 10:00:00
111164,A,2026-05-18 01:00:00
111165,A,2026-05-19 16:00:00
111166,A,2026-05-27 05:00:00
111167,B,2026-05-18 04:00:00
111168,A,2026-05-28 19:00:00
111169,A,2026-05-06 20:00:00
111170,B,2026-05-15 08:00:00
111171,B,2026-05-13 11:00:00
111172,A,2026-05-20 00:00:00
111173,A,2026-05-19 01:00:00
111174,B,2026-05-18 23:00:00
111175,A,2026-05-01 18:00:00
111176,A,2026-05-25 08:00:00
111177,A,2026-05-07 21:00:00
111178,B,2026-05-11 15:00:00
111179,A,2026-05-01 00:00:00
111180,B,2026-05-12 09:00:00
111181,B,2026-05-25 19:00:00
111182,B,2026-05-27 21:00:00
111183,B,2026-05-11 01:00:00
111184,B,2026-05-03 02:00:00
111185,A,2026-05-07 22:00:00
111186,B,2026-05-19 18:00:00
111187,B,2026-05-08 01:00:00
111188,A,2026-05-02 01:00:00
111189,A,2026-05-17 02:00:00
111190,A,2026-05-05 04:00:00
111191,A,2026-05-28 03:00:00
111192,A,2026-05-10 02:00:00
111193,B,2026-05-22 21:00:00
111194,A,2026-05-08 06:00:00
111195,A,2026-05-21 17:00:00
111196,B,2026-05-02 13:00:00
111197,B,2026-05-23 11:00:00
111198,B,2026-05-03 14:00:00
111199,B,2026-05-15 02:00:00
111200,B,2026-05-03 03:00:00
111201,A,2026-05-19 04:00:00
111202,A,2026-05-28 01:00:00
111203,A,2026-05-10 18:00:00
111204,B,2026-05-28 09:00:00
111205,A,2026-05-01 07:00:00
111206,A,2026-05-13 17:00:00
111207,B,2026-05-24 21:00:00
111208,A,2026-05-06 22:00:00
111209,B,2026-05-25 02:00:00
111210,B,2026-05-10 08:00:00
111211,A,2026-05-09 21:00:00
111212,B,2026-05-18 10:00:00
111213,A,2026-05-11 16:00:00
111214,B,2026-05-19 03:00:00
111215,A,2026-05-02 11:00:00
111216,B,2026-05-02 11:00:00
111217,A,2026-05-25 12:00:00
111218,B,2026-05-20 06:00:00
111219,B,2026-05-18 18:00:00
111220,A,2026-05-04 00:00:00
111221,B,2026-05-06 19:00:00
111222,A,2026-05-17 19:00:00
111223,B,2026-05-14 00:00:00
111224,B,2026-05-16 06:00:00
111225,B,2026-05-28 11:00:00
111226,B,2026-05-04 16:00:00
111227,A,2026-05-07 16:00:00
111228,A,2026-05-05 20:00:00
111229,A,2026-05-27 10:00:00
111230,A,2026-05-11 06:00:00
111231,A,2026-05-12 21:00:00
111232,A,2026-05-20 18:00:00
111233,A,2026-05-13 02:00:00
111234,A,2026-05-05 20:00:00
111235,A,2026-05-10 03:00:00
111236,A,2026-05-04 07:00:00
111237,B,2026-05-28 01:00:00
111238,B,2026-05-13 18:00:00
111239,A,2026-05-23 03:00:00
111240,A,2026-05-24 03:00:00
111241,B,2026-05-18 19:00:00
111242,B,2026-05-18 08:00:00
111243,A,2026-05-27 00:00:00
111244,A,2026-05-02 16:00:00
111245,B,2026-05-07 07:00:00
111246,B,2026-05-14 08:00:00
111247,B,2026-05-05 06:00:00
111248,A,2026-05-25 01:00:00
111249,B,2026-05-18 08:00:00
111250,A,2026-05-11 10:00:00
111251,B,2026-05-15 22:00:00
111252,A,2026-05-19 03:00:00
111253,A,2026-05-25 07:00:00
111254,A,2026-05-12 09:00:00
111255,A,2026-05-15 17:00:00
111256,B,2026-05-15 01:00:00
111257,B,2026-05-11 16:00:00
111258,B,2026-05-21 00:00:00
111259,A,2026-05-05 12:00:00
111260,A,2026-05-10 19:00:00
111261,A,2026-05-26 20:00:00
111262,B,2026-05-19 01:00:00
111263,B,2026-05-25 23:00:00
111264,B,2026-05-08 08:00:00
111265,B,2026-05-10 16:00:00
111266,A,2026-05-20 21:00:00
111267,A,2026-05-25 10:00:00
111268,B,2026-05-02 12:00:00
111269,B,2026-05-20 09:00:00
111270,B,2026-05-19 02:00:00
111271,A,2026-05-18 09:00:00
111272,B,2026-05-22 09:00:00
111273,A,2026-05-15 14:00:00
111274,A,2026-05-08 23:00:00
111275,A,2026-05-20 22:00:00
111276,B,2026-05-13 02:00:00
111277,A,2026-05-14 22:00:00
111278,A,2026-05-08 00:00:00
111279,A,2026-05-22 19:00:00
111280,B,2026-05-12 00:00:00
111281,B,2026-05-05 04:00:00
111282,A,2026-05-05 23:00:00
111283,A,2026-05-14 03:00:00
111284,B,2026-05-03 15:00:00
111285,A,2026-05-01 09:00:00
111286,A,2026-05-16 20:00:00
111287,B,2026-05-12 09:00:00
111288,A,2026-05-06 00:00:00
111289,B,2026-05-02 00:00:00
111290,A,2026-05-07 20:00:00
111291,A,2026-05-27 16:00:00
111292,B,2026-05-22 11:00:00
111293,A,2026-05-02 03:00:00
111294,A,2026-05-05 10:00:00
111295,B,2026-05-09 03:00:00
111296,B,2026-05-23 05:00:00
111297,B,2026-05-23 21:00:00
111298,B,2026-05-03 14:00:00
111299,B,2026-05-17 21:00:00
111300,A,2026-05-17 04:00:00
111301,B,2026-05-11 00:00:00
111302,B,2026-05-25 23:00:00
111303,A,2026-05-01 04:00:00
111304,A,2026-05-05 14:00:00
111305,B,2026-05-28 13:00:00
111306,B,2026-05-09 22:00:00
111307,B,2026-05-15 02:00:00
111308,A,2026-05-21 11:00:00
111309,B,2026-05-02 08:00:00
111310,A,2026-05-09 19:00:00
111311,B,2026-05-13 23:00:00
111312,A,2026-05-26 18:00:00
111313,A,2026-05-17 00:00:00
111314,B,2026-05-19 15:00:00
111315,B,2026-05-09 14:00:00
111316,B,2026-05-26 13:00:00
111317,A,2026-05-28 06:00:00
111318,A,2026-05-11 19:00:00
111319,A,2026-05-24 15:00:00
111320,A,2026-05-08 21:00:00
111321,B,2026-05-02 20:00:00
111322,A,2026-05-09 14:00:00
111323,B,2026-05-03 20:00:00
111324,B,2026-05-18 20:00:00
111325,A,2026-05-24 10:00:00
111326,B,2026-05-23 22:00:00
111327,B,2026-05-27 04:00:00
111328,A,2026-05-06 22:00:00
111329,B,2026-05-07 16:00:00
111330,B,2026-05-25 09:00:00
111331,B,2026-05-19 00:00:00
111332,B,2026-05-12 13:00:00
111333,B,2026-05-15 13:00:00
111334,B,2026-05-25 22:00:00
111335,B,2026-05-18 07:00:00
111336,B,2026-05-13 23:00:00
111337,B,2026-05-08 03:00:00
111338,B,2026-05-05 07:00:00
111339,A,2026-05-28 03:00:00
111340,B,2026-05-05 20:00:00
111341,A,2026-05-03 01:00:00
111342,A,2026-05-05 23:00:00
111343,A,2026-05-20 03:00:00
111344,B,2026-05-19 18:00:00
111345,A,2026-05-16 11:00:00
111346,B,2026-05-10 10:00:00
111347,B,2026-05-19 00:00:00
111348,B,2026-05-24 04:00:00
111349,B,2026-05-17 12:00:00
111350,B,2026-05-15 16:00:00
111351,A,2026-05-25 07:00:00
111352,B,2026-05-21 00:00:00
111353,A,2026-05-13 10:00:00
111354,B,2026-05-22 00:00:00
111355,B,2026-05-19 20:00:00
111356,B,2026-05-22 19:00:00
111357,B,2026-05-18 21:00:00
111358,A,2026-05-01 19:00:00
111359,B,2026-05-08 17:00:00
111360,B,2026-05-18 14:00:00
111361,A,2026-05-19 09:00:00
111362,A,2026-05-08 13:00:00
111363,A,2026-05-05 14:00:00
111364,B,2026-05-26 01:00:00
111365,A,2026-05-10 14:00:00
111366,A,2026-05-15 19:00:00
111367,A,2026-05-08 20:00:00
111368,B,2026-05-03 21:00:00
111369,A,2026-05-03 15:00:00
111370,A,2026-05-19 04:00:00
111371,A,2026-05-22 18:00:00
111372,B,2026-05-05 12:00:00
111373,B,2026-05-22 16:00:00
111374,B,2026-05-02 08:00:00
111375,B,2026-05-25 06:00:00
111376,B,2026-05-04 02:00:00
111377,B,2026-05-14 14:00:00
111378,B,2026-05-08 07:00:00
111379,A,2026-05-16 23:00:00
111380,B,2026-05-13 11:00:00
111381,A,2026-05-25 11:00:00
111382,A,2026-05-16 08:00:00
111383,A,2026-05-01 11:00:00
111384,A,2026-05-03 12:00:00
111385,A,2026-05-03 10:00:00
111386,A,2026-05-27 19:00:00
111387,A,2026-05-25 20:00:00
111388,B,2026-05-08 06:00:00
111389,A,2026-05-09 18:00:00
111390,A,2026-05-05 03:00:00
111391,A,2026-05-21 11:00:00
111392,B,2026-05-18 11:00:00
111393,B,2026-05-22 20:00:00
111394,B,2026-05-21 06:00:00
111395,A,2026-05-12 18:00:00
111396,B,2026-05-25 07:00:00
111397,B,2026-05-25 18:00:00
111398,A,2026-05-03 12:00:00
111399,A,2026-05-01 15:00:00
111400,B,2026-05-22 14:00:00
111401,A,2026-05-21 18:00:00
111402,A,2026-05-21 05:00:00
111403,A,2026-05-07 01:00:00
111404,A,2026-05-05 11:00:00
111405,A,2026-05-05 11:00:00
111406,A,2026-05-24 21:00:00
111407,B,2026-05-08 16:00:00
111408,A,2026-05-12 05:00:00
111409,B,2026-05-08 06:00:00
111410,B,2026-05-15 06:00:00
111411,B,2026-05-25 10:00:00
111412,A,2026-05-03 19:00:00
111413,B,2026-05-26 03:00:00
111414,A,2026-05-02 21:00:00
111415,A,2026-05-02 05:00:00
111416,B,2026-05-15 14:00:00
111417,A,2026-05-23 09:00:00
111418,A,2026-05-22 04:00:00
111419,B,2026-05-28 07:00:00
111420,B,2026-05-07 04:00:00
111421,B,2026-05-21 07:00:00
111422,B,2026-05-05 12:00:00
111423,A,2026-05-15 23:00:00
111424,A,2026-05-16 14:00:00
111425,B,2026-05-17 21:00:00
111426,B,2026-05-19 05:00:00
111427,A,2026-05-17 11:00:00
111428,A,2026-05-19 20:00:00
111429,A,2026-05-22 02:00:00
111430,A,2026-05-03 11:00:00
111431,B,2026-05-11 18:00:00
111432,A,2026-05-19 20:00:00
111433,B,2026-05-11 11:00:00
111434,B,2026-05-12 18:00:00
111435,B,2026-05-24 17:00:00
111436,A,2026-05-02 06:00:00
111437,A,2026-05-01 00:00:00
111438,B,2026-05-17 12:00:00
111439,A,2026-05-15 18:00:00
111440,B,2026-05-27 01:00:00
111441,B,2026-05-08 17:00:00
111442,B,2026-05-03 11:00:00
111443,B,2026-05-20 23:00:00
111444,A,2026-05-03 13:00:00
111445,B,2026-05-22 05:00:00
111446,B,2026-05-13 06:00:00
111447,A,2026-05-01 22:00:00
111448,A,2026-05-01 06:00:00
111449,A,2026-05-04 09:00:00
111450,B,2026-05-01 08:00:00
111451,A,2026-05-09 15:00:00
111452,A,2026-05-17 21:00:00
111453,A,2026-05-13 10:00:00
111454,A,2026-05-15 13:00:00
111455,A,2026-05-08 17:00:00
111456,B,2026-05-22 18:00:00
111457,A,2026-05-23 19:00:00
111458,B,2026-05-15 09:00:00
111459,A,2026-05-15 09:00:00
111460,B,2026-05-17 00:00:00
111461,A,2026-05-02 13:00:00
111462,B,2026-05-17 04:00:00
111463,A,2026-05-03 01:00:00
111464,B,2026-05-14 17:00:00
111465,B,2026-05-23 19:00:00
111466,A,2026-05-07 11:00:00
111467,B,2026-05-18 14:00:00
111468,A,2026-05-25 22:00:00
111469,B,2026-05-18 00:00:00
111470,A,2026-05-02 07:00:00
111471,B,2026-05-15 02:00:00
111472,B,2026-05-25 19:00:00
111473,B,2026-05-09 00:00:00
111474,B,2026-05-27 21:00:00
111475,B,2026-05-20 17:00:00
111476,A,2026-05-07 14:00:00
111477,B,2026-05-18 22:00:00
111478,B,2026-05-20 19:00:00
111479,A,2026-05-24 13:00:00
111480,A,2026-05-22 16:00:00
111481,B,2026-05-17 14:00:00
111482,A,2026-05-18 02:00:00
111483,A,2026-05-22 09:00:00
111484,B,2026-05-11 16:00:00
111485,A,2026-05-28 15:00:00
111486,B,2026-05-08 16:00:00
111487,A,2026-05-17 03:00:00
111488,A,2026-05-26 05:00:00
111489,A,2026-05-25 20:00:00
111490,A,2026-05-28 12:00:00
111491,B,2026-05-13 07:00:00
111492,B,2026-05-12 08:00:00
111493,A,2026-05-16 03:00:00
111494,A,2026-05-04 13:00:00
111495,A,2026-05-11 05:00:00
111496,B,2026-05-26 01:00:00
111497,B,2026-05-21 05:00:00
111498,A,2026-05-07 21:00:00
111499,A,2026-05-16 13:00:00
111500,A,2026-05-03 03:00:00
111501,A,2026-05-27 12:00:00
111502,B,2026-05-11 15:00:00
111503,A,2026-05-17 04:00:00
111504,B,2026-05-03 08:00:00
111505,B,2026-05-08 17:00:00
111506,B,2026-05-19 10:00:00
111507,A,2026-05-15 17:00:00
111508,B,2026-05-18 00:00:00
111509,B,2026-05-08 09:00:00
111510,A,2026-05-03 02:00:00
111511,A,2026-05-17 18:00:00
111512,A,2026-05-10 07:00:00
111513,B,2026-05-27 08:00:00
111514,B,2026-05-22 09:00:00
111515,A,2026-05-16 11:00:00
111516,B,2026-05-10 06:00:00
111517,A,2026-05-19 17:00:00
111518,A,2026-05-15 19:00:00
111519,B,2026-05-17 23:00:00
111520,A,2026-05-25 18:00:00
111521,B,2026-05-01 01:00:00
111522,B,2026-05-19 03:00:00
111523,B,2026-05-25 15:00:00
111524,A,2026-05-12 03:00:00
111525,B,2026-05-17 22:00:00
111526,A,2026-05-16 05:00:00
111527,A,2026-05-07 17:00:00
111528,A,2026-05-15 19:00:00
111529,B,2026-05-11 13:00:00
111530,A,2026-05-27 03:00:00
111531,A,2026-05-10 13:00:00
111532,B,2026-05-27 00:00:00
111533,B,2026-05-24 08:00:00
111534,B,2026-05-19 23:00:00
111535,A,2026-05-23 09:00:00
111536,B,2026-05-19 02:00:00
111537,A,2026-05-27 00:00:00
111538,A,2026-05-05 13:00:00
111539,B,2026-05-28 00:00:00
111540,A,2026-05-13 22:00:00
111541,B,2026-05-17 18:00:00
111542,B,2026-05-15 05:00:00
111543,A,2026-05-23 07:00:00
111544,A,2026-05-19 08:00:00
111545,B,2026-05-18 18:00:00
111546,A,2026-05-10 11:00:00
111547,A,2026-05-10 17:00:00
111548,A,2026-05-08 11:00:00
111549,B,2026-05-18 11:00:00
111550,B,2026-05-02 01:00:00
111551,B,2026-05-09 06:00:00
111552,A,2026-05-25 23:00:00
111553,A,2026-05-04 18:00:00
111554,B,2026-05-10 11:00:00
111555,A,2026-05-10 08:00:00
111556,A,2026-05-22 06:00:00
111557,B,2026-05-05 16:00:00
111558,A,2026-05-03 14:00:00
111559,A,2026-05-24 16:00:00
111560,A,2026-05-27 18:00:00
111561,A,2026-05-12 18:00:00
111562,A,2026-05-21 08:00:00
111563,A,2026-05-16 15:00:00
111564,B,2026-05-08 17:00:00
111565,A,2026-05-18 20:00:00
111566,A,2026-05-17 06:00:00
111567,A,2026-05-17 03:00:00
111568,A,2026-05-08 01:00:00
111569,B,2026-05-03 08:00:00
111570,B,2026-05-13 08:00:00
111571,A,2026-05-26 05:00:00
111572,B,2026-05-05 04:00:00
111573,A,2026-05-11 01:00:00
111574,B,2026-05-22 09:00:00
111575,A,2026-05-05 10:00:00
111576,A,2026-05-28 11:00:00
111577,A,2026-05-24 23:00:00
111578,B,2026-05-05 07:00:00
111579,A,2026-05-09 21:00:00
111580,B,2026-05-03 10:00:00
111581,A,2026-05-21 20:00:00
111582,A,2026-05-22 22:00:00
111583,A,2026-05-05 16:00:00
111584,B,2026-05-15 16:00:00
111585,B,2026-05-12 14:00:00
111586,B,2026-05-05 20:00:00
111587,A,2026-05-10 15:00:00
111588,B,2026-05-24 22:00:00
111589,A,2026-05-22 21:00:00
111590,B,2026-05-15 20:00:00
111591,A,2026-05-11 01:00:00
111592,B,2026-05-11 19:00:00
111593,B,2026-05-24 16:00:00
111594,A,2026-05-28 04:00:00
111595,B,2026-05-06 07:00:00
111596,A,2026-05-25 20:00:00
111597,A,2026-05-26 02:00:00
111598,A,2026-05-03 03:00:00
111599,B,2026-05-01 21:00:00
111600,A,2026-05-18 10:00:00
111601,B,2026-05-26 11:00:00
111602,A,2026-05-24 10:00:00
111603,B,2026-05-01 22:00:00
111604,A,2026-05-26 15:00:00
111605,A,2026-05-12 06:00:00
111606,A,2026-05-06 14:00:00
111607,B,2026-05-20 03:00:00
111608,A,2026-05-16 13:00:00
111609,B,2026-05-13 06:00:00
111610,A,2026-05-10 15:00:00
111611,A,2026-05-20 20:00:00
111612,B,2026-05-08 05:00:00
111613,A,2026-05-03 18:00:00
111614,B,2026-05-28 22:00:00
111615,A,2026-05-06 02:00:00
111616,B,2026-05-12 21:00:00
111617,A,2026-05-28 06:00:00
111618,A,2026-05-14 16:00:00
111619,B,2026-05-12 12:00:00
111620,B,2026-05-08 16:00:00
111621,A,2026-05-06 07:00:00
111622,B,2026-05-07 21:00:00
111623,A,2026-05-02 10:00:00
111624,B,2026-05-11 23:00:00
111625,A,2026-05-12 16:00:00
111626,B,2026-05-05 13:00:00
111627,A,2026-05-02 22:00:00
111628,A,2026-05-17 06:00:00
111629,B,2026-05-22 10:00:00
111630,B,2026-05-20 12:00:00
111631,A,2026-05-19 06:00:00
111632,A,2026-05-27 23:00:00
111633,A,2026-05-04 11:00:00
111634,A,2026-05-11 06:00:00
111635,A,2026-05-02 22:00:00
111636,B,2026-05-12 11:00:00
111637,A,2026-05-09 12:00:00
111638,B,2026-05-11 16:00:00
111639,B,2026-05-04 14:00:00
111640,A,2026-05-02 01:00:00
111641,B,2026-05-20 19:00:00
111642,A,2026-05-19 08:00:00
111643,B,2026-05-18 13:00:00
111644,A,2026-05-06 22:00:00
111645,B,2026-05-06 14:00:00
111646,A,2026-05-06 20:00:00
111647,B,2026-05-20 14:00:00
111648,A,2026-05-04 15:00:00
111649,A,2026-05-10 19:00:00
111650,B,2026-05-08 12:00:00
111651,B,2026-05-09 10:00:00
111652,B,2026-05-27 23:00:00
111653,B,2026-05-24 13:00:00
111654,B,2026-05-26 20:00:00
111655,A,2026-05-10 13:00:00
111656,B,2026-05-25 11:00:00
111657,B,2026-05-06 09:00:00
111658,B,2026-05-08 18:00:00
111659,B,2026-05-28 06:00:00
111660,B,2026-05-04 14:00:00
111661,A,2026-05-20 16:00:00
111662,B,2026-05-14 07:00:00
111663,A,2026-05-13 12:00:00
111664,A,2026-05-01 16:00:00
111665,A,2026-05-12 18:00:00
111666,B,2026-05-04 19:00:00
111667,A,2026-05-20 05:00:00
111668,B,2026-05-05 02:00:00
111669,A,2026-05-05 21:00:00
111670,B,2026-05-23 06:00:00
111671,B,2026-05-15 18:00:00
111672,A,2026-05-17 05:00:00
111673,B,2026-05-15 19:00:00
111674,B,2026-05-13 11:00:00
111675,B,2026-05-23 16:00:00
111676,B,2026-05-01 15:00:00
111677,A,2026-05-11 10:00:00
111678,B,2026-05-06 02:00:00
111679,A,2026-05-04 13:00:00
111680,A,2026-05-23 11:00:00
111681,B,2026-05-14 11:00:00
111682,A,2026-05-07 00:00:00
111683,A,2026-05-19 16:00:00
111684,B,2026-05-23 23:00:00
111685,A,2026-05-02 19:00:00
111686,B,2026-05-24 19:00:00
111687,B,2026-05-16 20:00:00
111688,B,2026-05-03 16:00:00
111689,B,2026-05-12 19:00:00
111690,B,2026-05-04 19:00:00
111691,B,2026-05-13 10:00:00
111692,A,2026-05-09 02:00:00
111693,B,2026-05-14 22:00:00
111694,B,2026-05-09 11:00:00
111695,A,2026-05-11 01:00:00
111696,B,2026-05-16 18:00:00
111697,A,2026-05-02 11:00:00
111698,B,2026-05-25 20:00:00
111699,A,2026-05-02 10:00:00
111700,B,2026-05-07 19:00:00
111701,B,2026-05-15 02:00:00
111702,B,2026-05-02 18:00:00
111703,B,2026-05-13 00:00:00
111704,A,2026-05-10 02:00:00
111705,B,2026-05-04 20:00:00
111706,B,2026-05-28 21:00:00
111707,B,2026-05-20 14:00:00
111708,B,2026-05-27 14:00:00
111709,A,2026-05-19 18:00:00
111710,B,2026-05-03 14:00:00
111711,A,2026-05-11 14:00:00
111712,B,2026-05-11 22:00:00
111713,B,2026-05-25 10:00:00
111714,A,2026-05-01 14:00:00
111715,A,2026-05-18 04:00:00
111716,B,2026-05-02 18:00:00
111717,B,2026-05-24 00:00:00
111718,A,2026-05-24 16:00:00
111719,B,2026-05-09 02:00:00
111720,B,2026-05-13 01:00:00
111721,B,2026-05-19 22:00:00
111722,B,2026-05-19 23:00:00
111723,A,2026-05-09 20:00:00
111724,B,2026-05-23 07:00:00
111725,B,2026-05-16 22:00:00
111726,A,2026-05-28 14:00:00
111727,B,2026-05-20 07:00:00
111728,A,2026-05-03 13:00:00
111729,A,2026-05-22 01:00:00
111730,A,2026-05-12 20:00:00
111731,B,2026-05-11 02:00:00
111732,A,2026-05-24 11:00:00
111733,A,2026-05-11 19:00:00
111734,A,2026-05-02 18:00:00
111735,A,2026-05-21 08:00:00
111736,A,2026-05-04 14:00:00
111737,A,2026-05-08 23:00:00
111738,A,2026-05-09 22:00:00
111739,B,2026-05-22 08:00:00
111740,B,2026-05-16 11:00:00
111741,A,2026-05-22 04:00:00
111742,A,2026-05-12 05:00:00
111743,A,2026-05-10 00:00:00
111744,B,2026-05-13 16:00:00
111745,A,2026-05-06 15:00:00
111746,B,2026-05-17 15:00:00
111747,B,2026-05-26 02:00:00
111748,B,2026-05-10 15:00:00
111749,B,2026-05-16 00:00:00
111750,B,2026-05-03 04:00:00
111751,B,2026-05-10 08:00:00
111752,B,2026-05-25 17:00:00
111753,A,2026-05-25 23:00:00
111754,B,2026-05-07 00:00:00
111755,A,2026-05-15 02:00:00
111756,B,2026-05-09 08:00:00
111757,B,2026-05-18 06:00:00
111758,B,2026-05-01 21:00:00
111759,A,2026-05-06 11:00:00
111760,A,2026-05-10 22:00:00
111761,B,2026-05-04 13:00:00
111762,B,2026-05-20 05:00:00
111763,B,2026-05-10 12:00:00
111764,A,2026-05-13 05:00:00
111765,B,2026-05-17 03:00:00
111766,B,2026-05-12 14:00:00
111767,A,2026-05-10 13:00:00
111768,A,2026-05-08 03:00:00
111769,B,2026-05-18 09:00:00
111770,A,2026-05-02 11:00:00
111771,A,2026-05-27 04:00:00
111772,B,2026-05-03 15:00:00
111773,B,2026-05-28 10:00:00
111774,B,2026-05-28 19:00:00
111775,A,2026-05-21 06:00:00
111776,B,2026-05-18 00:00:00
111777,A,2026-05-12 07:00:00
111778,B,2026-05-08 21:00:00
111779,B,2026-05-26 15:00:00
111780,A,2026-05-19 21:00:00
111781,A,2026-05-11 00:00:00
111782,B,2026-05-25 13:00:00
111783,A,2026-05-16 07:00:00
111784,A,2026-05-23 10:00:00
111785,A,2026-05-16 06:00:00
111786,A,2026-05-27 21:00:00
111787,A,2026-05-22 06:00:00
111788,A,2026-05-20 23:00:00
111789,B,2026-05-15 18:00:00
111790,A,2026-05-09 05:00:00
111791,A,2026-05-01 05:00:00
111792,A,2026-05-15 11:00:00
111793,A,2026-05-17 19:00:00
111794,B,2026-05-19 22:00:00
111795,A,2026-05-07 08:00:00
111796,B,2026-05-19 10:00:00
111797,A,2026-05-08 07:00:00
111798,A,2026-05-24 18:00:00
111799,A,2026-05-03 08:00:00
111800,A,2026-05-17 19:00:00
111801,A,2026-05-20 01:00:00
111802,B,2026-05-10 11:00:00
111803,A,2026-05-02 20:00:00
111804,A,2026-05-15 19:00:00
111805,A,2026-05-19 15:00:00
111806,A,2026-05-18 00:00:00
111807,B,2026-05-26 18:00:00
111808,B,2026-05-17 00:00:00
111809,A,2026-05-03 08:00:00
111810,A,2026-05-28 04:00:00
111811,A,2026-05-18 01:00:00
111812,B,2026-05-03 09:00:00
111813,A,2026-05-25 17:00:00
111814,B,2026-05-06 01:00:00
111815,A,2026-05-16 16:00:00
111816,B,2026-05-05 01:00:00
111817,A,2026-05-14 02:00:00
111818,B,2026-05-21 15:00:00
111819,A,2026-05-11 13:00:00
111820,B,2026-05-18 18:00:00
111821,A,2026-05-04 01:00:00
111822,B,2026-05-14 19:00:00
111823,A,2026-05-03 23:00:00
111824,A,2026-05-24 21:00:00
111825,A,2026-05-08 14:00:00
111826,A,2026-05-27 19:00:00
111827,A,2026-05-17 10:00:00
111828,B,2026-05-23 16:00:00
111829,B,2026-05-14 21:00:00
111830,A,2026-05-21 02:00:00
111831,A,2026-05-08 05:00:00
111832,A,2026-05-15 12:00:00
111833,A,2026-05-17 05:00:00
111834,B,2026-05-24 17:00:00
111835,A,2026-05-19 07:00:00
111836,B,2026-05-02 16:00:00
111837,A,2026-05-08 16:00:00
111838,B,2026-05-01 17:00:00
111839,B,2026-05-26 05:00:00
111840,A,2026-05-25 11:00:00
111841,A,2026-05-16 01:00:00
111842,A,2026-05-08 21:00:00
111843,A,2026-05-07 10:00:00
111844,A,2026-05-26 23:00:00
111845,A,2026-05-14 08:00:00
111846,A,2026-05-10 01:00:00
111847,A,2026-05-13 16:00:00
111848,B,2026-05-08 06:00:00
111849,A,2026-05-16 01:00:00
111850,A,2026-05-17 11:00:00
111851,B,2026-05-16 22:00:00
111852,A,2026-05-25 07:00:00
111853,A,2026-05-19 07:00:00
111854,A,2026-05-16 13:00:00
111855,A,2026-05-23 12:00:00
111856,B,2026-05-09 00:00:00
111857,A,2026-05-28 10:00:00
111858,A,2026-05-03 15:00:00
111859,B,2026-05-17 15:00:00
111860,B,2026-05-16 02:00:00
111861,A,2026-05-15 00:00:00
111862,B,2026-05-27 18:00:00
111863,B,2026-05-27 11:00:00
111864,A,2026-05-02 22:00:00
111865,B,2026-05-19 15:00:00
111866,A,2026-05-10 02:00:00
111867,B,2026-05-07 09:00:00
111868,A,2026-05-14 22:00:00
111869,B,2026-05-03 19:00:00
111870,A,2026-05-15 01:00:00
111871,A,2026-05-02 07:00:00
111872,A,2026-05-18 04:00:00
111873,B,2026-05-20 03:00:00
111874,B,2026-05-17 09:00:00
111875,B,2026-05-16 17:00:00
111876,A,2026-05-11 10:00:00
111877,A,2026-05-01 16:00:00
111878,B,2026-05-18 12:00:00
111879,A,2026-05-24 16:00:00
111880,A,2026-05-02 13:00:00
111881,B,2026-05-16 21:00:00
111882,A,2026-05-13 16:00:00
111883,B,2026-05-07 08:00:00
111884,A,2026-05-23 21:00:00
111885,A,2026-05-22 16:00:00
111886,A,2026-05-16 00:00:00
111887,A,2026-05-14 10:00:00
111888,B,2026-05-18 16:00:00
111889,A,2026-05-22 22:00:00
111890,B,2026-05-11 23:00:00
111891,B,2026-05-02 20:00:00
111892,B,2026-05-01 22:00:00
111893,A,2026-05-02 23:00:00
111894,B,2026-05-01 07:00:00
111895,B,2026-05-13 21:00:00
111896,B,2026-05-22 12:00:00
111897,B,2026-05-10 15:00:00
111898,A,2026-05-09 13:00:00
111899,A,2026-05-23 09:00:00
111900,A,2026-05-13 15:00:00
111901,A,2026-05-16 17:00:00
111902,A,2026-05-17 00:00:00
111903,B,2026-05-14 11:00:00
111904,B,2026-05-17 20:00:00
111905,A,2026-05-22 14:00:00
111906,B,2026-05-02 19:00:00
111907,A,2026-05-18 01:00:00
111908,A,2026-05-15 15:00:00
111909,B,2026-05-03 13:00:00
111910,A,2026-05-26 00:00:00
111911,A,2026-05-17 06:00:00
111912,A,2026-05-24 18:00:00
111913,A,2026-05-08 06:00:00
111914,B,2026-05-04 22:00:00
111915,B,2026-05-20 00:00:00
111916,B,2026-05-25 19:00:00
111917,A,2026-05-23 13:00:00
111918,B,2026-05-17 13:00:00
111919,A,2026-05-04 05:00:00
111920,A,2026-05-27 12:00:00
111921,A,2026-05-26 15:00:00
111922,A,2026-05-13 11:00:00
111923,A,2026-05-06 13:00:00
111924,B,2026-05-15 13:00:00
111925,A,2026-05-17 08:00:00
111926,B,2026-05-16 18:00:00
111927,B,2026-05-26 14:00:00
111928,A,2026-05-25 07:00:00
111929,B,2026-05-24 04:00:00
111930,B,2026-05-06 21:00:00
111931,B,2026-05-24 19:00:00
111932,B,2026-05-12 02:00:00
111933,A,2026-05-21 11:00:00
111934,A,2026-05-20 19:00:00
111935,B,2026-05-07 18:00:00
111936,B,2026-05-24 06:00:00
111937,A,2026-05-22 13:00:00
111938,A,2026-05-02 17:00:00
111939,A,2026-05-13 07:00:00
111940,B,2026-05-28 06:00:00
111941,B,2026-05-26 09:00:00
111942,A,2026-05-08 13:00:00
111943,B,2026-05-03 21:00:00
111944,B,2026-05-22 23:00:00
111945,B,2026-05-17 22:00:00
111946,A,2026-05-01 20:00:00
111947,B,2026-05-12 11:00:00
111948,A,2026-05-13 06:00:00
111949,A,2026-05-06 01:00:00
111950,A,2026-05-06 01:00:00
111951,B,2026-05-23 01:00:00
111952,A,2026-05-01 09:00:00
111953,A,2026-05-27 03:00:00
111954,A,2026-05-08 10:00:00
111955,A,2026-05-23 08:00:00
111956,B,2026-05-10 10:00:00
111957,A,2026-05-05 07:00:00
111958,A,2026-05-09 06:00:00
111959,B,2026-05-18 21:00:00
111960,B,2026-05-04 23:00:00
111961,A,2026-05-03 19:00:00
111962,B,2026-05-24 13:00:00
111963,B,2026-05-02 13:00:00
111964,B,2026-05-13 10:00:00
111965,B,2026-05-20 04:00:00
111966,A,2026-05-28 18:00:00
111967,A,2026-05-03 00:00:00
111968,A,2026-05-21 16:00:00
111969,A,2026-05-20 14:00:00
111970,A,2026-05-27 16:00:00
111971,A,2026-05-10 07:00:00
111972,B,2026-05-06 05:00:00
111973,A,2026-05-22 15:00:00
111974,A,2026-05-20 12:00:00
111975,A,2026-05-21 06:00:00
111976,A,2026-05-27 09:00:00
111977,A,2026-05-09 02:00:00
111978,A,2026-05-12 10:00:00
111979,B,2026-05-19 14:00:00
111980,A,2026-05-24 11:00:00
111981,A,2026-05-05 09:00:00
111982,A,2026-05-02 23:00:00
111983,B,2026-05-12 10:00:00
111984,B,2026-05-15 03:00:00
111985,A,2026-05-01 17:00:00
111986,B,2026-05-03 05:00:00
111987,B,2026-05-16 17:00:00
111988,A,2026-05-06 18:00:00
111989,A,2026-05-18 04:00:00
111990,A,2026-05-15 09:00:00
111991,A,2026-05-06 01:00:00
111992,B,2026-05-07 04:00:00
111993,B,2026-05-05 00:00:00
111994,A,2026-05-06 13:00:00
111995,B,2026-05-23 21:00:00
111996,A,2026-05-05 02:00:00
111997,B,2026-05-01 23:00:00
111998,A,2026-05-02 04:00:00
111999,A,2026-05-07 17:00:00
112000,B,2026-05-06 10:00:00
