transaction_id,user_id,transaction_at,category,amount_rub,bank_revenue_rub
1,100001,2026-06-24 08:12:00,marketplaces,1246.9,11.65
2,100001,2026-06-20 09:12:00,travel,5030.2,56.68
3,100006,2026-06-27 10:32:00,marketplaces,1101.13,12.37
4,100006,2026-05-28 13:32:00,marketplaces,1113.56,25.26
5,100006,2026-05-25 13:32:00,groceries,2616.62,38.84
6,100006,2026-06-11 19:32:00,marketplaces,829.46,8.61
7,100006,2026-06-02 00:32:00,groceries,845.8,13.14
8,100006,2026-06-25 19:32:00,restaurants,491.94,11.17
9,100006,2026-05-24 21:32:00,marketplaces,249.91,3.21
10,100006,2026-07-05 15:32:00,transport,1996.15,23.36
11,100006,2026-05-25 10:32:00,transport,1973.57,17.71
12,100014,2026-06-26 03:45:00,groceries,3714.52,55.91
13,100022,2026-06-10 17:43:00,transport,1109.71,9.49
14,100040,2026-07-16 18:20:00,groceries,567.51,5.13
15,100040,2026-07-04 14:20:00,other,1178.96,27.66
16,100040,2026-06-08 04:20:00,restaurants,970.21,12.3
17,100040,2026-07-14 20:20:00,travel,1496.13,25.46
18,100040,2026-07-03 18:20:00,other,1604.71,15.96
19,100041,2026-06-29 09:55:00,transport,1816.21,35.22
20,100041,2026-06-20 19:55:00,groceries,325.76,7.97
21,100041,2026-07-02 17:55:00,restaurants,778.46,8.28
22,100041,2026-06-24 15:55:00,travel,3056.55,43.55
23,100041,2026-06-12 02:55:00,travel,638.67,15.69
24,100041,2026-07-04 03:55:00,travel,2463.86,58.63
25,100065,2026-06-05 12:30:00,transport,900.49,15.09
26,100065,2026-05-21 03:30:00,marketplaces,850.29,10.39
27,100070,2026-07-25 16:13:00,marketplaces,724.21,16.54
28,100079,2026-06-09 20:15:00,other,1350.81,24.04
29,100098,2026-07-08 22:01:00,marketplaces,1645.84,30.44
30,100098,2026-07-13 08:01:00,transport,2047.93,20.49
31,100098,2026-06-18 13:01:00,travel,271.43,3.96
32,100115,2026-06-02 22:04:00,travel,481.22,4.18
33,100118,2026-05-29 22:37:00,travel,1530.55,25.32
34,100118,2026-05-31 15:37:00,restaurants,648.2,5.51
35,100120,2026-05-30 01:02:00,other,4167.98,61.37
36,100120,2026-05-27 08:02:00,restaurants,939.71,19.22
37,100120,2026-06-17 18:02:00,travel,2369.55,51.76
38,100120,2026-06-14 07:02:00,restaurants,2235.25,45.58
39,100139,2026-06-05 14:47:00,marketplaces,3111.3,48.54
40,100145,2026-06-12 23:05:00,groceries,608.3,12.87
41,100145,2026-07-14 17:05:00,travel,2858.66,49.61
42,100161,2026-06-01 06:35:00,marketplaces,1440.1,27.55
43,100169,2026-06-23 12:31:00,travel,1694.62,21.13
44,100169,2026-06-20 16:31:00,restaurants,3935.19,64.85
45,100169,2026-06-16 14:31:00,marketplaces,2194.5,27.99
46,100174,2026-06-03 07:34:00,other,659.72,15.62
47,100176,2026-06-20 20:54:00,transport,1023.7,9.59
48,100176,2026-05-29 10:54:00,travel,739.99,11.83
49,100178,2026-05-29 23:52:00,transport,556.16,12.65
50,100188,2026-06-24 06:46:00,transport,2474.57,26.36
51,100188,2026-05-31 14:46:00,travel,2183.49,51.87
52,100188,2026-06-13 11:46:00,transport,389.01,6.09
53,100188,2026-05-27 21:46:00,restaurants,506.5,8.76
54,100188,2026-06-12 04:46:00,restaurants,1215.57,24.09
55,100188,2026-07-07 11:46:00,travel,176.33,1.54
56,100198,2026-06-27 23:04:00,restaurants,2668.84,65.19
57,100198,2026-06-20 12:04:00,marketplaces,819.94,17.99
58,100198,2026-06-10 18:04:00,groceries,376.38,7.46
59,100198,2026-05-31 11:04:00,other,1462.45,16.9
60,100215,2026-06-04 04:29:00,groceries,1753.09,17.8
61,100219,2026-06-28 03:39:00,groceries,6536.62,97.99
62,100225,2026-06-29 04:13:00,restaurants,1534.5,32.21
63,100225,2026-06-22 21:13:00,restaurants,1003.39,20.95
64,100234,2026-06-03 14:43:00,groceries,4089.35,59.87
65,100234,2026-06-10 17:43:00,restaurants,747.78,12.29
66,100234,2026-06-13 00:43:00,restaurants,892.7,14.33
67,100234,2026-06-25 22:43:00,travel,1401.94,19.39
68,100251,2026-06-07 07:53:00,marketplaces,4909.04,61.52
69,100251,2026-06-22 01:53:00,travel,982.78,9.49
70,100253,2026-06-24 04:48:00,groceries,497.2,9.34
71,100253,2026-06-30 23:48:00,transport,5497.44,108.17
72,100253,2026-06-20 03:48:00,groceries,832.96,10.14
73,100253,2026-06-24 05:48:00,marketplaces,100.27,1.9
74,100288,2026-07-10 18:29:00,travel,539.19,9.69
75,100288,2026-07-18 07:29:00,groceries,2524.21,31.75
76,100309,2026-06-10 07:26:00,groceries,1464.66,32.55
77,100311,2026-06-25 16:56:00,restaurants,1078.26,16.16
78,100311,2026-06-22 12:56:00,groceries,2573.67,46.83
79,100311,2026-06-24 19:56:00,other,136.94,1.4
80,100311,2026-05-26 17:56:00,other,4883.34,79.09
81,100311,2026-06-04 21:56:00,marketplaces,2005.85,33.47
82,100311,2026-05-29 13:56:00,groceries,456.64,6.05
83,100318,2026-05-30 16:19:00,other,2277.17,40.91
84,100318,2026-05-26 08:19:00,other,544.43,7.15
85,100318,2026-06-24 13:19:00,other,5666.1,84.98
86,100318,2026-05-25 19:19:00,transport,3434.27,75.01
87,100324,2026-07-10 23:35:00,restaurants,901.98,20.55
88,100338,2026-06-17 19:05:00,transport,392.44,7.07
89,100338,2026-07-04 10:05:00,transport,1555.06,27.02
90,100338,2026-07-11 10:05:00,marketplaces,2802.79,31.03
91,100338,2026-07-17 00:05:00,marketplaces,2633.9,42.42
92,100338,2026-06-11 15:05:00,marketplaces,728.62,12.86
93,100338,2026-06-20 08:05:00,transport,8027.35,160.77
94,100338,2026-06-19 04:05:00,restaurants,2374.16,36.71
95,100338,2026-06-25 21:05:00,marketplaces,1345.81,22.68
96,100338,2026-06-17 16:05:00,transport,1684.73,25.12
97,100338,2026-06-23 09:05:00,restaurants,1677.75,40.37
98,100338,2026-06-14 01:05:00,groceries,1579.53,38.47
99,100338,2026-07-01 04:05:00,marketplaces,1407.82,23.18
100,100338,2026-07-17 04:05:00,other,915.65,7.44
101,100339,2026-05-25 18:38:00,restaurants,431.37,9.09
102,100339,2026-06-01 12:38:00,transport,1246.0,19.04
103,100339,2026-05-27 22:38:00,marketplaces,2297.73,44.02
104,100370,2026-06-09 22:10:00,other,505.18,7.8
105,100389,2026-06-04 13:08:00,other,440.52,6.55
106,100413,2026-06-04 14:48:00,groceries,1226.25,19.53
107,100413,2026-06-11 00:48:00,marketplaces,2163.86,19.47
108,100418,2026-06-11 09:10:00,restaurants,1241.99,28.94
109,100418,2026-06-30 15:10:00,travel,552.82,11.11
110,100418,2026-07-02 14:10:00,marketplaces,1406.51,32.87
111,100422,2026-06-23 19:08:00,transport,5761.51,133.49
112,100422,2026-05-24 11:08:00,travel,1394.95,26.84
113,100422,2026-06-30 23:08:00,restaurants,518.85,10.09
114,100422,2026-06-07 13:08:00,restaurants,2214.24,41.61
115,100484,2026-06-06 05:25:00,marketplaces,1989.27,43.75
116,100484,2026-06-28 15:25:00,restaurants,471.76,9.72
117,100484,2026-07-14 15:25:00,restaurants,83.42,0.71
118,100484,2026-06-15 19:25:00,transport,1056.46,19.62
119,100484,2026-06-03 10:25:00,groceries,129.17,2.65
120,100486,2026-06-05 08:14:00,restaurants,875.78,15.63
121,100486,2026-05-22 03:14:00,groceries,3712.13,79.82
122,100486,2026-05-30 04:14:00,transport,2305.45,18.9
123,100494,2026-07-18 17:48:00,transport,958.98,21.4
124,100494,2026-06-23 10:48:00,other,1849.5,41.09
125,100499,2026-07-04 20:54:00,marketplaces,1294.78,30.08
126,100499,2026-06-28 03:54:00,travel,984.38,13.07
127,100503,2026-05-28 14:53:00,groceries,1652.29,38.38
128,100505,2026-06-24 16:28:00,travel,1058.33,8.69
129,100505,2026-06-11 20:28:00,travel,300.09,5.27
130,100505,2026-05-26 13:28:00,restaurants,376.67,6.44
131,100505,2026-06-13 11:28:00,marketplaces,1922.54,38.47
132,100505,2026-06-03 00:28:00,groceries,5339.49,115.99
133,100511,2026-06-27 01:06:00,other,1851.61,18.41
134,100511,2026-06-09 12:06:00,restaurants,315.64,7.59
135,100511,2026-06-15 18:06:00,transport,3978.11,68.09
136,100511,2026-06-17 15:06:00,marketplaces,286.95,6.31
137,100513,2026-06-10 06:16:00,marketplaces,285.43,4.05
138,100513,2026-06-01 04:16:00,restaurants,761.85,9.28
139,100513,2026-05-24 01:16:00,marketplaces,2554.08,44.24
140,100513,2026-06-06 18:16:00,restaurants,1777.02,28.42
141,100513,2026-06-15 03:16:00,travel,618.76,9.29
142,100513,2026-05-23 13:16:00,other,137.45,2.0
143,100513,2026-06-13 20:16:00,other,552.18,6.36
144,100524,2026-06-17 14:46:00,other,928.37,21.72
145,100524,2026-06-17 20:46:00,groceries,3227.72,47.29
146,100524,2026-06-17 10:46:00,marketplaces,1036.13,11.08
147,100524,2026-07-13 10:46:00,other,590.71,9.74
148,100524,2026-07-05 07:46:00,transport,1263.35,30.76
149,100524,2026-06-12 12:46:00,restaurants,3014.21,36.16
150,100524,2026-07-09 08:46:00,transport,1175.14,22.02
151,100559,2026-05-25 17:59:00,other,2073.35,22.79
152,100559,2026-06-16 06:59:00,restaurants,161.1,2.94
153,100559,2026-05-15 17:59:00,restaurants,2383.45,40.7
154,100575,2026-06-22 10:05:00,marketplaces,2302.22,19.06
155,100575,2026-07-17 07:05:00,marketplaces,4596.85,114.05
156,100575,2026-06-20 15:05:00,groceries,1899.86,42.82
157,100575,2026-07-01 15:05:00,other,2045.88,23.33
158,100575,2026-07-20 11:05:00,other,450.38,5.57
159,100575,2026-06-17 11:05:00,groceries,775.54,16.29
160,100584,2026-07-02 12:36:00,marketplaces,1093.23,11.43
161,100588,2026-06-15 01:27:00,restaurants,2029.83,37.94
162,100588,2026-06-30 12:27:00,marketplaces,1566.45,25.1
163,100588,2026-05-31 00:27:00,transport,199.71,3.2
164,100588,2026-06-03 10:27:00,travel,960.11,7.95
165,100588,2026-05-22 20:27:00,marketplaces,1505.04,34.21
166,100607,2026-07-11 11:35:00,transport,1589.71,39.56
167,100607,2026-07-05 09:35:00,travel,520.38,5.77
168,100612,2026-05-27 01:45:00,groceries,165.15,1.34
169,100614,2026-06-13 19:06:00,marketplaces,943.04,10.83
170,100614,2026-06-02 14:06:00,restaurants,956.34,22.36
171,100614,2026-06-18 08:06:00,groceries,1709.1,14.08
172,100614,2026-05-28 07:06:00,travel,388.31,6.65
173,100614,2026-05-28 14:06:00,marketplaces,1751.13,19.12
174,100614,2026-06-20 21:06:00,other,2729.55,53.7
175,100617,2026-06-16 19:46:00,marketplaces,3667.61,60.2
176,100618,2026-06-21 03:27:00,other,556.32,13.45
177,100627,2026-07-08 21:27:00,travel,655.68,7.93
178,100627,2026-06-02 10:27:00,marketplaces,1758.71,34.62
179,100627,2026-06-08 12:27:00,travel,6850.95,131.14
180,100627,2026-06-06 22:27:00,travel,967.77,23.46
181,100627,2026-07-05 04:27:00,travel,5160.04,47.89
182,100628,2026-07-06 06:12:00,restaurants,1192.49,18.46
183,100632,2026-06-11 02:54:00,other,802.29,19.02
184,100632,2026-07-01 12:54:00,groceries,1150.59,11.46
185,100632,2026-07-15 01:54:00,groceries,512.64,5.23
186,100632,2026-06-13 00:54:00,other,994.01,20.5
187,100633,2026-06-04 19:33:00,marketplaces,4336.07,96.58
188,100633,2026-05-16 14:33:00,other,1575.61,28.23
189,100633,2026-05-12 18:33:00,restaurants,622.44,7.89
190,100640,2026-06-19 14:19:00,marketplaces,2351.71,55.96
191,100654,2026-06-14 07:58:00,travel,704.91,14.38
192,100654,2026-06-17 22:58:00,other,1221.45,13.28
193,100654,2026-05-31 13:58:00,other,753.18,13.16
194,100654,2026-05-29 13:58:00,transport,931.45,8.2
195,100654,2026-06-27 10:58:00,transport,449.46,8.58
196,100656,2026-05-27 11:51:00,restaurants,1717.66,39.47
197,100656,2026-05-18 04:51:00,travel,7415.37,68.04
198,100656,2026-06-12 17:51:00,groceries,1266.61,28.28
199,100662,2026-07-08 20:45:00,groceries,351.34,5.96
200,100662,2026-07-03 21:45:00,other,1614.33,28.44
201,100662,2026-06-30 00:45:00,transport,1262.85,10.76
202,100676,2026-06-11 20:04:00,transport,726.66,8.08
203,100695,2026-07-04 09:22:00,marketplaces,3088.35,74.07
204,100695,2026-06-27 07:22:00,transport,714.7,14.59
205,100695,2026-07-03 04:22:00,transport,5712.06,60.89
206,100695,2026-06-28 23:22:00,marketplaces,446.06,5.54
207,100711,2026-06-22 08:00:00,travel,677.24,15.09
208,100717,2026-06-27 04:23:00,other,1715.6,33.41
209,100747,2026-06-16 21:40:00,other,646.75,6.52
210,100752,2026-06-24 12:21:00,groceries,832.75,16.41
211,100753,2026-05-18 21:04:00,groceries,322.66,4.54
212,100753,2026-06-16 21:04:00,marketplaces,686.53,11.29
213,100753,2026-06-03 20:04:00,groceries,1697.67,42.06
214,100753,2026-05-18 12:04:00,travel,2346.83,41.74
215,100753,2026-05-29 02:04:00,transport,2476.98,22.03
216,100753,2026-06-11 00:04:00,groceries,1535.31,15.21
217,100753,2026-06-08 01:04:00,travel,1572.7,13.04
218,100753,2026-05-19 03:04:00,other,1969.68,18.6
219,100753,2026-06-11 19:04:00,transport,1912.1,20.83
220,100774,2026-05-28 05:18:00,marketplaces,1909.84,23.57
221,100774,2026-06-13 19:18:00,restaurants,1389.28,22.06
222,100774,2026-05-12 06:18:00,marketplaces,1340.0,16.62
223,100774,2026-06-11 05:18:00,travel,131.51,3.24
224,100774,2026-06-14 09:18:00,travel,1665.58,37.29
225,100778,2026-05-06 15:44:00,restaurants,979.62,12.46
226,100778,2026-06-01 13:44:00,travel,1173.53,21.5
227,100778,2026-05-22 22:44:00,marketplaces,2054.58,31.52
228,100778,2026-05-16 11:44:00,other,8079.64,170.4
229,100778,2026-05-12 11:44:00,other,1534.75,18.08
230,100778,2026-06-04 08:44:00,groceries,3352.09,35.32
231,100778,2026-05-31 17:44:00,groceries,444.97,7.32
232,100815,2026-06-02 11:43:00,other,1614.03,33.25
233,100815,2026-05-25 01:43:00,restaurants,5759.8,115.42
234,100815,2026-06-02 17:43:00,travel,2637.84,56.58
235,100815,2026-06-23 02:43:00,marketplaces,687.58,5.99
236,100819,2026-05-10 21:31:00,other,2207.56,52.82
237,100822,2026-05-31 11:00:00,groceries,1881.24,46.37
238,100826,2026-06-05 00:28:00,groceries,4626.77,67.47
239,100826,2026-06-05 02:28:00,restaurants,1108.33,21.99
240,100840,2026-07-26 04:37:00,groceries,5073.89,94.28
241,100841,2026-06-26 12:29:00,groceries,3491.61,46.31
242,100841,2026-06-04 04:29:00,transport,367.21,4.35
243,100841,2026-05-20 10:29:00,transport,333.37,7.49
244,100842,2026-05-16 03:16:00,marketplaces,2005.92,24.93
245,100842,2026-06-18 16:16:00,other,1896.09,18.94
246,100842,2026-06-04 05:16:00,groceries,4752.57,42.11
247,100854,2026-06-19 14:14:00,transport,447.16,6.94
248,100864,2026-07-08 18:33:00,travel,1231.59,20.87
249,100864,2026-06-14 02:33:00,other,1080.16,17.51
250,100867,2026-06-27 20:20:00,groceries,2907.6,40.93
251,100867,2026-06-27 16:20:00,restaurants,956.69,10.5
252,100867,2026-06-17 13:20:00,travel,267.76,4.93
253,100868,2026-06-28 19:54:00,groceries,1420.31,22.57
254,100868,2026-06-11 23:54:00,travel,2879.85,70.71
255,100887,2026-06-08 01:40:00,other,1275.46,12.46
256,100918,2026-06-08 02:05:00,restaurants,2675.57,27.62
257,100966,2026-06-10 09:52:00,other,688.55,8.29
258,100966,2026-06-22 20:52:00,transport,550.56,8.54
259,100978,2026-06-03 13:15:00,travel,483.75,5.45
260,100978,2026-05-31 14:15:00,marketplaces,188.15,3.59
261,100984,2026-06-20 03:58:00,transport,848.65,17.97
262,100984,2026-06-28 09:58:00,other,2012.24,26.56
263,100984,2026-06-27 01:58:00,other,1156.69,9.88
264,100984,2026-06-29 03:58:00,marketplaces,8968.72,145.46
265,100984,2026-06-01 18:58:00,groceries,3541.18,53.53
266,100984,2026-06-21 10:58:00,travel,576.46,9.22
267,100984,2026-06-16 22:58:00,other,243.41,3.16
268,100984,2026-05-21 06:58:00,other,3407.15,37.2
269,101000,2026-06-17 13:18:00,marketplaces,5133.74,72.96
270,101000,2026-06-22 08:18:00,groceries,507.47,9.51
271,101024,2026-06-08 07:02:00,travel,2911.55,26.41
272,101024,2026-06-21 07:02:00,transport,427.89,6.4
273,101024,2026-06-23 06:02:00,other,458.25,4.0
274,101024,2026-05-18 20:02:00,other,6239.74,72.99
275,101024,2026-05-28 09:02:00,transport,2188.19,37.93
276,101056,2026-07-12 03:13:00,marketplaces,1132.86,15.22
277,101063,2026-06-10 18:37:00,restaurants,2158.76,31.8
278,101063,2026-05-16 19:37:00,marketplaces,1212.01,21.47
279,101094,2026-06-04 12:25:00,other,1616.99,16.27
280,101094,2026-05-23 08:25:00,transport,1897.52,39.38
281,101094,2026-06-09 07:25:00,travel,572.27,11.33
282,101094,2026-06-11 22:25:00,other,559.11,10.61
283,101094,2026-06-07 13:25:00,other,1637.67,16.79
284,101094,2026-06-28 01:25:00,restaurants,716.07,10.14
285,101094,2026-05-23 17:25:00,transport,5801.03,48.76
286,101101,2026-07-10 15:00:00,travel,1228.04,18.71
287,101110,2026-06-22 10:20:00,marketplaces,634.19,15.74
288,101110,2026-06-19 15:20:00,transport,459.08,7.32
289,101110,2026-05-24 22:20:00,other,3151.91,30.79
290,101135,2026-06-24 11:34:00,travel,549.64,11.57
291,101135,2026-07-09 10:34:00,travel,2854.21,60.27
292,101135,2026-07-24 16:34:00,other,1124.97,21.93
293,101135,2026-07-04 21:34:00,marketplaces,2882.84,60.64
294,101135,2026-07-10 06:34:00,transport,1571.57,26.49
295,101157,2026-06-07 03:37:00,groceries,185.84,3.31
296,101157,2026-05-16 01:37:00,travel,2216.04,51.68
297,101157,2026-06-03 18:37:00,marketplaces,2467.25,43.72
298,101176,2026-07-13 11:51:00,transport,3542.94,33.76
299,101176,2026-07-03 04:51:00,restaurants,7929.33,105.68
300,101176,2026-07-07 03:51:00,restaurants,2859.26,46.37
301,101176,2026-07-28 16:51:00,marketplaces,7084.31,135.97
302,101177,2026-06-27 18:02:00,other,731.47,6.87
303,101193,2026-06-22 02:52:00,marketplaces,1124.39,9.01
304,101218,2026-06-29 01:02:00,groceries,822.98,9.5
305,101218,2026-06-11 21:02:00,travel,488.72,4.1
306,101218,2026-06-28 15:02:00,marketplaces,1476.85,31.56
307,101231,2026-06-09 22:13:00,transport,1935.87,47.08
308,101231,2026-05-31 09:13:00,restaurants,2122.54,34.96
309,101231,2026-06-26 01:13:00,marketplaces,1945.26,34.7
310,101262,2026-06-02 21:25:00,restaurants,6206.41,153.11
311,101270,2026-07-12 20:11:00,marketplaces,623.91,7.68
312,101272,2026-06-06 14:35:00,marketplaces,3541.01,67.07
313,101272,2026-06-20 07:35:00,restaurants,2961.6,52.72
314,101272,2026-06-20 19:35:00,marketplaces,449.75,11.06
315,101273,2026-06-01 08:54:00,groceries,6699.74,77.99
316,101273,2026-05-15 09:54:00,transport,1654.44,19.15
317,101273,2026-05-25 05:54:00,other,1203.33,11.52
318,101273,2026-05-31 22:54:00,transport,703.88,16.5
319,101300,2026-07-05 21:06:00,marketplaces,479.12,10.22
320,101306,2026-06-24 20:55:00,transport,3239.44,57.3
321,101306,2026-06-14 04:55:00,other,3460.47,71.71
322,101306,2026-06-20 16:55:00,other,4488.36,74.6
323,101306,2026-06-04 23:55:00,groceries,1214.03,19.89
324,101306,2026-06-16 15:55:00,restaurants,3755.7,58.1
325,101306,2026-06-04 10:55:00,groceries,3380.31,36.32
326,101306,2026-07-06 00:55:00,restaurants,821.5,13.22
327,101306,2026-06-04 08:55:00,other,623.13,5.31
328,101306,2026-07-10 02:55:00,marketplaces,3727.45,51.13
329,101345,2026-06-21 16:12:00,travel,1427.31,34.88
330,101345,2026-06-05 02:12:00,other,5249.05,102.3
331,101345,2026-06-27 05:12:00,groceries,1768.17,21.05
332,101345,2026-06-07 02:12:00,travel,271.87,3.23
333,101345,2026-06-29 01:12:00,travel,4675.47,39.6
334,101352,2026-06-02 19:02:00,transport,1203.3,26.62
335,101352,2026-06-20 12:02:00,groceries,724.31,6.83
336,101352,2026-06-09 10:02:00,marketplaces,319.54,3.87
337,101352,2026-06-07 13:02:00,restaurants,4368.68,44.64
338,101360,2026-06-06 17:45:00,restaurants,469.95,5.8
339,101360,2026-07-18 00:45:00,travel,782.89,13.67
340,101388,2026-05-13 02:44:00,groceries,1308.26,27.22
341,101388,2026-05-18 17:44:00,transport,5622.76,108.77
342,101388,2026-05-27 11:44:00,restaurants,586.96,11.09
343,101388,2026-06-04 14:44:00,other,1194.2,15.43
344,101388,2026-06-20 15:44:00,transport,977.77,22.45
345,101388,2026-05-15 05:44:00,restaurants,2571.57,21.38
346,101388,2026-05-21 08:44:00,marketplaces,2206.43,29.08
347,101388,2026-06-26 11:44:00,restaurants,149.34,2.93
348,101395,2026-06-26 23:43:00,groceries,245.06,5.72
349,101395,2026-06-10 02:43:00,travel,2774.35,26.92
350,101395,2026-05-30 11:43:00,marketplaces,1810.12,27.67
351,101395,2026-06-09 20:43:00,transport,1793.72,29.7
352,101397,2026-06-16 19:44:00,restaurants,919.04,17.21
353,101397,2026-07-01 16:44:00,travel,691.73,8.26
354,101397,2026-07-07 03:44:00,travel,864.73,14.73
355,101397,2026-07-06 19:44:00,restaurants,1329.96,13.11
356,101397,2026-05-31 18:44:00,other,1459.61,16.02
357,101397,2026-07-10 09:44:00,transport,1530.92,27.89
358,101397,2026-06-01 01:44:00,transport,522.48,4.74
359,101397,2026-06-11 17:44:00,other,1744.04,38.28
360,101397,2026-06-03 06:44:00,restaurants,4361.06,53.19
361,101403,2026-06-23 10:00:00,groceries,2754.07,52.42
362,101403,2026-05-30 22:00:00,travel,496.83,4.05
363,101419,2026-07-13 10:23:00,transport,1230.47,27.71
364,101419,2026-05-30 08:23:00,marketplaces,719.18,12.21
365,101419,2026-07-02 06:23:00,marketplaces,818.71,17.05
366,101428,2026-05-25 18:46:00,groceries,402.91,6.27
367,101428,2026-06-24 02:46:00,other,547.68,5.88
368,101438,2026-05-15 04:48:00,restaurants,423.97,7.59
369,101439,2026-05-13 12:04:00,marketplaces,1570.92,34.21
370,101439,2026-06-16 20:04:00,groceries,603.75,5.83
371,101439,2026-06-23 15:04:00,restaurants,1605.92,39.08
372,101439,2026-05-14 07:04:00,other,720.12,14.15
373,101458,2026-06-30 07:45:00,groceries,361.64,7.15
374,101458,2026-07-04 00:45:00,other,1406.82,26.71
375,101458,2026-05-31 21:45:00,groceries,2660.15,42.67
376,101458,2026-07-08 09:45:00,restaurants,711.16,8.35
377,101458,2026-06-19 09:45:00,transport,9063.97,158.24
378,101463,2026-06-21 02:55:00,travel,503.76,8.13
379,101463,2026-07-16 05:55:00,transport,1014.19,14.24
380,101463,2026-07-12 02:55:00,marketplaces,80,1.15
381,101463,2026-07-11 04:55:00,groceries,1837.66,28.42
382,101465,2026-06-23 03:43:00,restaurants,315.35,7.55
383,101465,2026-05-14 17:43:00,restaurants,975.62,22.35
384,101467,2026-06-07 19:38:00,other,3016.79,72.63
385,101467,2026-06-15 18:38:00,travel,520.22,4.96
386,101468,2026-06-19 01:02:00,groceries,603.95,9.03
387,101468,2026-06-15 16:02:00,travel,1448.92,17.56
388,101478,2026-06-12 00:41:00,restaurants,1046.57,13.93
389,101480,2026-07-03 11:50:00,other,894.51,12.66
390,101513,2026-05-12 06:37:00,restaurants,1377.56,29.91
391,101550,2026-06-06 12:51:00,marketplaces,2923.98,52.76
392,101550,2026-06-23 20:51:00,marketplaces,2549.51,54.97
393,101550,2026-05-23 20:51:00,groceries,824.87,18.65
394,101553,2026-06-07 05:27:00,transport,3419.42,33.96
395,101553,2026-06-18 00:27:00,transport,4605.75,108.97
396,101553,2026-06-09 03:27:00,transport,5123.99,120.74
397,101569,2026-06-10 04:46:00,groceries,971.19,14.93
398,101569,2026-06-02 09:46:00,groceries,378.03,4.49
399,101579,2026-06-09 14:07:00,marketplaces,1353.3,25.45
400,101589,2026-05-31 17:41:00,transport,860.49,15.87
401,101589,2026-06-04 23:41:00,transport,483.02,11.18
402,101589,2026-06-23 14:41:00,marketplaces,662.71,12.47
403,101589,2026-06-21 19:41:00,marketplaces,244.27,2.87
404,101589,2026-05-27 02:41:00,groceries,672.95,16.26
405,101589,2026-06-28 18:41:00,restaurants,4634.17,82.67
406,101589,2026-05-30 10:41:00,transport,2841.65,64.65
407,101589,2026-06-25 19:41:00,groceries,1031.63,12.12
408,101589,2026-06-24 17:41:00,groceries,1016.28,10.2
409,101589,2026-07-08 10:41:00,marketplaces,2635.1,48.35
410,101589,2026-07-08 22:41:00,transport,317.41,4.76
411,101589,2026-05-29 10:41:00,groceries,3958.79,68.65
412,101642,2026-06-23 13:23:00,travel,684.27,15.67
413,101642,2026-05-31 21:23:00,transport,1028.85,12.9
414,101642,2026-05-21 20:23:00,marketplaces,298.33,5.63
415,101642,2026-05-30 18:23:00,travel,628.51,10.96
416,101667,2026-07-01 14:30:00,marketplaces,3158.75,45.22
417,101667,2026-06-30 09:30:00,restaurants,5673.12,125.85
418,101667,2026-06-22 05:30:00,transport,520.1,6.0
419,101667,2026-06-09 04:30:00,travel,1817.69,30.13
420,101667,2026-06-30 00:30:00,restaurants,1563.16,33.37
421,101667,2026-07-10 10:30:00,marketplaces,2530.27,27.99
422,101667,2026-07-09 17:30:00,groceries,1869.52,36.64
423,101667,2026-06-12 03:30:00,transport,1769.99,33.15
424,101667,2026-07-15 07:30:00,other,1420.33,28.07
425,101679,2026-06-29 03:31:00,restaurants,1033.75,19.44
426,101718,2026-06-05 17:48:00,other,929.69,16.84
427,101718,2026-06-08 18:48:00,other,835.65,8.55
428,101718,2026-07-12 10:48:00,travel,400.13,4.37
429,101718,2026-07-11 06:48:00,transport,284.47,2.57
430,101739,2026-06-04 19:10:00,marketplaces,217.41,3.48
431,101739,2026-07-05 03:10:00,marketplaces,685.87,11.41
432,101739,2026-05-27 02:10:00,other,1372.88,19.35
433,101739,2026-07-09 18:10:00,transport,180.48,2.84
434,101739,2026-06-06 12:10:00,marketplaces,1792.48,26.08
435,101739,2026-06-20 07:10:00,marketplaces,4120.93,78.11
436,101739,2026-06-20 12:10:00,marketplaces,5146.06,124.37
437,101751,2026-06-18 12:00:00,other,3921.6,42.04
438,101751,2026-06-17 00:00:00,transport,14475.5,251.73
439,101751,2026-07-04 02:00:00,other,1526.61,28.79
440,101751,2026-05-31 16:00:00,other,3238.64,44.45
441,101751,2026-07-12 03:00:00,restaurants,4962.79,84.16
442,101751,2026-06-10 19:00:00,marketplaces,516.39,12.88
443,101751,2026-06-06 15:00:00,restaurants,6501.86,72.28
444,101751,2026-07-03 18:00:00,marketplaces,678.29,11.38
445,101757,2026-06-11 11:59:00,marketplaces,163.3,2.06
446,101757,2026-06-04 06:59:00,marketplaces,1676.33,36.73
447,101757,2026-07-15 15:59:00,marketplaces,369.48,5.23
448,101757,2026-06-15 16:59:00,other,1023.91,22.55
449,101757,2026-06-04 09:59:00,travel,3775.05,78.72
450,101757,2026-07-10 09:59:00,transport,1726.65,23.48
451,101757,2026-06-29 23:59:00,transport,1661.29,20.55
452,101757,2026-06-20 17:59:00,other,3227.07,64.13
453,101757,2026-07-13 23:59:00,marketplaces,1769.39,37.39
454,101757,2026-07-12 07:59:00,transport,4147.22,96.96
455,101757,2026-06-13 18:59:00,transport,803.2,16.93
456,101757,2026-07-07 09:59:00,restaurants,2331.13,51.26
457,101757,2026-07-14 00:59:00,restaurants,15839.92,274.58
458,101757,2026-06-23 10:59:00,transport,2695.28,24.34
459,101757,2026-07-13 10:59:00,groceries,3883.02,50.97
460,101767,2026-07-13 01:45:00,restaurants,4457.03,40.11
461,101767,2026-07-09 06:45:00,other,744.77,18.42
462,101767,2026-06-03 04:45:00,transport,164.14,4.01
463,101767,2026-06-13 02:45:00,other,2231.43,54.5
464,101767,2026-07-05 17:45:00,travel,2992.01,49.14
465,101767,2026-06-18 06:45:00,groceries,891.91,17.49
466,101767,2026-07-08 16:45:00,groceries,275.01,6.14
467,101767,2026-07-12 07:45:00,transport,4488.34,43.52
468,101767,2026-07-12 11:45:00,groceries,758.29,14.15
469,101767,2026-06-17 09:45:00,other,2271.31,33.48
470,101767,2026-06-27 08:45:00,other,1219.02,30.14
471,101767,2026-06-10 19:45:00,marketplaces,794.39,13.52
472,101767,2026-06-04 01:45:00,transport,1941.81,20.3
473,101767,2026-06-01 18:45:00,restaurants,2438.86,33.05
474,101768,2026-06-23 11:42:00,groceries,1327.22,32.47
475,101784,2026-06-16 14:27:00,other,12832.4,139.88
476,101787,2026-07-15 21:45:00,restaurants,677.6,9.62
477,101801,2026-06-28 21:54:00,other,503.94,10.31
478,101801,2026-07-05 00:54:00,transport,1215.71,11.81
479,101801,2026-07-03 11:54:00,restaurants,1671.03,34.07
480,101801,2026-06-11 06:54:00,restaurants,1355.45,21.76
481,101801,2026-05-23 15:54:00,transport,451.43,4.28
482,101801,2026-06-04 16:54:00,other,3180.57,63.78
483,101804,2026-06-28 07:20:00,travel,529.89,7.71
484,101804,2026-06-04 08:20:00,restaurants,2182.21,41.13
485,101807,2026-07-02 22:09:00,restaurants,1914.86,40.77
486,101807,2026-05-25 13:09:00,restaurants,1654.91,27.88
487,101807,2026-06-11 16:09:00,travel,1676.92,19.24
488,101820,2026-06-18 09:01:00,groceries,793.2,10.53
489,101820,2026-06-08 03:01:00,other,1337.88,23.11
490,101820,2026-06-17 12:01:00,other,500.07,12.09
491,101820,2026-06-21 21:01:00,restaurants,1409.75,23.37
492,101826,2026-06-14 00:10:00,groceries,5534.81,131.12
493,101861,2026-05-17 10:55:00,transport,1183.22,16.94
494,101861,2026-06-16 06:55:00,travel,601.98,8.71
495,101861,2026-05-19 06:55:00,restaurants,1177.11,14.16
496,101861,2026-05-31 14:55:00,transport,1682.57,34.58
497,101863,2026-05-16 11:44:00,other,2279.53,54.85
498,101863,2026-05-10 22:44:00,other,835.44,19.94
499,101881,2026-05-21 05:49:00,travel,785.8,10.06
500,101881,2026-06-07 13:49:00,other,1177.36,24.49
501,101910,2026-06-30 14:01:00,groceries,239.54,3.19
502,101910,2026-06-01 11:01:00,other,1398.73,19.16
503,101910,2026-05-25 15:01:00,groceries,1048.26,20.12
504,101910,2026-05-27 14:01:00,restaurants,317.94,4.41
505,101910,2026-05-28 21:01:00,marketplaces,467.68,5.23
506,101910,2026-06-10 08:01:00,restaurants,754.04,8.94
507,101919,2026-06-13 06:27:00,restaurants,1494.5,21.4
508,101919,2026-05-29 06:27:00,groceries,3677.36,51.42
509,101919,2026-06-11 06:27:00,marketplaces,1978.56,29.95
510,101919,2026-05-12 13:27:00,other,4168.98,102.98
511,101923,2026-06-02 21:25:00,transport,1502.95,20.67
512,101935,2026-05-20 08:12:00,transport,2454.75,38.21
513,101984,2026-06-15 19:58:00,restaurants,13806.56,143.39
514,101984,2026-06-03 04:58:00,other,2525.19,38.86
515,101984,2026-06-18 18:58:00,transport,461.37,7.91
516,102006,2026-05-17 01:01:00,groceries,633.12,11.93
517,102006,2026-06-13 01:01:00,other,2615.88,43.51
518,102018,2026-05-31 06:41:00,travel,1495.98,30.94
519,102027,2026-06-22 20:26:00,travel,567.48,10.57
520,102027,2026-06-18 00:26:00,other,2052.21,39.58
521,102027,2026-06-05 23:26:00,marketplaces,208.35,3.72
522,102027,2026-05-19 17:26:00,travel,3108.64,62.59
523,102027,2026-06-20 16:26:00,travel,846.08,7.44
524,102033,2026-05-17 06:58:00,restaurants,440.44,9.55
525,102033,2026-06-08 00:58:00,marketplaces,1155.76,11.06
526,102033,2026-06-06 13:58:00,transport,829.44,17.88
527,102033,2026-06-13 23:58:00,groceries,4736.06,85.8
528,102033,2026-05-20 13:58:00,groceries,4273.03,104.67
529,102060,2026-06-17 20:52:00,other,883.67,13.73
530,102060,2026-06-13 12:52:00,other,865.7,8.6
531,102089,2026-07-05 06:25:00,groceries,3385.58,44.53
532,102089,2026-07-02 16:25:00,marketplaces,4660.88,81.92
533,102108,2026-06-28 12:15:00,restaurants,834.22,7.18
534,102108,2026-05-18 06:15:00,travel,1869.78,43.41
535,102108,2026-05-30 20:15:00,other,1160.36,19.72
536,102108,2026-06-15 00:15:00,marketplaces,1363.39,19.56
537,102108,2026-06-18 09:15:00,restaurants,931.72,20.91
538,102108,2026-06-13 00:15:00,transport,1430.03,28.29
539,102108,2026-06-02 21:15:00,groceries,1321.53,24.12
540,102108,2026-05-24 23:15:00,marketplaces,511.12,6.8
541,102143,2026-06-14 11:58:00,groceries,2976.84,70.64
542,102143,2026-05-30 17:58:00,restaurants,1896.8,43.33
543,102143,2026-06-21 04:58:00,restaurants,1125.65,19.45
544,102158,2026-06-12 03:46:00,marketplaces,829.85,15.81
545,102176,2026-05-31 14:30:00,restaurants,884.37,15.63
546,102176,2026-06-24 06:30:00,other,863.55,11.51
547,102176,2026-06-27 08:30:00,travel,501.3,5.89
548,102176,2026-06-18 15:30:00,marketplaces,4576.35,48.09
549,102176,2026-07-08 11:30:00,groceries,1830.7,23.57
550,102176,2026-06-10 20:30:00,restaurants,1087.23,18.13
551,102180,2026-06-15 16:00:00,groceries,313.44,6.28
552,102180,2026-06-11 04:00:00,marketplaces,859.73,20.46
553,102205,2026-06-26 16:38:00,transport,643.81,10.25
554,102210,2026-06-28 03:54:00,other,1573.33,29.48
555,102210,2026-07-12 06:54:00,travel,3162.7,49.54
556,102210,2026-07-06 11:54:00,travel,2101.02,49.22
557,102213,2026-06-26 01:47:00,transport,1168.22,28.51
558,102213,2026-07-04 22:47:00,marketplaces,2907.7,63.09
559,102213,2026-05-28 22:47:00,travel,5351.59,110.88
560,102213,2026-06-14 17:47:00,marketplaces,1053.63,13.37
561,102268,2026-05-25 22:06:00,other,2261.45,52.72
562,102268,2026-06-15 00:06:00,other,8583.96,187.13
563,102270,2026-06-07 03:45:00,groceries,1737.42,43.25
564,102271,2026-05-29 06:55:00,marketplaces,1294.97,30.42
565,102283,2026-06-24 22:13:00,marketplaces,7858.56,101.97
566,102283,2026-07-01 19:13:00,transport,3893.03,91.67
567,102300,2026-06-15 12:41:00,other,1286.58,26.43
568,102300,2026-05-29 03:41:00,other,4914.56,95.53
569,102300,2026-06-15 00:41:00,groceries,1091.68,25.67
570,102300,2026-06-08 07:41:00,other,5863.57,98.65
571,102370,2026-06-13 09:33:00,groceries,154.28,2.55
572,102370,2026-07-15 07:33:00,transport,442.58,6.08
573,102370,2026-07-04 03:33:00,transport,300.37,4.63
574,102375,2026-07-16 17:32:00,restaurants,1209.15,22.33
575,102387,2026-06-17 07:46:00,restaurants,624.56,7.54
576,102387,2026-06-20 04:46:00,transport,2235.75,36.41
577,102387,2026-07-01 06:46:00,travel,2522.56,38.4
578,102387,2026-06-16 18:46:00,restaurants,386.21,8.26
579,102387,2026-07-04 18:46:00,transport,1222.07,17.46
580,102406,2026-05-27 10:34:00,restaurants,349.84,3.51
581,102406,2026-06-13 16:34:00,transport,1404.91,25.33
582,102406,2026-05-31 17:34:00,other,837.04,12.79
583,102409,2026-06-24 03:04:00,travel,1641.93,38.48
584,102409,2026-06-06 04:04:00,transport,736.18,18.24
585,102409,2026-06-07 08:04:00,travel,996.24,12.6
586,102409,2026-05-18 20:04:00,transport,2281.8,34.54
587,102409,2026-05-28 21:04:00,groceries,1803.87,44.28
588,102460,2026-07-03 13:52:00,restaurants,664.89,7.18
589,102460,2026-05-29 13:52:00,other,4262.59,47.05
590,102460,2026-07-06 16:52:00,restaurants,2434.84,59.87
591,102460,2026-06-22 16:52:00,groceries,5102.05,83.8
592,102460,2026-07-05 14:52:00,groceries,629.73,9.3
593,102474,2026-06-09 16:41:00,other,2091.41,39.87
594,102474,2026-05-28 19:41:00,travel,1674.41,25.88
595,102474,2026-07-07 01:41:00,restaurants,3676.73,38.13
596,102474,2026-06-12 18:41:00,transport,4297.87,98.76
597,102474,2026-05-30 03:41:00,groceries,1820.0,21.74
598,102474,2026-06-06 16:41:00,groceries,2258.33,53.03
599,102474,2026-06-28 14:41:00,restaurants,2840.51,36.8
600,102474,2026-06-04 01:41:00,marketplaces,210.07,2.6
601,102474,2026-06-09 19:41:00,transport,2173.49,39.01
602,102474,2026-06-09 21:41:00,marketplaces,6577.82,114.3
603,102474,2026-06-13 03:41:00,transport,479.59,9.15
604,102474,2026-05-25 04:41:00,transport,1189.69,21.07
605,102474,2026-06-21 04:41:00,other,2892.63,24.58
606,102494,2026-06-27 12:51:00,transport,1820.82,36.9
607,102546,2026-05-25 10:11:00,groceries,2295.6,57.13
608,102546,2026-05-20 10:11:00,marketplaces,376.5,3.47
609,102546,2026-06-20 18:11:00,restaurants,2452.93,29.86
610,102546,2026-06-03 09:11:00,other,3322.15,34.82
611,102547,2026-06-19 21:31:00,travel,1712.94,33.17
612,102567,2026-07-06 19:32:00,transport,4479.72,95.22
613,102567,2026-05-31 04:32:00,groceries,5050.61,119.09
614,102576,2026-07-02 23:16:00,other,1991.96,39.71
615,102576,2026-06-30 09:16:00,travel,2143.39,44.13
616,102576,2026-06-11 07:16:00,restaurants,1704.26,20.9
617,102576,2026-06-12 22:16:00,marketplaces,1678.89,21.0
618,102581,2026-07-13 11:54:00,other,1786.13,35.35
619,102581,2026-07-05 03:54:00,restaurants,1283.29,31.98
620,102668,2026-06-01 02:31:00,restaurants,1306.47,10.67
621,102668,2026-06-15 23:31:00,other,952.1,13.52
622,102684,2026-06-23 14:09:00,groceries,1228.19,18.78
623,102684,2026-06-02 05:09:00,transport,2206.77,42.91
624,102684,2026-06-16 01:09:00,travel,2216.63,53.04
625,102702,2026-07-08 13:30:00,transport,4377.25,72.33
626,102702,2026-07-09 03:30:00,other,465.59,3.87
627,102707,2026-05-27 17:38:00,other,239.92,3.36
628,102707,2026-06-23 15:38:00,groceries,1852.88,39.86
629,102710,2026-06-29 14:11:00,groceries,807.21,19.97
630,102710,2026-05-29 15:11:00,restaurants,4856.05,115.7
631,102710,2026-06-19 19:11:00,other,1755.91,21.59
632,102715,2026-06-19 17:58:00,restaurants,1767.43,42.32
633,102715,2026-06-25 07:58:00,transport,960.35,22.67
634,102726,2026-06-14 03:38:00,other,870.53,9.6
635,102726,2026-06-01 00:38:00,transport,1412.0,13.68
636,102728,2026-07-16 11:52:00,other,2187.42,45.63
637,102739,2026-05-23 23:57:00,marketplaces,3013.56,30.12
638,102748,2026-07-03 02:44:00,transport,1854.7,37.48
639,102820,2026-06-29 13:35:00,travel,330.28,3.93
640,102830,2026-06-19 19:46:00,groceries,2063.17,20.2
641,102830,2026-06-18 18:46:00,groceries,2467.82,51.36
642,102830,2026-06-14 21:46:00,other,1712.29,41.67
643,102830,2026-07-18 05:46:00,travel,1072.15,18.43
644,102830,2026-06-05 11:46:00,groceries,1939.51,28.31
645,102866,2026-05-26 22:15:00,travel,525.16,12.4
646,102869,2026-05-15 14:35:00,groceries,1431.67,15.65
647,102869,2026-06-15 10:35:00,marketplaces,7864.33,64.8
648,102869,2026-05-20 09:35:00,marketplaces,435.65,5.23
649,102869,2026-06-24 09:35:00,transport,1384.21,21.81
650,102869,2026-06-23 02:35:00,restaurants,14017.4,310.75
651,102869,2026-06-17 09:35:00,groceries,2933.66,63.2
652,102883,2026-06-16 14:55:00,marketplaces,1510.55,19.27
653,102883,2026-07-05 06:55:00,travel,769.61,18.96
654,102883,2026-07-13 20:55:00,groceries,873.6,14.03
655,102883,2026-07-15 16:55:00,groceries,4207.24,53.01
656,102901,2026-06-27 12:53:00,travel,2609.37,58.06
657,102923,2026-06-24 19:59:00,restaurants,3216.77,47.48
658,102923,2026-06-14 09:59:00,groceries,398.32,6.12
659,102923,2026-06-30 01:59:00,marketplaces,1757.47,18.78
660,102923,2026-05-30 08:59:00,marketplaces,697.15,7.11
661,102923,2026-06-05 18:59:00,restaurants,998.72,9.77
662,102923,2026-07-01 14:59:00,other,1135.38,9.62
663,102923,2026-06-04 04:59:00,groceries,1095.19,26.23
664,102923,2026-06-28 21:59:00,groceries,557.07,7.38
665,102923,2026-06-02 18:59:00,other,793.73,15.1
666,102940,2026-05-21 13:12:00,groceries,8025.67,78.66
667,102940,2026-06-18 10:12:00,travel,3352.72,58.3
668,102940,2026-06-08 13:12:00,travel,1715.57,25.52
669,102940,2026-05-19 12:12:00,transport,2028.19,39.83
670,102961,2026-06-07 15:48:00,groceries,1397.87,30.27
671,102961,2026-05-29 21:48:00,transport,1338.18,10.78
672,102962,2026-07-10 05:05:00,travel,1855.08,15.98
673,102962,2026-06-16 06:05:00,other,1433.29,22.64
674,102962,2026-06-10 19:05:00,transport,3681.08,56.17
675,102996,2026-05-28 09:38:00,travel,965.55,13.21
676,102996,2026-06-17 16:38:00,marketplaces,284.86,3.84
677,103046,2026-06-17 02:19:00,travel,278.64,6.29
678,103053,2026-06-04 00:22:00,travel,521.57,6.57
679,103053,2026-06-07 23:22:00,marketplaces,2818.13,44.81
680,103053,2026-05-14 07:22:00,restaurants,1934.96,36.96
681,103053,2026-05-20 07:22:00,marketplaces,4722.66,117.56
682,103053,2026-06-02 22:22:00,transport,650.7,9.96
683,103062,2026-07-07 16:14:00,restaurants,644.46,9.21
684,103063,2026-05-29 12:38:00,marketplaces,4740.09,42.33
685,103063,2026-06-01 13:38:00,groceries,412.53,4.38
686,103063,2026-06-16 07:38:00,transport,1249.13,10.54
687,103074,2026-06-29 11:16:00,travel,3505.69,55.46
688,103074,2026-06-27 08:16:00,groceries,1721.43,23.81
689,103074,2026-06-04 06:16:00,transport,382.25,7.22
690,103074,2026-06-30 00:16:00,marketplaces,447.71,7.06
691,103077,2026-07-08 13:15:00,other,1729.16,42.32
692,103077,2026-06-12 11:15:00,groceries,195.73,2.89
693,103077,2026-06-20 17:15:00,other,106.07,1.23
694,103077,2026-06-14 21:15:00,restaurants,1647.9,14.24
695,103077,2026-07-04 10:15:00,transport,290.95,2.98
696,103094,2026-06-08 04:08:00,marketplaces,354.77,4.29
697,103094,2026-05-22 02:08:00,other,1482.86,32.95
698,103094,2026-07-05 02:08:00,restaurants,1765.42,17.56
699,103094,2026-05-30 07:08:00,transport,1604.1,24.23
700,103094,2026-06-15 05:08:00,marketplaces,852.09,7.97
701,103094,2026-06-02 22:08:00,groceries,3123.5,29.13
702,103094,2026-05-30 01:08:00,restaurants,435.42,3.76
703,103104,2026-05-22 02:50:00,travel,2348.32,38.66
704,103106,2026-06-03 14:42:00,travel,863.74,15.4
705,103107,2026-06-12 11:14:00,groceries,2068.03,47.21
706,103118,2026-07-11 05:37:00,marketplaces,5606.27,95.47
707,103118,2026-07-03 01:37:00,restaurants,1916.17,40.98
708,103118,2026-06-15 00:37:00,other,202.61,4.39
709,103118,2026-06-30 08:37:00,restaurants,1239.75,25.34
710,103118,2026-06-25 22:37:00,groceries,634.17,12.23
711,103118,2026-07-17 01:37:00,transport,1199.77,24.66
712,103118,2026-06-06 15:37:00,travel,2501.97,34.22
713,103118,2026-06-21 00:37:00,restaurants,471.86,6.59
714,103118,2026-06-15 10:37:00,restaurants,2841.44,62.46
715,103118,2026-06-10 01:37:00,restaurants,1232.83,15.98
716,103145,2026-06-17 08:17:00,restaurants,1338.87,23.74
717,103152,2026-06-01 19:36:00,travel,1695.8,33.51
718,103178,2026-06-09 04:27:00,restaurants,1794.23,42.21
719,103190,2026-06-01 04:43:00,transport,718.41,12.43
720,103190,2026-06-23 21:43:00,transport,781.41,16.77
721,103190,2026-07-04 06:43:00,other,1538.04,13.82
722,103190,2026-07-06 15:43:00,restaurants,1247.04,22.71
723,103190,2026-07-07 08:43:00,groceries,1363.18,25.66
724,103190,2026-06-12 11:43:00,travel,212.03,3.27
725,103191,2026-05-24 11:29:00,marketplaces,1488.68,33.79
726,103191,2026-06-06 03:29:00,restaurants,779.06,16.02
727,103191,2026-06-21 17:29:00,marketplaces,8482.71,77.42
728,103191,2026-06-12 19:29:00,travel,948.94,14.87
729,103191,2026-06-07 19:29:00,other,867.12,9.39
730,103192,2026-06-07 09:36:00,transport,1310.12,14.67
731,103192,2026-06-01 07:36:00,other,915.64,9.71
732,103192,2026-05-31 06:36:00,marketplaces,1458.34,24.78
733,103192,2026-06-03 22:36:00,marketplaces,2598.84,41.53
734,103192,2026-06-07 03:36:00,transport,1466.98,36.1
735,103192,2026-06-22 00:36:00,travel,1605.29,31.41
736,103192,2026-06-18 07:36:00,travel,1427.28,17.89
737,103192,2026-06-11 00:36:00,restaurants,909.68,21.13
738,103218,2026-06-19 03:04:00,groceries,1181.37,22.66
739,103218,2026-06-05 07:04:00,restaurants,581.29,14.04
740,103218,2026-06-14 13:04:00,groceries,3683.67,84.48
741,103229,2026-06-07 07:18:00,other,2936.33,73.04
742,103229,2026-06-25 18:18:00,marketplaces,308.85,7.21
743,103242,2026-06-12 10:16:00,restaurants,1143.43,16.25
744,103247,2026-07-04 09:40:00,groceries,5761.66,120.3
745,103247,2026-07-06 03:40:00,restaurants,435.39,8.46
746,103249,2026-06-16 04:47:00,marketplaces,1437.02,20.79
747,103249,2026-07-13 11:47:00,travel,338.6,7.65
748,103258,2026-06-22 13:51:00,transport,826.42,19.98
749,103258,2026-06-23 13:51:00,restaurants,3488.52,57.36
750,103258,2026-05-26 21:51:00,marketplaces,3726.36,38.29
751,103258,2026-06-01 05:51:00,travel,1470.96,35.27
752,103258,2026-07-07 14:51:00,other,8828.51,218.68
753,103258,2026-06-13 05:51:00,marketplaces,816.47,7.21
754,103258,2026-06-12 10:51:00,transport,5186.96,100.93
755,103258,2026-07-04 19:51:00,other,1416.51,30.45
756,103258,2026-06-30 08:51:00,transport,298.7,3.12
757,103258,2026-06-13 08:51:00,other,3251.23,31.45
758,103259,2026-06-10 13:11:00,transport,952.22,22.29
759,103267,2026-05-09 15:02:00,other,4698.04,76.95
760,103267,2026-06-16 11:02:00,travel,109.57,1.46
761,103267,2026-05-09 20:02:00,transport,4790.03,81.67
762,103267,2026-06-17 03:02:00,other,1937.12,23.16
763,103267,2026-05-10 06:02:00,other,4584.42,64.94
764,103267,2026-05-30 00:02:00,groceries,191.88,2.96
765,103267,2026-05-12 13:02:00,other,1394.1,13.82
766,103282,2026-06-03 03:53:00,marketplaces,4314.94,91.26
767,103282,2026-06-08 06:53:00,travel,3903.29,63.33
768,103282,2026-06-20 16:53:00,travel,4142.11,95.67
769,103294,2026-06-09 05:40:00,marketplaces,1416.2,32.79
770,103294,2026-06-04 22:40:00,other,714.22,8.89
771,103299,2026-05-29 23:55:00,restaurants,480.18,5.59
772,103299,2026-06-13 20:55:00,transport,528.7,5.5
773,103299,2026-05-26 08:55:00,marketplaces,2087.54,26.6
774,103315,2026-06-20 21:55:00,groceries,659.46,6.35
775,103315,2026-07-17 11:55:00,transport,1460.4,20.35
776,103334,2026-06-04 05:22:00,other,3248.14,32.83
777,103334,2026-06-22 08:22:00,marketplaces,9801.43,166.26
778,103384,2026-06-24 14:33:00,marketplaces,588.71,5.47
779,103388,2026-06-17 16:44:00,transport,760.08,17.91
780,103388,2026-06-13 09:44:00,restaurants,1752.81,33.84
781,103388,2026-05-28 20:44:00,marketplaces,8816.7,139.8
782,103388,2026-06-13 04:44:00,other,14566.46,305.17
783,103415,2026-07-18 02:01:00,travel,322.28,6.74
784,103420,2026-06-01 13:34:00,marketplaces,400.43,8.69
785,103420,2026-06-03 08:34:00,groceries,1426.73,30.62
786,103420,2026-06-17 22:34:00,travel,1115.02,18.67
787,103435,2026-07-02 10:15:00,other,3606.7,31.24
788,103435,2026-07-02 08:15:00,groceries,283.89,6.73
789,103435,2026-06-22 02:15:00,other,964.88,22.8
790,103435,2026-06-08 06:15:00,travel,1973.75,16.95
791,103435,2026-07-01 19:15:00,travel,1017.78,12.91
792,103435,2026-06-23 02:15:00,groceries,1624.83,23.08
793,103437,2026-06-01 22:31:00,travel,2828.9,57.27
794,103437,2026-06-21 04:31:00,restaurants,1540.05,13.29
795,103442,2026-06-07 07:27:00,restaurants,1126.97,24.31
796,103443,2026-07-02 07:46:00,travel,562.73,11.25
797,103443,2026-06-01 15:46:00,transport,2828.18,36.29
798,103445,2026-07-13 19:41:00,transport,3135.45,75.82
799,103445,2026-06-28 00:41:00,groceries,191.32,2.2
800,103445,2026-06-18 11:41:00,other,1308.25,12.49
801,103445,2026-07-08 04:41:00,restaurants,841.9,8.32
802,103445,2026-06-29 01:41:00,marketplaces,795.29,9.43
803,103445,2026-07-15 04:41:00,marketplaces,533.51,10.21
804,103445,2026-06-24 08:41:00,travel,289.57,3.77
805,103445,2026-07-02 09:41:00,restaurants,3723.49,36.91
806,103445,2026-07-16 22:41:00,other,898.13,7.77
807,103445,2026-06-25 22:41:00,transport,396.53,6.21
808,103445,2026-07-20 17:41:00,marketplaces,1506.85,37.5
809,103445,2026-06-22 03:41:00,transport,244.85,2.72
810,103445,2026-06-23 18:41:00,other,4006.8,37.94
811,103445,2026-06-22 01:41:00,restaurants,2902.02,29.17
812,103445,2026-07-09 00:41:00,travel,3045.04,69.78
813,103479,2026-06-25 01:23:00,restaurants,476.37,5.43
814,103480,2026-06-22 19:21:00,transport,2632.11,47.88
815,103480,2026-07-02 03:21:00,restaurants,2040.52,19.85
816,103497,2026-06-22 04:19:00,groceries,1375.07,15.73
817,103497,2026-06-19 12:19:00,restaurants,2881.87,31.04
818,103497,2026-06-25 16:19:00,travel,1367.62,24.01
819,103497,2026-06-20 13:19:00,transport,503.78,8.49
820,103497,2026-05-24 14:19:00,travel,1205.94,29.01
821,103497,2026-06-05 00:19:00,restaurants,912.78,12.2
822,103497,2026-06-16 08:19:00,other,4458.66,73.69
823,103497,2026-06-03 08:19:00,marketplaces,973.45,20.88
824,103497,2026-06-15 02:19:00,groceries,1161.59,9.51
825,103497,2026-06-26 21:19:00,groceries,340.34,6.98
826,103511,2026-05-31 18:35:00,groceries,2083.72,17.18
827,103511,2026-06-15 04:35:00,marketplaces,1645.41,17.66
828,103511,2026-07-11 11:35:00,restaurants,3037.29,55.61
829,103511,2026-06-11 15:35:00,restaurants,1816.85,26.94
830,103520,2026-06-23 22:36:00,groceries,1981.94,48.23
831,103524,2026-06-26 03:50:00,restaurants,1214.72,16.93
832,103524,2026-07-05 01:50:00,other,5735.9,77.19
833,103524,2026-07-06 06:50:00,groceries,1926.64,32.5
834,103524,2026-07-12 04:50:00,marketplaces,664.67,11.5
835,103524,2026-06-26 18:50:00,other,910.88,22.7
836,103524,2026-07-16 21:50:00,restaurants,1078.72,9.87
837,103524,2026-07-01 10:50:00,restaurants,902.03,19.71
838,103524,2026-06-22 20:50:00,other,2067.73,21.35
839,103524,2026-07-18 05:50:00,travel,112.36,2.03
840,103524,2026-07-21 00:50:00,other,718.03,12.48
841,103538,2026-05-31 23:29:00,other,1892.68,42.42
842,103553,2026-07-13 03:38:00,restaurants,1077.47,23.11
843,103553,2026-06-16 17:38:00,other,1120.29,24.36
844,103553,2026-06-25 15:38:00,groceries,782.28,17.11
845,103571,2026-06-09 10:04:00,groceries,1642.09,36.13
846,103574,2026-07-14 09:27:00,transport,703.62,16.23
847,103574,2026-07-15 03:27:00,marketplaces,4640.54,80.97
848,103580,2026-05-25 13:52:00,marketplaces,683.27,10.18
849,103580,2026-05-24 13:52:00,marketplaces,948.85,9.56
850,103580,2026-05-17 05:52:00,groceries,1935.41,44.64
851,103594,2026-06-21 14:56:00,travel,508.49,7.83
852,103594,2026-06-16 17:56:00,transport,1250.65,16.26
853,103594,2026-06-04 12:56:00,restaurants,1369.76,18.03
854,103594,2026-07-09 06:56:00,travel,610.55,10.27
855,103594,2026-06-29 23:56:00,travel,691.29,5.67
856,103594,2026-07-10 19:56:00,restaurants,2250.05,24.34
857,103618,2026-07-14 18:33:00,groceries,1644.23,36.23
858,103618,2026-07-15 06:33:00,marketplaces,776.93,16.73
859,103638,2026-06-27 09:53:00,other,1399.72,20.14
860,103638,2026-05-24 08:53:00,transport,487.58,5.23
861,103638,2026-06-27 09:53:00,groceries,936.16,12.98
862,103659,2026-06-28 20:57:00,marketplaces,1210.27,28.31
863,103659,2026-06-07 13:57:00,restaurants,2475.57,21.8
864,103659,2026-06-10 06:57:00,restaurants,8208.01,69.69
865,103664,2026-06-14 10:51:00,other,989.64,22.57
866,103664,2026-06-23 23:51:00,restaurants,13693.03,179.47
867,103670,2026-06-23 01:48:00,transport,3512.3,68.12
868,103670,2026-06-08 10:48:00,marketplaces,1939.49,17.86
869,103678,2026-05-11 18:24:00,restaurants,4244.09,71.76
870,103678,2026-05-22 01:24:00,groceries,1169.01,29.12
871,103678,2026-05-19 07:24:00,transport,2296.0,27.94
872,103678,2026-06-17 12:24:00,restaurants,1081.74,9.37
873,103687,2026-07-01 12:31:00,travel,1747.64,23.95
874,103692,2026-06-27 06:52:00,restaurants,1594.97,26.03
875,103694,2026-06-11 05:51:00,other,2318.91,37.33
876,103694,2026-05-27 18:51:00,restaurants,5236.03,96.66
877,103694,2026-05-21 19:51:00,other,1467.61,33.54
878,103704,2026-07-19 16:11:00,marketplaces,9559.46,129.35
879,103704,2026-06-28 23:11:00,other,629.19,8.29
880,103704,2026-06-20 11:11:00,other,490.76,11.75
881,103712,2026-06-20 03:23:00,other,4304.76,106.52
882,103712,2026-06-22 15:23:00,marketplaces,628.58,9.13
883,103712,2026-07-06 05:23:00,restaurants,956.33,20.16
884,103712,2026-06-11 15:23:00,travel,1122.34,25.48
885,103712,2026-06-20 03:23:00,marketplaces,560.35,12.09
886,103712,2026-07-11 20:23:00,restaurants,1608.4,32.03
887,103712,2026-07-03 22:23:00,other,1997.12,42.6
888,103712,2026-06-03 16:23:00,transport,1664.47,22.76
889,103717,2026-05-19 10:32:00,travel,421.11,8.75
890,103717,2026-06-08 06:32:00,groceries,6136.12,61.07
891,103717,2026-06-23 14:32:00,transport,642.95,15.02
892,103722,2026-07-16 10:32:00,transport,2655.05,22.86
893,103727,2026-06-09 19:36:00,travel,2839.05,38.38
894,103727,2026-06-05 14:36:00,travel,2516.96,45.35
895,103733,2026-05-04 09:54:00,marketplaces,2773.66,24.48
896,103733,2026-06-16 08:54:00,other,1809.8,43.14
897,103733,2026-05-12 00:54:00,travel,315.97,5.3
898,103733,2026-05-12 13:54:00,marketplaces,3435.8,44.76
899,103733,2026-05-08 14:54:00,marketplaces,519.63,5.97
900,103733,2026-06-13 00:54:00,marketplaces,495.78,7.31
901,103748,2026-06-29 06:55:00,restaurants,521.81,5.36
902,103748,2026-05-29 07:55:00,transport,4734.63,105.49
903,103753,2026-06-21 16:52:00,transport,1853.07,24.12
904,103753,2026-06-11 13:52:00,marketplaces,6318.96,63.86
905,103757,2026-06-27 21:12:00,groceries,1290.03,11.3
906,103757,2026-05-30 20:12:00,marketplaces,3603.66,73.06
907,103757,2026-06-01 05:12:00,transport,4765.65,47.67
908,103757,2026-05-31 19:12:00,travel,3813.4,32.38
909,103757,2026-06-14 04:12:00,groceries,454.7,9.65
910,103757,2026-06-29 20:12:00,other,157.34,3.07
911,103763,2026-06-11 17:29:00,restaurants,3844.64,80.66
912,103763,2026-06-16 12:29:00,other,2087.67,43.58
913,103763,2026-06-16 14:29:00,other,3658.81,40.37
914,103784,2026-07-03 02:59:00,transport,6164.93,104.1
915,103784,2026-06-09 05:59:00,transport,4621.55,98.59
916,103784,2026-06-10 19:59:00,travel,1274.42,29.08
917,103797,2026-06-07 22:51:00,groceries,1722.07,29.41
918,103797,2026-06-05 19:51:00,groceries,1166.39,27.07
919,103797,2026-07-11 01:51:00,transport,490.72,9.22
920,103812,2026-06-07 13:57:00,marketplaces,2429.99,52.5
921,103812,2026-06-30 18:57:00,other,1448.34,14.36
922,103839,2026-07-04 16:11:00,marketplaces,452.94,8.74
923,103854,2026-06-20 16:19:00,other,2457.03,22.89
924,103866,2026-07-14 06:06:00,groceries,532.02,8.5
925,103866,2026-06-11 21:06:00,marketplaces,598.39,6.81
926,103866,2026-07-04 08:06:00,other,787.58,15.56
927,103866,2026-07-10 12:06:00,other,7619.42,163.81
928,103866,2026-06-26 23:06:00,groceries,738.03,7.39
929,103899,2026-07-13 23:27:00,other,792.87,13.41
930,103899,2026-06-17 10:27:00,other,2470.57,53.15
931,103902,2026-06-05 02:26:00,travel,717.33,6.67
932,103904,2026-06-25 19:10:00,other,706.87,15.72
933,103904,2026-06-17 07:10:00,travel,3496.82,39.74
934,103904,2026-06-13 09:10:00,travel,606.77,14.54
935,103904,2026-07-05 18:10:00,restaurants,630.7,11.39
936,103904,2026-07-07 21:10:00,restaurants,578.31,9.03
937,103904,2026-06-03 18:10:00,marketplaces,393.88,9.62
938,103904,2026-06-17 05:10:00,travel,4510.94,40.92
939,103904,2026-06-02 19:10:00,groceries,743.71,12.29
940,103904,2026-07-08 15:10:00,other,1099.75,20.25
941,103904,2026-07-02 15:10:00,marketplaces,3278.82,35.52
942,103904,2026-07-10 17:10:00,restaurants,2758.11,33.31
943,103930,2026-06-20 18:22:00,other,300.86,5.48
944,103930,2026-06-28 00:22:00,marketplaces,532.9,12.58
945,103930,2026-06-25 05:22:00,other,1450.61,15.88
946,103931,2026-06-16 05:20:00,transport,2440.49,41.13
947,103931,2026-07-04 06:20:00,groceries,398.1,4.45
948,103931,2026-06-25 03:20:00,groceries,189.7,2.21
949,103931,2026-07-10 08:20:00,restaurants,398.95,8.72
950,103931,2026-06-22 07:20:00,travel,2427.08,28.01
951,103931,2026-06-17 11:20:00,transport,2818.13,34.53
952,103931,2026-07-15 02:20:00,marketplaces,613.14,5.33
953,103931,2026-06-24 23:20:00,restaurants,1337.74,18.01
954,103931,2026-06-13 16:20:00,groceries,3776.9,89.94
955,103936,2026-06-08 10:52:00,groceries,2421.31,33.39
956,103936,2026-06-25 00:52:00,other,777.22,18.63
957,103936,2026-06-01 17:52:00,restaurants,3546.89,84.14
958,103936,2026-06-02 19:52:00,restaurants,401.26,9.81
959,103936,2026-06-03 00:52:00,other,408.31,5.02
960,103936,2026-06-05 12:52:00,other,1719.94,29.34
961,103936,2026-06-08 19:52:00,travel,2633.75,46.41
962,103936,2026-06-06 18:52:00,groceries,5204.64,123.12
963,103936,2026-06-07 08:52:00,restaurants,456.82,9.44
964,103936,2026-06-26 05:52:00,travel,505.29,12.03
965,103945,2026-06-26 01:20:00,restaurants,480.18,10.85
966,103951,2026-06-02 10:59:00,travel,543.06,10.22
967,103970,2026-07-04 05:50:00,marketplaces,1489.09,17.18
968,103971,2026-06-07 22:26:00,restaurants,3235.25,70.89
969,103971,2026-06-20 07:26:00,transport,1214.52,25.19
970,103984,2026-06-24 19:42:00,other,1080.84,15.55
971,103984,2026-06-08 05:42:00,transport,247.36,5.76
972,103996,2026-06-23 00:00:00,restaurants,3637.65,82.56
973,104009,2026-06-27 23:43:00,other,758.09,8.66
974,104009,2026-05-25 17:43:00,groceries,939.61,7.98
975,104009,2026-06-11 16:43:00,restaurants,1024.05,13.6
976,104009,2026-06-30 03:43:00,restaurants,1018.8,21.52
977,104018,2026-06-11 21:57:00,travel,4031.62,76.79
978,104018,2026-05-22 07:57:00,groceries,1711.29,28.06
979,104018,2026-05-20 09:57:00,other,1174.41,14.7
980,104018,2026-05-27 00:57:00,groceries,273.5,6.02
981,104027,2026-05-30 02:19:00,other,430.65,6.37
982,104061,2026-06-10 22:16:00,other,299.54,4.05
983,104061,2026-05-21 17:16:00,travel,2084.36,22.73
984,104061,2026-05-19 11:16:00,marketplaces,743.85,12.04
985,104063,2026-07-19 18:35:00,other,2733.67,67.18
986,104071,2026-06-27 14:26:00,travel,517.8,9.88
987,104090,2026-06-10 08:20:00,transport,780.32,18.29
988,104098,2026-06-29 12:14:00,groceries,1667.42,19.33
989,104098,2026-05-31 00:14:00,marketplaces,1442.05,25.69
990,104098,2026-06-18 08:14:00,transport,1142.88,12.86
991,104098,2026-07-13 00:14:00,restaurants,731.72,14.13
992,104100,2026-06-06 12:47:00,restaurants,1907.92,17.13
993,104100,2026-06-15 09:47:00,marketplaces,1305.93,26.5
994,104100,2026-05-24 01:47:00,groceries,1519.82,13.06
995,104100,2026-06-11 09:47:00,restaurants,1430.73,21.05
996,104102,2026-06-28 05:16:00,groceries,272.48,5.33
997,104137,2026-07-06 17:55:00,restaurants,857.73,7.0
998,104137,2026-07-02 09:55:00,travel,2495.07,52.75
999,104137,2026-07-06 21:55:00,other,1498.06,27.24
1000,104137,2026-06-08 09:55:00,marketplaces,9773.09,222.72
1001,104137,2026-07-02 03:55:00,marketplaces,820.6,11.0
1002,104137,2026-06-15 12:55:00,marketplaces,341.58,6.04
1003,104137,2026-07-08 05:55:00,other,690.47,15.65
1004,104137,2026-06-18 05:55:00,groceries,1920.77,22.87
1005,104137,2026-06-11 19:55:00,groceries,731.29,7.84
1006,104137,2026-06-25 07:55:00,travel,1676.76,30.74
1007,104137,2026-07-18 10:55:00,other,897.43,14.87
1008,104149,2026-07-05 03:24:00,other,3529.27,48.61
1009,104150,2026-06-21 06:45:00,other,756.14,11.89
1010,104150,2026-06-07 06:45:00,marketplaces,1467.27,12.19
1011,104150,2026-06-25 07:45:00,travel,427.44,4.9
1012,104150,2026-05-22 00:45:00,marketplaces,883.01,21.64
1013,104150,2026-05-30 12:45:00,restaurants,2346.7,28.31
1014,104162,2026-06-01 19:47:00,other,386.28,5.06
1015,104162,2026-05-31 00:47:00,groceries,8723.56,88.07
1016,104211,2026-05-31 17:48:00,restaurants,2338.04,31.61
1017,104232,2026-06-09 07:52:00,travel,1019.81,10.62
1018,104256,2026-06-06 00:54:00,travel,1523.23,31.16
1019,104264,2026-06-27 05:03:00,restaurants,656.3,8.42
1020,104304,2026-05-31 05:14:00,travel,1062.94,10.12
1021,104304,2026-07-10 14:14:00,travel,904.49,16.85
1022,104304,2026-06-20 06:14:00,travel,1295.8,11.51
1023,104304,2026-07-10 15:14:00,marketplaces,400.51,8.22
1024,104317,2026-06-10 03:11:00,travel,1183.79,29.39
1025,104317,2026-05-22 19:11:00,travel,991.41,17.11
1026,104322,2026-07-06 05:38:00,marketplaces,1231.61,12.02
1027,104322,2026-07-08 21:38:00,marketplaces,719.9,13.78
1028,104322,2026-06-02 15:38:00,groceries,2318.46,56.32
1029,104322,2026-07-07 14:38:00,marketplaces,995.78,15.27
1030,104322,2026-06-29 20:38:00,marketplaces,2968.26,62.19
1031,104330,2026-06-24 01:54:00,restaurants,7123.66,60.2
1032,104330,2026-07-01 12:54:00,marketplaces,2481.57,42.64
1033,104338,2026-06-27 12:47:00,other,1388.43,19.43
1034,104338,2026-06-25 21:47:00,marketplaces,587.07,12.69
1035,104341,2026-06-06 18:06:00,restaurants,458.13,8.77
1036,104341,2026-06-26 10:06:00,transport,313.68,3.28
1037,104341,2026-06-22 06:06:00,travel,1447.36,19.09
1038,104341,2026-07-01 02:06:00,other,2898.87,46.9
1039,104354,2026-05-25 06:14:00,other,1288.26,18.62
1040,104354,2026-06-03 20:14:00,restaurants,1440.78,18.02
1041,104354,2026-06-07 17:14:00,travel,466.41,11.39
1042,104354,2026-06-10 17:14:00,restaurants,720.05,9.9
1043,104354,2026-05-30 08:14:00,groceries,322.35,2.64
1044,104354,2026-05-30 16:14:00,other,1574.12,28.09
1045,104354,2026-06-06 22:14:00,travel,17213.96,187.55
1046,104354,2026-06-24 00:14:00,other,904.6,19.46
1047,104354,2026-06-10 22:14:00,transport,1339.6,14.65
1048,104365,2026-06-25 00:08:00,travel,10007.49,110.59
1049,104365,2026-05-29 14:08:00,marketplaces,745.91,13.7
1050,104365,2026-06-21 07:08:00,marketplaces,2167.67,41.84
1051,104367,2026-06-19 20:07:00,travel,2150.13,36.31
1052,104367,2026-05-31 18:07:00,restaurants,477.64,11.89
1053,104367,2026-06-10 19:07:00,other,29812.23,531.34
1054,104372,2026-07-06 02:49:00,other,1108.09,14.24
1055,104372,2026-06-15 07:49:00,travel,1745.52,14.68
1056,104372,2026-06-20 09:49:00,marketplaces,2903.91,34.4
1057,104376,2026-05-23 21:32:00,transport,645.42,9.13
1058,104376,2026-05-27 20:32:00,travel,1660.52,32.71
1059,104376,2026-06-26 04:32:00,groceries,726.71,15.34
1060,104385,2026-06-18 05:31:00,other,2196.15,35.87
1061,104385,2026-06-28 05:31:00,transport,297.94,5.44
1062,104385,2026-05-29 07:31:00,restaurants,2336.0,49.52
1063,104385,2026-06-19 07:31:00,restaurants,1223.0,25.97
1064,104385,2026-05-25 08:31:00,transport,1295.25,17.96
1065,104385,2026-07-04 21:31:00,restaurants,279.27,4.3
1066,104385,2026-06-10 21:31:00,groceries,1734.55,31.78
1067,104385,2026-06-22 22:31:00,groceries,738.46,6.95
1068,104385,2026-05-27 10:31:00,travel,2409.83,32.95
1069,104385,2026-05-31 10:31:00,other,1643.01,15.85
1070,104385,2026-06-26 11:31:00,travel,907.85,8.45
1071,104385,2026-06-02 02:31:00,restaurants,1409.92,16.12
1072,104385,2026-06-02 15:31:00,groceries,384.34,8.43
1073,104387,2026-06-08 22:28:00,other,3826.69,71.31
1074,104388,2026-06-21 20:02:00,marketplaces,1386.19,14.72
1075,104388,2026-07-10 01:02:00,transport,685.46,15.23
1076,104388,2026-06-15 21:02:00,groceries,5273.4,124.57
1077,104388,2026-07-06 20:02:00,groceries,848.16,19.84
1078,104400,2026-05-31 12:50:00,transport,517.32,5.95
1079,104400,2026-06-11 22:50:00,other,2521.38,58.29
1080,104411,2026-05-22 00:01:00,restaurants,825.03,18.31
1081,104411,2026-05-27 04:01:00,marketplaces,583.0,12.97
1082,104425,2026-06-04 03:12:00,restaurants,1065.93,24.57
1083,104425,2026-06-15 20:12:00,transport,1024.0,14.33
1084,104425,2026-06-30 21:12:00,other,4311.15,67.75
1085,104425,2026-06-03 16:12:00,transport,245.3,2.3
1086,104432,2026-07-23 11:10:00,other,1733.09,27.57
1087,104432,2026-07-07 02:10:00,transport,3227.94,56.81
1088,104432,2026-07-07 09:10:00,groceries,762.94,13.92
1089,104432,2026-06-17 12:10:00,restaurants,1574.94,38.23
1090,104432,2026-07-22 09:10:00,travel,122.71,1.59
1091,104432,2026-07-15 04:10:00,travel,2697.25,63.63
1092,104460,2026-05-19 20:07:00,other,595.0,13.07
1093,104460,2026-05-18 17:07:00,other,4459.58,76.93
1094,104460,2026-05-23 12:07:00,transport,765.82,13.56
1095,104466,2026-06-25 05:29:00,restaurants,515.04,9.1
1096,104467,2026-07-10 05:58:00,marketplaces,7266.85,63.83
1097,104467,2026-06-13 23:58:00,marketplaces,1656.04,31.35
1098,104467,2026-07-14 12:58:00,restaurants,606.96,7.91
1099,104467,2026-07-06 07:58:00,other,962.29,17.09
1100,104467,2026-06-04 19:58:00,other,3248.17,34.21
1101,104467,2026-06-02 17:58:00,marketplaces,573.74,13.09
1102,104467,2026-06-23 13:58:00,restaurants,614.47,8.84
1103,104467,2026-06-27 06:58:00,transport,508.26,6.43
1104,104467,2026-07-13 09:58:00,other,2652.67,24.81
1105,104467,2026-06-19 03:58:00,groceries,3487.39,46.16
1106,104495,2026-06-26 21:01:00,other,652.78,11.83
1107,104495,2026-06-22 04:01:00,marketplaces,2872.03,70.31
1108,104495,2026-06-19 07:01:00,travel,14318.75,324.11
1109,104495,2026-07-15 21:01:00,marketplaces,1268.41,30.3
1110,104495,2026-06-15 14:01:00,travel,4888.35,80.48
1111,104495,2026-07-01 21:01:00,transport,2383.68,49.24
1112,104495,2026-06-28 02:01:00,groceries,1426.02,18.86
1113,104495,2026-06-15 00:01:00,groceries,7158.66,157.21
1114,104501,2026-06-20 23:28:00,transport,191.6,1.75
1115,104501,2026-06-01 21:28:00,marketplaces,2756.02,25.63
1116,104544,2026-07-14 05:37:00,transport,1853.98,20.68
1117,104544,2026-07-19 04:37:00,groceries,3159.08,43.44
1118,104544,2026-06-26 05:37:00,restaurants,1299.45,31.6
1119,104586,2026-06-10 00:01:00,marketplaces,1170.09,21.09
1120,104586,2026-05-18 16:01:00,restaurants,1418.99,19.51
1121,104592,2026-06-02 09:25:00,travel,475.84,4.97
1122,104592,2026-06-13 01:25:00,restaurants,4181.17,77.85
1123,104592,2026-05-29 17:25:00,transport,814.42,9.29
1124,104592,2026-07-01 21:25:00,travel,1900.72,15.68
1125,104592,2026-06-12 05:25:00,groceries,1053.69,25.76
1126,104592,2026-06-09 17:25:00,groceries,2333.14,47.12
1127,104592,2026-06-11 13:25:00,groceries,2242.03,28.16
1128,104592,2026-05-30 14:25:00,groceries,4355.87,80.85
1129,104592,2026-07-08 14:25:00,transport,3342.32,68.33
1130,104592,2026-06-16 10:25:00,transport,572.21,12.43
1131,104592,2026-06-03 02:25:00,marketplaces,1854.58,15.35
1132,104592,2026-06-27 03:25:00,travel,917.85,15.54
1133,104592,2026-06-05 07:25:00,marketplaces,1737.67,19.87
1134,104592,2026-07-03 21:25:00,restaurants,902.75,12.8
1135,104592,2026-06-18 14:25:00,other,552.45,11.48
1136,104593,2026-06-24 11:33:00,groceries,3275.75,59.02
1137,104593,2026-07-19 10:33:00,groceries,595.77,10.62
1138,104607,2026-07-19 11:26:00,groceries,804.88,17.81
1139,104607,2026-07-09 09:26:00,marketplaces,253.85,2.49
1140,104612,2026-06-26 08:40:00,travel,2299.43,33.49
1141,104612,2026-07-01 18:40:00,restaurants,7436.56,148.29
1142,104612,2026-06-24 20:40:00,restaurants,442.36,9.03
1143,104612,2026-06-09 09:40:00,restaurants,651.39,10.59
1144,104612,2026-06-13 08:40:00,marketplaces,2865.0,45.93
1145,104612,2026-07-01 00:40:00,marketplaces,893.4,9.44
1146,104612,2026-06-25 05:40:00,other,4304.08,83.54
1147,104612,2026-05-23 18:40:00,other,1289.33,13.18
1148,104612,2026-07-04 03:40:00,transport,2624.14,60.47
1149,104612,2026-05-31 12:40:00,transport,511.93,12.36
1150,104612,2026-07-03 02:40:00,restaurants,297.21,2.44
1151,104612,2026-06-13 02:40:00,restaurants,363.07,3.29
1152,104612,2026-07-04 16:40:00,transport,5321.32,62.69
1153,104612,2026-06-12 15:40:00,marketplaces,2137.51,24.5
1154,104612,2026-06-11 20:40:00,groceries,1106.46,24.8
1155,104614,2026-06-16 03:27:00,restaurants,1034.24,9.01
1156,104625,2026-05-24 13:02:00,marketplaces,778.79,17.71
1157,104625,2026-06-24 18:02:00,restaurants,1291.77,17.49
1158,104625,2026-06-02 02:02:00,other,6636.12,68.63
1159,104681,2026-06-04 16:45:00,groceries,394.64,8.52
1160,104681,2026-06-10 12:45:00,marketplaces,139.02,1.77
1161,104681,2026-07-04 15:45:00,groceries,1397.06,20.69
1162,104687,2026-05-18 05:57:00,other,2088.22,50.36
1163,104687,2026-06-19 06:57:00,restaurants,2332.75,57.27
1164,104687,2026-05-28 05:57:00,transport,4306.97,45.21
1165,104687,2026-05-08 18:57:00,other,1014.98,8.99
1166,104694,2026-06-16 05:44:00,restaurants,947.08,22.61
1167,104694,2026-07-02 06:44:00,marketplaces,223.58,4.71
1168,104694,2026-06-06 22:44:00,travel,6510.0,117.22
1169,104695,2026-06-12 22:05:00,transport,530.49,9.82
1170,104695,2026-06-04 13:05:00,groceries,10351.58,189.11
1171,104695,2026-06-14 19:05:00,travel,2278.1,45.61
1172,104695,2026-06-18 04:05:00,other,913.03,16.58
1173,104723,2026-05-29 21:26:00,marketplaces,1814.76,18.91
1174,104723,2026-05-21 09:26:00,marketplaces,1902.55,42.29
1175,104723,2026-06-13 05:26:00,other,6874.09,161.89
1176,104751,2026-07-04 07:27:00,travel,2487.74,59.18
1177,104751,2026-07-27 06:27:00,restaurants,724.79,9.37
1178,104751,2026-06-17 12:27:00,marketplaces,5977.62,92.97
1179,104751,2026-06-24 20:27:00,marketplaces,635.78,13.98
1180,104751,2026-07-08 06:27:00,restaurants,1593.34,26.14
1181,104751,2026-07-28 18:27:00,groceries,3864.81,61.18
1182,104751,2026-07-01 12:27:00,restaurants,8253.07,89.71
1183,104751,2026-07-05 22:27:00,travel,1233.64,12.03
1184,104751,2026-06-24 16:27:00,restaurants,21186.97,303.35
1185,104755,2026-06-22 19:07:00,marketplaces,969.55,23.53
1186,104755,2026-05-27 17:07:00,marketplaces,427.55,7.44
1187,104755,2026-06-07 00:07:00,groceries,543.8,10.46
1188,104764,2026-05-18 17:40:00,marketplaces,2232.43,51.71
1189,104764,2026-05-25 08:40:00,travel,1591.97,26.88
1190,104764,2026-06-25 07:40:00,restaurants,1362.69,20.41
1191,104764,2026-06-07 05:40:00,travel,6003.3,123.66
1192,104764,2026-06-16 07:40:00,travel,1401.84,19.98
1193,104764,2026-06-22 23:40:00,groceries,543.9,9.97
1194,104765,2026-05-18 05:49:00,transport,1153.03,21.18
1195,104765,2026-06-20 06:49:00,restaurants,2158.44,38.55
1196,104765,2026-06-25 04:49:00,transport,307.68,6.2
1197,104765,2026-06-21 12:49:00,restaurants,508.89,5.06
1198,104765,2026-05-16 19:49:00,groceries,2648.81,45.2
1199,104765,2026-06-16 17:49:00,groceries,1412.21,23.81
1200,104767,2026-06-12 00:44:00,restaurants,3904.8,55.89
1201,104767,2026-06-05 17:44:00,travel,430.7,9.78
1202,104767,2026-07-01 14:44:00,groceries,523.78,8.3
1203,104767,2026-06-27 04:44:00,groceries,427.96,6.13
1204,104767,2026-06-21 09:44:00,transport,1375.98,20.02
1205,104767,2026-07-08 20:44:00,groceries,2905.64,26.59
1206,104768,2026-07-24 09:20:00,other,2122.61,38.65
1207,104780,2026-06-13 21:55:00,marketplaces,863.37,18.63
1208,104780,2026-06-06 03:55:00,travel,1167.32,22.57
1209,104780,2026-07-14 18:55:00,transport,1985.91,18.98
1210,104780,2026-06-12 14:55:00,groceries,3341.37,75.55
1211,104780,2026-06-06 04:55:00,transport,609.98,12.05
1212,104780,2026-06-19 09:55:00,groceries,1111.27,14.14
1213,104813,2026-06-10 07:45:00,travel,3423.47,53.93
1214,104813,2026-06-03 19:45:00,restaurants,6596.78,106.11
1215,104813,2026-06-13 21:45:00,marketplaces,1085.06,13.11
1216,104813,2026-05-24 14:45:00,travel,1954.86,31.33
1217,104843,2026-06-02 10:39:00,groceries,4290.1,94.61
1218,104843,2026-06-10 18:39:00,marketplaces,2571.25,40.27
1219,104843,2026-05-30 16:39:00,restaurants,1040.21,20.62
1220,104843,2026-05-20 17:39:00,restaurants,4317.32,96.18
1221,104843,2026-07-03 05:39:00,transport,693.25,8.22
1222,104851,2026-05-22 20:17:00,other,19652.83,324.18
1223,104856,2026-05-30 01:49:00,transport,800.28,12.12
1224,104856,2026-05-28 12:49:00,transport,1429.8,22.92
1225,104856,2026-06-23 13:49:00,travel,3141.71,60.88
1226,104856,2026-06-13 17:49:00,transport,1978.05,16.44
1227,104856,2026-07-06 18:49:00,other,3341.53,53.36
1228,104856,2026-06-17 08:49:00,restaurants,1833.19,15.35
1229,104862,2026-06-06 19:29:00,transport,114.01,1.55
1230,104878,2026-07-04 08:21:00,transport,3131.62,29.98
1231,104878,2026-06-29 22:21:00,other,750.12,16.2
1232,104887,2026-05-15 00:05:00,groceries,3258.51,50.96
1233,104887,2026-06-23 05:05:00,other,2316.57,35.48
1234,104887,2026-05-26 00:05:00,travel,1652.79,16.02
1235,104898,2026-07-02 04:08:00,transport,1782.77,42.01
1236,104898,2026-06-30 06:08:00,other,696.17,14.12
1237,104899,2026-06-27 05:59:00,transport,1398.07,33.72
1238,104899,2026-06-30 06:59:00,marketplaces,3088.62,50.06
1239,104902,2026-06-17 19:00:00,groceries,2137.59,52.44
1240,104902,2026-05-30 01:00:00,groceries,1819.97,18.94
1241,104915,2026-06-29 11:29:00,restaurants,526.46,12.13
1242,104915,2026-07-10 21:29:00,travel,1205.57,24.24
1243,104922,2026-06-22 07:32:00,marketplaces,1015.57,22.11
1244,104927,2026-06-08 23:08:00,marketplaces,3064.12,48.9
1245,104954,2026-05-20 03:40:00,groceries,1505.12,35.06
1246,104954,2026-06-22 18:40:00,restaurants,2752.63,24.12
1247,104954,2026-05-21 05:40:00,marketplaces,1161.64,25.01
1248,104954,2026-05-30 06:40:00,restaurants,699.33,17.31
1249,104954,2026-05-24 23:40:00,groceries,757.32,11.7
1250,104954,2026-05-24 12:40:00,transport,1717.39,29.78
1251,104960,2026-06-25 07:57:00,restaurants,4663.7,114.15
1252,104963,2026-06-28 21:56:00,marketplaces,1282.65,20.01
1253,104966,2026-06-19 19:11:00,travel,2304.22,27.05
1254,104987,2026-06-06 16:22:00,travel,1741.74,17.25
1255,105014,2026-06-07 03:54:00,other,561.04,6.39
1256,105016,2026-07-05 18:27:00,other,3481.75,42.63
1257,105016,2026-06-29 18:27:00,other,9335.1,153.35
1258,105016,2026-06-04 18:27:00,groceries,955.39,19.69
1259,105016,2026-05-24 11:27:00,restaurants,1891.21,45.02
1260,105016,2026-06-26 04:27:00,groceries,4556.8,65.07
1261,105016,2026-05-31 22:27:00,groceries,1234.47,11.44
1262,105016,2026-06-13 14:27:00,other,1686.16,29.93
1263,105016,2026-06-28 04:27:00,transport,4184.49,44.99
1264,105016,2026-06-20 02:27:00,travel,400.48,4.95
1265,105016,2026-05-31 18:27:00,marketplaces,1127.44,9.55
1266,105017,2026-05-30 22:50:00,transport,688.84,17.03
1267,105017,2026-06-08 14:50:00,transport,7573.59,145.43
1268,105017,2026-06-05 14:50:00,transport,807.19,14.9
1269,105036,2026-05-21 16:07:00,restaurants,2298.07,32.51
1270,105042,2026-05-09 07:11:00,groceries,2656.71,61.66
1271,105042,2026-06-09 02:11:00,marketplaces,2594.15,38.99
1272,105042,2026-05-07 15:11:00,marketplaces,4360.09,74.19
1273,105042,2026-05-19 05:11:00,restaurants,451.34,8.81
1274,105042,2026-05-14 17:11:00,restaurants,383.0,3.91
1275,105042,2026-05-13 21:11:00,marketplaces,354.06,3.61
1276,105042,2026-05-24 05:11:00,restaurants,673.44,6.6
1277,105048,2026-06-27 07:06:00,restaurants,891.46,16.12
1278,105048,2026-06-24 16:06:00,other,1893.89,35.41
1279,105057,2026-07-23 10:41:00,other,1082.25,16.67
1280,105057,2026-06-26 07:41:00,groceries,8003.9,116.69
1281,105075,2026-06-14 17:54:00,groceries,1129.79,10.85
1282,105075,2026-07-06 16:54:00,groceries,1638.99,19.87
1283,105075,2026-07-03 08:54:00,marketplaces,4807.76,67.86
1284,105075,2026-06-20 13:54:00,restaurants,418.48,5.05
1285,105075,2026-07-02 08:54:00,groceries,464.49,4.66
1286,105075,2026-07-03 08:54:00,restaurants,2669.07,61.76
1287,105075,2026-05-28 21:54:00,groceries,3244.78,52.23
1288,105075,2026-06-28 15:54:00,other,4574.63,43.42
1289,105075,2026-07-01 19:54:00,transport,1279.16,14.89
1290,105086,2026-07-04 18:55:00,groceries,753.81,9.83
1291,105086,2026-07-07 12:55:00,travel,10652.24,221.13
1292,105092,2026-06-12 19:22:00,restaurants,425.0,5.13
1293,105106,2026-06-25 16:09:00,restaurants,5365.39,84.23
1294,105106,2026-06-04 06:09:00,other,1585.09,29.55
1295,105106,2026-05-26 21:09:00,restaurants,10754.25,154.43
1296,105106,2026-07-01 03:09:00,groceries,1403.61,18.79
1297,105106,2026-06-07 01:09:00,travel,800.38,19.51
1298,105109,2026-06-27 22:25:00,marketplaces,1458.39,32.53
1299,105119,2026-06-04 11:35:00,transport,3353.23,72.77
1300,105119,2026-06-05 20:35:00,other,8128.35,132.33
1301,105119,2026-06-22 04:35:00,travel,3989.92,51.67
1302,105119,2026-06-14 02:35:00,restaurants,1427.84,18.31
1303,105119,2026-06-25 12:35:00,travel,1620.66,25.58
1304,105119,2026-06-10 04:35:00,restaurants,1254.26,22.55
1305,105119,2026-05-27 15:35:00,travel,312.22,5.7
1306,105119,2026-05-23 15:35:00,restaurants,801.94,19.96
1307,105119,2026-06-05 22:35:00,other,1595.26,30.8
1308,105119,2026-07-01 08:35:00,restaurants,523.9,6.9
1309,105123,2026-07-04 04:18:00,transport,5044.2,42.92
1310,105123,2026-06-01 09:18:00,other,1291.63,21.26
1311,105123,2026-05-25 14:18:00,groceries,2661.61,38.23
1312,105123,2026-06-05 17:18:00,other,2022.12,37.81
1313,105123,2026-06-15 04:18:00,groceries,873.23,13.79
1314,105123,2026-06-26 21:18:00,other,495.83,6.05
1315,105123,2026-06-27 19:18:00,restaurants,743.74,6.4
1316,105123,2026-05-28 13:18:00,marketplaces,1326.97,24.09
1317,105123,2026-06-22 22:18:00,groceries,7152.1,86.25
1318,105123,2026-06-06 15:18:00,groceries,1036.03,17.26
1319,105123,2026-07-03 21:18:00,other,2059.99,32.66
1320,105123,2026-06-06 09:18:00,marketplaces,406.38,4.52
1321,105123,2026-06-27 18:18:00,transport,6966.91,142.77
1322,105123,2026-06-28 10:18:00,other,266.0,2.38
1323,105123,2026-06-19 11:18:00,groceries,614.02,14.79
1324,105126,2026-06-30 01:28:00,groceries,3478.71,58.79
1325,105148,2026-06-05 00:20:00,transport,7059.07,158.66
1326,105148,2026-07-03 12:20:00,restaurants,3817.82,90.85
1327,105152,2026-06-02 23:04:00,groceries,993.85,24.39
1328,105158,2026-06-08 04:02:00,other,623.6,14.23
1329,105158,2026-05-15 12:02:00,transport,973.42,18.32
1330,105158,2026-06-01 02:02:00,groceries,1157.66,17.7
1331,105158,2026-05-13 06:02:00,transport,1229.58,29.17
1332,105163,2026-05-23 09:22:00,travel,2586.65,51.78
1333,105163,2026-06-09 06:22:00,transport,1292.08,15.62
1334,105163,2026-05-25 19:22:00,transport,728.68,14.78
1335,105176,2026-05-29 16:22:00,travel,3010.56,73.76
1336,105176,2026-06-22 04:22:00,other,641.44,7.76
1337,105176,2026-06-17 16:22:00,marketplaces,701.85,14.25
1338,105193,2026-06-09 17:38:00,marketplaces,2034.26,32.33
1339,105193,2026-06-18 07:38:00,restaurants,1020.22,13.17
1340,105193,2026-06-06 02:38:00,marketplaces,2498.98,42.61
1341,105193,2026-07-12 06:38:00,restaurants,551.58,10.94
1342,105193,2026-06-15 14:38:00,restaurants,991.57,24.66
1343,105193,2026-07-15 06:38:00,other,3769.41,86.42
1344,105193,2026-07-03 08:38:00,restaurants,387.56,8.96
1345,105207,2026-06-09 06:19:00,groceries,782.56,16.28
1346,105207,2026-06-17 23:19:00,transport,333.39,5.21
1347,105212,2026-06-16 09:24:00,groceries,407.4,6.51
1348,105212,2026-07-01 09:24:00,travel,501.42,8.41
1349,105212,2026-07-02 17:24:00,groceries,1035.22,21.66
1350,105227,2026-05-21 14:16:00,groceries,377.95,7.38
1351,105227,2026-06-06 18:16:00,restaurants,4941.93,42.89
1352,105227,2026-05-30 22:16:00,groceries,1444.41,32.52
1353,105227,2026-06-04 14:16:00,other,4014.24,37.22
1354,105227,2026-06-22 16:16:00,marketplaces,3464.24,75.39
1355,105227,2026-06-05 12:16:00,travel,515.49,5.68
1356,105227,2026-05-25 01:16:00,transport,985.63,18.23
1357,105227,2026-05-19 13:16:00,transport,1427.87,31.24
1358,105227,2026-06-21 05:16:00,marketplaces,1312.1,25.42
1359,105227,2026-06-04 09:16:00,restaurants,5780.34,96.91
1360,105227,2026-06-12 23:16:00,transport,1044.41,21.31
1361,105227,2026-05-26 06:16:00,restaurants,445.33,5.94
1362,105232,2026-06-06 18:08:00,travel,613.92,11.76
1363,105232,2026-06-16 06:08:00,travel,1699.82,39.79
1364,105232,2026-06-16 14:08:00,restaurants,499.07,7.77
1365,105239,2026-06-06 03:30:00,transport,929.46,11.2
1366,105239,2026-06-01 06:30:00,travel,1042.25,14.48
1367,105239,2026-06-05 22:30:00,restaurants,1379.51,24.48
1368,105239,2026-06-02 17:30:00,restaurants,1244.77,16.1
1369,105239,2026-07-11 09:30:00,marketplaces,1087.71,20.77
1370,105239,2026-06-27 14:30:00,groceries,1485.78,20.28
1371,105239,2026-06-06 13:30:00,groceries,2127.89,45.41
1372,105239,2026-06-13 01:30:00,other,1690.8,41.71
1373,105239,2026-06-21 13:30:00,restaurants,1628.43,25.89
1374,105239,2026-07-07 10:30:00,restaurants,3704.77,33.72
1375,105239,2026-06-22 09:30:00,groceries,493.33,5.67
1376,105239,2026-06-26 00:30:00,travel,816.34,18.05
1377,105239,2026-06-12 02:30:00,restaurants,3517.71,71.31
1378,105239,2026-06-02 14:30:00,marketplaces,443.02,10.86
1379,105239,2026-06-29 17:30:00,marketplaces,2043.63,40.03
1380,105249,2026-06-26 23:24:00,other,6228.06,122.36
1381,105251,2026-06-14 14:36:00,travel,2687.99,60.4
1382,105251,2026-06-05 01:36:00,travel,5814.15,81.12
1383,105251,2026-07-01 06:36:00,restaurants,3164.34,36.59
1384,105251,2026-06-21 23:36:00,groceries,1136.49,25.24
1385,105252,2026-06-09 23:31:00,other,381.22,3.26
1386,105252,2026-07-04 05:31:00,travel,4334.09,39.53
1387,105252,2026-06-17 14:31:00,restaurants,587.41,8.49
1388,105252,2026-06-14 13:31:00,travel,1621.14,16.44
1389,105252,2026-06-12 07:31:00,other,427.32,10.1
1390,105252,2026-06-10 02:31:00,other,764.45,18.02
1391,105252,2026-06-23 14:31:00,transport,2757.33,26.67
1392,105252,2026-06-26 16:31:00,transport,320.44,7.79
1393,105252,2026-06-10 01:31:00,transport,912.08,13.08
1394,105272,2026-06-03 18:47:00,other,1833.45,29.26
1395,105272,2026-06-19 00:47:00,restaurants,1131.96,25.5
1396,105272,2026-05-25 21:47:00,marketplaces,3729.98,48.65
1397,105272,2026-06-28 04:47:00,other,6333.69,90.81
1398,105272,2026-05-26 01:47:00,groceries,6552.01,101.62
1399,105275,2026-06-06 19:25:00,travel,2009.24,50.15
1400,105275,2026-07-03 14:25:00,marketplaces,3345.54,81.49
1401,105275,2026-06-21 08:25:00,transport,2352.11,29.67
1402,105286,2026-06-20 08:29:00,groceries,392.36,4.77
1403,105303,2026-06-01 18:29:00,other,3377.46,66.62
1404,105330,2026-06-18 23:17:00,transport,1076.84,17.26
1405,105330,2026-06-22 06:17:00,transport,160.73,1.89
1406,105330,2026-06-18 13:17:00,transport,1229.18,15.0
1407,105345,2026-05-26 17:13:00,groceries,1136.16,20.68
1408,105346,2026-05-29 15:08:00,marketplaces,693.87,15.65
1409,105346,2026-06-26 11:08:00,other,311.85,5.42
1410,105346,2026-05-23 21:08:00,transport,1800.01,34.38
1411,105346,2026-06-30 10:08:00,other,1351.52,28.39
1412,105346,2026-05-23 20:08:00,marketplaces,770.03,10.34
1413,105346,2026-06-20 20:08:00,other,4242.27,48.91
1414,105346,2026-06-04 19:08:00,other,1293.99,12.16
1415,105365,2026-06-02 10:37:00,marketplaces,1361.42,28.8
1416,105369,2026-06-07 00:44:00,marketplaces,3289.61,39.65
1417,105386,2026-05-21 22:12:00,transport,4732.47,67.87
1418,105386,2026-06-03 08:12:00,marketplaces,688.74,10.03
1419,105386,2026-05-19 15:12:00,restaurants,2234.83,34.0
1420,105386,2026-05-30 03:12:00,restaurants,803.81,13.78
1421,105400,2026-07-12 18:15:00,restaurants,864.65,9.77
1422,105405,2026-06-13 23:55:00,transport,379.53,4.82
1423,105405,2026-05-29 14:55:00,travel,2088.08,41.66
1424,105405,2026-06-04 01:55:00,restaurants,1615.63,26.44
1425,105405,2026-05-27 11:55:00,other,1378.78,33.78
1426,105405,2026-06-16 14:55:00,other,4524.58,105.57
1427,105405,2026-06-15 03:55:00,marketplaces,535.23,8.12
1428,105405,2026-06-18 02:55:00,groceries,2347.68,19.93
1429,105514,2026-06-13 16:54:00,other,2682.89,42.31
1430,105526,2026-06-23 17:14:00,transport,4831.91,73.74
1431,105536,2026-06-12 13:14:00,travel,973.89,17.42
1432,105553,2026-06-22 06:26:00,restaurants,1582.73,21.3
1433,105553,2026-06-01 20:26:00,travel,509.05,9.77
1434,105553,2026-06-27 07:26:00,other,633.77,11.22
1435,105553,2026-06-18 06:26:00,transport,6039.61,118.94
1436,105569,2026-06-24 17:10:00,travel,4313.23,60.12
1437,105579,2026-05-28 23:21:00,travel,4294.75,65.82
1438,105579,2026-05-24 09:21:00,other,940.95,19.84
1439,105579,2026-05-20 10:21:00,groceries,821.19,20.42
1440,105579,2026-06-29 08:21:00,groceries,2247.5,21.04
1441,105592,2026-06-30 15:42:00,transport,1667.92,28.8
1442,105601,2026-05-17 21:18:00,other,1517.01,35.65
1443,105601,2026-06-02 18:18:00,transport,2198.46,45.58
1444,105601,2026-05-25 23:18:00,marketplaces,3492.45,67.06
1445,105601,2026-06-03 04:18:00,marketplaces,1052.3,10.24
1446,105601,2026-06-26 09:18:00,restaurants,2495.42,34.98
1447,105601,2026-05-18 16:18:00,groceries,131.52,1.55
1448,105601,2026-06-20 20:18:00,groceries,3227.26,33.58
1449,105633,2026-06-30 14:33:00,other,706.07,7.44
1450,105639,2026-06-10 19:29:00,restaurants,1981.38,17.71
1451,105639,2026-06-28 10:29:00,groceries,4868.21,59.34
1452,105639,2026-06-18 14:29:00,travel,2090.97,42.33
1453,105639,2026-06-17 01:29:00,transport,2039.29,50.07
1454,105640,2026-05-20 07:39:00,transport,740.94,5.98
1455,105641,2026-05-21 15:36:00,groceries,146.29,3.17
1456,105641,2026-06-21 22:36:00,travel,1525.0,15.31
1457,105641,2026-05-25 13:36:00,marketplaces,1103.53,26.36
1458,105641,2026-06-03 03:36:00,marketplaces,9937.41,245.66
1459,105641,2026-06-27 16:36:00,other,1095.09,26.61
1460,105641,2026-05-26 20:36:00,travel,435.73,3.8
1461,105641,2026-06-24 21:36:00,transport,1983.23,23.74
1462,105641,2026-06-21 23:36:00,marketplaces,591.85,13.02
1463,105641,2026-06-26 19:36:00,groceries,4311.24,49.36
1464,105679,2026-05-18 12:13:00,restaurants,2375.6,49.33
1465,105679,2026-06-04 02:13:00,other,576.81,10.52
1466,105694,2026-06-14 00:33:00,groceries,1095.23,24.29
1467,105694,2026-06-24 06:33:00,restaurants,1253.58,15.93
1468,105694,2026-07-05 08:33:00,marketplaces,2620.53,45.83
1469,105694,2026-06-20 21:33:00,restaurants,695.94,16.46
1470,105695,2026-07-20 02:16:00,transport,698.02,14.04
1471,105698,2026-06-10 06:58:00,restaurants,738.59,10.23
1472,105698,2026-06-16 11:58:00,restaurants,123.86,1.03
1473,105698,2026-05-21 07:58:00,groceries,511.46,7.66
1474,105698,2026-05-29 00:58:00,groceries,2181.42,47.7
1475,105698,2026-06-12 21:58:00,restaurants,3250.79,77.13
1476,105698,2026-05-27 15:58:00,restaurants,173.26,2.02
1477,105698,2026-05-19 11:58:00,travel,1305.15,21.53
1478,105698,2026-06-03 10:58:00,other,116.53,2.59
1479,105698,2026-06-03 17:58:00,travel,4261.01,49.59
1480,105698,2026-05-25 07:58:00,groceries,459.1,10.88
1481,105698,2026-05-19 07:58:00,marketplaces,779.52,8.05
1482,105698,2026-06-06 18:58:00,restaurants,667.78,7.8
1483,105698,2026-06-25 03:58:00,restaurants,1023.01,8.3
1484,105698,2026-06-16 01:58:00,travel,675.99,10.47
1485,105698,2026-06-06 02:58:00,restaurants,1850.32,32.14
1486,105722,2026-07-07 11:10:00,restaurants,2222.13,51.89
1487,105722,2026-06-08 09:10:00,travel,3917.07,42.85
1488,105722,2026-06-11 16:10:00,restaurants,1289.84,13.78
1489,105727,2026-06-15 00:20:00,other,5562.63,57.38
1490,105727,2026-06-28 19:20:00,marketplaces,4766.08,118.09
1491,105729,2026-06-18 18:48:00,transport,1936.8,37.07
1492,105729,2026-05-16 16:48:00,marketplaces,1044.22,24.63
1493,105733,2026-05-28 20:48:00,transport,786.03,17.1
1494,105742,2026-07-09 02:27:00,marketplaces,2845.49,55.48
1495,105742,2026-06-24 15:27:00,restaurants,2130.64,27.52
1496,105742,2026-07-04 18:27:00,restaurants,3068.56,61.54
1497,105771,2026-07-10 09:07:00,travel,1791.44,40.98
1498,105771,2026-06-27 13:07:00,other,1090.14,15.15
1499,105771,2026-06-25 18:07:00,groceries,3686.66,70.29
1500,105771,2026-07-11 17:07:00,groceries,1217.79,27.72
1501,105774,2026-07-02 13:50:00,groceries,1038.47,18.02
1502,105774,2026-07-08 15:50:00,travel,610.84,11.04
1503,105774,2026-06-04 00:50:00,other,2424.02,36.08
1504,105819,2026-06-17 04:48:00,travel,247.02,2.24
1505,105819,2026-06-18 09:48:00,groceries,1011.2,14.85
1506,105819,2026-06-12 17:48:00,groceries,505.97,5.35
1507,105819,2026-06-08 05:48:00,transport,561.87,12.68
1508,105819,2026-06-11 17:48:00,travel,1182.55,9.97
1509,105830,2026-05-13 05:14:00,travel,2963.23,70.1
1510,105830,2026-06-08 08:14:00,groceries,1409.52,16.21
1511,105830,2026-05-10 04:14:00,groceries,1501.16,28.28
1512,105830,2026-06-17 07:14:00,other,669.66,11.5
1513,105830,2026-06-21 14:14:00,groceries,1258.68,19.17
1514,105830,2026-06-11 06:14:00,groceries,590.2,12.87
1515,105830,2026-05-11 06:14:00,restaurants,1254.4,11.7
1516,105830,2026-06-14 09:14:00,restaurants,1315.7,20.4
1517,105830,2026-05-23 07:14:00,restaurants,1166.08,25.69
1518,105830,2026-06-05 02:14:00,restaurants,1600.76,18.86
1519,105834,2026-07-18 05:20:00,travel,1587.11,27.76
1520,105834,2026-06-10 02:20:00,groceries,1601.29,34.67
1521,105834,2026-06-08 00:20:00,marketplaces,1783.91,34.49
1522,105834,2026-07-12 10:20:00,travel,2771.38,32.22
1523,105834,2026-06-27 00:20:00,restaurants,895.75,21.21
1524,105834,2026-06-27 19:20:00,groceries,535.31,9.12
1525,105834,2026-07-11 10:20:00,restaurants,1974.99,47.05
1526,105834,2026-06-24 18:20:00,travel,1477.86,26.78
1527,105834,2026-07-18 17:20:00,groceries,263.56,4.03
1528,105834,2026-06-13 03:20:00,transport,545.53,9.89
1529,105834,2026-06-04 22:20:00,other,1321.4,30.36
1530,105834,2026-06-13 11:20:00,travel,168.79,1.61
1531,105834,2026-07-11 19:20:00,transport,6201.18,69.99
1532,105834,2026-07-16 16:20:00,restaurants,1138.49,23.6
1533,105834,2026-06-28 00:20:00,marketplaces,1469.65,27.96
1534,105839,2026-06-26 07:28:00,travel,4504.97,85.41
1535,105839,2026-06-29 13:28:00,marketplaces,794.94,8.54
1536,105839,2026-06-22 16:28:00,other,1796.92,42.04
1537,105857,2026-06-26 22:56:00,travel,964.35,18.18
1538,105857,2026-06-22 07:56:00,other,1781.34,28.21
1539,105857,2026-06-17 09:56:00,transport,1246.13,13.29
1540,105857,2026-06-28 21:56:00,restaurants,671.77,12.11
1541,105865,2026-06-15 22:55:00,travel,1202.47,14.67
1542,105865,2026-06-06 04:55:00,travel,705.61,17.12
1543,105865,2026-06-30 00:55:00,transport,2741.29,53.52
1544,105865,2026-06-17 16:55:00,restaurants,681.17,10.49
1545,105865,2026-06-20 06:55:00,transport,690.44,11.35
1546,105871,2026-07-06 16:44:00,other,2297.85,23.32
1547,105871,2026-06-22 02:44:00,travel,1095.68,19.81
1548,105871,2026-06-19 18:44:00,transport,5501.15,70.79
1549,105871,2026-06-02 20:44:00,groceries,2496.64,46.59
1550,105871,2026-06-21 10:44:00,transport,1568.86,23.9
1551,105871,2026-06-25 12:44:00,travel,1360.25,26.76
1552,105877,2026-07-22 05:49:00,other,358.64,6.83
1553,105909,2026-06-26 20:50:00,other,730.35,14.55
1554,105909,2026-06-06 00:50:00,transport,622.65,9.3
1555,105917,2026-05-21 10:24:00,travel,927.32,11.1
1556,105917,2026-05-19 20:24:00,restaurants,324.72,4.51
1557,105917,2026-06-09 18:24:00,groceries,171.73,3.87
1558,105917,2026-05-16 12:24:00,transport,3170.07,69.67
1559,105938,2026-06-15 05:12:00,groceries,2326.9,25.58
1560,105943,2026-06-08 20:59:00,other,357.28,8.1
1561,105951,2026-06-08 17:43:00,restaurants,1818.4,44.13
1562,105951,2026-06-05 07:43:00,restaurants,2361.08,24.6
1563,105951,2026-05-21 13:43:00,marketplaces,1011.92,14.19
1564,105951,2026-05-27 07:43:00,other,4556.13,55.15
1565,105994,2026-07-06 18:50:00,travel,646.98,9.74
1566,106002,2026-06-05 14:27:00,groceries,1607.41,30.87
1567,106002,2026-06-08 02:27:00,marketplaces,6467.76,110.01
1568,106002,2026-06-10 20:27:00,transport,14085.97,246.06
1569,106002,2026-06-28 23:27:00,marketplaces,374.1,8.47
1570,106002,2026-05-29 18:27:00,marketplaces,4030.33,58.04
1571,106002,2026-06-26 11:27:00,restaurants,4177.14,65.25
1572,106010,2026-06-05 17:42:00,transport,178.59,3.49
1573,106010,2026-05-29 02:42:00,marketplaces,963.33,20.71
1574,106010,2026-05-23 09:42:00,marketplaces,2392.43,24.97
1575,106010,2026-05-28 16:42:00,transport,2833.21,30.73
1576,106010,2026-05-14 17:42:00,restaurants,1622.97,26.96
1577,106010,2026-05-14 17:42:00,restaurants,3255.68,71.98
1578,106010,2026-05-27 14:42:00,groceries,2915.82,45.11
1579,106010,2026-05-18 00:42:00,marketplaces,1579.9,32.74
1580,106010,2026-05-27 07:42:00,groceries,213.35,2.42
1581,106010,2026-05-10 12:42:00,marketplaces,1714.0,19.3
1582,106032,2026-06-29 10:21:00,travel,1017.06,24.83
1583,106032,2026-07-04 03:21:00,restaurants,2241.99,43.9
1584,106056,2026-06-11 03:27:00,groceries,6857.3,108.54
1585,106066,2026-06-03 10:12:00,transport,1379.2,26.57
1586,106066,2026-06-17 18:12:00,transport,685.09,15.21
1587,106066,2026-05-21 11:12:00,marketplaces,1494.27,13.92
1588,106066,2026-06-06 13:12:00,other,805.86,10.47
1589,106070,2026-06-09 03:17:00,groceries,2299.68,41.77
1590,106070,2026-06-19 20:17:00,restaurants,2340.84,46.33
1591,106070,2026-07-03 02:17:00,marketplaces,1949.33,30.67
1592,106070,2026-06-13 01:17:00,restaurants,577.8,5.77
1593,106070,2026-07-04 04:17:00,marketplaces,2205.61,40.36
1594,106070,2026-06-09 22:17:00,restaurants,952.09,18.08
1595,106070,2026-07-03 11:17:00,groceries,3872.67,53.18
1596,106070,2026-05-29 08:17:00,groceries,771.51,9.94
1597,106070,2026-05-22 23:17:00,restaurants,3759.67,87.29
1598,106070,2026-07-05 14:17:00,restaurants,814.02,15.58
1599,106070,2026-05-22 21:17:00,groceries,6289.09,146.79
1600,106072,2026-06-01 11:51:00,groceries,2348.23,35.96
1601,106095,2026-06-08 08:21:00,restaurants,736.06,8.7
1602,106095,2026-06-10 00:21:00,other,1611.43,38.37
1603,106095,2026-05-29 21:21:00,travel,2297.94,47.66
1604,106095,2026-07-04 04:21:00,travel,2413.14,58.57
1605,106095,2026-06-08 17:21:00,restaurants,6286.54,115.29
1606,106095,2026-06-21 21:21:00,groceries,537.69,4.35
1607,106133,2026-06-10 05:36:00,travel,5952.27,99.17
1608,106133,2026-05-12 15:36:00,travel,746.42,9.24
1609,106133,2026-05-21 08:36:00,other,217.1,5.31
1610,106133,2026-06-10 00:36:00,travel,7578.96,66.29
1611,106133,2026-05-28 05:36:00,restaurants,2869.17,62.88
1612,106153,2026-06-27 02:41:00,restaurants,1288.94,17.92
1613,106153,2026-05-19 15:41:00,restaurants,256.9,5.79
1614,106153,2026-06-04 01:41:00,groceries,3671.71,85.89
1615,106153,2026-06-16 08:41:00,groceries,190.0,2.78
1616,106153,2026-06-04 01:41:00,travel,7968.1,113.95
1617,106153,2026-06-10 02:41:00,marketplaces,3617.0,49.09
1618,106159,2026-07-11 17:24:00,restaurants,4833.96,54.96
1619,106162,2026-06-12 13:09:00,transport,8506.07,149.64
1620,106162,2026-06-04 09:09:00,other,1937.08,31.86
1621,106162,2026-05-20 07:09:00,groceries,1270.01,18.52
1622,106162,2026-06-05 00:09:00,transport,1860.32,33.23
1623,106162,2026-05-22 01:09:00,groceries,2479.2,36.61
1624,106176,2026-05-19 06:08:00,transport,1115.88,16.84
1625,106199,2026-06-06 16:16:00,transport,2255.14,45.65
1626,106199,2026-06-05 10:16:00,marketplaces,676.38,9.8
1627,106216,2026-07-01 10:00:00,travel,3300.17,76.35
1628,106216,2026-05-26 21:00:00,restaurants,1183.58,23.4
1629,106216,2026-07-05 04:00:00,marketplaces,1138.18,12.96
1630,106223,2026-07-15 05:49:00,groceries,8390.33,156.31
1631,106225,2026-06-01 16:34:00,restaurants,150.08,1.9
1632,106225,2026-06-08 13:34:00,restaurants,2171.94,23.25
1633,106225,2026-06-08 11:34:00,groceries,567.44,10.6
1634,106225,2026-07-04 01:34:00,marketplaces,4865.31,71.67
1635,106225,2026-07-07 09:34:00,other,1297.67,30.97
1636,106225,2026-06-30 08:34:00,travel,1361.79,15.07
1637,106242,2026-06-02 08:22:00,other,1417.84,19.24
1638,106242,2026-06-24 13:22:00,transport,379.98,5.5
1639,106242,2026-07-08 03:22:00,marketplaces,7744.01,164.08
1640,106242,2026-05-30 07:22:00,groceries,935.06,19.74
1641,106242,2026-06-25 18:22:00,restaurants,3062.65,55.71
1642,106242,2026-06-30 15:22:00,travel,1590.46,33.98
1643,106242,2026-06-22 09:22:00,travel,819.13,14.95
1644,106242,2026-06-23 22:22:00,travel,4281.9,76.39
1645,106248,2026-07-16 18:32:00,other,3279.43,47.1
1646,106253,2026-06-20 17:51:00,groceries,531.21,6.29
1647,106253,2026-05-26 21:51:00,restaurants,1498.79,36.44
1648,106253,2026-06-06 21:51:00,restaurants,2451.39,53.3
1649,106253,2026-06-21 09:51:00,transport,492.08,7.77
1650,106253,2026-06-13 10:51:00,transport,677.1,8.49
1651,106253,2026-06-16 11:51:00,travel,718.36,15.98
1652,106253,2026-06-21 02:51:00,restaurants,544.31,10.78
1653,106253,2026-06-19 19:51:00,groceries,1238.91,25.85
1654,106253,2026-06-03 14:51:00,groceries,1277.49,27.52
1655,106253,2026-06-08 05:51:00,groceries,900.68,16.76
1656,106253,2026-06-15 23:51:00,other,4761.48,57.72
1657,106253,2026-05-23 08:51:00,marketplaces,395.5,7.52
1658,106253,2026-06-30 14:51:00,restaurants,3852.25,80.94
1659,106253,2026-06-26 21:51:00,travel,3121.77,67.13
1660,106253,2026-05-29 15:51:00,groceries,932.35,13.03
1661,106292,2026-06-25 03:51:00,other,270.59,4.76
1662,106292,2026-05-23 22:51:00,other,426.27,5.07
1663,106295,2026-06-21 07:48:00,other,997.85,19.96
1664,106295,2026-05-19 23:48:00,restaurants,3207.36,73.67
1665,106300,2026-07-03 11:47:00,groceries,473.74,4.44
1666,106300,2026-06-30 15:47:00,other,748.47,17.13
1667,106300,2026-06-13 01:47:00,groceries,1050.61,12.67
1668,106314,2026-07-17 02:12:00,groceries,3176.27,50.08
1669,106314,2026-06-12 11:12:00,travel,994.62,18.68
1670,106314,2026-07-04 04:12:00,other,609.29,10.85
1671,106314,2026-06-15 03:12:00,transport,8941.88,72.07
1672,106339,2026-06-17 04:19:00,groceries,2050.61,39.59
1673,106339,2026-06-30 08:19:00,marketplaces,1825.66,15.39
1674,106339,2026-07-07 00:19:00,transport,487.4,4.85
1675,106339,2026-06-29 07:19:00,travel,5999.54,107.82
1676,106339,2026-07-12 12:19:00,travel,1207.63,15.33
1677,106339,2026-07-08 10:19:00,other,434.18,8.08
1678,106339,2026-06-19 18:19:00,groceries,1171.98,23.04
1679,106343,2026-07-20 14:59:00,travel,1459.15,21.02
1680,106343,2026-06-15 18:59:00,other,526.88,6.84
1681,106343,2026-07-09 16:59:00,transport,928.61,20.28
1682,106343,2026-06-26 09:59:00,groceries,441.17,9.86
1683,106343,2026-06-27 04:59:00,travel,585.6,10.03
1684,106343,2026-07-08 16:59:00,transport,460.6,4.42
1685,106344,2026-05-27 22:44:00,transport,4308.66,91.0
1686,106344,2026-06-09 10:44:00,transport,363.25,7.93
1687,106384,2026-05-31 08:56:00,travel,2730.6,45.6
1688,106384,2026-07-04 18:56:00,groceries,2191.12,28.33
1689,106384,2026-06-07 03:56:00,marketplaces,226.0,2.5
1690,106384,2026-05-27 11:56:00,marketplaces,8100.22,195.77
1691,106388,2026-06-06 09:01:00,marketplaces,989.6,13.4
1692,106388,2026-07-07 22:01:00,restaurants,1541.45,14.73
1693,106408,2026-05-16 10:19:00,restaurants,380.22,7.5
1694,106426,2026-06-04 00:58:00,groceries,1521.73,31.85
1695,106430,2026-07-01 03:17:00,marketplaces,1252.47,18.19
1696,106430,2026-06-27 01:17:00,groceries,934.52,10.61
1697,106440,2026-06-29 21:13:00,transport,813.53,9.87
1698,106459,2026-06-04 21:17:00,transport,1447.13,17.76
1699,106459,2026-06-01 02:17:00,restaurants,1372.54,30.98
1700,106459,2026-06-13 18:17:00,restaurants,1312.57,24.95
1701,106459,2026-06-30 15:17:00,restaurants,1242.03,30.34
1702,106459,2026-06-25 21:17:00,marketplaces,6117.74,79.8
1703,106459,2026-06-23 07:17:00,groceries,1261.13,13.28
1704,106459,2026-05-29 18:17:00,travel,1017.76,22.3
1705,106459,2026-07-04 11:17:00,transport,1416.85,19.12
1706,106459,2026-06-05 22:17:00,other,1043.22,24.82
1707,106459,2026-05-26 11:17:00,marketplaces,675.18,15.7
1708,106459,2026-06-22 04:17:00,restaurants,475.07,5.19
1709,106479,2026-05-29 17:01:00,restaurants,553.55,12.78
1710,106479,2026-06-17 02:01:00,transport,448.84,7.67
1711,106479,2026-06-29 08:01:00,other,195.25,1.85
1712,106479,2026-07-03 16:01:00,groceries,2493.45,20.35
1713,106479,2026-06-19 23:01:00,restaurants,2165.63,43.39
1714,106479,2026-06-01 06:01:00,other,95.88,2.27
1715,106479,2026-07-02 16:01:00,other,5015.26,45.96
1716,106517,2026-05-19 08:42:00,other,3210.23,70.69
1717,106517,2026-06-10 17:42:00,travel,1905.85,30.8
1718,106535,2026-07-11 17:25:00,transport,1909.69,23.54
1719,106543,2026-06-02 08:24:00,marketplaces,935.92,13.65
1720,106543,2026-06-04 03:24:00,restaurants,2531.91,27.17
1721,106550,2026-05-31 05:36:00,travel,1248.96,13.13
1722,106550,2026-05-17 00:36:00,travel,2280.83,32.97
1723,106550,2026-05-16 14:36:00,transport,423.4,7.27
1724,106550,2026-05-22 07:36:00,travel,2293.35,29.18
1725,106552,2026-07-02 16:23:00,marketplaces,505.64,5.15
1726,106552,2026-07-03 16:23:00,marketplaces,2412.51,30.38
1727,106552,2026-05-28 18:23:00,transport,870.53,10.66
1728,106556,2026-06-12 07:59:00,transport,1457.19,29.12
1729,106556,2026-07-15 08:59:00,transport,3696.68,80.41
1730,106556,2026-07-10 17:59:00,other,3229.31,48.88
1731,106556,2026-06-14 02:59:00,transport,2216.1,43.01
1732,106556,2026-06-10 16:59:00,transport,1157.04,17.72
1733,106556,2026-07-20 18:59:00,travel,610.8,12.1
1734,106556,2026-06-19 20:59:00,restaurants,1951.99,33.68
1735,106585,2026-06-20 04:36:00,groceries,2641.76,46.89
1736,106585,2026-07-10 02:36:00,marketplaces,9428.01,157.69
1737,106585,2026-06-22 03:36:00,other,531.57,7.2
1738,106585,2026-06-21 00:36:00,transport,836.17,16.27
1739,106585,2026-06-16 18:36:00,travel,3958.22,33.2
1740,106585,2026-06-28 20:36:00,other,272.01,4.38
1741,106585,2026-06-21 18:36:00,travel,509.8,9.38
1742,106585,2026-07-18 22:36:00,transport,596.94,10.92
1743,106585,2026-07-03 02:36:00,travel,4976.6,106.35
1744,106585,2026-06-07 07:36:00,travel,3077.03,66.98
1745,106585,2026-06-30 06:36:00,transport,844.87,10.27
1746,106586,2026-06-04 19:37:00,other,856.15,15.63
1747,106597,2026-06-21 03:41:00,transport,397.64,5.03
1748,106597,2026-06-09 19:41:00,transport,2124.17,44.51
1749,106597,2026-07-10 06:41:00,travel,674.8,15.37
1750,106597,2026-06-02 23:41:00,marketplaces,945.63,20.51
1751,106597,2026-07-03 16:41:00,groceries,2150.38,28.13
1752,106641,2026-06-20 03:16:00,travel,5882.51,55.42
1753,106681,2026-06-13 22:18:00,marketplaces,11135.58,238.62
1754,106683,2026-05-27 08:04:00,travel,467.64,9.54
1755,106683,2026-06-30 12:04:00,travel,1537.59,17.24
1756,106687,2026-06-30 03:22:00,groceries,1667.07,23.31
1757,106693,2026-05-21 15:27:00,transport,548.68,6.89
1758,106693,2026-06-19 01:27:00,other,789.22,7.52
1759,106693,2026-06-01 19:27:00,marketplaces,3138.75,32.62
1760,106701,2026-06-08 09:44:00,restaurants,4583.02,93.07
1761,106701,2026-05-08 23:44:00,marketplaces,1786.44,33.79
1762,106701,2026-05-16 17:44:00,other,1259.22,12.6
1763,106701,2026-05-28 20:44:00,marketplaces,1337.99,11.56
1764,106701,2026-06-19 14:44:00,travel,3203.84,53.82
1765,106701,2026-05-23 22:44:00,travel,13378.15,296.79
1766,106713,2026-06-08 02:11:00,travel,2356.65,51.16
1767,106713,2026-05-27 09:11:00,other,824.24,10.46
1768,106713,2026-06-26 07:11:00,restaurants,1991.1,36.86
1769,106713,2026-05-26 14:11:00,other,2030.49,29.16
1770,106713,2026-06-03 09:11:00,travel,89.61,1.74
1771,106713,2026-05-28 08:11:00,groceries,4606.22,111.83
1772,106713,2026-06-20 07:11:00,restaurants,196.94,1.9
1773,106713,2026-06-28 08:11:00,groceries,1145.82,25.6
1774,106713,2026-06-22 22:11:00,other,538.35,10.04
1775,106726,2026-06-23 03:54:00,other,796.6,15.28
1776,106726,2026-06-04 04:54:00,marketplaces,1048.18,23.24
1777,106729,2026-05-31 19:44:00,transport,299.58,5.52
1778,106729,2026-06-22 14:44:00,transport,2636.42,64.75
1779,106742,2026-07-10 20:27:00,transport,614.79,15.12
1780,106742,2026-06-24 03:27:00,groceries,992.34,23.43
1781,106743,2026-06-09 10:46:00,restaurants,1127.62,26.27
1782,106743,2026-06-15 02:46:00,travel,1904.15,44.84
1783,106743,2026-06-03 15:46:00,marketplaces,984.08,14.21
1784,106743,2026-06-15 17:46:00,transport,6578.71,53.44
1785,106743,2026-07-03 01:46:00,groceries,1016.16,9.8
1786,106743,2026-06-17 22:46:00,groceries,667.15,13.18
1787,106743,2026-06-10 18:46:00,travel,2455.5,21.65
1788,106743,2026-06-21 12:46:00,restaurants,2029.51,38.92
1789,106743,2026-07-08 04:46:00,transport,2064.62,42.56
1790,106743,2026-06-27 08:46:00,groceries,428.12,8.78
1791,106743,2026-06-10 01:46:00,marketplaces,2843.06,27.53
1792,106751,2026-06-28 21:15:00,travel,1004.36,24.19
1793,106751,2026-06-17 14:15:00,other,2124.16,33.8
1794,106751,2026-06-26 06:15:00,travel,1578.54,18.41
1795,106753,2026-06-14 16:45:00,transport,379.98,9.39
1796,106753,2026-07-05 04:45:00,marketplaces,7021.56,71.44
1797,106753,2026-07-12 18:45:00,transport,1264.96,16.17
1798,106761,2026-06-06 17:22:00,marketplaces,2890.0,54.83
1799,106761,2026-05-29 09:22:00,restaurants,4701.03,105.7
1800,106761,2026-05-25 08:22:00,travel,4208.89,70.51
1801,106761,2026-06-20 01:22:00,restaurants,349.79,3.86
1802,106761,2026-05-24 23:22:00,groceries,3802.45,41.38
1803,106761,2026-05-30 05:22:00,marketplaces,258.78,2.16
1804,106762,2026-05-27 20:28:00,groceries,2827.53,51.21
1805,106762,2026-05-27 14:28:00,restaurants,2514.68,35.0
1806,106764,2026-06-17 18:15:00,restaurants,1157.03,15.13
1807,106764,2026-05-25 09:15:00,groceries,3187.54,31.45
1808,106764,2026-06-18 06:15:00,travel,950.72,12.11
1809,106764,2026-06-18 03:15:00,travel,563.22,7.84
1810,106764,2026-06-08 05:15:00,groceries,7213.17,90.5
1811,106764,2026-06-09 21:15:00,other,636.91,12.26
1812,106801,2026-05-25 17:26:00,restaurants,206.45,4.39
1813,106801,2026-06-14 18:26:00,travel,541.51,11.6
1814,106801,2026-05-24 21:26:00,other,1273.03,26.93
1815,106801,2026-06-27 15:26:00,restaurants,824.72,11.38
1816,106801,2026-06-18 06:26:00,marketplaces,2091.07,22.9
1817,106808,2026-06-19 23:05:00,marketplaces,638.15,6.74
1818,106808,2026-06-30 22:05:00,marketplaces,1616.41,36.37
1819,106808,2026-06-24 14:05:00,restaurants,606.74,7.0
1820,106808,2026-06-04 08:05:00,restaurants,325.83,7.37
1821,106812,2026-06-20 16:32:00,travel,1850.78,20.92
1822,106812,2026-06-20 15:32:00,other,896.37,14.15
1823,106851,2026-06-26 06:04:00,groceries,3915.01,57.98
1824,106851,2026-07-08 18:04:00,marketplaces,321.54,4.04
1825,106886,2026-06-11 22:04:00,transport,2975.51,54.8
1826,106886,2026-05-29 15:04:00,marketplaces,512.69,12.32
1827,106893,2026-05-20 12:47:00,transport,321.79,3.58
1828,106893,2026-06-12 05:47:00,transport,3933.72,61.56
1829,106893,2026-06-22 09:47:00,restaurants,1157.27,12.36
1830,106893,2026-06-05 02:47:00,groceries,1168.68,19.0
1831,106893,2026-06-28 07:47:00,travel,5113.64,72.77
1832,106893,2026-06-16 00:47:00,groceries,1175.79,12.85
1833,106893,2026-06-12 02:47:00,transport,4849.2,65.0
1834,106906,2026-07-01 02:33:00,restaurants,332.98,7.14
1835,106906,2026-06-21 10:33:00,marketplaces,565.81,5.55
1836,106906,2026-07-01 13:33:00,travel,1203.57,10.54
1837,106923,2026-06-20 17:37:00,marketplaces,879.34,18.45
1838,106927,2026-07-15 15:56:00,transport,3698.03,87.29
1839,106938,2026-06-09 02:45:00,travel,1318.92,25.47
1840,106938,2026-05-14 04:45:00,restaurants,7475.26,130.61
1841,106938,2026-06-06 05:45:00,marketplaces,1520.3,13.8
1842,106938,2026-06-16 08:45:00,restaurants,972.26,10.21
1843,106938,2026-06-21 09:45:00,travel,1344.09,19.77
1844,106938,2026-05-21 20:45:00,groceries,1088.44,19.54
1845,106938,2026-06-06 12:45:00,other,1005.29,11.44
1846,106941,2026-06-27 23:53:00,marketplaces,1312.87,25.67
1847,106941,2026-07-09 02:53:00,marketplaces,4594.47,71.84
1848,106941,2026-06-07 15:53:00,transport,468.7,7.49
1849,106946,2026-06-17 08:56:00,marketplaces,770.25,13.6
1850,106946,2026-06-10 10:56:00,groceries,308.89,6.37
1851,106946,2026-05-26 19:56:00,other,225.65,1.98
1852,106946,2026-06-26 02:56:00,marketplaces,1256.09,13.53
1853,106946,2026-06-25 11:56:00,restaurants,3441.11,40.92
1854,106946,2026-06-10 10:56:00,restaurants,5664.65,103.61
1855,106949,2026-06-24 21:09:00,transport,973.08,18.48
1856,106949,2026-06-09 16:09:00,restaurants,351.37,6.56
1857,106949,2026-05-30 15:09:00,travel,859.18,16.42
1858,106954,2026-06-29 14:43:00,travel,822.72,8.71
1859,106957,2026-06-02 04:46:00,restaurants,4893.17,112.05
1860,106957,2026-06-26 03:46:00,travel,1993.63,34.47
1861,106957,2026-06-06 05:46:00,marketplaces,586.45,8.31
1862,106957,2026-06-15 14:46:00,marketplaces,405.56,5.13
1863,106957,2026-06-16 08:46:00,groceries,1153.49,23.48
1864,106957,2026-06-16 11:46:00,transport,4013.83,39.82
1865,106964,2026-07-05 03:38:00,other,212.79,2.44
1866,106965,2026-06-27 04:15:00,marketplaces,793.8,13.71
1867,106965,2026-06-08 04:15:00,restaurants,812.96,19.58
1868,106965,2026-06-14 21:15:00,travel,1596.76,28.56
1869,106965,2026-05-30 19:15:00,travel,5127.16,110.67
1870,106992,2026-06-12 09:22:00,other,1837.38,26.48
1871,106992,2026-07-13 05:22:00,other,1303.53,27.0
1872,106992,2026-07-04 07:22:00,restaurants,2379.51,20.35
1873,107024,2026-06-10 11:00:00,other,607.52,5.03
1874,107024,2026-05-27 20:00:00,groceries,7565.7,83.53
1875,107033,2026-07-12 22:50:00,groceries,160.56,2.68
1876,107033,2026-06-25 21:50:00,transport,2978.84,67.9
1877,107033,2026-06-12 04:50:00,marketplaces,2608.72,44.82
1878,107035,2026-06-08 20:51:00,other,611.74,8.97
1879,107035,2026-06-17 04:51:00,transport,470.42,7.7
1880,107035,2026-06-13 01:51:00,marketplaces,2326.12,29.99
1881,107035,2026-06-20 19:51:00,transport,3705.3,61.88
1882,107035,2026-07-12 16:51:00,transport,1294.12,20.91
1883,107035,2026-06-22 08:51:00,restaurants,315.85,5.7
1884,107035,2026-07-04 04:51:00,marketplaces,2214.7,31.58
1885,107035,2026-07-07 04:51:00,restaurants,270.11,5.88
1886,107035,2026-06-11 06:51:00,other,1003.17,24.62
1887,107042,2026-06-28 04:03:00,groceries,1141.39,18.87
1888,107042,2026-06-26 21:03:00,restaurants,3682.92,85.36
1889,107044,2026-06-15 03:11:00,restaurants,2809.37,56.92
1890,107044,2026-06-28 07:11:00,restaurants,545.89,4.84
1891,107044,2026-06-16 15:11:00,restaurants,2119.08,26.8
1892,107051,2026-05-10 18:06:00,transport,1455.72,30.05
1893,107051,2026-05-29 20:06:00,other,1078.06,13.57
1894,107101,2026-05-27 16:26:00,marketplaces,362.09,5.76
1895,107105,2026-06-20 06:16:00,marketplaces,1061.17,12.36
1896,107105,2026-06-04 20:16:00,groceries,1541.48,19.19
1897,107105,2026-06-05 05:16:00,groceries,3808.61,92.19
1898,107105,2026-06-03 09:16:00,travel,1388.47,18.57
1899,107105,2026-05-23 19:16:00,travel,3454.28,83.16
1900,107115,2026-07-02 02:41:00,travel,517.99,8.1
1901,107115,2026-06-18 02:41:00,other,891.44,13.76
1902,107118,2026-06-23 19:15:00,marketplaces,797.94,9.42
1903,107161,2026-05-12 17:05:00,restaurants,868.71,10.74
1904,107161,2026-06-16 02:05:00,marketplaces,430.27,5.88
1905,107173,2026-06-15 19:54:00,groceries,2235.48,53.68
1906,107173,2026-06-28 14:54:00,groceries,2395.71,35.23
1907,107173,2026-05-31 19:54:00,restaurants,1766.16,25.59
1908,107173,2026-06-19 19:54:00,other,3248.49,47.77
1909,107173,2026-05-27 07:54:00,marketplaces,1890.33,30.8
1910,107173,2026-06-04 01:54:00,travel,1013.51,24.17
1911,107173,2026-07-01 06:54:00,marketplaces,1452.05,31.61
1912,107183,2026-06-09 18:25:00,transport,846.81,18.09
1913,107183,2026-07-07 12:25:00,marketplaces,4978.23,68.07
1914,107183,2026-06-17 10:25:00,marketplaces,499.25,5.98
1915,107183,2026-06-06 15:25:00,other,706.84,13.68
1916,107199,2026-06-12 10:38:00,travel,2222.22,42.74
1917,107199,2026-06-06 05:38:00,travel,345.41,8.1
1918,107199,2026-06-17 09:38:00,restaurants,917.85,12.76
1919,107199,2026-06-12 10:38:00,groceries,933.17,19.95
1920,107199,2026-06-27 07:38:00,restaurants,1393.59,21.6
1921,107208,2026-06-16 12:24:00,groceries,1889.86,24.84
1922,107227,2026-05-31 02:59:00,other,257.99,5.05
1923,107230,2026-06-10 04:53:00,marketplaces,80,1.79
1924,107230,2026-06-01 09:53:00,travel,879.12,21.33
1925,107230,2026-06-28 20:53:00,transport,585.31,7.86
1926,107230,2026-06-25 12:53:00,transport,1477.27,23.18
1927,107230,2026-06-11 01:53:00,groceries,676.5,6.56
1928,107244,2026-07-10 17:59:00,groceries,11065.02,161.56
1929,107244,2026-06-20 16:59:00,other,1080.22,9.48
1930,107244,2026-07-01 23:59:00,travel,1880.09,16.38
1931,107244,2026-07-07 10:59:00,other,3336.66,69.53
1932,107245,2026-06-13 12:24:00,marketplaces,2282.0,56.0
1933,107245,2026-06-13 18:24:00,groceries,950.58,23.23
1934,107245,2026-07-01 14:24:00,restaurants,1563.73,29.39
1935,107245,2026-06-11 00:24:00,groceries,464.6,7.04
1936,107245,2026-07-16 20:24:00,marketplaces,2248.21,46.93
1937,107245,2026-06-21 06:24:00,marketplaces,2046.15,48.26
1938,107246,2026-06-24 03:07:00,marketplaces,1965.49,31.81
1939,107246,2026-07-04 01:07:00,restaurants,1439.77,17.34
1940,107246,2026-05-28 12:07:00,marketplaces,2136.3,49.17
1941,107246,2026-05-27 11:07:00,transport,2297.14,22.82
1942,107246,2026-07-04 19:07:00,marketplaces,911.39,14.41
1943,107248,2026-07-04 13:20:00,other,1728.46,24.16
1944,107249,2026-06-01 07:35:00,transport,679.66,9.48
1945,107276,2026-05-24 19:31:00,marketplaces,515.79,8.25
1946,107276,2026-05-23 17:31:00,groceries,4390.57,109.47
1947,107276,2026-06-25 14:31:00,marketplaces,1871.47,26.47
1948,107276,2026-05-23 04:31:00,travel,2426.73,51.2
1949,107276,2026-06-02 23:31:00,groceries,1097.54,13.56
1950,107276,2026-06-14 19:31:00,restaurants,667.31,7.55
1951,107276,2026-06-05 16:31:00,restaurants,656.71,12.63
1952,107276,2026-05-30 14:31:00,travel,2947.54,34.16
1953,107298,2026-06-28 00:19:00,marketplaces,1938.96,48.18
1954,107298,2026-06-18 19:19:00,restaurants,7312.26,181.2
1955,107298,2026-07-08 13:19:00,travel,746.48,8.75
1956,107298,2026-06-03 19:19:00,travel,668.53,5.62
1957,107298,2026-05-27 16:19:00,groceries,129.84,3.23
1958,107298,2026-06-01 00:19:00,restaurants,2714.84,49.26
1959,107324,2026-06-12 15:43:00,marketplaces,1105.64,13.68
1960,107324,2026-05-29 08:43:00,transport,485.83,4.24
1961,107324,2026-07-04 06:43:00,marketplaces,398.03,4.7
1962,107362,2026-06-23 22:29:00,groceries,1309.79,15.91
1963,107362,2026-07-07 16:29:00,marketplaces,1903.35,22.8
1964,107362,2026-06-29 16:29:00,marketplaces,1001.58,11.22
1965,107362,2026-07-02 23:29:00,other,924.3,14.13
1966,107362,2026-07-11 19:29:00,transport,934.16,17.36
1967,107362,2026-07-13 11:29:00,restaurants,233.73,2.83
1968,107362,2026-06-18 00:29:00,marketplaces,1529.92,24.89
1969,107364,2026-05-12 23:10:00,groceries,4179.26,53.86
1970,107364,2026-06-20 12:10:00,transport,648.42,11.27
1971,107364,2026-06-09 11:10:00,transport,362.4,8.82
1972,107367,2026-05-17 23:13:00,restaurants,1299.64,12.03
1973,107372,2026-06-13 02:30:00,travel,3059.84,52.67
1974,107372,2026-05-28 11:30:00,travel,996.99,23.92
1975,107384,2026-06-20 17:59:00,restaurants,2166.3,20.91
1976,107384,2026-06-19 05:59:00,other,2924.28,65.93
1977,107385,2026-07-15 19:43:00,other,3875.8,37.44
1978,107385,2026-07-14 07:43:00,transport,1218.72,26.46
1979,107385,2026-06-06 20:43:00,restaurants,1655.34,17.26
1980,107385,2026-07-11 20:43:00,restaurants,2405.39,46.43
1981,107385,2026-07-08 01:43:00,restaurants,4943.0,89.78
1982,107385,2026-07-13 15:43:00,travel,1001.37,15.64
1983,107385,2026-07-04 16:43:00,transport,2070.89,36.2
1984,107385,2026-06-28 21:43:00,marketplaces,1211.76,27.91
1985,107385,2026-06-12 09:43:00,transport,3596.71,60.44
1986,107405,2026-06-07 12:53:00,restaurants,930.74,8.33
1987,107405,2026-07-21 03:53:00,transport,1885.3,44.46
1988,107420,2026-07-05 15:58:00,groceries,3259.75,63.57
1989,107422,2026-07-12 03:58:00,transport,606.27,13.61
1990,107422,2026-06-22 10:58:00,travel,3888.78,60.87
1991,107422,2026-07-01 01:58:00,restaurants,2496.6,41.46
1992,107422,2026-07-05 23:58:00,marketplaces,2225.77,46.52
1993,107422,2026-06-15 12:58:00,groceries,357.04,4.96
1994,107422,2026-06-02 06:58:00,marketplaces,22248.9,518.8
1995,107422,2026-06-11 10:58:00,transport,271.32,5.41
1996,107422,2026-06-28 07:58:00,transport,2303.71,32.01
1997,107465,2026-05-31 12:23:00,restaurants,500.91,4.77
1998,107465,2026-06-22 05:23:00,restaurants,4281.95,39.46
1999,107465,2026-05-31 09:23:00,groceries,5588.77,122.61
2000,107465,2026-06-28 20:23:00,restaurants,601.53,10.19
2001,107465,2026-06-13 19:23:00,transport,6531.47,141.38
2002,107465,2026-06-11 06:23:00,marketplaces,273.58,5.14
2003,107465,2026-06-08 05:23:00,other,1357.24,17.75
2004,107465,2026-06-19 20:23:00,restaurants,1856.39,17.57
2005,107465,2026-05-24 19:23:00,other,1126.61,23.62
2006,107465,2026-05-21 19:23:00,travel,3624.38,83.47
2007,107465,2026-05-24 19:23:00,travel,3226.49,72.76
2008,107465,2026-05-26 06:23:00,groceries,978.34,9.3
2009,107465,2026-05-31 21:23:00,other,422.43,3.59
2010,107465,2026-06-21 04:23:00,other,2643.49,39.98
2011,107465,2026-06-08 07:23:00,transport,1790.37,32.92
2012,107467,2026-06-02 05:46:00,transport,720.01,7.26
2013,107467,2026-06-07 16:46:00,transport,2228.15,34.02
2014,107477,2026-07-03 19:12:00,restaurants,4037.76,53.42
2015,107477,2026-06-23 09:12:00,marketplaces,775.72,8.86
2016,107492,2026-06-11 01:27:00,transport,1510.65,24.07
2017,107492,2026-06-26 19:27:00,restaurants,320.78,4.41
2018,107492,2026-07-08 06:27:00,other,3287.58,37.72
2019,107496,2026-06-27 19:25:00,transport,794.25,10.37
2020,107496,2026-06-15 05:25:00,groceries,971.82,14.72
2021,107496,2026-06-05 02:25:00,restaurants,584.3,5.75
2022,107496,2026-06-28 08:25:00,restaurants,2126.83,46.94
2023,107511,2026-06-23 07:52:00,other,2224.54,41.13
2024,107511,2026-07-28 22:52:00,travel,6266.88,60.85
2025,107511,2026-06-27 02:52:00,other,1867.59,25.18
2026,107511,2026-07-10 14:52:00,other,1277.02,10.6
2027,107511,2026-06-19 18:52:00,travel,673.63,10.94
2028,107511,2026-07-30 07:52:00,other,636.3,7.31
2029,107544,2026-06-23 05:26:00,marketplaces,974.15,10.28
2030,107544,2026-06-01 15:26:00,marketplaces,1007.64,15.28
2031,107564,2026-06-25 08:05:00,restaurants,1467.58,26.76
2032,107564,2026-06-26 23:05:00,restaurants,321.73,3.63
2033,107564,2026-06-22 00:05:00,restaurants,542.81,10.41
2034,107564,2026-06-24 01:05:00,restaurants,283.3,6.16
2035,107564,2026-06-08 07:05:00,other,415.72,7.03
2036,107564,2026-07-08 17:05:00,other,780.17,14.51
2037,107564,2026-07-17 10:05:00,travel,940.1,10.37
2038,107564,2026-06-23 15:05:00,restaurants,3340.15,32.42
2039,107564,2026-07-09 01:05:00,groceries,763.23,11.61
2040,107567,2026-06-28 17:10:00,travel,2147.94,40.98
2041,107575,2026-07-09 08:41:00,restaurants,1141.42,13.22
2042,107575,2026-05-29 07:41:00,marketplaces,6664.31,143.99
2043,107575,2026-06-19 08:41:00,marketplaces,1341.16,29.91
2044,107575,2026-06-01 03:41:00,marketplaces,1542.52,33.23
2045,107575,2026-06-01 19:41:00,other,805.13,9.58
2046,107598,2026-05-09 13:12:00,other,9978.64,104.2
2047,107598,2026-05-21 15:12:00,travel,2109.1,20.93
2048,107605,2026-06-16 09:27:00,marketplaces,651.33,8.47
2049,107605,2026-06-18 10:27:00,groceries,1440.66,28.74
2050,107630,2026-07-06 19:12:00,travel,6220.44,121.34
2051,107630,2026-07-03 02:12:00,marketplaces,3170.45,50.65
2052,107630,2026-07-05 03:12:00,groceries,697.35,17.01
2053,107638,2026-06-16 04:55:00,travel,1222.98,11.66
2054,107638,2026-06-21 21:55:00,other,1402.01,31.33
2055,107638,2026-06-14 02:55:00,travel,2277.03,19.93
2056,107638,2026-06-12 03:55:00,travel,381.31,4.27
2057,107656,2026-05-23 08:11:00,marketplaces,1906.28,47.12
2058,107656,2026-06-28 12:11:00,groceries,4946.34,78.79
2059,107656,2026-06-16 03:11:00,restaurants,3060.8,60.59
2060,107656,2026-05-24 11:11:00,restaurants,6006.11,147.61
2061,107663,2026-06-26 16:17:00,marketplaces,2751.1,49.57
2062,107663,2026-06-29 09:17:00,travel,1523.61,23.68
2063,107663,2026-06-25 05:17:00,restaurants,542.24,8.33
2064,107663,2026-06-13 19:17:00,other,1338.49,32.87
2065,107663,2026-06-15 15:17:00,groceries,561.66,12.3
2066,107663,2026-06-15 22:17:00,other,536.87,11.55
2067,107663,2026-05-28 20:17:00,transport,502.23,8.92
2068,107663,2026-05-25 13:17:00,other,8213.94,112.08
2069,107663,2026-06-30 03:17:00,transport,3808.84,66.74
2070,107663,2026-06-10 00:17:00,groceries,3485.4,29.28
2071,107673,2026-07-04 03:37:00,transport,1656.83,18.61
2072,107675,2026-06-21 16:48:00,other,1173.12,10.46
2073,107675,2026-06-24 00:48:00,transport,4205.11,58.56
2074,107675,2026-06-16 02:48:00,groceries,2851.19,70.64
2075,107675,2026-06-26 03:48:00,groceries,1009.29,24.44
2076,107675,2026-07-29 04:48:00,travel,2045.35,29.38
2077,107681,2026-05-24 11:02:00,other,10072.91,132.54
2078,107681,2026-06-27 03:02:00,restaurants,4179.06,42.07
2079,107681,2026-06-01 19:02:00,marketplaces,2866.79,41.8
2080,107681,2026-06-01 14:02:00,groceries,373.07,7.0
2081,107681,2026-06-21 10:02:00,restaurants,1791.08,33.12
2082,107692,2026-06-27 08:27:00,marketplaces,158.03,2.86
2083,107711,2026-05-25 21:16:00,restaurants,346.22,3.24
2084,107711,2026-05-08 11:16:00,groceries,2493.47,40.54
2085,107711,2026-06-18 17:16:00,marketplaces,809.5,7.46
2086,107712,2026-07-30 15:58:00,groceries,690.48,9.17
2087,107712,2026-07-29 05:58:00,restaurants,1100.07,12.36
2088,107712,2026-07-17 03:58:00,marketplaces,1434.52,26.14
2089,107716,2026-07-01 19:28:00,travel,5831.48,77.03
2090,107716,2026-06-01 15:28:00,travel,373.26,6.49
2091,107749,2026-06-08 23:15:00,transport,2359.69,49.13
2092,107749,2026-05-28 13:15:00,other,1186.8,29.55
2093,107749,2026-06-03 19:15:00,restaurants,3130.73,37.2
2094,107749,2026-06-20 08:15:00,marketplaces,2029.77,17.38
2095,107749,2026-06-01 19:15:00,groceries,1960.15,46.89
2096,107749,2026-05-28 21:15:00,transport,332.66,5.3
2097,107763,2026-06-22 20:11:00,other,2500.44,48.36
2098,107778,2026-06-12 22:30:00,travel,1293.11,21.25
2099,107791,2026-06-21 13:00:00,groceries,1377.83,16.43
2100,107801,2026-06-16 02:19:00,transport,214.93,4.05
2101,107801,2026-06-15 12:19:00,marketplaces,1191.05,19.12
2102,107801,2026-06-17 13:19:00,restaurants,2260.28,42.53
2103,107801,2026-06-21 20:19:00,restaurants,2117.78,51.74
2104,107801,2026-06-11 09:19:00,restaurants,1884.44,45.24
2105,107802,2026-05-19 17:32:00,travel,1238.54,12.43
2106,107827,2026-06-17 01:08:00,groceries,262.55,4.13
2107,107827,2026-07-12 23:08:00,marketplaces,620.02,14.62
2108,107827,2026-07-12 17:08:00,groceries,9323.11,199.51
2109,107827,2026-07-15 03:08:00,groceries,4504.29,100.09
2110,107827,2026-06-21 01:08:00,travel,552.08,7.47
2111,107837,2026-06-27 17:26:00,transport,862.14,21.42
2112,107837,2026-05-24 16:26:00,travel,200.72,3.82
2113,107837,2026-06-19 04:26:00,other,2012.43,35.91
2114,107837,2026-06-20 19:26:00,marketplaces,644.03,7.91
2115,107837,2026-06-16 18:26:00,groceries,1304.09,20.15
2116,107837,2026-05-25 19:26:00,groceries,2962.9,31.11
2117,107855,2026-07-01 17:14:00,marketplaces,1826.64,45.47
2118,107863,2026-06-30 22:46:00,groceries,505.13,5.76
2119,107863,2026-06-06 21:46:00,restaurants,165.05,2.93
2120,107875,2026-06-01 03:48:00,restaurants,1111.49,21.44
2121,107875,2026-07-12 02:48:00,transport,2042.39,49.19
2122,107875,2026-07-12 18:48:00,travel,221.02,5.13
2123,107888,2026-06-27 15:01:00,groceries,344.11,4.73
2124,107892,2026-05-31 08:27:00,travel,935.37,8.68
2125,107893,2026-06-11 00:51:00,marketplaces,3452.3,76.17
2126,107893,2026-06-26 10:51:00,marketplaces,558.05,9.12
2127,107912,2026-06-27 22:35:00,groceries,656.53,13.5
2128,107912,2026-05-29 11:35:00,groceries,1989.95,24.86
2129,107912,2026-06-24 11:35:00,marketplaces,722.44,8.88
2130,107912,2026-06-13 11:35:00,other,1118.04,12.76
2131,107912,2026-06-04 16:35:00,other,4059.69,78.23
2132,107912,2026-06-25 04:35:00,restaurants,578.61,13.4
2133,107915,2026-05-17 02:45:00,groceries,413.81,7.99
2134,107915,2026-06-20 13:45:00,marketplaces,3596.35,73.61
2135,107915,2026-06-24 08:45:00,groceries,3798.69,39.19
2136,107917,2026-06-09 06:00:00,transport,619.49,11.96
2137,107917,2026-06-29 10:00:00,other,3824.35,46.52
2138,107917,2026-06-08 15:00:00,other,875.91,13.69
2139,107917,2026-07-05 18:00:00,groceries,2363.53,28.31
2140,107917,2026-07-09 02:00:00,groceries,781.59,6.28
2141,107936,2026-07-10 12:01:00,other,418.74,9.74
2142,107936,2026-06-21 01:01:00,marketplaces,2107.0,28.59
2143,107936,2026-06-28 13:01:00,other,706.52,14.44
2144,107936,2026-06-15 16:01:00,travel,644.04,13.18
2145,107936,2026-07-03 16:01:00,marketplaces,1589.75,33.48
2146,107936,2026-06-27 04:01:00,transport,797.68,9.48
2147,107936,2026-06-12 04:01:00,groceries,5096.82,116.02
2148,107937,2026-07-17 19:38:00,marketplaces,1662.27,34.48
2149,107944,2026-06-28 15:15:00,transport,1904.32,41.73
2150,107944,2026-05-29 12:15:00,restaurants,834.48,9.47
2151,107944,2026-06-20 23:15:00,transport,1450.87,28.41
2152,107944,2026-06-18 23:15:00,other,1951.79,41.75
2153,107965,2026-05-22 09:50:00,marketplaces,696.51,14.98
2154,107965,2026-05-29 02:50:00,marketplaces,780.22,7.69
2155,107965,2026-06-15 01:50:00,other,2319.18,21.82
2156,107965,2026-06-20 07:50:00,other,5476.17,121.8
2157,107965,2026-06-14 11:50:00,marketplaces,862.93,18.57
2158,107965,2026-07-01 13:50:00,transport,10671.6,226.18
2159,107965,2026-06-10 01:50:00,restaurants,441.16,7.24
2160,107965,2026-06-15 09:50:00,travel,840.29,9.51
2161,107965,2026-06-03 08:50:00,marketplaces,1865.04,38.01
2162,107974,2026-06-15 13:13:00,travel,860.62,8.57
2163,107974,2026-05-20 15:13:00,restaurants,6535.3,150.48
2164,107974,2026-06-03 02:13:00,groceries,11875.05,272.76
2165,107974,2026-06-18 09:13:00,transport,2253.52,53.83
2166,107974,2026-05-28 18:13:00,transport,778.6,9.94
2167,107974,2026-06-23 20:13:00,marketplaces,586.54,5.7
2168,107974,2026-06-21 00:13:00,restaurants,982.68,12.38
2169,107976,2026-06-22 01:29:00,marketplaces,2137.86,31.11
2170,107976,2026-06-23 08:29:00,groceries,2802.49,51.72
2171,107976,2026-05-22 08:29:00,marketplaces,230.69,4.94
2172,107976,2026-06-28 20:29:00,groceries,2620.41,50.46
2173,107989,2026-06-14 20:59:00,other,3299.17,63.81
2174,107989,2026-07-10 08:59:00,other,293.69,3.1
2175,107989,2026-07-22 17:59:00,restaurants,1362.19,25.1
2176,107992,2026-05-25 09:02:00,restaurants,2574.61,23.02
2177,107992,2026-06-29 01:02:00,travel,3749.18,75.32
2178,107992,2026-05-22 09:02:00,transport,2954.96,53.76
2179,108012,2026-06-14 03:45:00,restaurants,3450.03,38.33
2180,108032,2026-06-14 19:21:00,transport,1928.45,37.15
2181,108032,2026-05-20 18:21:00,groceries,1481.21,25.29
2182,108037,2026-07-05 07:03:00,transport,1707.92,17.33
2183,108037,2026-06-26 12:03:00,travel,1195.9,10.64
2184,108037,2026-07-04 18:03:00,restaurants,3473.25,41.64
2185,108044,2026-06-30 02:20:00,marketplaces,383.31,7.38
2186,108058,2026-07-01 00:17:00,travel,4299.58,82.74
2187,108072,2026-07-12 07:11:00,marketplaces,7129.59,93.32
2188,108083,2026-07-04 02:33:00,groceries,5971.71,123.5
2189,108083,2026-06-26 09:33:00,restaurants,487.8,8.25
2190,108083,2026-06-23 09:33:00,restaurants,493.99,7.5
2191,108083,2026-07-06 21:33:00,transport,1334.46,13.87
2192,108083,2026-06-27 17:33:00,travel,2333.42,38.43
2193,108083,2026-06-29 19:33:00,restaurants,585.46,8.17
2194,108083,2026-06-28 21:33:00,transport,2020.89,49.88
2195,108083,2026-06-30 20:33:00,groceries,291.85,3.86
2196,108086,2026-06-16 03:09:00,other,450.6,11.13
2197,108086,2026-05-21 07:09:00,transport,4338.77,87.18
2198,108086,2026-06-04 03:09:00,transport,510.52,9.06
2199,108086,2026-06-10 23:09:00,transport,1631.6,17.83
2200,108096,2026-06-12 00:55:00,restaurants,1896.13,40.09
2201,108107,2026-06-30 20:44:00,restaurants,568.5,13.41
2202,108122,2026-06-23 18:55:00,groceries,1030.43,8.67
2203,108144,2026-07-06 11:26:00,travel,13127.44,196.23
2204,108164,2026-06-13 23:56:00,groceries,2298.72,27.42
2205,108164,2026-06-11 10:56:00,marketplaces,1821.53,40.21
2206,108166,2026-05-30 00:42:00,groceries,2125.25,23.42
2207,108166,2026-06-21 22:42:00,marketplaces,609.89,9.31
2208,108166,2026-05-27 01:42:00,other,967.42,19.36
2209,108184,2026-05-22 06:05:00,groceries,852.4,11.63
2210,108184,2026-06-28 17:05:00,groceries,876.32,16.03
2211,108193,2026-07-21 03:56:00,other,1616.21,38.72
2212,108193,2026-06-07 17:56:00,transport,2844.65,45.5
2213,108193,2026-06-29 02:56:00,marketplaces,559.53,10.35
2214,108193,2026-06-14 07:56:00,other,1220.53,25.72
2215,108193,2026-06-17 15:56:00,transport,433.68,9.34
2216,108193,2026-06-29 22:56:00,groceries,938.49,16.37
2217,108193,2026-06-11 10:56:00,other,552.75,10.18
2218,108207,2026-06-06 23:21:00,other,1122.52,19.47
2219,108207,2026-07-12 03:21:00,other,602.59,13.2
2220,108207,2026-06-23 00:21:00,marketplaces,2414.83,20.96
2221,108207,2026-06-01 10:21:00,marketplaces,349.01,5.87
2222,108207,2026-06-29 11:21:00,travel,2427.26,46.68
2223,108207,2026-06-04 04:21:00,transport,4323.82,53.45
2224,108207,2026-06-30 16:21:00,restaurants,3444.36,84.97
2225,108219,2026-07-02 22:15:00,marketplaces,741.33,8.59
2226,108219,2026-07-05 06:15:00,marketplaces,1839.71,38.88
2227,108221,2026-06-15 05:08:00,groceries,955.09,22.95
2228,108221,2026-05-11 12:08:00,transport,1255.13,15.79
2229,108221,2026-05-17 07:08:00,travel,4635.98,103.81
2230,108224,2026-07-16 23:27:00,restaurants,1403.03,24.21
2231,108224,2026-07-20 05:27:00,marketplaces,2178.19,33.52
2232,108224,2026-06-23 03:27:00,other,1179.23,10.82
2233,108224,2026-06-26 23:27:00,groceries,217.53,4.79
2234,108224,2026-06-16 03:27:00,travel,281.93,2.61
2235,108224,2026-07-16 09:27:00,restaurants,831.89,18.94
2236,108224,2026-07-15 04:27:00,groceries,6096.81,117.73
2237,108224,2026-07-13 19:27:00,other,1835.51,32.23
2238,108227,2026-06-17 18:23:00,transport,621.46,10.12
2239,108227,2026-05-15 18:23:00,groceries,645.94,7.01
2240,108227,2026-06-21 08:23:00,restaurants,348.31,4.94
2241,108227,2026-06-18 10:23:00,marketplaces,608.5,8.96
2242,108231,2026-06-15 18:52:00,travel,3110.45,69.61
2243,108236,2026-06-04 23:32:00,travel,1575.13,18.94
2244,108236,2026-06-03 05:32:00,restaurants,1148.41,24.11
2245,108236,2026-06-09 09:32:00,transport,2219.24,18.72
2246,108236,2026-06-01 19:32:00,travel,1423.08,18.41
2247,108252,2026-06-12 23:04:00,marketplaces,1137.07,9.45
2248,108252,2026-06-21 15:04:00,transport,376.93,5.97
2249,108277,2026-06-16 07:45:00,marketplaces,937.76,12.02
2250,108302,2026-05-27 18:01:00,marketplaces,6221.39,66.22
2251,108302,2026-06-08 18:01:00,groceries,1482.96,33.34
2252,108306,2026-06-04 00:23:00,travel,1864.82,28.71
2253,108320,2026-05-18 12:28:00,groceries,1132.29,13.61
2254,108320,2026-06-04 18:28:00,marketplaces,1434.49,27.63
2255,108320,2026-06-18 12:28:00,other,462.56,10.27
2256,108320,2026-06-09 06:28:00,travel,2491.34,41.66
2257,108320,2026-06-18 05:28:00,transport,483.52,8.76
2258,108320,2026-05-23 14:28:00,marketplaces,575.66,8.93
2259,108320,2026-06-24 10:28:00,transport,1972.29,16.91
2260,108320,2026-05-17 05:28:00,transport,450.55,8.84
2261,108320,2026-06-13 06:28:00,marketplaces,1233.97,30.65
2262,108320,2026-05-28 17:28:00,restaurants,2368.06,54.17
2263,108364,2026-07-14 02:24:00,other,1606.8,37.47
2264,108364,2026-06-11 18:24:00,restaurants,1055.6,26.34
2265,108364,2026-06-30 17:24:00,restaurants,3098.31,35.27
2266,108364,2026-06-14 13:24:00,marketplaces,1464.04,13.22
2267,108375,2026-06-09 10:49:00,restaurants,959.67,15.52
2268,108375,2026-07-10 13:49:00,restaurants,361.34,5.39
2269,108375,2026-07-14 03:49:00,restaurants,269.09,5.8
2270,108375,2026-07-23 23:49:00,transport,6188.69,63.15
2271,108386,2026-06-30 04:47:00,transport,5372.01,75.05
2272,108386,2026-06-01 00:47:00,other,4547.9,50.84
2273,108386,2026-06-13 04:47:00,groceries,889.48,20.23
2274,108386,2026-06-26 04:47:00,other,616.58,10.5
2275,108414,2026-07-03 20:02:00,restaurants,2796.49,23.64
2276,108414,2026-05-27 11:02:00,travel,1209.03,25.51
2277,108414,2026-05-30 17:02:00,marketplaces,1617.67,33.98
2278,108414,2026-05-28 18:02:00,other,2353.55,34.63
2279,108414,2026-06-15 04:02:00,other,775.04,13.74
2280,108414,2026-06-30 11:02:00,other,1089.94,18.73
2281,108414,2026-06-29 05:02:00,other,1492.12,21.62
2282,108414,2026-06-27 14:02:00,restaurants,1846.02,37.02
2283,108414,2026-07-04 04:02:00,other,2086.94,26.12
2284,108414,2026-06-23 14:02:00,other,1074.04,21.43
2285,108414,2026-06-24 11:02:00,restaurants,5375.96,46.91
2286,108414,2026-07-06 15:02:00,travel,1768.62,20.11
2287,108414,2026-05-31 23:02:00,groceries,2180.28,27.97
2288,108419,2026-06-05 16:44:00,marketplaces,1864.82,24.15
2289,108430,2026-05-23 13:03:00,other,943.27,17.1
2290,108430,2026-05-14 06:03:00,marketplaces,4492.11,85.78
2291,108430,2026-05-26 08:03:00,marketplaces,3637.18,34.98
2292,108430,2026-06-05 22:03:00,transport,3927.21,50.52
2293,108431,2026-06-12 07:07:00,marketplaces,4521.35,62.52
2294,108467,2026-06-24 07:16:00,groceries,797.7,16.33
2295,108483,2026-06-09 09:01:00,travel,2216.1,24.74
2296,108483,2026-07-02 02:01:00,restaurants,390.64,5.78
2297,108508,2026-07-09 01:53:00,marketplaces,1061.77,11.43
2298,108509,2026-06-18 09:34:00,groceries,1873.03,28.69
2299,108509,2026-07-14 06:34:00,travel,2187.01,40.88
2300,108588,2026-07-17 09:40:00,travel,4901.71,76.86
2301,108588,2026-07-06 21:40:00,transport,1050.71,20.56
2302,108588,2026-07-02 04:40:00,transport,7986.84,188.1
2303,108588,2026-06-12 10:40:00,groceries,633.03,12.75
2304,108588,2026-06-21 04:40:00,other,276.21,4.08
2305,108588,2026-07-08 22:40:00,transport,608.93,14.35
2306,108588,2026-06-28 10:40:00,transport,788.11,17.47
2307,108588,2026-06-04 07:40:00,other,2134.52,45.29
2308,108588,2026-06-18 10:40:00,other,1797.31,35.94
2309,108588,2026-06-18 16:40:00,marketplaces,2750.95,42.84
2310,108588,2026-06-04 07:40:00,other,2248.25,28.13
2311,108588,2026-06-10 13:40:00,transport,2690.38,26.38
2312,108588,2026-07-17 13:40:00,travel,1264.86,18.2
2313,108588,2026-06-21 18:40:00,other,471.47,4.65
2314,108588,2026-07-13 05:40:00,other,278.34,3.72
2315,108642,2026-07-07 07:43:00,travel,4557.44,51.7
2316,108642,2026-06-22 18:43:00,other,4753.64,60.34
2317,108642,2026-06-01 21:43:00,travel,985.02,12.87
2318,108652,2026-06-26 23:04:00,transport,1025.62,14.85
2319,108652,2026-06-05 20:04:00,transport,1257.37,18.75
2320,108664,2026-06-03 18:26:00,marketplaces,390.69,3.97
2321,108664,2026-05-22 12:26:00,travel,1261.89,13.78
2322,108674,2026-06-01 23:12:00,marketplaces,238.84,5.91
2323,108674,2026-05-22 07:12:00,other,1541.01,20.38
2324,108685,2026-06-22 02:02:00,groceries,3080.19,57.42
2325,108685,2026-06-13 06:02:00,marketplaces,320.02,5.66
2326,108685,2026-06-08 03:02:00,other,674.27,13.06
2327,108685,2026-05-30 12:02:00,restaurants,1886.54,45.45
2328,108685,2026-06-22 09:02:00,restaurants,982.5,21.38
2329,108685,2026-06-06 03:02:00,restaurants,1515.25,32.7
2330,108685,2026-06-03 17:02:00,travel,1378.53,27.8
2331,108727,2026-06-21 00:36:00,transport,1276.82,23.02
2332,108727,2026-06-30 20:36:00,marketplaces,3451.43,29.06
2333,108727,2026-07-08 14:36:00,transport,7260.35,100.02
2334,108756,2026-06-20 18:19:00,other,581.05,5.75
2335,108756,2026-06-29 16:19:00,other,3194.81,46.65
2336,108756,2026-06-16 06:19:00,transport,1200.78,25.11
2337,108756,2026-06-12 16:19:00,marketplaces,187.78,4.22
2338,108756,2026-06-08 13:19:00,groceries,5699.91,49.19
2339,108756,2026-06-28 22:19:00,restaurants,1747.84,17.61
2340,108756,2026-06-19 19:19:00,restaurants,10259.68,174.93
2341,108756,2026-06-16 22:19:00,travel,3107.33,38.64
2342,108756,2026-07-03 21:19:00,transport,1341.55,19.53
2343,108756,2026-07-07 13:19:00,marketplaces,1040.22,25.15
2344,108756,2026-05-30 09:19:00,restaurants,1023.55,21.5
2345,108759,2026-07-12 13:41:00,marketplaces,1585.17,38.27
2346,108759,2026-07-20 12:41:00,groceries,4112.86,79.59
2347,108759,2026-07-26 03:41:00,other,1549.08,34.51
2348,108759,2026-07-02 01:41:00,travel,538.68,12.35
2349,108767,2026-06-22 11:56:00,other,1006.1,21.74
2350,108772,2026-06-08 11:31:00,groceries,1011.9,23.49
2351,108772,2026-06-24 17:31:00,travel,892.46,20.37
2352,108772,2026-05-23 20:31:00,groceries,2578.9,62.87
2353,108772,2026-05-17 17:31:00,restaurants,5120.71,100.25
2354,108772,2026-05-21 23:31:00,other,2516.92,61.85
2355,108794,2026-06-08 11:57:00,groceries,1370.61,22.9
2356,108810,2026-06-21 15:47:00,travel,178.41,2.7
2357,108810,2026-07-06 17:47:00,transport,631.1,10.4
2358,108810,2026-07-14 03:47:00,restaurants,709.43,6.88
2359,108810,2026-07-24 17:47:00,restaurants,471.15,6.8
2360,108826,2026-06-21 18:13:00,restaurants,8929.51,126.3
2361,108826,2026-06-30 14:13:00,travel,290.15,6.28
2362,108826,2026-06-23 07:13:00,marketplaces,1068.66,9.86
2363,108826,2026-06-06 11:13:00,marketplaces,9841.02,209.24
2364,108826,2026-06-26 19:13:00,restaurants,320.79,5.27
2365,108826,2026-06-05 14:13:00,transport,969.43,8.82
2366,108826,2026-07-12 23:13:00,restaurants,2437.99,50.26
2367,108860,2026-07-17 01:30:00,transport,1621.15,23.92
2368,108860,2026-07-16 11:30:00,transport,357.84,3.66
2369,108860,2026-07-04 19:30:00,marketplaces,1653.1,30.55
2370,108860,2026-07-05 03:30:00,restaurants,2556.15,53.78
2371,108863,2026-07-09 16:38:00,marketplaces,2303.95,51.5
2372,108884,2026-05-06 21:30:00,transport,726.45,16.34
2373,108884,2026-05-19 03:30:00,marketplaces,4818.01,87.87
2374,108884,2026-05-17 07:30:00,travel,1448.56,30.93
2375,108887,2026-06-30 03:56:00,groceries,2659.32,25.66
2376,108887,2026-05-29 19:56:00,transport,4152.41,57.78
2377,108887,2026-06-22 09:56:00,travel,2316.72,38.61
2378,108887,2026-05-26 13:56:00,travel,3978.13,54.97
2379,108887,2026-06-24 14:56:00,restaurants,1058.17,9.91
2380,108887,2026-06-14 16:56:00,transport,787.28,14.4
2381,108887,2026-05-30 23:56:00,restaurants,386.33,7.66
2382,108887,2026-06-03 16:56:00,other,446.5,9.72
2383,108889,2026-06-23 13:22:00,travel,1733.76,17.43
2384,108894,2026-05-15 11:29:00,other,1655.63,13.5
2385,108894,2026-05-14 06:29:00,groceries,2363.05,28.05
2386,108894,2026-05-20 11:29:00,other,724.91,14.54
2387,108899,2026-06-06 10:47:00,marketplaces,5893.83,62.35
2388,108912,2026-06-21 13:00:00,travel,2787.92,68.98
2389,108912,2026-05-29 22:00:00,marketplaces,440.79,4.5
2390,108941,2026-05-10 00:12:00,restaurants,4617.63,78.45
2391,108941,2026-05-22 21:12:00,restaurants,555.74,6.97
2392,108941,2026-05-26 07:12:00,other,383.87,4.28
2393,108941,2026-06-03 14:12:00,travel,1386.68,34.62
2394,108941,2026-05-31 12:12:00,restaurants,903.33,21.39
2395,108941,2026-06-06 02:12:00,other,1216.27,26.59
2396,108941,2026-05-09 01:12:00,travel,1293.06,20.42
2397,108941,2026-05-07 16:12:00,other,7273.28,143.17
2398,108945,2026-06-07 13:07:00,transport,557.93,9.0
2399,108945,2026-06-05 01:07:00,travel,1426.22,35.14
2400,108945,2026-06-15 00:07:00,travel,1123.73,24.52
2401,108945,2026-06-10 15:07:00,marketplaces,185.5,2.15
2402,108945,2026-06-29 17:07:00,marketplaces,5616.29,58.77
2403,108945,2026-05-31 08:07:00,transport,1095.41,9.34
2404,108945,2026-06-20 18:07:00,transport,849.53,14.05
2405,108945,2026-05-28 16:07:00,marketplaces,4689.31,60.46
2406,108945,2026-06-11 11:07:00,marketplaces,1301.71,11.42
2407,108945,2026-06-11 11:07:00,groceries,665.28,14.03
2408,108945,2026-06-29 17:07:00,groceries,575.94,7.16
2409,108958,2026-07-13 14:29:00,transport,3680.18,62.37
2410,108958,2026-06-12 00:29:00,travel,5345.42,71.14
2411,108958,2026-06-12 21:29:00,groceries,921.72,8.77
2412,108958,2026-06-29 07:29:00,transport,1167.06,14.59
2413,108958,2026-07-17 23:29:00,marketplaces,732.73,12.33
2414,108972,2026-07-13 15:30:00,other,1644.27,34.1
2415,108972,2026-06-09 04:30:00,restaurants,3434.41,28.06
2416,108978,2026-07-04 15:15:00,marketplaces,2759.02,37.11
2417,108979,2026-06-24 04:27:00,restaurants,307.01,5.29
2418,108979,2026-06-15 01:27:00,transport,1576.14,29.38
2419,108979,2026-05-22 05:27:00,other,989.34,17.78
2420,108990,2026-06-09 09:40:00,transport,575.31,5.86
2421,108990,2026-06-27 17:40:00,transport,1057.23,26.25
2422,108990,2026-07-03 01:40:00,travel,736.51,7.75
2423,108990,2026-07-07 04:40:00,transport,950.15,18.1
2424,108990,2026-06-04 22:40:00,marketplaces,5312.67,69.55
2425,108990,2026-05-28 15:40:00,groceries,4518.97,40.11
2426,108997,2026-05-22 07:23:00,marketplaces,852.07,15.2
2427,108997,2026-05-10 21:23:00,marketplaces,1730.12,40.36
2428,109019,2026-06-22 13:32:00,transport,1479.85,12.49
2429,109022,2026-06-11 22:07:00,travel,1194.47,12.71
2430,109022,2026-05-23 14:07:00,restaurants,909.54,15.98
2431,109022,2026-06-27 19:07:00,travel,1069.11,10.82
2432,109028,2026-06-10 21:12:00,groceries,2925.56,52.56
2433,109030,2026-06-28 17:42:00,transport,1676.1,15.18
2434,109044,2026-06-21 16:16:00,restaurants,3038.5,48.12
2435,109044,2026-06-24 04:16:00,groceries,306.68,2.93
2436,109055,2026-07-13 05:23:00,restaurants,5995.31,139.41
2437,109055,2026-07-10 17:23:00,travel,1432.72,20.61
2438,109055,2026-06-10 04:23:00,other,657.82,15.8
2439,109055,2026-07-05 19:23:00,travel,2546.93,23.53
2440,109055,2026-07-20 20:23:00,groceries,3058.08,65.75
2441,109055,2026-06-25 01:23:00,groceries,4865.64,50.35
2442,109055,2026-07-11 23:23:00,travel,1972.06,48.98
2443,109055,2026-06-09 13:23:00,restaurants,3369.49,31.93
2444,109055,2026-07-15 04:23:00,restaurants,412.33,7.61
2445,109055,2026-06-18 04:23:00,marketplaces,885.86,15.24
2446,109055,2026-06-23 05:23:00,marketplaces,625.46,9.15
2447,109061,2026-06-16 14:35:00,other,1142.88,26.33
2448,109061,2026-06-15 04:35:00,travel,390.25,6.18
2449,109061,2026-06-02 18:35:00,other,261.88,6.43
2450,109066,2026-06-14 10:22:00,marketplaces,4597.04,108.52
2451,109066,2026-06-08 06:22:00,other,1456.16,29.62
2452,109066,2026-06-22 13:22:00,restaurants,1267.54,16.35
2453,109066,2026-07-18 06:22:00,other,757.48,16.49
2454,109066,2026-06-19 01:22:00,restaurants,3208.14,66.91
2455,109066,2026-07-03 09:22:00,transport,2385.25,47.74
2456,109076,2026-06-02 03:26:00,restaurants,382.21,4.51
2457,109084,2026-06-19 13:57:00,restaurants,677.18,13.29
2458,109084,2026-07-12 01:57:00,groceries,2198.13,25.75
2459,109084,2026-07-11 19:57:00,transport,296.73,6.72
2460,109084,2026-07-11 11:57:00,transport,582.56,11.47
2461,109084,2026-06-27 19:57:00,marketplaces,721.07,6.24
2462,109084,2026-07-03 20:57:00,travel,598.94,14.91
2463,109084,2026-06-22 15:57:00,other,11352.65,108.89
2464,109095,2026-06-24 16:21:00,restaurants,12915.81,197.29
2465,109095,2026-06-27 08:21:00,transport,2379.08,58.86
2466,109095,2026-06-26 12:21:00,travel,4180.41,45.1
2467,109097,2026-06-12 09:15:00,restaurants,1527.39,24.73
2468,109097,2026-06-14 00:15:00,marketplaces,322.78,3.84
2469,109097,2026-05-28 09:15:00,other,1195.41,22.56
2470,109097,2026-06-09 04:15:00,marketplaces,697.22,17.17
2471,109097,2026-06-01 22:15:00,transport,742.35,9.49
2472,109101,2026-07-01 07:30:00,travel,291.35,2.74
2473,109101,2026-06-27 23:30:00,groceries,2265.74,34.06
2474,109101,2026-07-05 08:30:00,transport,579.02,13.17
2475,109101,2026-06-20 21:30:00,groceries,1441.77,33.22
2476,109101,2026-07-06 16:30:00,restaurants,1610.01,38.9
2477,109101,2026-06-07 07:30:00,marketplaces,2081.3,20.92
2478,109101,2026-07-13 20:30:00,transport,840.02,10.06
2479,109101,2026-06-26 07:30:00,travel,2465.21,55.52
2480,109101,2026-06-18 19:30:00,travel,981.51,9.99
2481,109101,2026-06-09 23:30:00,travel,577.2,10.05
2482,109101,2026-06-15 08:30:00,groceries,1181.18,28.55
2483,109111,2026-06-09 22:01:00,marketplaces,3729.09,47.59
2484,109111,2026-05-22 04:01:00,other,2191.17,50.43
2485,109111,2026-06-22 12:01:00,transport,3342.97,72.07
2486,109114,2026-06-17 21:58:00,travel,1585.62,38.52
2487,109114,2026-06-09 05:58:00,groceries,945.26,17.89
2488,109114,2026-05-17 18:58:00,restaurants,953.5,14.64
2489,109122,2026-07-01 04:28:00,marketplaces,656.05,10.0
2490,109154,2026-06-28 19:44:00,groceries,357.08,6.09
2491,109154,2026-06-19 21:44:00,restaurants,3137.12,42.3
2492,109154,2026-07-02 08:44:00,other,529.89,13.21
2493,109154,2026-07-20 02:44:00,marketplaces,5772.87,102.54
2494,109154,2026-07-01 06:44:00,restaurants,841.78,13.85
2495,109157,2026-05-28 00:39:00,transport,4782.18,76.26
2496,109157,2026-06-22 09:39:00,marketplaces,622.28,8.15
2497,109157,2026-07-01 09:39:00,travel,1939.98,48.45
2498,109157,2026-06-26 01:39:00,other,912.05,9.48
2499,109157,2026-05-25 14:39:00,restaurants,4124.71,92.5
2500,109191,2026-06-02 21:50:00,groceries,2311.2,43.66
2501,109191,2026-07-06 12:50:00,travel,1504.45,12.1
2502,109191,2026-07-04 07:50:00,other,1397.09,33.88
2503,109269,2026-07-10 14:27:00,travel,3603.67,61.37
2504,109286,2026-07-25 09:36:00,travel,1652.68,34.2
2505,109286,2026-07-21 06:36:00,groceries,2668.4,35.74
2506,109288,2026-06-30 09:23:00,travel,1816.78,33.52
2507,109288,2026-07-04 02:23:00,transport,621.69,8.15
2508,109288,2026-06-08 01:23:00,transport,636.57,8.57
2509,109288,2026-06-25 01:23:00,marketplaces,3763.72,59.26
2510,109288,2026-07-02 20:23:00,transport,1348.48,16.81
2511,109288,2026-06-21 12:23:00,transport,590.18,8.74
2512,109288,2026-05-29 01:23:00,restaurants,1451.34,18.18
2513,109288,2026-06-01 04:23:00,restaurants,3177.55,27.86
2514,109288,2026-06-15 11:23:00,transport,2009.74,49.92
2515,109288,2026-05-26 02:23:00,restaurants,847.47,19.46
2516,109304,2026-06-02 18:35:00,groceries,1651.83,19.41
2517,109313,2026-06-10 21:56:00,other,3546.47,35.41
2518,109313,2026-05-15 22:56:00,groceries,409.02,8.08
2519,109313,2026-06-01 12:56:00,other,1167.89,18.92
2520,109318,2026-07-19 18:12:00,other,882.05,7.79
2521,109318,2026-06-21 23:12:00,groceries,3490.56,44.02
2522,109334,2026-07-09 01:10:00,transport,225.57,3.45
2523,109341,2026-06-16 19:08:00,travel,1595.93,26.47
2524,109341,2026-06-28 07:08:00,other,2166.91,32.88
2525,109341,2026-07-05 08:08:00,groceries,4956.06,51.04
2526,109341,2026-06-02 08:08:00,transport,619.45,12.76
2527,109341,2026-06-05 00:08:00,marketplaces,2176.47,39.93
2528,109341,2026-06-28 18:08:00,restaurants,708.69,13.85
2529,109341,2026-05-31 09:08:00,transport,2291.51,25.3
2530,109341,2026-07-04 19:08:00,groceries,915.41,22.88
2531,109341,2026-06-21 01:08:00,restaurants,3246.81,29.64
2532,109341,2026-07-05 07:08:00,restaurants,2124.81,37.11
2533,109354,2026-06-28 07:00:00,travel,666.15,14.53
2534,109363,2026-05-27 05:15:00,other,232.39,3.91
2535,109367,2026-06-21 15:06:00,marketplaces,2005.13,28.01
2536,109367,2026-05-21 16:06:00,other,14472.0,245.11
2537,109370,2026-06-29 09:40:00,other,988.02,19.56
2538,109370,2026-06-25 15:40:00,transport,903.06,13.71
2539,109370,2026-06-28 06:40:00,restaurants,5799.93,75.67
2540,109371,2026-06-07 19:49:00,transport,1051.05,15.42
2541,109371,2026-06-24 18:49:00,other,604.04,5.72
2542,109371,2026-06-07 20:49:00,travel,391.6,7.96
2543,109382,2026-07-05 04:46:00,restaurants,1026.32,22.7
2544,109382,2026-06-11 08:46:00,restaurants,2624.81,45.91
2545,109382,2026-06-15 12:46:00,other,15204.8,201.63
2546,109385,2026-07-06 22:48:00,travel,1189.32,21.72
2547,109416,2026-05-18 00:37:00,marketplaces,3100.89,60.4
2548,109417,2026-06-03 06:49:00,marketplaces,1708.83,32.21
2549,109434,2026-06-07 19:08:00,groceries,925.49,18.5
2550,109434,2026-07-06 03:08:00,marketplaces,2827.6,39.88
2551,109434,2026-06-03 03:08:00,other,766.63,15.7
2552,109434,2026-06-08 10:08:00,restaurants,207.15,1.77
2553,109434,2026-06-10 22:08:00,marketplaces,2470.58,27.04
2554,109434,2026-06-09 18:08:00,groceries,2878.68,59.89
2555,109434,2026-06-25 06:08:00,restaurants,2012.88,27.46
2556,109434,2026-06-20 18:08:00,marketplaces,469.93,3.98
2557,109445,2026-06-15 09:45:00,transport,368.68,7.83
2558,109455,2026-07-09 09:03:00,groceries,1398.88,31.55
2559,109458,2026-05-27 00:34:00,restaurants,951.96,17.15
2560,109458,2026-05-31 15:34:00,groceries,3454.69,58.42
2561,109458,2026-06-07 11:34:00,other,912.02,10.47
2562,109458,2026-06-28 15:34:00,groceries,841.29,18.6
2563,109461,2026-07-05 02:40:00,groceries,285.48,3.5
2564,109461,2026-06-23 08:40:00,travel,556.15,4.5
2565,109461,2026-06-22 13:40:00,marketplaces,1694.65,36.39
2566,109461,2026-05-30 09:40:00,travel,4109.1,34.07
2567,109461,2026-06-30 16:40:00,restaurants,1018.71,10.41
2568,109461,2026-06-06 02:40:00,restaurants,1374.16,34.29
2569,109461,2026-07-01 23:40:00,other,2393.44,29.21
2570,109461,2026-06-03 12:40:00,other,859.33,21.43
2571,109461,2026-05-31 15:40:00,transport,578.61,5.22
2572,109461,2026-07-08 18:40:00,marketplaces,239.92,4.5
2573,109461,2026-06-13 07:40:00,marketplaces,1151.23,14.11
2574,109461,2026-06-19 00:40:00,transport,386.03,8.69
2575,109477,2026-05-25 14:09:00,other,800.86,7.41
2576,109477,2026-06-03 14:09:00,groceries,2333.35,31.91
2577,109477,2026-06-04 02:09:00,marketplaces,11393.15,210.78
2578,109477,2026-06-14 12:09:00,travel,535.27,6.24
2579,109484,2026-06-18 09:25:00,other,282.76,5.32
2580,109484,2026-07-05 18:25:00,groceries,4230.46,60.17
2581,109484,2026-06-06 02:25:00,marketplaces,1849.81,15.12
2582,109484,2026-07-06 11:25:00,travel,426.96,10.54
2583,109484,2026-05-30 21:25:00,transport,979.99,24.11
2584,109484,2026-06-04 08:25:00,transport,1294.06,25.89
2585,109484,2026-06-25 16:25:00,groceries,3014.92,64.3
2586,109484,2026-07-06 16:25:00,other,2612.46,36.45
2587,109484,2026-06-09 09:25:00,other,811.02,19.93
2588,109527,2026-07-06 11:03:00,transport,1672.65,14.13
2589,109546,2026-05-26 00:35:00,marketplaces,2169.85,26.42
2590,109550,2026-05-22 06:53:00,marketplaces,2014.73,28.31
2591,109550,2026-05-25 10:53:00,restaurants,771.14,9.97
2592,109550,2026-05-19 14:53:00,transport,1898.64,24.48
2593,109550,2026-05-21 22:53:00,other,5784.76,76.95
2594,109550,2026-06-29 15:53:00,travel,3738.12,88.39
2595,109550,2026-06-19 22:53:00,marketplaces,6987.14,129.01
2596,109552,2026-06-28 10:52:00,other,5499.28,86.69
2597,109552,2026-06-11 22:52:00,travel,2115.87,19.73
2598,109552,2026-06-24 14:52:00,restaurants,465.47,9.13
2599,109552,2026-06-18 13:52:00,groceries,1681.66,16.08
2600,109552,2026-06-20 13:52:00,marketplaces,5143.41,96.45
2601,109590,2026-06-26 22:18:00,other,3853.65,48.85
2602,109590,2026-05-26 22:18:00,groceries,3813.13,66.35
2603,109590,2026-06-30 01:18:00,groceries,1004.3,21.22
2604,109590,2026-06-17 06:18:00,restaurants,544.23,5.13
2605,109590,2026-05-22 18:18:00,groceries,4948.75,82.64
2606,109590,2026-06-10 19:18:00,restaurants,1176.73,27.46
2607,109590,2026-05-20 03:18:00,travel,808.09,17.65
2608,109590,2026-06-23 00:18:00,transport,1032.61,20.79
2609,109590,2026-06-02 07:18:00,transport,1607.17,18.74
2610,109590,2026-06-03 17:18:00,marketplaces,589.83,8.43
2611,109590,2026-06-24 16:18:00,marketplaces,6729.05,143.21
2612,109590,2026-06-02 20:18:00,groceries,17359.84,367.5
2613,109590,2026-05-31 11:18:00,restaurants,5788.58,81.16
2614,109595,2026-06-11 03:41:00,marketplaces,2490.32,39.27
2615,109595,2026-06-03 21:41:00,restaurants,998.42,24.09
2616,109595,2026-05-30 02:41:00,travel,1186.51,19.37
2617,109595,2026-07-10 01:41:00,travel,1236.54,24.3
2618,109595,2026-06-04 17:41:00,travel,1903.13,20.99
2619,109595,2026-06-25 18:41:00,marketplaces,1584.14,17.8
2620,109595,2026-06-25 02:41:00,transport,4564.96,80.93
2621,109595,2026-07-01 01:41:00,travel,1965.3,19.36
2622,109608,2026-06-22 16:53:00,transport,816.67,10.55
2623,109608,2026-05-22 11:53:00,marketplaces,3103.19,61.78
2624,109608,2026-05-27 04:53:00,marketplaces,1489.51,29.98
2625,109608,2026-06-07 04:53:00,restaurants,8677.87,216.54
2626,109608,2026-06-16 19:53:00,restaurants,598.62,14.89
2627,109608,2026-06-06 18:53:00,marketplaces,138.95,1.71
2628,109608,2026-06-23 09:53:00,marketplaces,898.52,18.98
2629,109608,2026-05-14 05:53:00,restaurants,1158.59,25.13
2630,109608,2026-06-17 23:53:00,travel,1381.14,15.52
2631,109608,2026-06-08 06:53:00,groceries,715.04,12.85
2632,109608,2026-06-17 06:53:00,travel,3432.42,70.82
2633,109608,2026-05-13 21:53:00,marketplaces,1203.38,17.03
2634,109608,2026-06-07 23:53:00,other,5752.67,73.75
2635,109645,2026-06-16 14:31:00,groceries,4178.72,64.15
2636,109645,2026-06-06 03:31:00,groceries,1275.79,23.07
2637,109667,2026-06-26 14:01:00,marketplaces,650.33,5.47
2638,109667,2026-06-13 10:01:00,groceries,1151.89,19.59
2639,109667,2026-06-15 01:01:00,groceries,166.49,1.79
2640,109687,2026-06-04 01:40:00,travel,8685.51,206.19
2641,109687,2026-06-26 18:40:00,other,2809.83,35.1
2642,109687,2026-06-24 11:40:00,other,791.72,15.01
2643,109687,2026-05-19 15:40:00,groceries,4765.48,92.95
2644,109687,2026-06-23 15:40:00,travel,644.25,12.76
2645,109687,2026-05-16 00:40:00,travel,2468.67,48.2
2646,109695,2026-05-31 23:50:00,transport,3625.5,71.27
2647,109695,2026-05-29 02:50:00,groceries,2071.63,22.91
2648,109695,2026-06-13 11:50:00,other,196.11,3.33
2649,109695,2026-05-10 05:50:00,other,461.64,4.51
2650,109695,2026-05-15 04:50:00,restaurants,5801.2,141.28
2651,109695,2026-06-04 12:50:00,other,344.62,5.16
2652,109711,2026-06-04 07:20:00,transport,1298.1,13.96
2653,109711,2026-05-16 15:20:00,marketplaces,851.04,11.66
2654,109711,2026-05-06 20:20:00,travel,1561.95,25.86
2655,109711,2026-05-23 00:20:00,travel,745.07,7.46
2656,109711,2026-06-08 14:20:00,groceries,2632.67,35.09
2657,109711,2026-06-06 02:20:00,groceries,2393.86,29.33
2658,109759,2026-05-28 02:41:00,other,501.87,5.76
2659,109762,2026-06-03 00:39:00,travel,765.18,16.94
2660,109762,2026-06-17 05:39:00,other,231.31,5.59
2661,109762,2026-06-04 00:39:00,other,590.5,13.16
2662,109762,2026-06-23 02:39:00,groceries,3201.35,67.29
2663,109762,2026-06-22 19:39:00,marketplaces,1901.65,21.46
2664,109762,2026-06-14 19:39:00,marketplaces,2120.66,32.75
2665,109768,2026-06-26 15:24:00,restaurants,15285.11,329.57
2666,109768,2026-07-09 16:24:00,transport,1338.94,32.76
2667,109771,2026-06-28 06:01:00,transport,1036.6,25.5
2668,109776,2026-06-08 17:14:00,marketplaces,1813.02,27.01
2669,109776,2026-06-18 21:14:00,travel,772.74,10.01
2670,109776,2026-06-03 21:14:00,groceries,952.7,23.28
2671,109776,2026-06-08 06:14:00,marketplaces,1660.64,32.28
2672,109776,2026-06-17 14:14:00,transport,1780.94,14.27
2673,109776,2026-07-02 22:14:00,groceries,1035.59,10.66
2674,109776,2026-06-27 10:14:00,travel,281.94,3.16
2675,109787,2026-06-18 08:04:00,other,2909.29,62.49
2676,109787,2026-06-22 15:04:00,restaurants,1005.95,18.8
2677,109787,2026-07-10 02:04:00,restaurants,2154.34,44.41
2678,109798,2026-06-18 10:31:00,groceries,1031.55,19.29
2679,109820,2026-06-19 02:56:00,groceries,764.58,10.52
2680,109820,2026-06-08 17:56:00,marketplaces,2642.09,55.17
2681,109820,2026-06-08 03:56:00,marketplaces,1019.08,14.42
2682,109820,2026-07-09 08:56:00,travel,1487.26,31.56
2683,109826,2026-06-24 05:11:00,groceries,989.84,22.81
2684,109826,2026-05-26 15:11:00,marketplaces,140.32,1.75
2685,109826,2026-06-02 15:11:00,travel,386.65,6.69
2686,109833,2026-06-30 23:21:00,other,1857.53,23.49
2687,109847,2026-07-28 20:14:00,travel,473.3,11.53
2688,109847,2026-07-28 05:14:00,travel,967.0,16.31
2689,109847,2026-06-23 01:14:00,groceries,204.79,4.54
2690,109847,2026-06-20 19:14:00,travel,843.59,12.52
2691,109859,2026-06-17 18:43:00,travel,856.86,12.83
2692,109859,2026-05-28 11:43:00,restaurants,380.93,3.2
2693,109859,2026-05-29 16:43:00,travel,1577.05,20.1
2694,109859,2026-05-25 11:43:00,other,21328.51,336.67
2695,109863,2026-05-27 19:26:00,travel,3964.66,68.21
2696,109869,2026-06-16 05:39:00,marketplaces,1363.74,27.99
2697,109869,2026-06-10 11:39:00,transport,1975.8,23.22
2698,109869,2026-06-24 23:39:00,groceries,406.86,7.76
2699,109869,2026-06-16 08:39:00,marketplaces,2912.63,38.78
2700,109869,2026-06-05 17:39:00,travel,282.32,4.09
2701,109896,2026-06-10 03:09:00,marketplaces,2488.52,29.12
2702,109896,2026-06-14 14:09:00,restaurants,462.61,9.75
2703,109896,2026-05-26 14:09:00,travel,1964.35,31.11
2704,109930,2026-05-18 13:24:00,travel,1870.38,31.67
2705,109930,2026-06-23 12:24:00,transport,2874.09,29.5
2706,109930,2026-06-25 18:24:00,travel,2737.83,23.75
2707,109930,2026-06-02 03:24:00,transport,3948.34,32.43
2708,109930,2026-06-23 07:24:00,restaurants,2334.74,32.88
2709,109930,2026-06-21 11:24:00,restaurants,197.83,4.41
2710,109950,2026-07-04 05:28:00,restaurants,1416.45,15.52
2711,109962,2026-07-12 18:54:00,other,186.64,1.66
2712,109962,2026-06-16 22:54:00,travel,1352.72,13.53
2713,109962,2026-07-08 04:54:00,other,1468.33,30.0
2714,109962,2026-06-14 15:54:00,transport,1702.98,34.92
2715,109970,2026-05-22 02:04:00,groceries,914.96,9.88
2716,109997,2026-07-06 06:44:00,marketplaces,1701.94,35.67
2717,109997,2026-07-21 21:44:00,marketplaces,3074.76,36.17
2718,109997,2026-06-18 23:44:00,transport,659.65,8.26
2719,110020,2026-06-17 20:18:00,marketplaces,303.27,4.67
2720,110040,2026-06-07 18:32:00,travel,269.03,4.5
2721,110040,2026-06-08 18:32:00,restaurants,1251.12,12.63
2722,110040,2026-07-02 01:32:00,groceries,5214.43,114.06
2723,110040,2026-06-04 13:32:00,travel,1495.85,26.8
2724,110040,2026-07-02 10:32:00,travel,586.83,7.73
2725,110040,2026-06-22 16:32:00,transport,2109.77,41.94
2726,110048,2026-06-13 03:20:00,restaurants,971.58,14.04
2727,110048,2026-06-07 14:20:00,marketplaces,1422.54,31.99
2728,110048,2026-05-15 17:20:00,travel,2831.96,27.78
2729,110048,2026-06-10 16:20:00,marketplaces,2044.12,22.71
2730,110048,2026-05-13 22:20:00,restaurants,243.07,5.64
2731,110068,2026-05-09 15:48:00,marketplaces,367.62,4.0
2732,110128,2026-05-27 23:53:00,marketplaces,1472.4,34.4
2733,110128,2026-06-09 11:53:00,travel,425.25,6.92
2734,110128,2026-06-16 00:53:00,transport,907.18,20.45
2735,110128,2026-06-12 06:53:00,transport,2882.38,67.14
2736,110128,2026-06-13 16:53:00,groceries,1242.3,24.07
2737,110128,2026-06-13 07:53:00,travel,1554.13,16.36
2738,110128,2026-06-04 16:53:00,marketplaces,1213.47,29.74
2739,110153,2026-05-30 06:05:00,groceries,621.82,7.48
2740,110153,2026-05-19 10:05:00,restaurants,275.4,5.69
2741,110153,2026-05-21 14:05:00,groceries,3612.66,47.39
2742,110153,2026-06-14 13:05:00,transport,1277.06,20.38
2743,110153,2026-05-17 21:05:00,travel,1165.35,12.87
2744,110153,2026-05-19 10:05:00,marketplaces,14568.7,322.43
2745,110153,2026-06-21 08:05:00,transport,668.28,13.18
2746,110153,2026-06-29 10:05:00,transport,1965.15,23.34
2747,110153,2026-06-18 19:05:00,transport,2377.31,36.81
2748,110153,2026-05-31 06:05:00,groceries,5441.08,113.33
2749,110153,2026-05-25 10:05:00,restaurants,580.42,10.45
2750,110153,2026-06-26 16:05:00,transport,1283.03,22.32
2751,110153,2026-06-09 01:05:00,travel,3449.78,39.27
2752,110153,2026-05-22 04:05:00,transport,4943.3,105.63
2753,110153,2026-06-11 03:05:00,groceries,2235.81,53.14
2754,110212,2026-06-08 01:18:00,groceries,535.69,12.92
2755,110212,2026-06-08 17:18:00,marketplaces,1602.82,29.46
2756,110212,2026-06-11 23:18:00,restaurants,1425.06,29.99
2757,110212,2026-06-25 08:18:00,restaurants,4116.91,46.36
2758,110221,2026-07-02 10:37:00,travel,245.08,4.93
2759,110221,2026-06-12 16:37:00,transport,2169.13,24.11
2760,110226,2026-06-27 22:52:00,transport,20605.61,261.6
2761,110226,2026-07-07 17:52:00,groceries,1846.47,16.58
2762,110226,2026-06-27 11:52:00,travel,1805.37,43.73
2763,110265,2026-06-22 21:11:00,marketplaces,1104.87,13.81
2764,110265,2026-05-27 05:11:00,marketplaces,480.13,11.01
2765,110265,2026-05-28 11:11:00,travel,5825.76,89.2
2766,110265,2026-06-17 04:11:00,marketplaces,3579.37,83.14
2767,110265,2026-06-19 09:11:00,transport,1527.66,14.59
2768,110269,2026-06-09 22:37:00,groceries,1939.78,34.08
2769,110269,2026-06-29 22:37:00,other,2774.92,56.41
2770,110269,2026-06-30 10:37:00,transport,789.19,16.02
2771,110270,2026-05-30 20:17:00,groceries,1089.53,26.1
2772,110291,2026-06-06 15:22:00,travel,428.73,9.98
2773,110291,2026-06-05 12:22:00,marketplaces,2765.22,37.26
2774,110291,2026-06-11 21:22:00,restaurants,3829.31,95.68
2775,110291,2026-07-03 09:22:00,other,8566.46,152.14
2776,110291,2026-07-12 21:22:00,other,304.55,6.66
2777,110292,2026-06-18 21:24:00,transport,822.78,16.99
2778,110301,2026-07-16 16:25:00,transport,480.39,8.01
2779,110325,2026-07-17 13:49:00,groceries,1497.25,34.44
2780,110325,2026-07-13 06:49:00,groceries,1022.99,19.02
2781,110329,2026-07-05 06:12:00,marketplaces,276.76,5.98
2782,110329,2026-07-10 01:12:00,other,332.37,8.13
2783,110329,2026-06-09 06:12:00,travel,1271.38,20.4
2784,110329,2026-07-03 04:12:00,other,759.34,12.46
2785,110329,2026-07-01 06:12:00,transport,716.13,10.6
2786,110329,2026-06-15 07:12:00,travel,1507.79,13.08
2787,110329,2026-06-02 03:12:00,marketplaces,1331.63,30.4
2788,110332,2026-07-03 03:43:00,restaurants,1825.67,18.75
2789,110332,2026-06-08 00:43:00,marketplaces,3989.03,49.22
2790,110352,2026-07-21 02:53:00,transport,1862.06,45.07
2791,110352,2026-06-17 17:53:00,travel,5564.57,58.99
2792,110352,2026-07-06 17:53:00,marketplaces,552.28,7.89
2793,110352,2026-07-19 16:53:00,marketplaces,1312.83,28.68
2794,110352,2026-07-13 11:53:00,restaurants,2153.0,17.25
2795,110367,2026-05-23 20:57:00,marketplaces,1395.34,34.64
2796,110367,2026-05-16 12:57:00,marketplaces,463.81,5.73
2797,110369,2026-06-11 12:19:00,restaurants,461.1,9.43
2798,110369,2026-06-07 14:19:00,travel,1423.98,17.07
2799,110371,2026-06-26 14:14:00,transport,4985.74,53.67
2800,110371,2026-06-25 12:14:00,transport,2742.42,65.95
2801,110385,2026-06-19 19:41:00,travel,115.29,0.94
2802,110385,2026-06-11 17:41:00,restaurants,2504.58,33.56
2803,110385,2026-06-08 23:41:00,other,1367.96,13.04
2804,110393,2026-06-20 15:13:00,other,257.36,5.38
2805,110393,2026-06-18 05:13:00,transport,3165.44,70.09
2806,110393,2026-05-27 17:13:00,other,1001.62,20.29
2807,110393,2026-05-24 06:13:00,travel,3327.21,64.79
2808,110393,2026-05-19 22:13:00,other,1923.27,43.95
2809,110399,2026-07-06 03:48:00,marketplaces,7496.14,166.83
2810,110424,2026-07-04 02:35:00,restaurants,2001.36,41.65
2811,110431,2026-06-20 12:59:00,groceries,1185.47,12.2
2812,110431,2026-05-31 03:59:00,groceries,622.26,11.87
2813,110431,2026-06-02 14:59:00,groceries,2561.72,52.74
2814,110431,2026-06-03 06:59:00,restaurants,5588.44,112.98
2815,110439,2026-06-30 09:49:00,transport,2608.66,24.96
2816,110439,2026-06-18 01:49:00,other,2947.22,27.8
2817,110439,2026-06-08 04:49:00,groceries,3808.91,49.31
2818,110439,2026-06-19 09:49:00,transport,765.31,17.65
2819,110439,2026-06-30 13:49:00,travel,2260.56,28.71
2820,110439,2026-06-07 21:49:00,travel,1708.8,26.58
2821,110439,2026-06-09 23:49:00,transport,154.13,3.79
2822,110439,2026-06-21 14:49:00,travel,616.32,7.33
2823,110439,2026-06-11 16:49:00,other,1799.15,43.04
2824,110450,2026-05-28 10:59:00,marketplaces,9174.23,143.76
2825,110452,2026-06-18 05:53:00,transport,2828.91,23.76
2826,110452,2026-06-05 16:53:00,restaurants,7595.17,90.99
2827,110452,2026-06-01 14:53:00,restaurants,636.34,12.96
2828,110473,2026-06-28 23:20:00,groceries,559.76,6.03
2829,110473,2026-06-19 09:20:00,groceries,1662.0,31.64
2830,110473,2026-07-01 13:20:00,travel,1309.25,11.82
2831,110473,2026-06-16 18:20:00,transport,1450.1,15.91
2832,110473,2026-07-02 18:20:00,other,813.88,10.28
2833,110473,2026-07-04 09:20:00,other,1779.81,21.33
2834,110479,2026-06-12 05:08:00,other,891.68,18.53
2835,110482,2026-06-20 21:21:00,groceries,4194.18,94.15
2836,110501,2026-07-12 23:54:00,travel,644.39,9.12
2837,110507,2026-06-06 02:10:00,other,849.41,15.47
2838,110507,2026-06-09 23:10:00,transport,3300.99,27.78
2839,110507,2026-06-03 05:10:00,groceries,1710.9,24.1
2840,110507,2026-06-07 21:10:00,other,684.69,9.83
2841,110511,2026-06-02 08:54:00,marketplaces,4200.28,92.14
2842,110511,2026-06-05 06:54:00,groceries,2759.5,29.63
2843,110513,2026-07-01 17:39:00,travel,478.59,9.95
2844,110513,2026-07-07 07:39:00,marketplaces,1659.62,26.33
2845,110517,2026-06-17 21:57:00,groceries,6046.11,117.27
2846,110517,2026-06-07 17:57:00,restaurants,1080.85,13.04
2847,110525,2026-05-28 12:09:00,other,2319.33,51.65
2848,110527,2026-05-13 13:53:00,transport,1908.95,35.99
2849,110527,2026-06-04 11:53:00,restaurants,633.31,7.07
2850,110527,2026-05-19 12:53:00,groceries,530.16,9.41
2851,110557,2026-06-19 16:58:00,travel,3051.85,55.02
2852,110576,2026-06-08 00:59:00,travel,1233.41,16.35
2853,110576,2026-05-16 11:59:00,groceries,441.98,5.26
2854,110576,2026-06-05 20:59:00,restaurants,361.23,7.74
2855,110577,2026-07-06 00:37:00,travel,11818.05,128.17
2856,110577,2026-06-20 01:37:00,restaurants,1726.74,31.54
2857,110577,2026-06-25 12:37:00,restaurants,1162.09,20.5
2858,110577,2026-06-23 01:37:00,transport,1332.49,20.37
2859,110593,2026-07-05 10:03:00,other,580.03,5.83
2860,110593,2026-05-31 10:03:00,groceries,659.04,10.45
2861,110593,2026-06-23 22:03:00,transport,617.53,5.19
2862,110594,2026-06-14 15:37:00,groceries,1814.77,22.71
2863,110594,2026-07-06 17:37:00,travel,1174.7,12.95
2864,110605,2026-06-19 01:41:00,transport,1065.94,18.42
2865,110605,2026-06-13 09:41:00,marketplaces,2198.62,22.29
2866,110611,2026-06-16 07:51:00,transport,23236.75,568.17
2867,110611,2026-07-10 01:51:00,transport,1430.3,21.87
2868,110611,2026-07-09 18:51:00,groceries,1824.26,42.69
2869,110611,2026-07-20 13:51:00,restaurants,1446.27,22.33
2870,110611,2026-06-19 18:51:00,transport,2523.7,20.42
2871,110611,2026-06-11 06:51:00,other,1967.37,27.66
2872,110611,2026-06-29 06:51:00,transport,2023.96,45.06
2873,110619,2026-06-26 20:25:00,other,706.21,14.66
2874,110619,2026-06-15 06:25:00,marketplaces,1536.99,18.1
2875,110619,2026-06-11 22:25:00,transport,962.04,22.44
2876,110619,2026-06-23 07:25:00,marketplaces,601.19,12.79
2877,110619,2026-06-13 08:25:00,groceries,3662.74,74.11
2878,110619,2026-06-28 14:25:00,travel,736.42,15.88
2879,110619,2026-07-10 04:25:00,marketplaces,1621.73,21.0
2880,110619,2026-06-17 13:25:00,groceries,560.75,7.69
2881,110619,2026-07-13 08:25:00,other,1671.27,35.54
2882,110619,2026-06-01 09:25:00,groceries,573.0,11.87
2883,110619,2026-06-02 04:25:00,other,2262.14,54.49
2884,110619,2026-06-27 15:25:00,groceries,2928.82,63.84
2885,110624,2026-06-02 14:11:00,travel,8295.28,175.89
2886,110684,2026-07-12 01:20:00,marketplaces,963.16,10.18
2887,110693,2026-06-01 09:50:00,other,3965.39,69.69
2888,110700,2026-07-15 05:13:00,transport,1471.28,26.55
2889,110705,2026-06-01 15:08:00,transport,340.67,3.3
2890,110711,2026-06-24 21:49:00,restaurants,13605.58,131.5
2891,110711,2026-05-23 14:49:00,travel,1786.11,16.59
2892,110711,2026-06-27 09:49:00,other,910.57,8.78
2893,110711,2026-05-29 02:49:00,transport,1034.82,13.37
2894,110711,2026-06-10 14:49:00,transport,1509.75,25.14
2895,110712,2026-06-09 20:10:00,other,1145.19,14.15
2896,110712,2026-05-31 14:10:00,restaurants,120.85,1.21
2897,110712,2026-06-08 09:10:00,groceries,2649.14,36.55
2898,110712,2026-06-19 03:10:00,transport,3247.85,52.54
2899,110712,2026-06-26 03:10:00,groceries,310.13,5.93
2900,110712,2026-06-30 04:10:00,travel,3861.97,45.54
2901,110769,2026-06-08 05:21:00,other,1437.01,17.17
2902,110773,2026-05-21 03:56:00,groceries,1321.78,23.46
2903,110773,2026-06-12 02:56:00,transport,1843.83,36.39
2904,110773,2026-06-24 12:56:00,restaurants,1154.94,14.86
2905,110781,2026-07-25 05:48:00,restaurants,1115.11,25.6
2906,110789,2026-06-13 03:26:00,other,1397.15,21.9
2907,110816,2026-07-05 23:17:00,travel,900.41,20.21
2908,110816,2026-06-17 23:17:00,transport,1134.39,16.15
2909,110816,2026-06-29 15:17:00,marketplaces,313.66,6.68
2910,110816,2026-06-14 13:17:00,transport,1386.28,32.16
2911,110816,2026-06-10 01:17:00,other,5501.36,76.62
2912,110816,2026-07-15 22:17:00,other,16040.19,262.51
2913,110816,2026-06-16 12:17:00,transport,1017.28,9.45
2914,110822,2026-06-06 04:37:00,marketplaces,1536.94,17.83
2915,110861,2026-07-18 17:11:00,groceries,1640.5,14.76
2916,110864,2026-05-25 19:29:00,travel,1767.97,38.75
2917,110864,2026-05-13 12:29:00,other,1625.58,19.34
2918,110864,2026-06-04 03:29:00,groceries,436.7,6.02
2919,110867,2026-07-12 21:00:00,restaurants,3911.4,76.43
2920,110867,2026-07-13 12:00:00,marketplaces,1483.52,16.82
2921,110867,2026-07-08 18:00:00,other,515.52,6.92
2922,110867,2026-06-14 23:00:00,other,2846.81,66.7
2923,110867,2026-06-03 16:00:00,other,3066.51,41.54
2924,110867,2026-07-03 13:00:00,other,271.13,3.86
2925,110871,2026-07-24 00:15:00,transport,1281.51,13.35
2926,110888,2026-05-20 07:30:00,groceries,3959.07,83.62
2927,110903,2026-07-02 12:19:00,restaurants,1523.32,34.9
2928,110903,2026-05-28 19:19:00,restaurants,516.14,9.29
2929,110903,2026-07-03 02:19:00,transport,406.39,3.62
2930,110925,2026-07-11 16:39:00,other,531.25,9.06
2931,110925,2026-06-20 02:39:00,restaurants,576.33,5.61
2932,110925,2026-07-24 21:39:00,groceries,6315.31,59.12
2933,110937,2026-06-10 15:15:00,groceries,4327.88,103.02
2934,110937,2026-06-10 12:15:00,restaurants,1379.17,26.0
2935,110937,2026-05-27 21:15:00,transport,2936.19,51.97
2936,110940,2026-06-07 08:41:00,other,460.67,9.67
2937,110940,2026-06-20 10:41:00,groceries,907.26,17.49
2938,110940,2026-05-27 00:41:00,transport,1662.02,30.21
2939,110940,2026-05-31 00:41:00,other,2000.12,23.75
2940,110940,2026-05-16 03:41:00,groceries,2749.53,41.99
2941,110961,2026-06-29 14:53:00,groceries,745.13,15.55
2942,110961,2026-06-02 03:53:00,transport,706.48,6.78
2943,110961,2026-06-27 03:53:00,travel,4619.98,55.7
2944,110961,2026-07-15 14:53:00,groceries,2875.01,30.49
2945,110961,2026-06-21 02:53:00,travel,3518.79,69.68
2946,110961,2026-06-13 09:53:00,travel,613.35,6.78
2947,110961,2026-06-09 11:53:00,transport,1105.38,23.28
2948,110961,2026-07-05 23:53:00,groceries,858.39,11.05
2949,110983,2026-06-11 22:42:00,groceries,550.79,8.95
2950,110983,2026-05-31 04:42:00,other,467.3,10.31
2951,110983,2026-05-30 09:42:00,marketplaces,3661.57,46.7
2952,110983,2026-05-29 06:42:00,groceries,741.55,14.84
2953,110983,2026-06-07 19:42:00,other,759.71,9.1
2954,110983,2026-06-09 09:42:00,groceries,8314.11,192.52
2955,111004,2026-06-15 02:19:00,transport,1475.77,33.23
2956,111004,2026-06-14 02:19:00,other,885.56,17.64
2957,111004,2026-06-10 08:19:00,transport,1153.19,24.32
2958,111004,2026-06-11 04:19:00,other,1446.85,27.88
2959,111004,2026-05-24 22:19:00,transport,1469.32,28.74
2960,111004,2026-05-23 04:19:00,marketplaces,333.86,3.46
2961,111023,2026-05-28 23:39:00,marketplaces,4000.23,99.17
2962,111034,2026-06-04 09:21:00,groceries,278.59,3.25
2963,111041,2026-07-03 21:41:00,restaurants,1645.86,29.99
2964,111041,2026-06-03 09:41:00,groceries,1536.98,31.68
2965,111041,2026-06-11 01:41:00,marketplaces,303.34,7.11
2966,111041,2026-05-29 15:41:00,marketplaces,1920.92,23.69
2967,111046,2026-06-28 06:29:00,marketplaces,1146.65,16.54
2968,111046,2026-07-10 12:29:00,restaurants,1086.63,24.44
2969,111046,2026-06-29 05:29:00,travel,1307.78,29.66
2970,111047,2026-06-02 13:57:00,restaurants,1487.51,17.7
2971,111047,2026-06-05 20:57:00,other,1455.21,21.21
2972,111054,2026-05-24 18:23:00,groceries,1691.69,30.48
2973,111054,2026-06-16 23:23:00,other,2548.15,41.36
2974,111102,2026-06-17 22:26:00,transport,5261.08,102.07
2975,111102,2026-07-13 20:26:00,groceries,2059.72,34.26
2976,111102,2026-07-07 03:26:00,groceries,464.48,5.2
2977,111104,2026-06-03 02:26:00,travel,1343.75,30.43
2978,111104,2026-06-20 23:26:00,marketplaces,284.38,5.74
2979,111104,2026-06-04 17:26:00,travel,643.83,12.9
2980,111108,2026-07-16 05:07:00,groceries,1786.91,23.39
2981,111108,2026-06-19 04:07:00,other,1012.56,11.29
2982,111108,2026-06-29 03:07:00,restaurants,3059.12,70.1
2983,111113,2026-06-06 15:20:00,groceries,816.16,7.78
2984,111114,2026-07-17 06:32:00,transport,1399.72,22.3
2985,111127,2026-06-19 19:59:00,transport,489.19,12.19
2986,111127,2026-06-01 06:59:00,travel,1646.31,33.49
2987,111140,2026-07-09 14:03:00,restaurants,6117.67,149.18
2988,111140,2026-07-07 03:03:00,marketplaces,1506.57,33.61
2989,111140,2026-06-30 10:03:00,travel,3512.56,56.12
2990,111140,2026-07-09 23:03:00,marketplaces,1811.22,18.94
2991,111141,2026-06-01 08:19:00,marketplaces,2347.1,38.34
2992,111141,2026-06-07 21:19:00,other,1856.71,16.44
2993,111158,2026-05-30 23:00:00,transport,991.37,8.63
2994,111158,2026-06-16 09:00:00,travel,860.12,18.13
2995,111219,2026-06-03 21:38:00,restaurants,495.27,11.28
2996,111221,2026-05-30 01:06:00,restaurants,518.75,12.74
2997,111221,2026-06-12 16:06:00,other,172.34,2.58
2998,111221,2026-05-26 04:06:00,travel,765.76,14.53
2999,111221,2026-06-09 15:06:00,restaurants,3685.25,43.81
3000,111225,2026-06-30 07:53:00,marketplaces,4507.61,75.22
3001,111233,2026-05-25 12:44:00,groceries,523.12,8.43
3002,111233,2026-06-24 10:44:00,travel,3000.17,57.14
3003,111239,2026-07-19 17:22:00,groceries,1523.04,29.86
3004,111239,2026-06-20 11:22:00,restaurants,2805.9,61.12
3005,111239,2026-06-22 05:22:00,transport,1657.04,38.48
3006,111239,2026-06-07 17:22:00,restaurants,2005.24,31.82
3007,111241,2026-07-19 17:54:00,transport,796.03,13.1
3008,111241,2026-06-26 22:54:00,marketplaces,677.81,12.96
3009,111263,2026-06-04 19:25:00,other,269.01,4.52
3010,111274,2026-05-17 16:40:00,other,5257.03,127.61
3011,111274,2026-06-27 11:40:00,groceries,12130.83,214.05
3012,111277,2026-06-19 01:37:00,travel,1576.59,18.71
3013,111277,2026-06-15 06:37:00,travel,6636.13,97.37
3014,111295,2026-06-01 00:31:00,transport,524.31,9.18
3015,111295,2026-06-22 12:31:00,marketplaces,349.38,4.78
3016,111295,2026-06-25 12:31:00,travel,772.08,6.33
3017,111301,2026-06-12 17:19:00,groceries,3962.02,40.96
3018,111301,2026-06-30 19:19:00,travel,1268.78,14.36
3019,111301,2026-06-07 17:19:00,marketplaces,235.4,1.92
3020,111314,2026-05-27 05:30:00,other,3615.7,62.34
3021,111325,2026-06-14 11:17:00,marketplaces,841.01,19.94
3022,111325,2026-07-05 02:17:00,restaurants,2866.12,40.45
3023,111325,2026-06-21 08:17:00,transport,422.17,7.68
3024,111325,2026-07-14 12:17:00,groceries,1555.02,14.78
3025,111325,2026-07-19 09:17:00,transport,1533.16,12.55
3026,111325,2026-07-13 04:17:00,transport,663.29,12.82
3027,111325,2026-07-23 13:17:00,travel,177.67,1.97
3028,111325,2026-07-08 04:17:00,groceries,1174.41,10.57
3029,111325,2026-07-08 07:17:00,other,299.28,5.71
3030,111325,2026-07-22 14:17:00,marketplaces,1828.87,30.77
3031,111325,2026-07-17 10:17:00,groceries,3707.32,33.89
3032,111325,2026-07-17 20:17:00,groceries,578.39,8.79
3033,111325,2026-07-18 02:17:00,marketplaces,791.0,7.79
3034,111325,2026-06-28 11:17:00,marketplaces,2279.23,28.43
3035,111325,2026-06-27 22:17:00,other,193.12,2.71
3036,111345,2026-06-19 15:26:00,restaurants,837.05,17.35
3037,111400,2026-06-13 04:45:00,other,3613.73,65.98
3038,111400,2026-06-22 08:45:00,travel,278.8,4.78
3039,111400,2026-07-11 02:45:00,travel,1656.46,19.61
3040,111400,2026-07-05 22:45:00,marketplaces,965.77,19.31
3041,111400,2026-07-13 00:45:00,groceries,372.87,3.02
3042,111400,2026-06-25 06:45:00,groceries,2122.06,22.16
3043,111400,2026-06-26 07:45:00,marketplaces,1264.11,22.98
3044,111400,2026-06-30 05:45:00,other,769.99,12.48
3045,111400,2026-06-11 10:45:00,other,2449.12,41.24
3046,111400,2026-06-15 21:45:00,groceries,8128.66,77.39
3047,111400,2026-06-30 19:45:00,transport,1749.44,21.39
3048,111400,2026-06-16 22:45:00,travel,1420.71,19.19
3049,111400,2026-06-30 01:45:00,groceries,229.49,4.71
3050,111400,2026-07-10 03:45:00,transport,1644.02,20.51
3051,111400,2026-06-11 20:45:00,other,2018.59,34.1
3052,111406,2026-06-26 22:56:00,restaurants,347.59,4.48
3053,111408,2026-06-04 14:53:00,restaurants,130.84,1.79
3054,111412,2026-06-14 21:40:00,transport,1280.67,14.05
3055,111412,2026-06-28 06:40:00,transport,598.55,8.88
3056,111412,2026-06-23 14:40:00,restaurants,1726.87,20.3
3057,111412,2026-07-09 04:40:00,other,414.82,5.47
3058,111448,2026-06-17 22:31:00,other,1114.86,16.87
3059,111448,2026-06-25 09:31:00,transport,696.94,7.59
3060,111478,2026-07-18 19:44:00,other,1216.1,30.23
3061,111505,2026-05-15 04:05:00,travel,1329.06,18.49
3062,111505,2026-06-09 16:05:00,travel,1324.01,26.43
3063,111505,2026-05-31 11:05:00,marketplaces,3053.83,60.13
3064,111505,2026-06-15 02:05:00,marketplaces,2686.51,36.03
3065,111505,2026-06-02 14:05:00,restaurants,610.13,6.7
3066,111505,2026-06-20 11:05:00,groceries,2416.03,48.07
3067,111527,2026-06-20 03:56:00,travel,840.84,17.36
3068,111527,2026-06-29 17:56:00,groceries,691.48,15.25
3069,111527,2026-07-06 15:56:00,other,702.54,13.84
3070,111527,2026-06-05 20:56:00,other,4460.0,45.58
3071,111527,2026-06-10 06:56:00,transport,407.22,9.36
3072,111529,2026-06-23 19:20:00,other,434.43,8.59
3073,111538,2026-06-04 08:48:00,marketplaces,2118.88,18.25
3074,111538,2026-06-15 16:48:00,other,412.86,5.23
3075,111538,2026-06-09 14:48:00,travel,724.2,17.31
3076,111538,2026-06-19 06:48:00,other,333.78,8.33
3077,111538,2026-06-29 10:48:00,marketplaces,2825.43,38.97
3078,111538,2026-05-29 16:48:00,transport,1333.21,33.26
3079,111538,2026-06-06 01:48:00,restaurants,900.42,20.44
3080,111538,2026-06-25 05:48:00,transport,679.33,10.1
3081,111538,2026-05-23 20:48:00,restaurants,1453.75,15.75
3082,111538,2026-05-22 13:48:00,other,5048.09,43.16
3083,111538,2026-07-01 11:48:00,transport,1401.57,14.09
3084,111538,2026-06-25 00:48:00,restaurants,1437.43,18.42
3085,111538,2026-06-18 00:48:00,transport,883.06,7.17
3086,111538,2026-06-08 18:48:00,groceries,885.49,11.76
3087,111538,2026-05-23 09:48:00,groceries,2079.68,22.88
3088,111569,2026-05-29 10:15:00,other,1502.73,28.82
3089,111569,2026-06-18 19:15:00,groceries,105.2,2.3
3090,111569,2026-06-15 19:15:00,other,699.26,9.71
3091,111569,2026-06-01 16:15:00,restaurants,1767.14,35.4
3092,111577,2026-07-13 16:28:00,other,395.58,8.88
3093,111577,2026-06-27 18:28:00,travel,1541.84,25.06
3094,111577,2026-06-11 00:28:00,other,582.71,12.08
3095,111577,2026-06-16 08:28:00,restaurants,367.55,3.57
3096,111577,2026-07-14 08:28:00,marketplaces,796.43,13.4
3097,111629,2026-07-19 06:25:00,groceries,3443.91,42.83
3098,111631,2026-07-10 09:24:00,transport,1626.78,18.88
3099,111631,2026-07-22 04:24:00,marketplaces,4527.29,74.98
3100,111631,2026-06-22 00:24:00,travel,1028.3,24.37
3101,111631,2026-07-10 13:24:00,marketplaces,1920.94,30.3
3102,111631,2026-07-17 17:24:00,transport,287.27,4.46
3103,111631,2026-07-13 06:24:00,groceries,2014.48,26.89
3104,111651,2026-05-30 02:01:00,other,3448.58,37.33
3105,111651,2026-06-15 00:01:00,groceries,2775.44,47.84
3106,111651,2026-05-19 19:01:00,other,687.65,14.41
3107,111651,2026-05-21 18:01:00,restaurants,1139.01,14.57
3108,111670,2026-06-26 01:21:00,travel,523.26,6.82
3109,111670,2026-06-03 23:21:00,groceries,2274.16,38.68
3110,111670,2026-06-30 18:21:00,travel,1767.78,42.87
3111,111672,2026-06-18 16:54:00,marketplaces,353.6,3.5
3112,111672,2026-06-27 02:54:00,other,839.52,19.79
3113,111672,2026-07-04 18:54:00,groceries,1463.8,31.85
3114,111672,2026-05-29 02:54:00,transport,966.11,17.58
3115,111672,2026-07-01 10:54:00,transport,2019.83,45.41
3116,111672,2026-05-25 21:54:00,other,933.62,9.89
3117,111672,2026-06-04 02:54:00,marketplaces,1318.15,30.52
3118,111672,2026-06-29 21:54:00,other,568.6,7.3
3119,111672,2026-06-02 21:54:00,restaurants,4552.81,109.94
3120,111672,2026-06-21 12:54:00,other,2187.37,17.56
3121,111672,2026-05-24 23:54:00,marketplaces,1591.84,22.68
3122,111676,2026-05-22 13:42:00,transport,1420.09,23.88
3123,111676,2026-05-27 20:42:00,transport,537.31,10.87
3124,111676,2026-05-23 07:42:00,other,3139.19,37.91
3125,111676,2026-05-04 17:42:00,groceries,1126.27,12.45
3126,111676,2026-06-07 09:42:00,restaurants,1491.42,22.25
3127,111676,2026-05-04 11:42:00,transport,1507.05,19.86
3128,111676,2026-05-24 08:42:00,travel,4197.43,42.69
3129,111676,2026-06-03 12:42:00,marketplaces,2828.59,56.65
3130,111676,2026-05-09 00:42:00,transport,2234.37,52.92
3131,111683,2026-06-18 04:35:00,groceries,1114.12,26.04
3132,111702,2026-06-17 00:52:00,other,5670.25,69.68
3133,111702,2026-06-04 12:52:00,other,4537.04,72.44
3134,111734,2026-07-06 20:46:00,other,2127.62,39.19
3135,111741,2026-06-19 16:39:00,restaurants,2556.25,32.06
3136,111746,2026-06-16 04:27:00,travel,3803.49,86.44
3137,111746,2026-06-12 22:27:00,transport,957.43,20.25
3138,111746,2026-06-03 19:27:00,transport,642.06,7.54
3139,111746,2026-07-09 15:27:00,travel,1876.34,26.32
3140,111746,2026-06-30 12:27:00,transport,7191.92,77.74
3141,111746,2026-06-01 11:27:00,transport,1239.7,17.42
3142,111746,2026-06-26 03:27:00,groceries,553.55,8.15
3143,111746,2026-06-12 03:27:00,transport,11587.95,108.48
3144,111746,2026-07-07 10:27:00,restaurants,9309.04,86.63
3145,111762,2026-06-30 00:00:00,groceries,977.98,17.36
3146,111762,2026-07-15 03:00:00,transport,930.57,10.13
3147,111762,2026-07-19 14:00:00,transport,1063.55,26.36
3148,111762,2026-07-16 02:00:00,marketplaces,4539.94,42.95
3149,111762,2026-06-07 19:00:00,restaurants,231.63,4.5
3150,111762,2026-06-14 06:00:00,marketplaces,1544.36,35.9
3151,111762,2026-06-28 12:00:00,travel,4910.75,98.43
3152,111762,2026-06-09 03:00:00,other,445.63,8.78
3153,111766,2026-07-07 14:42:00,restaurants,671.39,9.33
3154,111776,2026-06-21 16:30:00,marketplaces,537.89,6.98
3155,111792,2026-06-03 19:55:00,restaurants,2157.45,42.7
3156,111792,2026-05-23 17:55:00,restaurants,1240.02,30.52
3157,111792,2026-06-16 00:55:00,marketplaces,1007.99,13.83
3158,111792,2026-07-03 16:55:00,groceries,526.24,5.08
3159,111792,2026-06-10 16:55:00,marketplaces,1241.3,11.16
3160,111798,2026-06-23 13:24:00,groceries,771.23,8.92
3161,111809,2026-05-12 22:07:00,groceries,1812.77,31.12
3162,111809,2026-05-16 09:07:00,marketplaces,830.46,15.3
3163,111809,2026-05-24 03:07:00,marketplaces,655.08,12.18
3164,111809,2026-05-23 00:07:00,restaurants,2467.15,44.39
3165,111809,2026-06-16 15:07:00,marketplaces,1455.3,29.13
3166,111809,2026-05-10 20:07:00,groceries,623.07,11.2
3167,111809,2026-06-04 11:07:00,travel,4499.76,52.97
3168,111814,2026-06-09 02:21:00,groceries,311.86,3.26
3169,111814,2026-05-25 01:21:00,marketplaces,609.61,9.26
3170,111814,2026-05-29 18:21:00,transport,380.83,3.46
3171,111825,2026-06-09 16:46:00,other,769.28,15.08
3172,111825,2026-05-28 20:46:00,marketplaces,434.11,10.71
3173,111825,2026-05-26 22:46:00,travel,368.91,7.27
3174,111825,2026-06-28 00:46:00,restaurants,2324.99,40.78
3175,111825,2026-06-05 22:46:00,groceries,608.89,14.21
3176,111825,2026-06-16 22:46:00,groceries,2999.66,41.95
3177,111836,2026-05-27 22:24:00,marketplaces,622.63,6.23
3178,111836,2026-05-29 01:24:00,travel,4412.48,50.48
3179,111836,2026-06-23 00:24:00,transport,574.98,10.98
3180,111876,2026-05-28 17:43:00,restaurants,3164.51,45.89
3181,111876,2026-06-30 11:43:00,other,425.71,9.6
3182,111876,2026-06-14 11:43:00,travel,760.91,18.36
3183,111876,2026-06-23 00:43:00,transport,4679.34,54.08
3184,111876,2026-06-06 06:43:00,other,841.43,7.21
3185,111876,2026-06-14 01:43:00,transport,2463.51,26.41
3186,111876,2026-06-21 00:43:00,transport,398.09,7.88
3187,111876,2026-06-02 11:43:00,transport,2444.87,51.02
3188,111876,2026-05-29 10:43:00,travel,2730.92,53.84
3189,111876,2026-06-05 12:43:00,other,2917.3,69.08
3190,111876,2026-06-09 15:43:00,transport,1618.33,31.24
3191,111876,2026-06-06 11:43:00,groceries,1912.48,36.78
3192,111876,2026-05-29 23:43:00,marketplaces,5322.07,126.45
3193,111876,2026-06-06 18:43:00,transport,533.32,5.06
3194,111885,2026-06-24 10:46:00,groceries,1245.48,17.83
3195,111885,2026-06-17 21:46:00,groceries,513.96,6.14
3196,111885,2026-06-11 02:46:00,travel,2210.94,49.08
3197,111885,2026-06-25 19:46:00,groceries,2971.38,43.57
3198,111885,2026-07-09 06:46:00,other,3152.73,52.2
3199,111885,2026-06-14 00:46:00,restaurants,1080.77,22.09
3200,111885,2026-05-31 13:46:00,other,224.16,3.81
3201,111885,2026-06-01 06:46:00,marketplaces,737.84,11.42
3202,111885,2026-07-01 10:46:00,transport,720.38,6.92
3203,111885,2026-06-28 00:46:00,travel,19600.05,488.4
3204,111885,2026-06-17 00:46:00,groceries,2279.19,50.29
3205,111894,2026-06-05 22:44:00,other,703.22,10.67
3206,111895,2026-05-24 11:54:00,marketplaces,626.4,6.5
3207,111895,2026-06-02 12:54:00,restaurants,2449.69,39.25
3208,111895,2026-06-22 19:54:00,transport,2168.19,43.9
3209,111895,2026-07-01 16:54:00,travel,3579.75,60.53
3210,111895,2026-06-23 12:54:00,travel,254.89,3.88
3211,111895,2026-06-16 00:54:00,travel,1616.87,23.8
3212,111895,2026-06-09 18:54:00,restaurants,356.38,3.53
3213,111895,2026-06-02 16:54:00,other,490.48,4.51
3214,111895,2026-06-30 20:54:00,groceries,2155.32,32.71
3215,111895,2026-06-25 02:54:00,transport,2004.92,22.64
3216,111939,2026-06-26 17:49:00,restaurants,2138.42,38.77
3217,111944,2026-07-08 04:52:00,groceries,5607.4,128.5
3218,111944,2026-06-14 06:52:00,other,6442.94,66.54
3219,111944,2026-07-05 10:52:00,groceries,961.36,17.48
3220,111952,2026-06-20 07:55:00,groceries,247.23,4.75
3221,111952,2026-06-16 09:55:00,restaurants,961.64,20.09
3222,111969,2026-07-06 18:52:00,travel,1585.76,16.25
3223,111969,2026-06-02 06:52:00,marketplaces,254.87,5.19
3224,111969,2026-06-10 00:52:00,groceries,528.91,4.65
3225,111981,2026-06-10 19:17:00,other,993.44,19.99
3226,111981,2026-06-19 08:17:00,transport,1451.51,24.55
3227,111981,2026-06-06 09:17:00,transport,345.39,5.23
3228,111981,2026-05-26 16:17:00,restaurants,314.9,5.15
3229,111981,2026-06-03 21:17:00,marketplaces,3400.13,82.11
3230,111981,2026-06-07 15:17:00,groceries,6104.18,85.08
3231,111981,2026-05-21 00:17:00,groceries,3230.67,52.46
3232,111981,2026-05-26 10:17:00,groceries,1522.36,17.92
3233,111981,2026-06-14 09:17:00,restaurants,2098.69,51.38
3234,111981,2026-06-20 05:17:00,travel,1783.41,29.58
3235,111981,2026-06-30 07:17:00,transport,696.11,13.94
3236,111981,2026-06-23 05:17:00,groceries,2410.11,49.36
3237,111981,2026-05-25 18:17:00,transport,1935.38,28.31
3238,111981,2026-06-09 12:17:00,groceries,2900.61,68.54
3239,111981,2026-06-30 07:17:00,groceries,1036.77,21.48
3240,111983,2026-06-19 21:00:00,marketplaces,370.31,7.55
