user_id,registration_date,age,city,device,is_new_user
100001,2025-12-27,33,,iOS,0
100002,2025-12-04,47,Нижний Новгород,iOS,0
100003,2025-01-13,40,Казань,iOS,0
100004,2025-09-09,28,Самара,iOS,0
100005,2025-12-16,26,Нижний Новгород,Android,0
100006,2026-02-12,40,Санкт-Петербург,Android,0
100007,2025-08-03,24,Нижний Новгород,iOS,0
100008,2025-09-19,41,Санкт-Петербург,Android,0
100009,2025-12-08,27,Казань,iOS,0
100010,2025-10-27,37,Казань,iOS,0
100011,2025-02-04,38,Санкт-Петербург,Android,0
100012,2025-05-23,25,Самара,iOS,0
100013,2026-01-22,18,Новосибирск,Android,0
100014,2026-02-22,34,Екатеринбург,Android,0
100015,2026-01-16,29,Москва,Android,0
100016,2025-04-10,44,Москва,iOS,0
100017,2025-07-02,21,Москва,iOS,0
100018,2025-12-27,44,Нижний Новгород,iOS,0
100019,2025-09-01,38,Казань,Android,0
100020,2025-05-13,43,Нижний Новгород,iOS,0
100021,2024-12-19,42,Москва,iOS,0
100022,2025-07-20,23,Москва,Android,0
100023,2025-09-11,32,Нижний Новгород,iOS,0
100024,2025-07-29,42,Новосибирск,Android,0
100025,2025-12-15,51,Нижний Новгород,iOS,0
100026,2026-03-03,36,Казань,Android,1
100027,2025-03-18,53,Новосибирск,iOS,0
100028,2025-06-04,53,Москва,iOS,0
100029,2025-02-18,39,Нижний Новгород,Android,0
100030,2025-08-27,28,Новосибирск,Android,0
100031,2025-08-21,24,Санкт-Петербург,iOS,0
100032,2025-02-10,18,Екатеринбург,iOS,0
100033,2025-07-28,31,Нижний Новгород,iOS,0
100034,2026-03-22,18,Санкт-Петербург,Android,1
100035,2026-02-10,26,Новосибирск,iOS,0
100036,2025-05-08,36,Казань,Android,0
100037,2025-05-18,24,Самара,iOS,0
100038,2025-08-03,39,Казань,Android,0
100039,2025-10-28,51,Нижний Новгород,iOS,0
100040,2026-01-11,40,Новосибирск,iOS,0
100041,2025-04-27,22,Новосибирск,iOS,0
100042,2025-12-13,38,Санкт-Петербург,Android,0
100043,2026-03-16,27,Москва,iOS,1
100044,2026-03-04,28,Новосибирск,Android,1
100045,2025-07-19,38,Новосибирск,Android,0
100046,2026-03-04,22,Казань,Android,1
100047,2025-06-05,42,Нижний Новгород,iOS,0
100048,2025-07-09,18,Нижний Новгород,Android,0
100049,2025-11-02,35,Москва,iOS,0
100050,2025-09-13,50,Москва,iOS,0
100051,2025-06-29,21,Самара,iOS,0
100052,2026-03-21,45,Казань,iOS,1
100053,2026-03-11,39,Нижний Новгород,iOS,1
100054,2025-04-27,41,Санкт-Петербург,Android,0
100055,2026-02-20,38,Новосибирск,Android,0
100056,2025-05-05,40,Нижний Новгород,Android,0
100057,2026-04-09,25,Екатеринбург,Android,1
100058,2026-02-22,31,Казань,iOS,0
100059,2024-12-19,18,Казань,iOS,0
100060,2026-02-05,43,Екатеринбург,Android,0
100061,2025-12-10,24,Самара,iOS,0
100062,2025-12-06,32,Новосибирск,Android,0
100063,2025-03-06,24,Екатеринбург,iOS,0
100064,2025-09-22,35,Санкт-Петербург,iOS,0
100065,2026-03-15,40,Новосибирск,iOS,1
100066,2025-02-13,41,Екатеринбург,Android,0
100067,2025-07-22,39,Казань,Android,0
100068,2025-05-01,31,Санкт-Петербург,Android,0
100069,2025-04-18,34,Новосибирск,Android,0
100070,2025-07-10,49,Новосибирск,iOS,0
100071,2025-04-24,32,Самара,iOS,0
100072,2025-04-02,38,Казань,Android,0
100073,2025-03-16,61,Нижний Новгород,iOS,0
100074,2025-09-11,32,Казань,Android,0
100075,2025-01-27,39,Самара,Android,0
100076,2024-12-29,47,Казань,Android,0
100077,2025-03-17,23,Новосибирск,iOS,0
100078,2026-04-20,31,Самара,Android,1
100079,2025-10-12,30,Новосибирск,iOS,0
100080,2025-11-18,19,Нижний Новгород,iOS,0
100081,2025-03-25,26,Екатеринбург,Android,0
100082,2025-07-20,44,Екатеринбург,iOS,0
100083,2026-01-24,38,Нижний Новгород,iOS,0
100084,2025-08-12,29,Казань,Android,0
100085,2025-08-19,27,Санкт-Петербург,Android,0
100086,2026-01-06,27,Самара,Android,0
100087,2026-01-30,36,Москва,Android,0
100088,2025-03-23,26,Санкт-Петербург,iOS,0
100089,2025-04-01,49,Москва,Android,0
100090,2025-10-29,54,Екатеринбург,Android,0
100091,2025-11-16,47,Нижний Новгород,Android,0
100092,2025-10-29,24,Москва,Android,0
100093,2026-02-21,39,Новосибирск,Android,0
100094,2025-11-16,21,Санкт-Петербург,Android,0
100095,2025-05-12,35,Нижний Новгород,iOS,0
100096,2025-09-29,35,Самара,iOS,0
100097,2026-01-08,21,Новосибирск,Android,0
100098,2024-12-27,32,Екатеринбург,Android,0
100099,2026-02-20,54,Новосибирск,Android,0
100100,2026-02-05,18,Екатеринбург,iOS,0
100101,2025-04-04,44,Нижний Новгород,Android,0
100102,2025-02-14,45,Казань,iOS,0
100103,2025-02-24,34,Нижний Новгород,Android,0
100104,2025-03-05,37,Екатеринбург,iOS,0
100105,2026-02-20,42,Казань,Android,0
100106,2026-03-18,26,Санкт-Петербург,iOS,1
100107,2025-06-05,27,Казань,iOS,0
100108,2025-10-26,20,Екатеринбург,iOS,0
100109,2025-08-18,46,Самара,Android,0
100110,2025-05-18,19,Самара,iOS,0
100111,2025-01-26,25,Нижний Новгород,iOS,0
100112,2025-07-15,31,Нижний Новгород,iOS,0
100113,2025-03-16,34,Санкт-Петербург,iOS,0
100114,2025-01-15,39,Москва,iOS,0
100115,2025-10-12,40,Нижний Новгород,Android,0
100116,2025-02-17,32,Нижний Новгород,Android,0
100117,2025-09-12,45,Нижний Новгород,iOS,0
100118,2025-04-26,56,Нижний Новгород,Android,0
100119,2025-03-29,66,Нижний Новгород,Android,0
100120,2025-12-31,44,Санкт-Петербург,Android,0
100121,2025-02-20,57,Екатеринбург,iOS,0
100122,2025-01-04,26,Новосибирск,iOS,0
100123,2025-10-24,45,Санкт-Петербург,Android,0
100124,2025-05-10,41,Нижний Новгород,iOS,0
100125,2026-01-18,29,Екатеринбург,iOS,0
100126,2025-01-27,45,Казань,Android,0
100127,2025-09-17,37,Самара,Android,0
100128,2025-01-16,36,Москва,Android,0
100129,2026-04-21,35,Новосибирск,iOS,1
100130,2025-09-05,41,Санкт-Петербург,Android,0
100131,2025-12-11,25,Казань,Android,0
100132,2025-01-22,28,Екатеринбург,Android,0
100133,2025-08-03,21,Екатеринбург,Android,0
100134,2026-02-04,27,Нижний Новгород,iOS,0
100135,2025-08-01,36,Москва,iOS,0
100136,2025-10-07,30,Нижний Новгород,iOS,0
100137,2025-08-13,39,Нижний Новгород,iOS,0
100138,2026-03-14,29,Москва,iOS,1
100139,2026-02-23,25,Москва,iOS,0
100140,2025-08-20,36,Москва,iOS,0
100141,2025-05-31,30,Санкт-Петербург,Android,0
100142,2025-11-09,45,Самара,iOS,0
100143,2026-02-20,45,Санкт-Петербург,Android,0
100144,2026-03-03,32,Самара,Android,1
100145,2025-06-18,50,Санкт-Петербург,Android,0
100146,2026-01-09,48,Новосибирск,iOS,0
100147,2025-11-13,41,Казань,Android,0
100148,2025-04-02,29,Нижний Новгород,Android,0
100149,2025-06-15,56,Москва,iOS,0
100150,2026-04-28,49,Новосибирск,iOS,1
100151,2025-07-26,36,Нижний Новгород,Android,0
100152,2025-06-18,31,Казань,iOS,0
100153,2025-12-11,28,Екатеринбург,Android,0
100154,2025-12-09,40,Нижний Новгород,iOS,0
100155,2025-04-07,46,Санкт-Петербург,Android,0
100156,2025-04-17,18,Нижний Новгород,Android,0
100157,2025-02-01,31,Екатеринбург,iOS,0
100158,2025-10-01,33,Санкт-Петербург,Android,0
100159,2026-02-05,29,Москва,Android,0
100160,2025-11-07,28,Самара,Android,0
100161,2025-01-25,34,Санкт-Петербург,iOS,0
100162,2025-03-16,32,Самара,Android,0
100163,2025-04-10,18,Екатеринбург,iOS,0
100164,2025-05-10,38,Новосибирск,iOS,0
100165,2025-10-24,18,Санкт-Петербург,iOS,0
100166,2025-12-19,24,Москва,iOS,0
100167,2025-08-28,37,Москва,iOS,0
100168,2025-05-17,28,Самара,iOS,0
100169,2025-01-15,31,Москва,iOS,0
100170,2025-07-13,38,Санкт-Петербург,iOS,0
100171,2025-07-20,29,Новосибирск,Android,0
100172,2025-11-16,42,Казань,Android,0
100173,2024-12-23,49,Новосибирск,Android,0
100174,2025-01-08,28,Новосибирск,Android,0
100175,2025-08-30,37,Нижний Новгород,Android,0
100176,2026-01-28,33,Москва,iOS,0
100177,2025-10-18,41,Нижний Новгород,iOS,0
100178,2025-08-08,52,Москва,iOS,0
100179,2025-01-18,35,Новосибирск,iOS,0
100180,2025-03-08,31,Новосибирск,Android,0
100181,2026-04-15,20,Нижний Новгород,iOS,1
100182,2025-06-25,31,Санкт-Петербург,iOS,0
100183,2026-03-13,40,Новосибирск,iOS,1
100184,2026-03-08,37,Самара,Android,1
100185,2025-10-02,43,Казань,Android,0
100186,2026-01-12,31,Санкт-Петербург,Android,0
100187,2025-11-04,42,Казань,Android,0
100188,2026-02-21,20,Нижний Новгород,Android,0
100189,2025-05-10,38,Нижний Новгород,Android,0
100190,2025-05-30,41,Екатеринбург,iOS,0
100191,2025-02-14,21,Санкт-Петербург,iOS,0
100192,2025-02-19,27,Санкт-Петербург,Android,0
100193,2025-02-12,34,Екатеринбург,Android,0
100194,2025-06-05,30,Нижний Новгород,Android,0
100195,2025-01-28,40,Самара,iOS,0
100196,2025-09-13,46,Самара,Android,0
100197,2025-12-05,28,Екатеринбург,iOS,0
100198,2025-02-04,50,Новосибирск,Android,0
100199,2026-03-07,37,Москва,iOS,1
100200,2025-04-19,34,Москва,iOS,0
100201,2025-07-24,36,Новосибирск,Android,0
100202,2025-03-19,26,Екатеринбург,iOS,0
100203,2025-10-14,28,Новосибирск,iOS,0
100204,2025-04-03,33,Санкт-Петербург,iOS,0
100205,2026-03-10,44,Москва,Android,1
100206,2026-02-18,40,Казань,Android,0
100207,2025-06-30,43,Самара,Android,0
100208,2025-12-08,39,Санкт-Петербург,Android,0
100209,2025-07-03,40,Самара,Android,0
100210,2024-12-28,37,Казань,Android,0
100211,2025-04-29,51,Екатеринбург,Android,0
100212,2025-05-27,25,Санкт-Петербург,iOS,0
100213,2024-12-18,40,Екатеринбург,iOS,0
100214,2025-02-16,33,Новосибирск,Android,0
100215,2025-07-12,22,Екатеринбург,Android,0
100216,2026-02-23,49,Казань,Android,0
100217,2025-03-14,42,Казань,iOS,0
100218,2025-04-02,43,Екатеринбург,Android,0
100219,2025-05-17,20,Новосибирск,iOS,0
100220,2026-03-09,31,Новосибирск,Android,1
100221,2025-05-04,37,Москва,iOS,0
100222,2025-06-08,47,Москва,Android,0
100223,2025-04-30,27,Екатеринбург,Android,0
100224,2026-02-13,47,Казань,Android,0
100225,2025-11-12,28,Казань,Android,0
100226,2025-05-10,26,Санкт-Петербург,Android,0
100227,2025-02-23,27,Самара,Android,0
100228,2026-01-20,22,Екатеринбург,Android,0
100229,2025-01-31,38,Москва,Android,0
100230,2025-09-29,47,Екатеринбург,iOS,0
100231,2026-04-11,49,Москва,Android,1
100232,2025-09-06,22,Екатеринбург,iOS,0
100233,2025-02-01,28,Казань,iOS,0
100234,2026-01-14,46,Самара,iOS,0
100235,2025-05-26,29,Новосибирск,Android,0
100236,2025-02-23,27,Нижний Новгород,iOS,0
100237,2026-02-26,58,Новосибирск,Android,0
100238,2025-08-01,55,Санкт-Петербург,Android,0
100239,2025-04-30,42,Санкт-Петербург,Android,0
100240,2025-03-16,29,Екатеринбург,Android,0
100241,2025-10-31,37,Санкт-Петербург,iOS,0
100242,2025-11-28,26,Нижний Новгород,Android,0
100243,2025-05-07,52,Новосибирск,iOS,0
100244,2025-04-06,18,Новосибирск,Android,0
100245,2026-01-14,45,Санкт-Петербург,iOS,0
100246,2026-03-28,33,Новосибирск,iOS,1
100247,2025-11-23,27,Самара,Android,0
100248,2025-08-23,31,Самара,iOS,0
100249,2025-10-31,28,Екатеринбург,Android,0
100250,2025-03-02,37,Москва,iOS,0
100251,2024-12-17,37,Нижний Новгород,Android,0
100252,2026-03-11,37,Екатеринбург,iOS,1
100253,2025-02-04,18,Санкт-Петербург,iOS,0
100254,2026-04-17,40,Санкт-Петербург,Android,1
100255,2025-01-04,24,Екатеринбург,iOS,0
100256,2025-05-17,18,Екатеринбург,iOS,0
100257,2025-09-17,48,Нижний Новгород,Android,0
100258,2025-10-05,27,Самара,iOS,0
100259,2025-04-06,51,Самара,iOS,0
100260,2026-01-20,27,Екатеринбург,Android,0
100261,2026-04-17,25,Санкт-Петербург,Android,1
100262,2025-12-21,39,Новосибирск,iOS,0
100263,2026-04-08,39,Нижний Новгород,iOS,1
100264,2026-04-09,19,Казань,iOS,1
100265,2025-01-28,40,Москва,Android,0
100266,2025-06-04,44,Казань,iOS,0
100267,2025-08-05,25,Екатеринбург,iOS,0
100268,2025-08-07,21,Санкт-Петербург,Android,0
100269,2025-03-25,45,Санкт-Петербург,iOS,0
100270,2025-12-20,44,Новосибирск,iOS,0
100271,2025-06-19,33,Казань,Android,0
100272,2026-02-16,18,Самара,iOS,0
100273,2025-01-08,21,Новосибирск,Android,0
100274,2025-12-05,35,Санкт-Петербург,iOS,0
100275,2025-03-01,32,Екатеринбург,Android,0
100276,2025-02-15,24,Нижний Новгород,iOS,0
100277,2025-12-16,32,Новосибирск,iOS,0
100278,2025-01-16,36,Екатеринбург,Android,0
100279,2025-03-27,25,Нижний Новгород,Android,0
100280,2026-03-15,21,Санкт-Петербург,Android,1
100281,2026-04-01,24,Самара,Android,1
100282,2025-08-01,40,Самара,iOS,0
100283,2025-07-19,26,Новосибирск,Android,0
100284,2025-10-24,26,Москва,Android,0
100285,2025-01-31,28,Казань,Android,0
100286,2026-02-20,31,Нижний Новгород,Android,0
100287,2025-07-29,21,Казань,iOS,0
100288,2025-03-25,18,Казань,iOS,0
100289,2025-08-27,29,Москва,iOS,0
100290,2025-11-03,46,Екатеринбург,iOS,0
100291,2025-06-24,29,Москва,Android,0
100292,2025-06-02,21,Самара,iOS,0
100293,2026-03-16,27,Санкт-Петербург,Android,1
100294,2026-01-22,20,Екатеринбург,Android,0
100295,2025-08-10,50,Екатеринбург,Android,0
100296,2025-04-25,27,Екатеринбург,Android,0
100297,2025-05-12,25,Самара,Android,0
100298,2025-10-28,36,Москва,iOS,0
100299,2025-12-27,40,Новосибирск,iOS,0
100300,2025-02-02,18,Новосибирск,Android,0
100301,2025-11-26,27,Санкт-Петербург,Android,0
100302,2026-01-24,36,Казань,iOS,0
100303,2025-03-25,36,Новосибирск,Android,0
100304,2025-07-20,41,Нижний Новгород,iOS,0
100305,2026-03-15,48,Казань,iOS,1
100306,2025-08-06,31,Самара,iOS,0
100307,2026-02-09,20,Екатеринбург,Android,0
100308,2025-10-13,40,Казань,iOS,0
100309,2026-03-04,35,Казань,iOS,1
100310,2025-05-29,39,Самара,iOS,0
100311,2025-03-19,21,Москва,iOS,0
100312,2025-09-24,43,Самара,iOS,0
100313,2024-12-17,35,Нижний Новгород,Android,0
100314,2025-10-18,31,Нижний Новгород,Android,0
100315,2026-01-01,18,Санкт-Петербург,iOS,0
100316,2024-12-22,29,Екатеринбург,iOS,0
100317,2024-12-29,32,Нижний Новгород,Android,0
100318,2025-11-12,18,Москва,iOS,0
100319,2025-04-13,32,Казань,iOS,0
100320,2026-02-03,27,Екатеринбург,iOS,0
100321,2026-01-19,38,Санкт-Петербург,iOS,0
100322,2025-12-11,38,Москва,iOS,0
100323,2025-08-08,36,Новосибирск,Android,0
100324,2025-06-19,34,Екатеринбург,Android,0
100325,2025-08-16,46,Самара,iOS,0
100326,2025-12-29,22,Новосибирск,iOS,0
100327,2025-01-20,21,Екатеринбург,Android,0
100328,2025-10-25,43,Новосибирск,iOS,0
100329,2026-02-27,56,Самара,Android,0
100330,2025-05-29,24,Нижний Новгород,iOS,0
100331,2026-02-23,35,Москва,Android,0
100332,2026-01-21,38,Самара,iOS,0
100333,2025-08-11,40,Москва,Android,0
100334,2025-07-12,32,Новосибирск,Android,0
100335,2026-02-26,34,Новосибирск,iOS,0
100336,2026-04-08,34,Казань,Android,1
100337,2025-10-30,34,Новосибирск,Android,0
100338,2025-05-10,49,Самара,iOS,0
100339,2025-12-27,23,Казань,iOS,0
100340,2025-09-21,29,Самара,iOS,0
100341,2026-02-08,36,Москва,iOS,0
100342,2025-02-24,43,Самара,Android,0
100343,2025-07-03,28,Нижний Новгород,iOS,0
100344,2025-09-25,34,Новосибирск,iOS,0
100345,2025-10-27,39,Екатеринбург,Android,0
100346,2025-07-05,38,Москва,iOS,0
100347,2025-08-12,40,Нижний Новгород,Android,0
100348,2025-01-12,39,Казань,iOS,0
100349,2025-10-31,35,Нижний Новгород,iOS,0
100350,2026-04-25,26,Новосибирск,iOS,1
100351,2026-01-07,39,Москва,iOS,0
100352,2025-01-09,38,Казань,Android,0
100353,2026-03-20,18,Екатеринбург,Android,1
100354,2026-04-01,30,Москва,Android,1
100355,2025-05-06,39,Самара,iOS,0
100356,2025-08-04,36,Самара,Android,0
100357,2025-07-22,41,Екатеринбург,Android,0
100358,2025-03-04,21,Екатеринбург,Android,0
100359,2024-12-17,41,Москва,iOS,0
100360,2025-11-13,49,Москва,Android,0
100361,2026-03-15,31,Самара,iOS,1
100362,2025-06-14,18,Новосибирск,Android,0
100363,2025-09-11,18,Москва,Android,0
100364,2025-04-06,33,Казань,Android,0
100365,2025-10-02,45,Самара,Android,0
100366,2026-01-29,43,Москва,iOS,0
100367,2025-08-31,27,Самара,iOS,0
100368,2026-03-27,34,Санкт-Петербург,Android,1
100369,2025-06-20,40,Новосибирск,iOS,0
100370,2026-01-11,28,Екатеринбург,Android,0
100371,2026-03-12,31,Нижний Новгород,iOS,1
100372,2025-07-08,48,Новосибирск,iOS,0
100373,2025-05-06,18,Самара,Android,0
100374,2024-12-19,39,Новосибирск,Android,0
100375,2025-02-27,21,Казань,iOS,0
100376,2025-07-13,45,Москва,Android,0
100377,2025-10-20,32,Нижний Новгород,Android,0
100378,2026-02-12,22,Нижний Новгород,iOS,0
100379,2025-11-04,31,Москва,Android,0
100380,2025-09-27,45,Екатеринбург,Android,0
100381,2026-01-26,31,Нижний Новгород,Android,0
100382,2025-07-12,49,Москва,Android,0
100383,2026-02-03,21,Екатеринбург,Android,0
100384,2026-04-11,18,Новосибирск,Android,1
100385,2025-03-31,46,Новосибирск,Android,0
100386,2026-04-05,57,Нижний Новгород,Android,1
100387,2025-06-18,32,Нижний Новгород,iOS,0
100388,2025-12-29,29,Москва,iOS,0
100389,2025-09-23,35,Новосибирск,Android,0
100390,2026-03-11,18,Екатеринбург,iOS,1
100391,2025-06-17,44,Самара,Android,0
100392,2025-05-25,41,Москва,Android,0
100393,2025-09-02,24,Санкт-Петербург,iOS,0
100394,2025-05-27,28,Нижний Новгород,Android,0
100395,2026-01-22,28,Москва,Android,0
100396,2025-07-15,37,Екатеринбург,Android,0
100397,2025-11-26,36,Екатеринбург,iOS,0
100398,2025-03-16,29,Казань,iOS,0
100399,2025-05-02,30,Самара,Android,0
100400,2025-05-23,23,Екатеринбург,iOS,0
100401,2025-07-18,40,Санкт-Петербург,Android,0
100402,2025-01-12,36,Москва,iOS,0
100403,2025-05-29,36,Нижний Новгород,Android,0
100404,2025-10-07,26,Нижний Новгород,iOS,0
100405,2025-03-20,36,Самара,iOS,0
100406,2025-02-19,51,Новосибирск,iOS,0
100407,2025-07-26,24,Москва,iOS,0
100408,2026-01-01,34,Москва,Android,0
100409,2025-11-02,18,Казань,iOS,0
100410,2026-04-24,42,Нижний Новгород,iOS,1
100411,2025-08-29,39,Екатеринбург,iOS,0
100412,2025-03-04,32,Казань,iOS,0
100413,2025-03-13,47,Казань,iOS,0
100414,2025-12-11,21,Москва,Android,0
100415,2026-03-04,44,Санкт-Петербург,iOS,1
100416,2025-03-26,23,Новосибирск,Android,0
100417,2025-04-21,21,Новосибирск,Android,0
100418,2025-08-27,34,Самара,iOS,0
100419,2026-02-25,25,Казань,Android,0
100420,2025-09-20,25,Нижний Новгород,Android,0
100421,2025-04-09,40,Казань,iOS,0
100422,2026-03-01,48,Нижний Новгород,Android,0
100423,2025-04-13,44,Самара,iOS,0
100424,2025-02-06,40,Санкт-Петербург,Android,0
100425,2025-05-28,42,Казань,iOS,0
100426,2025-12-19,41,Екатеринбург,iOS,0
100427,2025-11-14,54,Новосибирск,iOS,0
100428,2025-12-08,51,Санкт-Петербург,Android,0
100429,2026-04-20,36,Самара,Android,1
100430,2025-07-18,24,Екатеринбург,Android,0
100431,2025-11-23,25,Самара,Android,0
100432,2025-08-07,30,Казань,Android,0
100433,2025-06-26,18,Новосибирск,Android,0
100434,2025-06-05,42,Новосибирск,Android,0
100435,2025-02-26,25,Казань,Android,0
100436,2025-06-04,41,Нижний Новгород,iOS,0
100437,2025-04-27,39,Новосибирск,Android,0
100438,2026-02-02,30,Екатеринбург,iOS,0
100439,2025-02-06,36,Москва,iOS,0
100440,2025-11-04,43,Казань,Android,0
100441,2026-01-10,49,Казань,Android,0
100442,2025-02-10,43,Казань,iOS,0
100443,2025-06-20,35,Нижний Новгород,Android,0
100444,2025-12-15,36,Нижний Новгород,Android,0
100445,2025-11-24,21,Москва,iOS,0
100446,2026-01-01,56,Санкт-Петербург,iOS,0
100447,2025-05-24,28,Екатеринбург,Android,0
100448,2025-06-29,20,Новосибирск,Android,0
100449,2025-10-15,36,Казань,Android,0
100450,2025-04-21,39,Самара,iOS,0
100451,2026-04-04,44,Нижний Новгород,Android,1
100452,2025-04-24,31,Новосибирск,Android,0
100453,2025-04-04,34,Казань,iOS,0
100454,2025-11-06,43,Казань,Android,0
100455,2025-12-11,32,Санкт-Петербург,iOS,0
100456,2025-09-07,49,Казань,Android,0
100457,2025-10-14,22,Новосибирск,Android,0
100458,2025-05-22,40,Санкт-Петербург,Android,0
100459,2025-08-23,34,Самара,iOS,0
100460,2026-03-08,26,Самара,Android,1
100461,2026-04-17,44,Самара,iOS,1
100462,2025-02-20,32,Санкт-Петербург,iOS,0
100463,2024-12-27,36,Екатеринбург,Android,0
100464,2026-03-05,31,Нижний Новгород,iOS,1
100465,2025-12-27,19,Нижний Новгород,Android,0
100466,2025-01-03,38,Казань,iOS,0
100467,2025-10-06,50,Новосибирск,Android,0
100468,2025-08-27,40,Санкт-Петербург,Android,0
100469,2025-02-25,45,Москва,iOS,0
100470,2025-07-15,50,Екатеринбург,iOS,0
100471,2025-12-10,43,Новосибирск,iOS,0
100472,2025-12-07,39,Новосибирск,Android,0
100473,2025-01-02,45,Нижний Новгород,iOS,0
100474,2025-03-28,21,Екатеринбург,Android,0
100475,2025-10-21,36,Новосибирск,iOS,0
100476,2025-07-26,40,Новосибирск,Android,0
100477,2025-02-03,38,Самара,iOS,0
100478,2025-09-25,39,Екатеринбург,Android,0
100479,2025-06-02,35,Санкт-Петербург,Android,0
100480,2026-01-19,29,Самара,Android,0
100481,2025-11-15,44,Москва,Android,0
100482,2026-03-15,36,Москва,iOS,1
100483,2026-03-16,21,Санкт-Петербург,Android,1
100484,2025-02-27,42,Казань,iOS,0
100485,2025-10-20,40,Новосибирск,iOS,0
100486,2025-08-31,42,Казань,Android,0
100487,2025-08-27,49,Екатеринбург,Android,0
100488,2025-05-24,36,Москва,Android,0
100489,2026-01-22,23,Новосибирск,iOS,0
100490,2026-02-05,39,Новосибирск,Android,0
100491,2026-01-18,47,Нижний Новгород,Android,0
100492,2025-06-22,29,Самара,iOS,0
100493,2025-02-28,22,Санкт-Петербург,Android,0
100494,2025-06-09,41,Москва,iOS,0
100495,2026-03-20,55,Казань,iOS,1
100496,2025-08-09,24,Новосибирск,Android,0
100497,2025-06-14,26,Нижний Новгород,Android,0
100498,2025-03-08,18,Казань,Android,0
100499,2025-03-28,40,Казань,iOS,0
100500,2025-05-08,27,Новосибирск,Android,0
100501,2026-01-07,30,Екатеринбург,iOS,0
100502,2025-10-27,27,Казань,iOS,0
100503,2025-08-15,30,Нижний Новгород,Android,0
100504,2025-05-17,19,Москва,Android,0
100505,2025-03-31,36,Москва,iOS,0
100506,2025-01-08,63,Казань,Android,0
100507,2025-01-11,27,Екатеринбург,Android,0
100508,2025-01-21,28,Нижний Новгород,iOS,0
100509,2026-01-20,33,Нижний Новгород,Android,0
100510,2026-01-25,39,Москва,iOS,0
100511,2026-04-09,37,Екатеринбург,iOS,1
100512,2025-02-22,52,Новосибирск,Android,0
100513,2025-06-14,18,Нижний Новгород,iOS,0
100514,2025-05-25,44,Новосибирск,iOS,0
100515,2026-04-21,26,Москва,iOS,1
100516,2025-01-23,18,Новосибирск,Android,0
100517,2025-07-18,20,Санкт-Петербург,Android,0
100518,2025-09-09,31,Самара,iOS,0
100519,2025-05-10,22,Казань,Android,0
100520,2025-06-12,44,Екатеринбург,Android,0
100521,2025-08-21,43,Самара,iOS,0
100522,2025-11-06,32,Нижний Новгород,iOS,0
100523,2025-04-10,44,Новосибирск,Android,0
100524,2026-01-05,19,Санкт-Петербург,iOS,0
100525,2025-09-24,29,Новосибирск,iOS,0
100526,2025-01-21,41,Санкт-Петербург,Android,0
100527,2025-01-31,39,Екатеринбург,iOS,0
100528,2026-02-17,24,Самара,Android,0
100529,2025-06-26,33,Казань,iOS,0
100530,2025-10-21,43,Нижний Новгород,Android,0
100531,2025-10-18,39,Самара,iOS,0
100532,2026-02-25,31,Новосибирск,Android,0
100533,2025-03-23,22,Самара,Android,0
100534,2025-11-04,31,Москва,iOS,0
100535,2025-10-12,34,Казань,iOS,0
100536,2025-03-01,41,Казань,iOS,0
100537,2026-01-29,36,Нижний Новгород,Android,0
100538,2026-04-04,34,Москва,Android,1
100539,2025-07-27,25,Екатеринбург,iOS,0
100540,2025-08-15,28,Казань,iOS,0
100541,2025-03-18,30,Новосибирск,iOS,0
100542,2025-07-04,28,Новосибирск,Android,0
100543,2025-01-23,40,Самара,iOS,0
100544,2026-02-06,27,Москва,iOS,0
100545,2026-03-28,18,Екатеринбург,iOS,1
100546,2025-11-29,27,Санкт-Петербург,iOS,0
100547,2025-11-19,31,Санкт-Петербург,iOS,0
100548,2026-02-16,20,Москва,iOS,0
100549,2025-05-23,20,Санкт-Петербург,Android,0
100550,2025-08-13,51,Екатеринбург,Android,0
100551,2025-01-22,24,Казань,iOS,0
100552,2026-02-19,25,Нижний Новгород,Android,0
100553,2025-06-11,20,Нижний Новгород,Android,0
100554,2026-01-25,25,Москва,Android,0
100555,2026-02-25,31,Казань,iOS,0
100556,2026-01-03,26,Санкт-Петербург,iOS,0
100557,2025-11-07,28,Новосибирск,Android,0
100558,2025-12-28,32,Новосибирск,iOS,0
100559,2025-08-29,34,Казань,iOS,0
100560,2025-09-07,56,Нижний Новгород,Android,0
100561,2025-01-07,34,Новосибирск,Android,0
100562,2025-10-18,18,Екатеринбург,Android,0
100563,2026-02-19,46,Самара,Android,0
100564,2025-09-06,21,Санкт-Петербург,iOS,0
100565,2025-01-09,18,Санкт-Петербург,Android,0
100566,2025-09-30,33,Санкт-Петербург,iOS,0
100567,2025-08-22,39,Самара,iOS,0
100568,2026-03-08,31,Казань,iOS,1
100569,2025-11-15,37,Новосибирск,Android,0
100570,2026-04-05,25,Санкт-Петербург,iOS,1
100571,2025-11-13,39,Казань,iOS,0
100572,2025-07-23,37,Самара,Android,0
100573,2025-03-26,38,Екатеринбург,Android,0
100574,2026-01-18,24,Новосибирск,iOS,0
100575,2025-07-13,54,Новосибирск,iOS,0
100576,2025-07-25,26,Самара,iOS,0
100577,2025-09-22,67,Нижний Новгород,iOS,0
100578,2025-10-15,36,Екатеринбург,Android,0
100579,2026-04-28,21,Нижний Новгород,Android,1
100580,2025-10-05,42,Казань,iOS,0
100581,2026-03-14,38,Москва,Android,1
100582,2026-03-22,35,Нижний Новгород,Android,1
100583,2025-02-07,35,Новосибирск,Android,0
100584,2024-12-19,34,Екатеринбург,Android,0
100585,2025-06-04,39,Самара,iOS,0
100586,2025-09-22,34,Москва,Android,0
100587,2025-08-14,18,Новосибирск,iOS,0
100588,2025-07-11,28,Новосибирск,iOS,0
100589,2026-03-25,37,Самара,iOS,1
100590,2026-03-15,44,Санкт-Петербург,Android,1
100591,2025-05-10,33,Нижний Новгород,iOS,0
100592,2025-05-28,40,Москва,Android,0
100593,2025-10-22,39,Санкт-Петербург,iOS,0
100594,2026-02-05,42,Нижний Новгород,Android,0
100595,2025-03-18,40,Санкт-Петербург,iOS,0
100596,2025-03-13,36,Нижний Новгород,iOS,0
100597,2025-12-05,19,Екатеринбург,Android,0
100598,2026-04-10,40,Самара,iOS,1
100599,2025-06-16,46,Нижний Новгород,iOS,0
100600,2025-12-19,22,Москва,Android,0
100601,2025-06-19,30,Екатеринбург,Android,0
100602,2025-10-22,30,Нижний Новгород,Android,0
100603,2025-12-04,48,Москва,iOS,0
100604,2025-08-06,40,Нижний Новгород,iOS,0
100605,2025-10-05,37,Нижний Новгород,iOS,0
100606,2025-12-22,29,Москва,iOS,0
100607,2026-03-03,43,Москва,iOS,1
100608,2025-05-01,45,Москва,Android,0
100609,2025-04-07,21,Самара,Android,0
100610,2026-04-21,24,Казань,Android,1
100611,2025-06-17,18,Екатеринбург,iOS,0
100612,2025-07-16,25,Самара,Android,0
100613,2025-08-11,41,Нижний Новгород,Android,0
100614,2025-01-12,39,Новосибирск,iOS,0
100615,2025-03-04,18,Нижний Новгород,iOS,0
100616,2026-04-20,40,Самара,Android,1
100617,2025-12-05,35,Новосибирск,iOS,0
100618,2025-02-17,24,Санкт-Петербург,Android,0
100619,2025-12-15,27,Нижний Новгород,Android,0
100620,2025-03-27,19,Новосибирск,Android,0
100621,2025-11-16,58,Новосибирск,iOS,0
100622,2026-03-17,27,Казань,Android,1
100623,2025-02-22,36,Самара,iOS,0
100624,2025-08-04,44,Новосибирск,iOS,0
100625,2025-09-17,20,Новосибирск,Android,0
100626,2025-11-09,42,Самара,Android,0
100627,2025-08-06,32,Новосибирск,Android,0
100628,2025-12-31,30,Санкт-Петербург,iOS,0
100629,2025-01-25,39,Самара,Android,0
100630,2026-02-14,42,Санкт-Петербург,iOS,0
100631,2026-01-14,41,Самара,Android,0
100632,2025-02-09,26,Санкт-Петербург,iOS,0
100633,2025-04-07,34,Новосибирск,Android,0
100634,2025-01-08,24,Екатеринбург,Android,0
100635,2025-09-23,19,Москва,Android,0
100636,2026-02-09,40,Нижний Новгород,iOS,0
100637,2026-03-02,44,Нижний Новгород,iOS,0
100638,2025-08-23,42,Казань,Android,0
100639,2025-06-30,28,Екатеринбург,Android,0
100640,2025-10-07,42,Новосибирск,iOS,0
100641,2025-03-26,20,Екатеринбург,Android,0
100642,2024-12-28,34,Екатеринбург,iOS,0
100643,2026-01-28,29,Екатеринбург,iOS,0
100644,2025-04-22,43,Москва,Android,0
100645,2025-08-21,39,Москва,iOS,0
100646,2025-10-17,22,Екатеринбург,iOS,0
100647,2026-03-10,19,Казань,Android,1
100648,2026-03-17,22,Москва,Android,1
100649,2025-10-08,40,Москва,Android,0
100650,2025-10-21,22,Самара,Android,0
100651,2026-02-27,28,Москва,iOS,0
100652,2026-04-19,48,Москва,Android,1
100653,2024-12-24,59,Екатеринбург,Android,0
100654,2025-01-20,33,Казань,Android,0
100655,2025-02-23,31,Санкт-Петербург,iOS,0
100656,2025-05-17,39,Екатеринбург,iOS,0
100657,2026-02-02,23,Казань,Android,0
100658,2025-12-23,18,Самара,iOS,0
100659,2025-06-12,36,Нижний Новгород,Android,0
100660,2025-07-04,37,Нижний Новгород,Android,0
100661,2025-07-04,42,Самара,Android,0
100662,2025-10-12,35,Самара,Android,0
100663,2025-09-11,37,Казань,iOS,0
100664,2025-09-07,24,Нижний Новгород,Android,0
100665,2025-11-15,33,Новосибирск,Android,0
100666,2025-08-28,50,Москва,iOS,0
100667,2025-07-02,27,Екатеринбург,iOS,0
100668,2024-12-20,53,Санкт-Петербург,Android,0
100669,2025-01-18,43,Екатеринбург,iOS,0
100670,2026-02-09,28,Екатеринбург,iOS,0
100671,2026-04-22,42,Самара,iOS,1
100672,2025-02-09,39,Казань,iOS,0
100673,2025-10-26,18,Самара,iOS,0
100674,2026-03-26,29,Москва,Android,1
100675,2025-12-28,18,Нижний Новгород,Android,0
100676,2025-10-15,36,Новосибирск,Android,0
100677,2025-05-07,40,Новосибирск,iOS,0
100678,2025-12-27,36,Казань,iOS,0
100679,2025-11-11,33,Самара,Android,0
100680,2025-03-19,33,Санкт-Петербург,iOS,0
100681,2025-09-23,34,Санкт-Петербург,iOS,0
100682,2026-02-05,33,Екатеринбург,iOS,0
100683,2025-10-21,28,Новосибирск,iOS,0
100684,2025-08-30,30,Нижний Новгород,iOS,0
100685,2025-06-14,29,Самара,iOS,0
100686,2025-05-10,20,Санкт-Петербург,iOS,0
100687,2026-04-02,33,Нижний Новгород,Android,1
100688,2025-09-03,34,Москва,Android,0
100689,2026-02-07,32,Екатеринбург,iOS,0
100690,2026-02-20,33,Самара,Android,0
100691,2025-06-19,52,Самара,iOS,0
100692,2025-01-02,40,Казань,Android,0
100693,2025-12-16,32,Самара,Android,0
100694,2025-10-29,34,Санкт-Петербург,iOS,0
100695,2025-01-21,34,Самара,iOS,0
100696,2025-08-19,42,Самара,iOS,0
100697,2025-12-10,22,Москва,iOS,0
100698,2025-11-28,38,Новосибирск,iOS,0
100699,2025-05-17,44,Самара,iOS,0
100700,2025-03-02,43,Нижний Новгород,iOS,0
100701,2026-04-08,45,Екатеринбург,iOS,1
100702,2025-09-21,27,Самара,Android,0
100703,2026-01-27,26,Нижний Новгород,iOS,0
100704,2026-03-09,21,Казань,iOS,1
100705,2025-10-16,37,Нижний Новгород,iOS,0
100706,2025-11-19,32,Казань,Android,0
100707,2026-01-27,43,Нижний Новгород,iOS,0
100708,2024-12-29,28,Москва,Android,0
100709,2025-07-17,40,Казань,Android,0
100710,2025-05-13,40,Екатеринбург,iOS,0
100711,2025-04-18,54,Новосибирск,Android,0
100712,2025-11-11,37,Нижний Новгород,Android,0
100713,2025-07-11,32,Санкт-Петербург,Android,0
100714,2025-02-04,45,Нижний Новгород,Android,0
100715,2025-11-28,31,Казань,Android,0
100716,2025-03-06,34,Москва,iOS,0
100717,2026-01-24,24,Екатеринбург,Android,0
100718,2025-03-02,24,Новосибирск,iOS,0
100719,2025-09-05,19,Москва,Android,0
100720,2025-09-14,32,Санкт-Петербург,Android,0
100721,2025-07-12,44,Екатеринбург,iOS,0
100722,2025-09-10,49,Нижний Новгород,Android,0
100723,2026-04-02,49,Самара,iOS,1
100724,2026-01-11,36,Москва,Android,0
100725,2025-10-02,31,Казань,iOS,0
100726,2025-03-17,26,Москва,Android,0
100727,2025-03-21,18,Москва,iOS,0
100728,2025-05-14,39,Казань,Android,0
100729,2026-02-02,38,Москва,iOS,0
100730,2025-11-28,31,Казань,Android,0
100731,2026-02-09,25,Санкт-Петербург,Android,0
100732,2025-10-25,34,Самара,iOS,0
100733,2025-09-20,27,Санкт-Петербург,iOS,0
100734,2025-05-02,23,Москва,Android,0
100735,2025-01-11,44,Новосибирск,Android,0
100736,2026-01-23,29,Москва,iOS,0
100737,2025-01-17,36,Новосибирск,iOS,0
100738,2025-10-04,53,Екатеринбург,iOS,0
100739,2025-02-09,41,Санкт-Петербург,iOS,0
100740,2026-02-08,43,Самара,Android,0
100741,2025-04-12,34,Нижний Новгород,Android,0
100742,2025-04-29,36,Санкт-Петербург,iOS,0
100743,2026-03-03,28,Екатеринбург,Android,1
100744,2025-10-09,23,Нижний Новгород,Android,0
100745,2025-08-31,45,Самара,iOS,0
100746,2026-01-08,34,Нижний Новгород,iOS,0
100747,2026-03-10,46,Екатеринбург,Android,1
100748,2025-12-14,23,Санкт-Петербург,Android,0
100749,2026-01-29,28,Нижний Новгород,iOS,0
100750,2025-08-29,37,Казань,Android,0
100751,2025-12-25,37,Самара,Android,0
100752,2025-09-19,32,Казань,Android,0
100753,2025-03-05,43,Санкт-Петербург,iOS,0
100754,2025-10-14,37,Казань,Android,0
100755,2025-06-12,18,Нижний Новгород,iOS,0
100756,2025-04-07,20,Екатеринбург,iOS,0
100757,2025-07-10,37,Москва,iOS,0
100758,2025-04-28,30,Нижний Новгород,iOS,0
100759,2025-12-29,34,Новосибирск,iOS,0
100760,2025-04-26,29,Санкт-Петербург,Android,0
100761,2026-03-22,34,Екатеринбург,iOS,1
100762,2025-08-25,29,Новосибирск,iOS,0
100763,2025-08-26,46,Екатеринбург,iOS,0
100764,2025-05-17,18,Самара,Android,0
100765,2026-01-15,40,Екатеринбург,Android,0
100766,2025-12-16,42,Екатеринбург,iOS,0
100767,2025-03-03,43,Москва,Android,0
100768,2025-01-13,33,Москва,Android,0
100769,2025-07-20,40,Самара,Android,0
100770,2025-09-02,32,Новосибирск,iOS,0
100771,2025-03-22,36,Екатеринбург,iOS,0
100772,2026-01-06,60,Нижний Новгород,Android,0
100773,2025-12-14,43,Новосибирск,iOS,0
100774,2025-03-04,30,Казань,Android,0
100775,2026-04-06,41,Москва,Android,1
100776,2025-12-23,42,Москва,iOS,0
100777,2025-08-02,45,Самара,Android,0
100778,2025-04-26,34,Москва,iOS,0
100779,2026-01-05,26,Екатеринбург,Android,0
100780,2025-04-01,18,Москва,iOS,0
100781,2025-01-30,26,Нижний Новгород,Android,0
100782,2025-02-05,31,Самара,iOS,0
100783,2024-12-23,39,Нижний Новгород,iOS,0
100784,2026-01-01,27,Казань,Android,0
100785,2025-10-31,42,Нижний Новгород,iOS,0
100786,2025-08-17,23,Нижний Новгород,iOS,0
100787,2026-03-11,53,Нижний Новгород,iOS,1
100788,2025-07-02,36,Нижний Новгород,iOS,0
100789,2026-03-12,46,Самара,Android,1
100790,2026-04-05,44,Нижний Новгород,Android,1
100791,2025-08-03,43,Казань,iOS,0
100792,2025-03-26,32,Казань,Android,0
100793,2025-07-06,33,Екатеринбург,iOS,0
100794,2026-01-20,35,Санкт-Петербург,Android,0
100795,2026-04-26,33,Москва,Android,1
100796,2025-07-24,38,Казань,iOS,0
100797,2025-11-19,25,Москва,Android,0
100798,2025-12-20,29,Казань,iOS,0
100799,2025-12-03,34,Нижний Новгород,Android,0
100800,2026-01-04,18,Нижний Новгород,Android,0
100801,2026-04-06,38,Екатеринбург,iOS,1
100802,2026-02-20,44,Самара,Android,0
100803,2026-01-01,29,Нижний Новгород,Android,0
100804,2025-12-22,19,Казань,iOS,0
100805,2025-04-07,38,Москва,iOS,0
100806,2026-01-15,47,Москва,iOS,0
100807,2025-01-17,18,Казань,Android,0
100808,2025-03-02,24,Санкт-Петербург,Android,0
100809,2026-04-30,30,Нижний Новгород,Android,1
100810,2026-03-04,24,Москва,iOS,1
100811,2026-02-28,51,Санкт-Петербург,iOS,0
100812,2026-03-02,23,Москва,iOS,0
100813,2026-01-17,44,Новосибирск,Android,0
100814,2025-09-26,35,Новосибирск,iOS,0
100815,2025-11-13,48,Нижний Новгород,Android,0
100816,2026-01-20,24,Новосибирск,iOS,0
100817,2025-11-18,34,Нижний Новгород,Android,0
100818,2025-04-09,27,Санкт-Петербург,Android,0
100819,2026-02-22,22,Москва,Android,0
100820,2025-12-20,39,Новосибирск,Android,0
100821,2026-01-30,46,Екатеринбург,Android,0
100822,2025-11-08,45,Нижний Новгород,iOS,0
100823,2025-07-01,40,Москва,Android,0
100824,2025-10-03,27,Самара,iOS,0
100825,2025-01-25,52,Нижний Новгород,iOS,0
100826,2025-09-02,33,Екатеринбург,iOS,0
100827,2025-04-09,27,Новосибирск,Android,0
100828,2025-06-20,18,Нижний Новгород,iOS,0
100829,2025-12-03,29,Новосибирск,iOS,0
100830,2025-09-19,42,Новосибирск,iOS,0
100831,2025-06-02,38,Санкт-Петербург,Android,0
100832,2026-01-27,26,Новосибирск,Android,0
100833,2026-02-22,30,Новосибирск,iOS,0
100834,2025-05-18,37,Новосибирск,Android,0
100835,2025-06-30,41,Екатеринбург,iOS,0
100836,2025-11-25,45,Самара,iOS,0
100837,2025-12-25,47,Екатеринбург,Android,0
100838,2024-12-22,23,Екатеринбург,iOS,0
100839,2026-04-26,28,Екатеринбург,iOS,1
100840,2025-11-26,30,Нижний Новгород,iOS,0
100841,2026-02-26,32,Екатеринбург,iOS,0
100842,2025-08-21,37,Екатеринбург,iOS,0
100843,2025-03-17,41,Нижний Новгород,iOS,0
100844,2025-10-18,35,Новосибирск,Android,0
100845,2026-04-03,28,Санкт-Петербург,iOS,1
100846,2026-02-07,43,Казань,Android,0
100847,2025-05-19,41,Екатеринбург,iOS,0
100848,2025-03-06,35,Москва,Android,0
100849,2025-08-26,32,Казань,Android,0
100850,2026-03-18,34,Самара,Android,1
100851,2025-06-30,35,Самара,Android,0
100852,2024-12-25,21,Новосибирск,Android,0
100853,2026-02-27,22,Санкт-Петербург,Android,0
100854,2026-03-26,25,Москва,Android,1
100855,2026-04-03,38,Казань,Android,1
100856,2025-09-21,21,Екатеринбург,Android,0
100857,2025-03-17,32,Екатеринбург,iOS,0
100858,2025-06-19,43,Екатеринбург,iOS,0
100859,2025-05-14,18,Казань,iOS,0
100860,2026-02-14,27,Новосибирск,iOS,0
100861,2025-07-20,23,Санкт-Петербург,Android,0
100862,2025-02-24,42,Москва,Android,0
100863,2025-07-01,44,Казань,Android,0
100864,2025-01-20,35,Нижний Новгород,iOS,0
100865,2025-12-04,28,Нижний Новгород,iOS,0
100866,2025-10-13,45,Казань,iOS,0
100867,2025-10-31,37,Казань,Android,0
100868,2025-02-21,35,Нижний Новгород,iOS,0
100869,2025-06-08,43,Самара,iOS,0
100870,2025-06-07,43,Нижний Новгород,Android,0
100871,2025-02-21,31,Москва,Android,0
100872,2025-11-23,42,Новосибирск,Android,0
100873,2025-01-02,18,Новосибирск,iOS,0
100874,2025-12-20,47,Самара,iOS,0
100875,2025-09-12,33,Нижний Новгород,iOS,0
100876,2025-10-03,21,Екатеринбург,iOS,0
100877,2025-05-28,18,Екатеринбург,Android,0
100878,2026-04-10,32,Самара,Android,1
100879,2025-11-23,27,Москва,iOS,0
100880,2025-07-30,34,Екатеринбург,iOS,0
100881,2025-12-26,38,Новосибирск,Android,0
100882,2025-12-22,33,Новосибирск,iOS,0
100883,2024-12-20,31,Санкт-Петербург,iOS,0
100884,2025-10-01,21,Екатеринбург,Android,0
100885,2026-02-22,37,Москва,iOS,0
100886,2025-01-07,47,Нижний Новгород,Android,0
100887,2025-12-28,31,Казань,Android,0
100888,2026-03-23,38,Новосибирск,Android,1
100889,2025-05-13,23,Самара,Android,0
100890,2026-01-05,37,Санкт-Петербург,iOS,0
100891,2025-11-30,47,Екатеринбург,Android,0
100892,2025-12-26,32,Казань,Android,0
100893,2025-10-17,21,Санкт-Петербург,Android,0
100894,2025-10-24,25,Самара,iOS,0
100895,2025-06-08,42,Новосибирск,iOS,0
100896,2026-04-01,44,Екатеринбург,Android,1
100897,2026-03-06,19,Самара,iOS,1
100898,2026-01-11,36,Казань,Android,0
100899,2025-10-08,41,Москва,iOS,0
100900,2025-07-22,52,Казань,Android,0
100901,2026-03-11,20,Новосибирск,iOS,1
100902,2025-03-09,30,Нижний Новгород,iOS,0
100903,2025-02-21,18,Екатеринбург,Android,0
100904,2026-02-05,18,Казань,Android,0
100905,2025-06-26,42,Екатеринбург,Android,0
100906,2025-09-14,29,Санкт-Петербург,iOS,0
100907,2026-04-11,53,Казань,Android,1
100908,2025-01-11,29,Нижний Новгород,Android,0
100909,2025-01-10,37,Москва,Android,0
100910,2025-06-07,22,Новосибирск,iOS,0
100911,2025-07-02,27,Казань,Android,0
100912,2025-10-30,44,Казань,iOS,0
100913,2026-03-20,32,Москва,Android,1
100914,2025-06-22,45,Самара,Android,0
100915,2025-05-03,35,Екатеринбург,iOS,0
100916,2025-02-22,26,Казань,iOS,0
100917,2025-02-21,32,Санкт-Петербург,iOS,0
100918,2026-02-13,40,Санкт-Петербург,iOS,0
100919,2026-03-20,40,Санкт-Петербург,Android,1
100920,2026-02-09,36,Новосибирск,iOS,0
100921,2025-05-18,35,Новосибирск,Android,0
100922,2025-06-29,36,Казань,Android,0
100923,2025-05-17,41,Нижний Новгород,Android,0
100924,2025-03-21,31,Нижний Новгород,iOS,0
100925,2025-12-19,44,Екатеринбург,Android,0
100926,2025-08-01,21,Екатеринбург,Android,0
100927,2025-05-07,28,Казань,iOS,0
100928,2025-05-30,30,Нижний Новгород,Android,0
100929,2025-03-31,18,Санкт-Петербург,iOS,0
100930,2025-05-20,42,Самара,Android,0
100931,2026-03-04,18,Москва,iOS,1
100932,2025-04-21,31,Новосибирск,iOS,0
100933,2025-11-08,33,Новосибирск,iOS,0
100934,2026-01-21,25,Москва,iOS,0
100935,2025-08-05,36,Новосибирск,iOS,0
100936,2025-05-27,20,Санкт-Петербург,iOS,0
100937,2026-02-14,26,Самара,Android,0
100938,2025-07-21,23,Санкт-Петербург,iOS,0
100939,2025-04-30,36,Санкт-Петербург,Android,0
100940,2025-09-10,36,Нижний Новгород,Android,0
100941,2026-03-17,40,Нижний Новгород,iOS,1
100942,2025-09-29,32,Санкт-Петербург,iOS,0
100943,2026-01-17,18,Нижний Новгород,iOS,0
100944,2025-08-16,22,Самара,Android,0
100945,2026-04-30,31,Казань,iOS,1
100946,2025-11-19,19,Санкт-Петербург,Android,0
100947,2025-06-16,44,Санкт-Петербург,iOS,0
100948,2025-07-13,25,Нижний Новгород,Android,0
100949,2025-04-09,33,Москва,iOS,0
100950,2025-08-05,25,Новосибирск,Android,0
100951,2026-01-26,19,Санкт-Петербург,iOS,0
100952,2025-01-16,45,Москва,Android,0
100953,2026-03-15,28,Нижний Новгород,Android,1
100954,2025-12-12,42,Екатеринбург,iOS,0
100955,2025-06-10,36,Самара,Android,0
100956,2025-03-24,43,Екатеринбург,iOS,0
100957,2025-01-28,37,Екатеринбург,Android,0
100958,2025-06-13,47,Екатеринбург,iOS,0
100959,2025-09-02,28,Новосибирск,iOS,0
100960,2026-01-21,34,Екатеринбург,Android,0
100961,2025-11-29,33,Москва,Android,0
100962,2026-03-21,47,Самара,iOS,1
100963,2025-02-23,37,Новосибирск,iOS,0
100964,2025-02-10,50,Нижний Новгород,iOS,0
100965,2025-07-04,30,Москва,iOS,0
100966,2025-11-23,49,Москва,Android,0
100967,2026-03-06,21,Москва,Android,1
100968,2025-06-26,37,Екатеринбург,iOS,0
100969,2025-07-16,36,Санкт-Петербург,Android,0
100970,2025-04-15,36,Санкт-Петербург,Android,0
100971,2025-07-24,54,Нижний Новгород,iOS,0
100972,2026-02-09,40,Казань,iOS,0
100973,2025-06-03,47,Москва,Android,0
100974,2025-02-26,32,Новосибирск,Android,0
100975,2025-11-06,30,Екатеринбург,Android,0
100976,2026-01-09,31,Новосибирск,iOS,0
100977,2026-02-19,35,Самара,iOS,0
100978,2025-04-14,31,Санкт-Петербург,iOS,0
100979,2025-03-04,19,Нижний Новгород,Android,0
100980,2025-08-10,20,Казань,iOS,0
100981,2025-09-07,35,Новосибирск,Android,0
100982,2025-03-20,38,Санкт-Петербург,iOS,0
100983,2025-02-20,34,Екатеринбург,Android,0
100984,2025-04-18,29,Самара,iOS,0
100985,2025-04-20,40,Санкт-Петербург,Android,0
100986,2025-04-07,31,Казань,Android,0
100987,2025-09-19,41,Казань,Android,0
100988,2025-05-05,26,Новосибирск,iOS,0
100989,2026-01-30,45,Нижний Новгород,Android,0
100990,2024-12-28,29,Самара,iOS,0
100991,2025-06-17,31,Нижний Новгород,iOS,0
100992,2025-10-18,54,Новосибирск,Android,0
100993,2025-02-14,49,Новосибирск,Android,0
100994,2025-07-04,51,Нижний Новгород,Android,0
100995,2025-07-30,34,Новосибирск,Android,0
100996,2025-11-16,39,Самара,iOS,0
100997,2025-05-04,25,Нижний Новгород,iOS,0
100998,2026-04-03,52,,iOS,1
100999,2025-05-19,38,Екатеринбург,Android,0
101000,2025-02-26,40,Казань,Android,0
101001,2025-04-06,41,Самара,iOS,0
101002,2025-03-05,20,Казань,Android,0
101003,2025-08-13,25,Москва,Android,0
101004,2025-05-04,40,Санкт-Петербург,iOS,0
101005,2025-02-18,23,Казань,iOS,0
101006,2025-04-17,38,Самара,Android,0
101007,2025-01-10,27,Москва,iOS,0
101008,2025-01-16,38,Санкт-Петербург,Android,0
101009,2026-03-22,36,Нижний Новгород,Android,1
101010,2026-03-16,29,Новосибирск,iOS,1
101011,2025-12-29,26,Нижний Новгород,iOS,0
101012,2024-12-30,42,Москва,iOS,0
101013,2025-10-05,37,Самара,Android,0
101014,2026-03-01,36,Казань,iOS,0
101015,2025-07-14,35,Казань,iOS,0
101016,2026-02-16,34,Москва,Android,0
101017,2025-03-22,46,Санкт-Петербург,iOS,0
101018,2025-09-17,37,Новосибирск,Android,0
101019,2025-05-14,19,Екатеринбург,iOS,0
101020,2025-05-08,43,Новосибирск,Android,0
101021,2025-12-15,26,Санкт-Петербург,Android,0
101022,2025-06-29,34,Новосибирск,Android,0
101023,2025-03-21,31,Москва,iOS,0
101024,2025-08-26,34,Самара,iOS,0
101025,2025-01-18,30,Москва,iOS,0
101026,2025-03-30,25,Новосибирск,iOS,0
101027,2025-10-22,41,Екатеринбург,Android,0
101028,2025-10-19,32,Казань,Android,0
101029,2025-02-15,45,Казань,Android,0
101030,2025-11-05,31,Москва,iOS,0
101031,2026-02-02,26,Санкт-Петербург,Android,0
101032,2025-11-14,30,Новосибирск,Android,0
101033,2025-10-04,34,Самара,Android,0
101034,2025-12-27,31,Самара,Android,0
101035,2025-07-11,18,Казань,iOS,0
101036,2025-05-06,24,Казань,Android,0
101037,2025-01-20,45,Екатеринбург,Android,0
101038,2025-10-02,18,Новосибирск,Android,0
101039,2026-02-01,36,Новосибирск,Android,0
101040,2026-03-09,35,Новосибирск,iOS,1
101041,2025-03-29,24,Новосибирск,Android,0
101042,2026-05-01,37,Санкт-Петербург,Android,1
101043,2025-11-30,44,Нижний Новгород,Android,0
101044,2025-04-12,47,Самара,Android,0
101045,2025-02-13,37,Самара,Android,0
101046,2025-01-09,31,Москва,iOS,0
101047,2026-02-24,22,Москва,Android,0
101048,2025-12-20,37,Новосибирск,iOS,0
101049,2025-02-24,45,Санкт-Петербург,iOS,0
101050,2025-01-28,26,Екатеринбург,Android,0
101051,2025-04-25,49,Екатеринбург,iOS,0
101052,2025-03-27,45,Екатеринбург,Android,0
101053,2025-06-20,39,Санкт-Петербург,iOS,0
101054,2026-02-24,48,Самара,iOS,0
101055,2025-08-29,34,Москва,Android,0
101056,2025-01-24,38,Самара,Android,0
101057,2026-02-03,33,Казань,Android,0
101058,2025-04-20,18,Казань,iOS,0
101059,2026-02-27,53,Нижний Новгород,iOS,0
101060,2025-01-18,22,Нижний Новгород,Android,0
101061,2024-12-19,23,Новосибирск,Android,0
101062,2025-01-18,37,Новосибирск,iOS,0
101063,2026-02-20,43,Нижний Новгород,iOS,0
101064,2026-04-25,27,Нижний Новгород,iOS,1
101065,2025-12-28,41,Самара,Android,0
101066,2025-06-29,45,Екатеринбург,iOS,0
101067,2025-11-05,46,Самара,iOS,0
101068,2025-12-26,21,Санкт-Петербург,iOS,0
101069,2025-04-08,39,Казань,Android,0
101070,2025-08-01,38,Казань,Android,0
101071,2025-05-30,47,Новосибирск,Android,0
101072,2025-11-22,41,Москва,Android,0
101073,2025-08-26,41,Санкт-Петербург,iOS,0
101074,2025-04-26,33,Москва,iOS,0
101075,2025-12-19,37,Москва,Android,0
101076,2025-07-18,45,Нижний Новгород,Android,0
101077,2025-07-04,47,Санкт-Петербург,iOS,0
101078,2025-05-06,27,Екатеринбург,Android,0
101079,2025-10-23,38,Москва,Android,0
101080,2025-11-18,18,Казань,iOS,0
101081,2026-04-16,41,Москва,iOS,1
101082,2025-10-02,47,Самара,Android,0
101083,2026-02-10,33,Екатеринбург,iOS,0
101084,2025-02-20,46,Москва,iOS,0
101085,2025-03-13,37,Новосибирск,Android,0
101086,2026-01-01,33,Екатеринбург,Android,0
101087,2025-06-12,27,Екатеринбург,iOS,0
101088,2025-02-01,48,Санкт-Петербург,Android,0
101089,2025-06-10,30,Казань,iOS,0
101090,2025-09-01,35,Казань,iOS,0
101091,2025-06-24,24,Санкт-Петербург,iOS,0
101092,2025-02-14,18,Нижний Новгород,iOS,0
101093,2026-01-13,19,Нижний Новгород,iOS,0
101094,2025-12-19,26,Москва,iOS,0
101095,2026-04-28,43,Москва,iOS,1
101096,2025-08-03,29,Санкт-Петербург,Android,0
101097,2026-02-20,30,Новосибирск,iOS,0
101098,2026-01-24,44,Санкт-Петербург,Android,0
101099,2025-02-02,48,Санкт-Петербург,Android,0
101100,2025-11-28,51,Казань,Android,0
101101,2025-01-31,37,Самара,iOS,0
101102,2025-09-06,44,Самара,Android,0
101103,2025-08-13,32,Санкт-Петербург,Android,0
101104,2025-02-01,23,Нижний Новгород,iOS,0
101105,2025-07-30,20,Самара,Android,0
101106,2025-04-24,33,Екатеринбург,Android,0
101107,2025-10-05,48,Нижний Новгород,Android,0
101108,2025-05-20,36,Нижний Новгород,iOS,0
101109,2025-07-23,39,Новосибирск,iOS,0
101110,2025-08-15,44,Нижний Новгород,iOS,0
101111,2026-05-01,25,Екатеринбург,Android,1
101112,2025-02-21,18,Нижний Новгород,iOS,0
101113,2025-09-04,36,Новосибирск,Android,0
101114,2025-11-08,18,Санкт-Петербург,iOS,0
101115,2025-02-25,49,Екатеринбург,iOS,0
101116,2025-12-08,33,Казань,iOS,0
101117,2025-07-01,32,Казань,iOS,0
101118,2025-07-06,45,Москва,iOS,0
101119,2025-03-18,43,Казань,Android,0
101120,2025-04-10,30,Самара,iOS,0
101121,2025-10-24,25,Казань,Android,0
101122,2025-05-19,46,Казань,Android,0
101123,2026-04-23,50,Новосибирск,iOS,1
101124,2025-09-20,54,Екатеринбург,Android,0
101125,2025-02-26,36,Нижний Новгород,iOS,0
101126,2025-03-23,50,Екатеринбург,iOS,0
101127,2025-09-28,61,Санкт-Петербург,iOS,0
101128,2025-09-07,27,Казань,iOS,0
101129,2025-11-26,18,Новосибирск,iOS,0
101130,2026-02-17,26,Москва,Android,0
101131,2025-04-26,30,Москва,iOS,0
101132,2025-06-04,25,Санкт-Петербург,Android,0
101133,2025-08-20,28,Москва,Android,0
101134,2026-02-01,23,Новосибирск,iOS,0
101135,2025-06-01,23,Самара,Android,0
101136,2025-04-26,41,Новосибирск,Android,0
101137,2025-07-03,25,Самара,iOS,0
101138,2025-03-08,45,Москва,Android,0
101139,2025-02-10,44,Новосибирск,Android,0
101140,2025-12-02,32,Москва,iOS,0
101141,2025-12-14,42,Нижний Новгород,Android,0
101142,2025-12-02,18,Нижний Новгород,iOS,0
101143,2025-05-13,32,Москва,Android,0
101144,2025-05-24,26,Нижний Новгород,Android,0
101145,2026-03-22,28,Казань,iOS,1
101146,2025-12-06,34,Новосибирск,Android,0
101147,2025-03-22,18,Москва,iOS,0
101148,2026-04-13,27,Нижний Новгород,iOS,1
101149,2025-11-06,31,Новосибирск,Android,0
101150,2025-03-20,32,Новосибирск,Android,0
101151,2025-03-24,27,Казань,Android,0
101152,2025-05-02,27,Санкт-Петербург,iOS,0
101153,2025-05-29,34,Москва,Android,0
101154,2026-02-17,58,Екатеринбург,iOS,0
101155,2025-11-16,18,Санкт-Петербург,Android,0
101156,2026-04-18,39,Казань,Android,1
101157,2025-02-08,47,Москва,iOS,0
101158,2025-12-08,31,Москва,Android,0
101159,2025-08-22,32,Санкт-Петербург,iOS,0
101160,2026-03-15,18,Москва,Android,1
101161,2025-10-02,33,Самара,Android,0
101162,2026-03-14,43,Санкт-Петербург,Android,1
101163,2026-04-18,34,Екатеринбург,iOS,1
101164,2025-06-26,27,Самара,iOS,0
101165,2025-08-21,41,Новосибирск,iOS,0
101166,2026-01-23,18,Новосибирск,iOS,0
101167,2025-08-09,29,Казань,iOS,0
101168,2025-10-27,31,Екатеринбург,Android,0
101169,2025-07-11,24,Санкт-Петербург,Android,0
101170,2025-05-05,30,Москва,Android,0
101171,2025-12-09,39,Казань,Android,0
101172,2025-06-12,42,Самара,Android,0
101173,2026-03-04,31,Новосибирск,iOS,1
101174,2026-03-19,27,Нижний Новгород,Android,1
101175,2025-01-31,30,Самара,iOS,0
101176,2025-10-04,35,Нижний Новгород,iOS,0
101177,2026-01-15,23,Самара,iOS,0
101178,2025-12-29,45,Новосибирск,iOS,0
101179,2025-02-16,42,Новосибирск,Android,0
101180,2025-03-14,30,Нижний Новгород,iOS,0
101181,2025-11-20,18,Екатеринбург,Android,0
101182,2025-04-10,37,Санкт-Петербург,iOS,0
101183,2025-05-09,30,Самара,iOS,0
101184,2025-10-26,18,Казань,Android,0
101185,2025-05-05,28,Нижний Новгород,Android,0
101186,2025-05-22,28,Самара,iOS,0
101187,2025-08-06,18,Самара,Android,0
101188,2025-08-04,43,Санкт-Петербург,Android,0
101189,2025-10-19,32,Санкт-Петербург,Android,0
101190,2025-05-30,18,Самара,Android,0
101191,2025-03-25,31,Нижний Новгород,Android,0
101192,2025-04-18,33,Казань,Android,0
101193,2026-02-14,21,Москва,iOS,0
101194,2025-08-30,28,Санкт-Петербург,Android,0
101195,2026-03-27,51,Самара,iOS,1
101196,2026-05-01,20,Екатеринбург,iOS,1
101197,2026-03-08,42,Москва,iOS,1
101198,2026-04-28,37,Екатеринбург,iOS,1
101199,2026-01-12,23,Нижний Новгород,Android,0
101200,2025-06-03,39,Москва,iOS,0
101201,2025-04-03,33,Новосибирск,iOS,0
101202,2025-05-12,24,Санкт-Петербург,Android,0
101203,2025-01-10,34,Екатеринбург,Android,0
101204,2025-04-08,25,Москва,Android,0
101205,2025-10-24,37,Екатеринбург,Android,0
101206,2025-10-29,31,Самара,iOS,0
101207,2025-06-16,39,Нижний Новгород,iOS,0
101208,2025-01-21,31,Казань,iOS,0
101209,2025-08-10,18,Самара,iOS,0
101210,2025-07-29,32,Санкт-Петербург,Android,0
101211,2025-03-23,28,Казань,Android,0
101212,2026-04-19,18,Москва,iOS,1
101213,2026-03-27,40,Самара,iOS,1
101214,2025-07-07,35,Казань,iOS,0
101215,2025-01-04,39,Самара,iOS,0
101216,2026-04-25,51,Екатеринбург,iOS,1
101217,2026-02-25,34,Новосибирск,iOS,0
101218,2026-02-05,25,Новосибирск,iOS,0
101219,2026-02-24,43,Нижний Новгород,iOS,0
101220,2025-11-25,28,Москва,Android,0
101221,2025-09-08,45,Нижний Новгород,iOS,0
101222,2026-03-30,26,Нижний Новгород,iOS,1
101223,2025-10-03,24,Нижний Новгород,Android,0
101224,2025-10-12,41,Новосибирск,Android,0
101225,2025-07-19,18,Москва,Android,0
101226,2025-04-27,46,Санкт-Петербург,iOS,0
101227,2025-05-05,28,Нижний Новгород,Android,0
101228,2025-01-13,28,Казань,Android,0
101229,2025-05-04,31,Москва,Android,0
101230,2025-11-29,40,Екатеринбург,Android,0
101231,2026-04-15,28,Екатеринбург,iOS,1
101232,2026-04-09,25,Нижний Новгород,Android,1
101233,2025-02-12,35,Москва,Android,0
101234,2025-09-20,35,Казань,iOS,0
101235,2025-02-25,37,Нижний Новгород,iOS,0
101236,2026-04-29,26,Казань,iOS,1
101237,2025-07-15,46,Москва,iOS,0
101238,2025-08-05,22,Санкт-Петербург,iOS,0
101239,2025-03-31,27,Екатеринбург,iOS,0
101240,2025-11-27,42,Нижний Новгород,Android,0
101241,2025-03-26,38,Казань,Android,0
101242,2025-10-24,32,Санкт-Петербург,Android,0
101243,2025-06-28,47,Казань,Android,0
101244,2025-01-20,30,Санкт-Петербург,iOS,0
101245,2025-12-08,38,Казань,Android,0
101246,2026-03-16,28,Новосибирск,iOS,1
101247,2025-06-15,51,Москва,Android,0
101248,2026-04-14,25,Москва,Android,1
101249,2025-05-04,46,Новосибирск,iOS,0
101250,2025-08-21,28,Нижний Новгород,Android,0
101251,2026-03-15,20,Санкт-Петербург,Android,1
101252,2026-03-30,27,Новосибирск,iOS,1
101253,2025-05-05,37,Казань,Android,0
101254,2025-03-08,44,Самара,Android,0
101255,2026-02-06,36,Санкт-Петербург,Android,0
101256,2025-12-03,44,Москва,iOS,0
101257,2025-10-22,24,Екатеринбург,iOS,0
101258,2025-06-20,19,Казань,Android,0
101259,2025-10-26,18,Самара,iOS,0
101260,2025-09-10,37,Новосибирск,Android,0
101261,2025-04-14,29,Екатеринбург,iOS,0
101262,2026-04-30,25,Новосибирск,Android,1
101263,2025-04-05,33,Санкт-Петербург,iOS,0
101264,2025-02-28,38,Самара,iOS,0
101265,2026-03-20,30,Новосибирск,Android,1
101266,2025-07-13,47,Казань,iOS,0
101267,2025-06-12,18,Нижний Новгород,Android,0
101268,2026-03-28,34,Новосибирск,Android,1
101269,2025-09-30,33,Новосибирск,Android,0
101270,2025-06-25,42,Екатеринбург,iOS,0
101271,2026-02-10,29,Новосибирск,Android,0
101272,2025-12-27,34,Нижний Новгород,Android,0
101273,2025-08-08,54,Нижний Новгород,Android,0
101274,2025-09-30,42,Казань,iOS,0
101275,2026-01-31,40,Самара,iOS,0
101276,2025-11-14,54,Москва,Android,0
101277,2026-03-03,43,Нижний Новгород,iOS,1
101278,2025-01-31,50,Казань,iOS,0
101279,2025-10-07,39,Казань,iOS,0
101280,2025-03-28,29,Санкт-Петербург,iOS,0
101281,2025-04-01,25,Казань,iOS,0
101282,2025-07-02,37,Новосибирск,iOS,0
101283,2025-10-25,35,Новосибирск,iOS,0
101284,2025-05-06,46,Екатеринбург,Android,0
101285,2025-07-07,34,Казань,Android,0
101286,2026-02-18,28,Санкт-Петербург,iOS,0
101287,2025-01-27,41,Москва,iOS,0
101288,2025-03-11,32,Санкт-Петербург,iOS,0
101289,2025-08-02,47,Екатеринбург,Android,0
101290,2024-12-25,39,Санкт-Петербург,iOS,0
101291,2026-03-29,35,Москва,iOS,1
101292,2025-05-16,45,Санкт-Петербург,iOS,0
101293,2025-03-06,37,Нижний Новгород,Android,0
101294,2025-04-19,18,Самара,Android,0
101295,2026-03-08,33,Новосибирск,Android,1
101296,2025-11-19,31,Самара,Android,0
101297,2026-02-21,18,Самара,iOS,0
101298,2026-04-24,26,Самара,Android,1
101299,2025-12-19,43,Санкт-Петербург,Android,0
101300,2025-12-27,18,Казань,iOS,0
101301,2025-04-13,18,Санкт-Петербург,Android,0
101302,2025-03-31,45,Нижний Новгород,Android,0
101303,2026-01-23,33,Нижний Новгород,iOS,0
101304,2025-05-15,31,Новосибирск,Android,0
101305,2025-10-14,22,Санкт-Петербург,Android,0
101306,2025-04-10,37,Москва,Android,0
101307,2025-10-20,31,Новосибирск,iOS,0
101308,2025-01-02,37,Нижний Новгород,iOS,0
101309,2025-04-14,47,Нижний Новгород,iOS,0
101310,2026-01-22,31,Казань,Android,0
101311,2025-05-16,34,Санкт-Петербург,Android,0
101312,2026-04-24,29,Санкт-Петербург,iOS,1
101313,2025-05-17,32,Москва,Android,0
101314,2024-12-22,49,Казань,iOS,0
101315,2025-12-04,21,Екатеринбург,iOS,0
101316,2026-04-24,40,Новосибирск,Android,1
101317,2026-01-30,25,Новосибирск,Android,0
101318,2024-12-29,37,Самара,iOS,0
101319,2025-12-16,27,Новосибирск,Android,0
101320,2025-09-09,49,Самара,Android,0
101321,2025-01-16,41,Нижний Новгород,iOS,0
101322,2025-10-08,18,Самара,Android,0
101323,2025-05-15,35,Нижний Новгород,Android,0
101324,2025-11-01,46,Екатеринбург,Android,0
101325,2026-01-13,25,Новосибирск,Android,0
101326,2026-03-03,47,Нижний Новгород,Android,1
101327,2024-12-28,35,Новосибирск,Android,0
101328,2026-02-03,35,Екатеринбург,Android,0
101329,2025-11-02,35,Самара,iOS,0
101330,2025-03-22,21,Новосибирск,Android,0
101331,2025-05-24,18,Москва,iOS,0
101332,2025-01-06,30,Екатеринбург,iOS,0
101333,2026-04-01,32,Казань,iOS,1
101334,2025-02-13,41,Новосибирск,iOS,0
101335,2025-03-01,22,Москва,Android,0
101336,2025-04-13,32,Санкт-Петербург,Android,0
101337,2025-12-30,41,Новосибирск,Android,0
101338,2025-01-18,32,Новосибирск,iOS,0
101339,2024-12-18,30,Самара,iOS,0
101340,2025-11-22,33,Екатеринбург,Android,0
101341,2024-12-20,25,Санкт-Петербург,iOS,0
101342,2026-04-08,42,Екатеринбург,Android,1
101343,2026-04-19,42,Новосибирск,iOS,1
101344,2025-05-18,20,Москва,Android,0
101345,2026-02-16,40,Нижний Новгород,iOS,0
101346,2025-07-09,27,Екатеринбург,iOS,0
101347,2025-04-07,31,Самара,iOS,0
101348,2025-05-14,25,Самара,iOS,0
101349,2026-03-03,54,Новосибирск,iOS,1
101350,2026-01-11,47,Самара,iOS,0
101351,2025-03-21,55,Екатеринбург,Android,0
101352,2025-07-12,40,Новосибирск,Android,0
101353,2026-03-30,31,Санкт-Петербург,iOS,1
101354,2025-05-28,37,Самара,iOS,0
101355,2025-01-25,30,Екатеринбург,iOS,0
101356,2025-02-08,42,Новосибирск,iOS,0
101357,2025-05-13,32,Самара,iOS,0
101358,2025-06-14,28,Самара,iOS,0
101359,2025-03-18,44,Новосибирск,Android,0
101360,2026-02-23,35,Казань,iOS,0
101361,2025-09-08,37,Казань,iOS,0
101362,2026-03-21,40,Нижний Новгород,Android,1
101363,2025-02-04,26,Новосибирск,Android,0
101364,2026-04-07,23,Санкт-Петербург,Android,1
101365,2025-01-24,40,Казань,iOS,0
101366,2025-01-19,42,Екатеринбург,Android,0
101367,2026-02-18,34,Казань,Android,0
101368,2025-12-26,20,Санкт-Петербург,Android,0
101369,2025-06-07,34,Новосибирск,iOS,0
101370,2025-11-20,32,Москва,iOS,0
101371,2025-02-23,49,Казань,iOS,0
101372,2026-04-20,22,Новосибирск,iOS,1
101373,2025-04-05,27,Екатеринбург,Android,0
101374,2026-03-20,25,Москва,Android,1
101375,2025-07-17,42,Екатеринбург,Android,0
101376,2025-10-18,31,Самара,Android,0
101377,2025-05-20,36,Санкт-Петербург,iOS,0
101378,2025-03-27,31,Екатеринбург,Android,0
101379,2025-10-30,39,Санкт-Петербург,iOS,0
101380,2025-11-23,20,Москва,Android,0
101381,2026-03-08,39,Санкт-Петербург,Android,1
101382,2025-07-31,24,Санкт-Петербург,Android,0
101383,2025-01-09,18,Самара,iOS,0
101384,2026-03-18,51,Самара,Android,1
101385,2026-02-26,52,Нижний Новгород,Android,0
101386,2026-03-27,24,Новосибирск,Android,1
101387,2026-04-09,18,Казань,iOS,1
101388,2026-01-25,49,Екатеринбург,iOS,0
101389,2025-03-25,34,Санкт-Петербург,Android,0
101390,2026-01-19,36,Казань,iOS,0
101391,2024-12-30,37,Екатеринбург,Android,0
101392,2025-08-17,24,Новосибирск,iOS,0
101393,2025-10-09,27,Санкт-Петербург,iOS,0
101394,2024-12-28,33,Нижний Новгород,iOS,0
101395,2025-07-01,32,Казань,Android,0
101396,2025-10-28,45,Екатеринбург,Android,0
101397,2025-06-30,34,Самара,iOS,0
101398,2025-09-04,23,Екатеринбург,Android,0
101399,2026-01-21,38,Новосибирск,Android,0
101400,2025-03-03,46,Екатеринбург,Android,0
101401,2025-08-17,37,Казань,iOS,0
101402,2026-02-04,27,Самара,Android,0
101403,2025-11-30,24,Нижний Новгород,iOS,0
101404,2026-01-14,29,Самара,iOS,0
101405,2025-01-15,30,Санкт-Петербург,Android,0
101406,2026-02-05,48,Нижний Новгород,Android,0
101407,2025-06-12,35,Санкт-Петербург,Android,0
101408,2025-01-09,33,Санкт-Петербург,iOS,0
101409,2025-11-08,44,Казань,Android,0
101410,2025-02-10,41,Казань,iOS,0
101411,2025-06-08,40,Самара,Android,0
101412,2025-04-15,46,Санкт-Петербург,Android,0
101413,2025-08-19,40,Самара,Android,0
101414,2025-11-26,18,Казань,iOS,0
101415,2026-04-13,22,Москва,Android,1
101416,2025-07-26,33,Екатеринбург,Android,0
101417,2026-02-28,53,Нижний Новгород,Android,0
101418,2026-03-06,44,Санкт-Петербург,Android,1
101419,2025-04-08,22,Казань,iOS,0
101420,2025-12-02,35,Екатеринбург,Android,0
101421,2025-11-21,24,Екатеринбург,iOS,0
101422,2025-04-17,41,Санкт-Петербург,Android,0
101423,2024-12-17,18,Екатеринбург,Android,0
101424,2026-04-11,35,Новосибирск,Android,1
101425,2025-05-05,34,Москва,Android,0
101426,2025-04-06,26,Казань,iOS,0
101427,2025-02-25,40,Санкт-Петербург,iOS,0
101428,2026-01-12,23,Казань,Android,0
101429,2025-07-18,40,Самара,Android,0
101430,2025-05-08,40,Санкт-Петербург,iOS,0
101431,2025-04-20,39,Самара,Android,0
101432,2025-06-24,32,Самара,iOS,0
101433,2025-11-24,34,Новосибирск,Android,0
101434,2025-11-19,38,Москва,Android,0
101435,2024-12-17,24,Екатеринбург,Android,0
101436,2025-07-19,22,Самара,Android,0
101437,2025-10-09,38,Нижний Новгород,iOS,0
101438,2025-02-06,46,Екатеринбург,Android,0
101439,2025-12-13,21,Новосибирск,iOS,0
101440,2026-01-24,32,Нижний Новгород,Android,0
101441,2025-07-11,21,Казань,Android,0
101442,2025-06-11,41,Казань,Android,0
101443,2025-10-01,36,Новосибирск,iOS,0
101444,2026-01-16,35,Новосибирск,Android,0
101445,2025-08-04,42,Нижний Новгород,Android,0
101446,2026-03-19,25,Нижний Новгород,Android,1
101447,2026-01-05,32,Москва,Android,0
101448,2025-10-25,42,Санкт-Петербург,Android,0
101449,2025-06-05,38,Санкт-Петербург,iOS,0
101450,2025-07-14,42,Нижний Новгород,Android,0
101451,2025-01-18,44,Новосибирск,Android,0
101452,2025-07-04,45,Самара,Android,0
101453,2025-03-25,27,Самара,iOS,0
101454,2025-01-28,34,Самара,iOS,0
101455,2025-04-06,55,Новосибирск,Android,0
101456,2025-08-07,18,Санкт-Петербург,iOS,0
101457,2025-12-20,31,Екатеринбург,iOS,0
101458,2025-06-24,26,Екатеринбург,iOS,0
101459,2026-01-22,24,Екатеринбург,iOS,0
101460,2025-06-03,18,Новосибирск,Android,0
101461,2025-01-01,60,Новосибирск,Android,0
101462,2025-11-09,36,Самара,iOS,0
101463,2026-01-13,34,Новосибирск,Android,0
101464,2025-10-14,26,Санкт-Петербург,Android,0
101465,2025-12-27,60,Москва,iOS,0
101466,2025-06-22,37,Казань,Android,0
101467,2025-09-05,37,Санкт-Петербург,Android,0
101468,2025-07-22,47,Нижний Новгород,Android,0
101469,2025-08-27,32,Санкт-Петербург,Android,0
101470,2025-07-17,35,Казань,Android,0
101471,2025-08-17,27,Екатеринбург,Android,0
101472,2026-01-03,18,Москва,Android,0
101473,2025-08-30,18,Самара,iOS,0
101474,2025-01-17,31,Новосибирск,iOS,0
101475,2025-04-07,42,Нижний Новгород,Android,0
101476,2025-02-12,29,Санкт-Петербург,Android,0
101477,2025-04-15,39,Нижний Новгород,Android,0
101478,2025-11-10,35,Нижний Новгород,Android,0
101479,2026-04-30,39,Екатеринбург,Android,1
101480,2026-01-24,44,Москва,Android,0
101481,2025-02-12,27,Санкт-Петербург,Android,0
101482,2025-06-19,48,Самара,iOS,0
101483,2025-12-04,37,Новосибирск,Android,0
101484,2025-01-21,44,Москва,Android,0
101485,2026-04-10,18,Казань,iOS,1
101486,2025-09-27,33,Санкт-Петербург,iOS,0
101487,2025-12-04,34,Москва,Android,0
101488,2025-09-29,32,Санкт-Петербург,iOS,0
101489,2025-05-23,34,Новосибирск,iOS,0
101490,2025-09-11,39,Казань,iOS,0
101491,2025-05-05,22,Новосибирск,iOS,0
101492,2025-11-15,38,Санкт-Петербург,iOS,0
101493,2025-10-19,38,Москва,iOS,0
101494,2025-09-18,43,Екатеринбург,Android,0
101495,2025-08-21,32,Самара,Android,0
101496,2025-09-03,41,Казань,Android,0
101497,2025-01-20,35,Самара,Android,0
101498,2025-04-16,18,Санкт-Петербург,iOS,0
101499,2025-02-23,26,Москва,Android,0
101500,2025-05-13,29,Москва,iOS,0
101501,2025-08-27,50,Самара,Android,0
101502,2025-10-10,42,Екатеринбург,iOS,0
101503,2026-02-20,38,Екатеринбург,Android,0
101504,2025-05-08,43,Санкт-Петербург,Android,0
101505,2025-04-18,26,Нижний Новгород,Android,0
101506,2026-03-25,30,Самара,iOS,1
101507,2024-12-29,32,Казань,Android,0
101508,2025-12-25,61,Нижний Новгород,Android,0
101509,2025-03-13,27,Новосибирск,iOS,0
101510,2025-07-27,24,Новосибирск,iOS,0
101511,2025-01-16,36,Санкт-Петербург,Android,0
101512,2026-04-02,34,Казань,iOS,1
101513,2026-01-12,25,Екатеринбург,iOS,0
101514,2024-12-19,19,Екатеринбург,Android,0
101515,2025-01-30,46,Самара,iOS,0
101516,2025-12-18,18,Самара,Android,0
101517,2025-10-30,30,Нижний Новгород,Android,0
101518,2026-01-31,44,Казань,Android,0
101519,2026-03-26,54,Нижний Новгород,Android,1
101520,2025-03-30,37,Санкт-Петербург,iOS,0
101521,2025-01-04,40,Москва,iOS,0
101522,2026-04-22,48,Новосибирск,Android,1
101523,2025-09-17,41,Казань,Android,0
101524,2026-04-24,23,Нижний Новгород,Android,1
101525,2025-06-02,39,Новосибирск,Android,0
101526,2025-02-22,54,Екатеринбург,Android,0
101527,2025-12-17,44,Казань,iOS,0
101528,2025-12-05,41,Екатеринбург,iOS,0
101529,2025-06-08,43,Новосибирск,Android,0
101530,2025-09-22,43,Екатеринбург,Android,0
101531,2025-03-10,37,Москва,iOS,0
101532,2025-08-25,24,Самара,iOS,0
101533,2025-03-24,30,Екатеринбург,Android,0
101534,2026-01-28,21,Казань,Android,0
101535,2025-01-14,38,Новосибирск,iOS,0
101536,2025-05-28,43,Москва,iOS,0
101537,2026-03-29,29,Самара,Android,1
101538,2024-12-18,19,Нижний Новгород,Android,0
101539,2026-02-09,42,Нижний Новгород,Android,0
101540,2025-11-22,29,Самара,iOS,0
101541,2025-01-14,38,Санкт-Петербург,iOS,0
101542,2026-01-30,23,Санкт-Петербург,Android,0
101543,2025-08-19,49,Новосибирск,Android,0
101544,2025-04-04,34,Казань,iOS,0
101545,2026-01-05,20,Москва,Android,0
101546,2025-06-01,25,Екатеринбург,iOS,0
101547,2025-06-30,42,Санкт-Петербург,Android,0
101548,2026-04-24,51,Екатеринбург,iOS,1
101549,2025-08-25,38,Екатеринбург,iOS,0
101550,2025-03-20,41,Новосибирск,iOS,0
101551,2025-03-06,29,Екатеринбург,iOS,0
101552,2026-02-23,33,Москва,Android,0
101553,2026-01-17,18,Нижний Новгород,Android,0
101554,2025-08-14,29,Новосибирск,iOS,0
101555,2026-04-25,44,Санкт-Петербург,Android,1
101556,2025-09-01,43,Новосибирск,Android,0
101557,2026-04-19,40,Новосибирск,Android,1
101558,2026-03-28,42,Казань,Android,1
101559,2025-07-09,18,Екатеринбург,Android,0
101560,2025-05-12,25,Казань,Android,0
101561,2025-04-03,44,Москва,iOS,0
101562,2026-01-22,42,Екатеринбург,iOS,0
101563,2025-07-04,54,Екатеринбург,iOS,0
101564,2025-05-26,42,Москва,Android,0
101565,2025-12-20,18,Самара,Android,0
101566,2025-10-20,28,Новосибирск,Android,0
101567,2026-04-03,20,Казань,Android,1
101568,2025-09-16,42,Санкт-Петербург,iOS,0
101569,2025-05-01,36,Санкт-Петербург,iOS,0
101570,2025-07-20,42,Санкт-Петербург,Android,0
101571,2025-09-27,48,Казань,Android,0
101572,2025-01-04,27,Казань,Android,0
101573,2025-11-30,29,Самара,iOS,0
101574,2025-03-31,40,Екатеринбург,iOS,0
101575,2026-04-06,37,Санкт-Петербург,iOS,1
101576,2025-11-06,47,Казань,Android,0
101577,2025-05-29,22,Нижний Новгород,iOS,0
101578,2026-04-06,42,Нижний Новгород,iOS,1
101579,2025-12-19,36,Самара,iOS,0
101580,2025-02-17,23,Казань,iOS,0
101581,2024-12-27,37,Москва,Android,0
101582,2025-07-04,30,Новосибирск,Android,0
101583,2026-02-06,20,Казань,Android,0
101584,2025-10-31,29,Новосибирск,Android,0
101585,2026-01-15,47,Новосибирск,iOS,0
101586,2025-10-17,51,Самара,iOS,0
101587,2025-06-04,31,Москва,Android,0
101588,2026-03-09,45,Новосибирск,Android,1
101589,2025-10-23,40,Самара,Android,0
101590,2025-02-14,33,Москва,iOS,0
101591,2025-02-21,44,Екатеринбург,iOS,0
101592,2025-08-25,29,Казань,Android,0
101593,2026-03-19,28,Новосибирск,iOS,1
101594,2026-04-20,38,Нижний Новгород,iOS,1
101595,2026-03-12,29,Казань,iOS,1
101596,2024-12-27,23,Екатеринбург,iOS,0
101597,2025-04-08,33,Екатеринбург,Android,0
101598,2025-07-22,30,Казань,iOS,0
101599,2026-01-03,50,Москва,iOS,0
101600,2025-04-01,66,Санкт-Петербург,iOS,0
101601,2025-11-15,30,Новосибирск,Android,0
101602,2025-12-21,23,Казань,iOS,0
101603,2025-11-19,28,Екатеринбург,iOS,0
101604,2025-12-06,36,Нижний Новгород,Android,0
101605,2025-06-05,18,Нижний Новгород,Android,0
101606,2026-01-16,60,Самара,Android,0
101607,2024-12-31,36,Москва,Android,0
101608,2025-08-21,39,Самара,iOS,0
101609,2025-01-31,45,Новосибирск,Android,0
101610,2026-04-16,35,Новосибирск,Android,1
101611,2025-05-01,61,Нижний Новгород,Android,0
101612,2026-01-02,37,Казань,Android,0
101613,2026-01-06,32,Москва,Android,0
101614,2026-04-13,39,Екатеринбург,Android,1
101615,2026-04-28,29,Новосибирск,Android,1
101616,2024-12-28,44,Новосибирск,Android,0
101617,2025-10-29,22,Екатеринбург,iOS,0
101618,2025-05-21,44,Самара,Android,0
101619,2025-01-10,26,Новосибирск,iOS,0
101620,2025-07-20,45,Самара,Android,0
101621,2025-03-12,18,Санкт-Петербург,Android,0
101622,2025-12-19,44,Санкт-Петербург,Android,0
101623,2026-04-01,42,Екатеринбург,Android,1
101624,2025-01-22,34,Москва,Android,0
101625,2025-06-19,34,Екатеринбург,iOS,0
101626,2025-10-04,20,Самара,Android,0
101627,2025-10-31,47,Санкт-Петербург,Android,0
101628,2025-04-21,31,Москва,iOS,0
101629,2025-01-13,32,Самара,Android,0
101630,2025-11-15,24,Москва,Android,0
101631,2026-03-18,25,Самара,iOS,1
101632,2025-08-01,33,Санкт-Петербург,iOS,0
101633,2025-09-07,27,Казань,Android,0
101634,2025-01-09,31,Казань,Android,0
101635,2025-07-26,42,Москва,Android,0
101636,2026-04-26,42,Екатеринбург,iOS,1
101637,2025-04-06,28,Санкт-Петербург,iOS,0
101638,2025-12-25,33,Москва,iOS,0
101639,2025-07-15,29,Самара,iOS,0
101640,2025-12-02,18,Казань,Android,0
101641,2025-11-14,22,Новосибирск,Android,0
101642,2025-05-05,29,Москва,iOS,0
101643,2026-03-07,53,Нижний Новгород,iOS,1
101644,2025-08-12,23,Москва,Android,0
101645,2025-08-17,47,Самара,iOS,0
101646,2026-01-29,20,Казань,Android,0
101647,2025-11-08,26,Нижний Новгород,Android,0
101648,2026-03-03,19,Самара,Android,1
101649,2026-03-09,30,Казань,iOS,1
101650,2025-08-05,44,Нижний Новгород,iOS,0
101651,2026-03-22,25,Екатеринбург,Android,1
101652,2025-12-14,27,Екатеринбург,Android,0
101653,2025-12-03,22,Нижний Новгород,Android,0
101654,2026-02-07,24,Самара,Android,0
101655,2026-01-05,26,Москва,Android,0
101656,2025-02-27,38,Екатеринбург,Android,0
101657,2025-05-16,42,Казань,Android,0
101658,2025-12-15,35,Казань,iOS,0
101659,2025-02-21,27,Москва,iOS,0
101660,2026-04-24,38,Казань,Android,1
101661,2025-07-13,31,Нижний Новгород,iOS,0
101662,2026-01-13,28,Санкт-Петербург,Android,0
101663,2025-04-14,27,Нижний Новгород,iOS,0
101664,2025-03-31,49,Казань,iOS,0
101665,2025-09-23,41,Самара,iOS,0
101666,2025-04-08,28,Нижний Новгород,iOS,0
101667,2026-03-07,30,Санкт-Петербург,Android,1
101668,2025-03-01,18,Москва,Android,0
101669,2025-03-14,43,Новосибирск,Android,0
101670,2025-03-05,28,Казань,Android,0
101671,2026-04-02,32,Санкт-Петербург,iOS,1
101672,2025-09-28,30,Казань,Android,0
101673,2026-03-22,32,Екатеринбург,iOS,1
101674,2025-10-17,31,Самара,Android,0
101675,2025-10-19,45,Москва,iOS,0
101676,2025-05-28,33,Новосибирск,Android,0
101677,2025-08-24,34,Нижний Новгород,iOS,0
101678,2025-09-15,18,Казань,Android,0
101679,2025-07-31,46,Москва,Android,0
101680,2025-11-20,32,Санкт-Петербург,Android,0
101681,2025-06-06,40,Казань,iOS,0
101682,2025-05-17,31,Нижний Новгород,iOS,0
101683,2024-12-23,44,Нижний Новгород,iOS,0
101684,2026-04-21,18,Санкт-Петербург,Android,1
101685,2026-04-19,30,Екатеринбург,iOS,1
101686,2025-12-21,41,Москва,iOS,0
101687,2025-10-08,33,Новосибирск,Android,0
101688,2025-12-19,42,Казань,Android,0
101689,2025-04-09,44,Нижний Новгород,iOS,0
101690,2025-02-01,36,Самара,iOS,0
101691,2025-08-24,48,Екатеринбург,iOS,0
101692,2025-07-01,41,Новосибирск,iOS,0
101693,2025-04-13,18,Новосибирск,Android,0
101694,2025-10-02,40,Санкт-Петербург,iOS,0
101695,2024-12-20,28,Новосибирск,Android,0
101696,2025-07-18,38,Новосибирск,iOS,0
101697,2025-01-30,33,Санкт-Петербург,iOS,0
101698,2025-08-25,19,Новосибирск,Android,0
101699,2025-04-22,55,Самара,iOS,0
101700,2025-10-22,56,Нижний Новгород,Android,0
101701,2025-05-17,33,Самара,Android,0
101702,2026-04-06,31,Екатеринбург,Android,1
101703,2025-03-05,41,Нижний Новгород,Android,0
101704,2025-08-30,25,Новосибирск,iOS,0
101705,2025-11-04,38,Новосибирск,iOS,0
101706,2025-06-26,47,Казань,iOS,0
101707,2025-11-26,34,Самара,Android,0
101708,2025-06-11,41,Екатеринбург,Android,0
101709,2026-01-31,50,Санкт-Петербург,Android,0
101710,2025-12-08,35,Нижний Новгород,iOS,0
101711,2025-03-02,25,Санкт-Петербург,Android,0
101712,2026-04-12,24,Екатеринбург,iOS,1
101713,2025-03-07,37,Санкт-Петербург,iOS,0
101714,2025-06-11,25,Нижний Новгород,iOS,0
101715,2025-12-19,27,Новосибирск,iOS,0
101716,2025-05-19,35,Екатеринбург,Android,0
101717,2026-01-18,32,Санкт-Петербург,iOS,0
101718,2025-04-18,18,Москва,iOS,0
101719,2025-05-01,24,Москва,iOS,0
101720,2026-04-30,28,Казань,iOS,1
101721,2025-09-03,53,Екатеринбург,iOS,0
101722,2026-01-21,52,Санкт-Петербург,iOS,0
101723,2026-04-10,26,Нижний Новгород,iOS,1
101724,2025-06-05,62,Нижний Новгород,iOS,0
101725,2025-06-16,26,Нижний Новгород,iOS,0
101726,2025-12-07,24,Екатеринбург,Android,0
101727,2026-03-10,30,Самара,iOS,1
101728,2025-03-04,27,Новосибирск,Android,0
101729,2025-04-04,27,Нижний Новгород,iOS,0
101730,2025-01-07,18,Нижний Новгород,Android,0
101731,2025-09-05,20,Москва,iOS,0
101732,2025-04-26,20,Нижний Новгород,iOS,0
101733,2026-04-03,33,Казань,Android,1
101734,2025-08-07,38,Самара,Android,0
101735,2025-01-10,34,Санкт-Петербург,Android,0
101736,2026-02-01,50,Екатеринбург,Android,0
101737,2025-11-18,49,Казань,iOS,0
101738,2025-02-09,18,Нижний Новгород,iOS,0
101739,2025-09-12,26,Новосибирск,iOS,0
101740,2025-03-30,32,Екатеринбург,iOS,0
101741,2025-06-04,44,Новосибирск,Android,0
101742,2025-01-30,18,Казань,Android,0
101743,2026-04-24,56,Новосибирск,iOS,1
101744,2026-01-20,38,Нижний Новгород,iOS,0
101745,2025-09-17,26,Екатеринбург,Android,0
101746,2025-10-09,37,Екатеринбург,iOS,0
101747,2025-05-05,25,Самара,Android,0
101748,2025-03-22,42,Самара,iOS,0
101749,2025-07-06,35,Казань,iOS,0
101750,2025-12-22,46,Казань,iOS,0
101751,2026-01-18,41,Нижний Новгород,Android,0
101752,2026-03-24,30,Москва,Android,1
101753,2025-03-07,37,Москва,iOS,0
101754,2026-04-14,53,Москва,Android,1
101755,2025-04-05,30,Казань,iOS,0
101756,2025-05-13,35,Нижний Новгород,iOS,0
101757,2026-03-22,33,Москва,Android,1
101758,2025-04-26,23,Самара,iOS,0
101759,2025-07-10,25,Самара,Android,0
101760,2025-11-05,26,Москва,Android,0
101761,2026-04-10,43,Санкт-Петербург,iOS,1
101762,2025-06-20,43,Екатеринбург,iOS,0
101763,2025-01-10,36,Екатеринбург,iOS,0
101764,2026-03-02,32,Нижний Новгород,iOS,0
101765,2025-08-12,34,Екатеринбург,iOS,0
101766,2025-04-18,18,Самара,iOS,0
101767,2025-01-21,46,Москва,Android,0
101768,2025-11-16,45,Самара,Android,0
101769,2025-05-30,25,Самара,iOS,0
101770,2025-03-28,33,Самара,Android,0
101771,2025-03-11,35,Екатеринбург,iOS,0
101772,2026-04-03,18,Самара,Android,1
101773,2026-02-16,30,Казань,iOS,0
101774,2025-09-01,28,Самара,Android,0
101775,2025-06-20,44,Москва,Android,0
101776,2025-09-23,30,Москва,Android,0
101777,2025-01-27,18,Казань,iOS,0
101778,2026-01-14,31,Санкт-Петербург,Android,0
101779,2025-12-09,40,Нижний Новгород,Android,0
101780,2025-12-19,25,Нижний Новгород,Android,0
101781,2025-04-26,22,Москва,Android,0
101782,2025-05-13,26,Екатеринбург,iOS,0
101783,2025-09-19,35,Санкт-Петербург,Android,0
101784,2025-09-09,18,Москва,iOS,0
101785,2025-07-14,33,Новосибирск,Android,0
101786,2025-01-31,24,Санкт-Петербург,Android,0
101787,2025-06-19,43,Казань,Android,0
101788,2026-02-15,22,Санкт-Петербург,iOS,0
101789,2025-10-09,33,Новосибирск,Android,0
101790,2025-12-02,47,Казань,iOS,0
101791,2025-12-31,44,Санкт-Петербург,Android,0
101792,2025-05-22,33,Санкт-Петербург,Android,0
101793,2026-03-18,28,Екатеринбург,Android,1
101794,2026-01-19,42,Новосибирск,iOS,0
101795,2025-08-28,34,Москва,Android,0
101796,2026-04-29,37,Нижний Новгород,iOS,1
101797,2025-07-13,30,Нижний Новгород,Android,0
101798,2025-03-29,21,Казань,Android,0
101799,2026-01-30,28,Екатеринбург,iOS,0
101800,2025-06-18,18,Казань,iOS,0
101801,2025-12-01,44,Санкт-Петербург,iOS,0
101802,2026-03-29,22,Санкт-Петербург,Android,1
101803,2026-03-06,41,Екатеринбург,iOS,1
101804,2026-01-06,55,Санкт-Петербург,Android,0
101805,2025-12-26,41,Казань,iOS,0
101806,2025-08-14,20,Санкт-Петербург,Android,0
101807,2025-05-06,43,Екатеринбург,iOS,0
101808,2025-04-03,24,Нижний Новгород,Android,0
101809,2025-06-17,43,Москва,Android,0
101810,2024-12-26,33,Новосибирск,Android,0
101811,2025-12-22,32,Нижний Новгород,Android,0
101812,2025-06-15,42,Москва,iOS,0
101813,2025-10-31,18,Нижний Новгород,Android,0
101814,2026-02-10,28,Самара,iOS,0
101815,2025-05-31,23,Москва,iOS,0
101816,2026-01-09,26,Санкт-Петербург,iOS,0
101817,2026-04-28,63,Санкт-Петербург,Android,1
101818,2026-02-11,18,Москва,Android,0
101819,2025-07-18,44,Казань,iOS,0
101820,2025-09-19,18,Нижний Новгород,Android,0
101821,2026-02-18,42,Екатеринбург,Android,0
101822,2024-12-28,36,Казань,iOS,0
101823,2025-03-15,42,Нижний Новгород,iOS,0
101824,2026-02-04,31,Казань,iOS,0
101825,2025-07-14,43,Казань,iOS,0
101826,2025-04-08,29,Екатеринбург,Android,0
101827,2025-02-11,22,Нижний Новгород,Android,0
101828,2026-04-30,43,Нижний Новгород,iOS,1
101829,2025-12-30,26,Екатеринбург,iOS,0
101830,2025-08-31,27,Казань,iOS,0
101831,2026-02-23,38,Нижний Новгород,Android,0
101832,2025-07-09,57,Нижний Новгород,Android,0
101833,2025-12-20,25,Казань,Android,0
101834,2025-06-23,52,Новосибирск,iOS,0
101835,2025-03-25,36,Нижний Новгород,iOS,0
101836,2026-02-15,31,Казань,Android,0
101837,2025-08-22,28,Екатеринбург,Android,0
101838,2025-10-03,41,Нижний Новгород,Android,0
101839,2026-03-16,35,Нижний Новгород,Android,1
101840,2025-12-08,47,Казань,Android,0
101841,2025-02-23,34,Самара,iOS,0
101842,2024-12-21,23,Казань,iOS,0
101843,2026-02-28,47,Москва,Android,0
101844,2025-05-20,34,Москва,Android,0
101845,2025-12-18,38,Казань,Android,0
101846,2025-02-02,45,Екатеринбург,Android,0
101847,2025-10-16,39,Самара,iOS,0
101848,2025-08-06,18,Самара,Android,0
101849,2026-03-08,35,Самара,Android,1
101850,2026-04-27,41,Новосибирск,Android,1
101851,2025-01-20,27,Санкт-Петербург,Android,0
101852,2026-03-20,31,Самара,iOS,1
101853,2025-08-17,26,Казань,Android,0
101854,2025-03-22,22,Казань,Android,0
101855,2025-09-25,39,Екатеринбург,Android,0
101856,2025-01-30,44,Санкт-Петербург,iOS,0
101857,2026-02-02,45,Новосибирск,iOS,0
101858,2026-05-01,28,Новосибирск,iOS,1
101859,2025-12-13,36,Новосибирск,iOS,0
101860,2026-03-01,43,Санкт-Петербург,Android,0
101861,2025-10-21,39,Нижний Новгород,Android,0
101862,2025-05-29,47,Нижний Новгород,iOS,0
101863,2025-10-28,29,Казань,Android,0
101864,2025-04-21,36,Санкт-Петербург,Android,0
101865,2025-10-15,23,Санкт-Петербург,iOS,0
101866,2025-03-08,58,Екатеринбург,Android,0
101867,2025-08-24,18,Самара,Android,0
101868,2025-09-25,25,Санкт-Петербург,iOS,0
101869,2025-09-20,33,Новосибирск,Android,0
101870,2025-09-05,53,Москва,Android,0
101871,2026-02-26,34,Самара,iOS,0
101872,2025-05-20,48,Екатеринбург,Android,0
101873,2025-08-01,18,Казань,iOS,0
101874,2025-10-08,37,Казань,iOS,0
101875,2026-01-10,18,Екатеринбург,iOS,0
101876,2025-01-27,32,Нижний Новгород,iOS,0
101877,2026-03-14,26,Нижний Новгород,iOS,1
101878,2025-08-30,35,Санкт-Петербург,iOS,0
101879,2025-02-05,31,Самара,Android,0
101880,2025-03-18,23,Санкт-Петербург,iOS,0
101881,2025-11-28,27,Новосибирск,iOS,0
101882,2025-07-29,21,Москва,Android,0
101883,2025-11-29,42,Казань,Android,0
101884,2025-04-22,21,Москва,Android,0
101885,2025-06-06,53,Самара,Android,0
101886,2025-09-17,44,Санкт-Петербург,Android,0
101887,2026-05-01,42,Санкт-Петербург,iOS,1
101888,2025-11-27,34,Нижний Новгород,Android,0
101889,2025-05-16,25,Самара,iOS,0
101890,2025-04-08,40,Самара,Android,0
101891,2025-04-26,35,Санкт-Петербург,iOS,0
101892,2026-03-10,27,Новосибирск,Android,1
101893,2026-01-02,35,Екатеринбург,Android,0
101894,2026-02-12,46,Самара,Android,0
101895,2025-05-23,37,Екатеринбург,iOS,0
101896,2025-05-11,18,Самара,Android,0
101897,2025-08-25,34,Новосибирск,Android,0
101898,2025-04-02,44,Нижний Новгород,iOS,0
101899,2025-05-04,37,Казань,iOS,0
101900,2025-08-16,23,Санкт-Петербург,iOS,0
101901,2025-02-13,28,Екатеринбург,iOS,0
101902,2025-11-25,52,Казань,Android,0
101903,2025-10-29,27,Нижний Новгород,Android,0
101904,2026-03-20,32,Санкт-Петербург,Android,1
101905,2026-01-26,25,Казань,Android,0
101906,2025-06-12,42,Санкт-Петербург,iOS,0
101907,2025-08-01,43,Екатеринбург,iOS,0
101908,2024-12-24,37,Екатеринбург,Android,0
101909,2025-04-11,24,Самара,iOS,0
101910,2026-04-13,31,Москва,iOS,1
101911,2025-08-27,21,Москва,Android,0
101912,2025-06-03,43,Нижний Новгород,Android,0
101913,2025-01-05,40,Екатеринбург,iOS,0
101914,2025-05-23,35,Екатеринбург,iOS,0
101915,2025-10-16,49,Самара,iOS,0
101916,2025-07-04,44,Казань,iOS,0
101917,2025-12-04,18,Екатеринбург,iOS,0
101918,2025-11-01,46,Екатеринбург,Android,0
101919,2025-04-01,25,Казань,Android,0
101920,2024-12-25,42,Москва,Android,0
101921,2025-03-11,33,Нижний Новгород,Android,0
101922,2025-04-16,40,Екатеринбург,iOS,0
101923,2025-07-27,21,Екатеринбург,Android,0
101924,2024-12-22,20,Екатеринбург,Android,0
101925,2025-07-14,21,Екатеринбург,iOS,0
101926,2026-04-13,47,Москва,iOS,1
101927,2025-07-02,46,Нижний Новгород,Android,0
101928,2026-03-19,37,Нижний Новгород,Android,1
101929,2025-08-21,42,Екатеринбург,iOS,0
101930,2025-06-23,38,Екатеринбург,Android,0
101931,2025-05-04,36,Казань,Android,0
101932,2025-12-03,38,Москва,iOS,0
101933,2026-02-21,39,Екатеринбург,Android,0
101934,2025-03-06,43,Самара,Android,0
101935,2025-03-26,28,Казань,Android,0
101936,2025-01-13,34,Санкт-Петербург,iOS,0
101937,2026-01-20,56,Екатеринбург,iOS,0
101938,2025-06-08,34,Екатеринбург,Android,0
101939,2026-02-21,43,Самара,iOS,0
101940,2025-05-02,21,Санкт-Петербург,Android,0
101941,2026-02-17,39,Москва,iOS,0
101942,2025-12-15,18,Самара,iOS,0
101943,2025-10-16,18,Санкт-Петербург,Android,0
101944,2026-03-14,30,Новосибирск,Android,1
101945,2026-02-10,47,Нижний Новгород,Android,0
101946,2026-02-10,30,Санкт-Петербург,Android,0
101947,2024-12-26,18,Самара,iOS,0
101948,2025-06-15,36,Новосибирск,Android,0
101949,2025-08-20,30,Новосибирск,Android,0
101950,2025-03-13,40,Екатеринбург,Android,0
101951,2025-08-04,46,Екатеринбург,iOS,0
101952,2025-03-13,18,Екатеринбург,iOS,0
101953,2025-05-26,19,Самара,Android,0
101954,2025-11-21,23,Санкт-Петербург,Android,0
101955,2025-08-08,41,Казань,Android,0
101956,2026-03-13,21,Москва,Android,1
101957,2026-04-25,31,Москва,Android,1
101958,2026-02-26,35,Екатеринбург,Android,0
101959,2025-10-04,40,Новосибирск,iOS,0
101960,2025-01-15,38,Новосибирск,Android,0
101961,2026-04-05,31,Самара,Android,1
101962,2026-03-09,18,Москва,iOS,1
101963,2026-03-29,18,Екатеринбург,Android,1
101964,2026-02-15,30,Москва,Android,0
101965,2025-06-26,44,Екатеринбург,iOS,0
101966,2025-02-18,34,Казань,Android,0
101967,2026-03-11,26,Москва,iOS,1
101968,2025-01-11,29,Нижний Новгород,iOS,0
101969,2025-03-30,27,Казань,Android,0
101970,2026-04-02,31,Санкт-Петербург,Android,1
101971,2025-01-12,42,Нижний Новгород,Android,0
101972,2024-12-21,18,Самара,iOS,0
101973,2025-11-30,37,Казань,Android,0
101974,2025-05-23,35,Москва,iOS,0
101975,2026-01-26,40,Нижний Новгород,Android,0
101976,2025-10-12,27,Казань,Android,0
101977,2026-03-28,28,Самара,Android,1
101978,2025-03-21,39,Новосибирск,Android,0
101979,2025-08-27,26,Нижний Новгород,iOS,0
101980,2026-04-13,25,Екатеринбург,iOS,1
101981,2025-12-22,32,Новосибирск,Android,0
101982,2025-12-25,33,Новосибирск,Android,0
101983,2025-09-05,26,Санкт-Петербург,iOS,0
101984,2025-01-14,52,Санкт-Петербург,Android,0
101985,2025-12-10,43,Самара,Android,0
101986,2024-12-30,39,Казань,Android,0
101987,2025-09-13,33,Екатеринбург,iOS,0
101988,2025-11-30,36,Санкт-Петербург,iOS,0
101989,2025-03-14,29,Москва,iOS,0
101990,2025-10-14,39,Санкт-Петербург,Android,0
101991,2025-01-08,23,Екатеринбург,Android,0
101992,2026-04-29,56,Екатеринбург,iOS,1
101993,2025-07-15,18,Санкт-Петербург,iOS,0
101994,2026-02-28,45,Санкт-Петербург,Android,0
101995,2025-01-09,37,,Android,0
101996,2026-02-18,35,Самара,iOS,0
101997,2025-03-10,28,Екатеринбург,Android,0
101998,2025-05-21,52,Самара,Android,0
101999,2025-12-02,53,Казань,Android,0
102000,2025-10-17,35,Казань,Android,0
102001,2025-05-25,33,Казань,iOS,0
102002,2025-01-24,46,Нижний Новгород,iOS,0
102003,2025-06-07,49,Нижний Новгород,iOS,0
102004,2025-01-03,34,Екатеринбург,Android,0
102005,2025-12-01,27,Нижний Новгород,Android,0
102006,2025-05-31,39,Санкт-Петербург,iOS,0
102007,2025-03-30,56,Самара,iOS,0
102008,2025-11-05,18,Москва,Android,0
102009,2025-07-28,18,Казань,Android,0
102010,2026-03-20,18,Москва,iOS,1
102011,2025-08-31,21,Москва,iOS,0
102012,2026-03-16,25,Самара,Android,1
102013,2025-03-14,35,Москва,Android,0
102014,2025-01-06,42,Екатеринбург,iOS,0
102015,2025-12-09,18,Нижний Новгород,iOS,0
102016,2025-05-11,45,Москва,iOS,0
102017,2025-06-17,18,Самара,iOS,0
102018,2025-04-22,32,Санкт-Петербург,iOS,0
102019,2025-11-08,29,Санкт-Петербург,Android,0
102020,2025-09-24,32,Санкт-Петербург,iOS,0
102021,2026-04-26,47,Новосибирск,iOS,1
102022,2025-03-03,48,Новосибирск,iOS,0
102023,2025-07-28,18,Москва,Android,0
102024,2025-03-17,23,Самара,iOS,0
102025,2025-05-22,41,Казань,Android,0
102026,2025-01-15,20,Самара,iOS,0
102027,2025-04-11,34,Казань,iOS,0
102028,2025-09-30,36,Москва,Android,0
102029,2026-02-04,32,Нижний Новгород,Android,0
102030,2025-12-13,37,Новосибирск,Android,0
102031,2025-04-29,45,Самара,Android,0
102032,2025-01-14,34,Самара,Android,0
102033,2024-12-24,33,Санкт-Петербург,iOS,0
102034,2025-03-03,27,Москва,Android,0
102035,2025-09-08,43,Санкт-Петербург,iOS,0
102036,2026-02-02,25,Екатеринбург,Android,0
102037,2025-09-12,40,Нижний Новгород,iOS,0
102038,2026-02-05,18,Москва,Android,0
102039,2024-12-30,43,Казань,Android,0
102040,2026-04-30,30,Екатеринбург,iOS,1
102041,2026-03-10,28,Нижний Новгород,iOS,1
102042,2025-11-08,43,Екатеринбург,Android,0
102043,2026-02-08,38,Новосибирск,Android,0
102044,2026-02-05,48,Москва,Android,0
102045,2025-10-31,25,Екатеринбург,Android,0
102046,2026-03-25,42,Нижний Новгород,iOS,1
102047,2025-05-19,40,Казань,Android,0
102048,2025-05-25,31,Нижний Новгород,Android,0
102049,2025-10-10,45,Самара,iOS,0
102050,2025-11-07,31,Екатеринбург,iOS,0
102051,2025-02-03,36,Санкт-Петербург,Android,0
102052,2025-04-11,40,Самара,Android,0
102053,2025-06-19,44,Новосибирск,iOS,0
102054,2025-01-18,31,Нижний Новгород,Android,0
102055,2025-05-25,32,Москва,iOS,0
102056,2026-02-18,33,Москва,iOS,0
102057,2025-10-15,36,Санкт-Петербург,Android,0
102058,2025-06-27,21,Санкт-Петербург,Android,0
102059,2025-04-09,39,Новосибирск,Android,0
102060,2025-03-10,44,Екатеринбург,Android,0
102061,2025-07-05,51,Казань,Android,0
102062,2026-03-13,29,Екатеринбург,Android,1
102063,2025-08-14,41,Москва,iOS,0
102064,2025-12-05,25,Самара,iOS,0
102065,2025-01-09,36,Самара,Android,0
102066,2025-04-08,19,Нижний Новгород,Android,0
102067,2025-03-22,48,Самара,iOS,0
102068,2026-02-17,35,Екатеринбург,iOS,0
102069,2025-06-04,49,Новосибирск,Android,0
102070,2025-10-11,42,Нижний Новгород,iOS,0
102071,2025-09-15,24,Казань,iOS,0
102072,2024-12-29,18,Санкт-Петербург,Android,0
102073,2026-03-30,31,Москва,iOS,1
102074,2025-01-31,18,Москва,Android,0
102075,2025-03-13,29,Москва,iOS,0
102076,2025-07-23,18,Казань,iOS,0
102077,2025-10-11,30,Новосибирск,iOS,0
102078,2025-04-10,22,Новосибирск,Android,0
102079,2025-03-29,26,Екатеринбург,iOS,0
102080,2026-02-01,46,Казань,iOS,0
102081,2025-09-19,35,Екатеринбург,Android,0
102082,2025-03-27,40,Екатеринбург,Android,0
102083,2025-11-16,34,Москва,iOS,0
102084,2025-02-27,24,Москва,iOS,0
102085,2025-05-29,22,Казань,Android,0
102086,2025-07-27,18,Москва,Android,0
102087,2026-01-04,37,Казань,Android,0
102088,2026-04-02,18,Санкт-Петербург,iOS,1
102089,2025-09-29,20,Самара,Android,0
102090,2025-12-04,51,Новосибирск,Android,0
102091,2025-01-22,18,Москва,Android,0
102092,2025-06-19,18,Новосибирск,Android,0
102093,2025-12-15,39,Казань,Android,0
102094,2025-12-31,18,Санкт-Петербург,Android,0
102095,2026-04-25,45,Казань,iOS,1
102096,2025-12-14,30,Самара,iOS,0
102097,2025-10-10,33,Казань,iOS,0
102098,2025-05-25,38,Новосибирск,Android,0
102099,2026-01-29,45,Нижний Новгород,iOS,0
102100,2026-01-18,37,Новосибирск,iOS,0
102101,2025-05-15,28,Новосибирск,iOS,0
102102,2026-02-21,42,Казань,iOS,0
102103,2025-11-25,29,Казань,Android,0
102104,2025-01-11,35,Москва,iOS,0
102105,2025-12-04,18,Новосибирск,Android,0
102106,2025-12-26,20,Москва,Android,0
102107,2026-02-18,36,Екатеринбург,iOS,0
102108,2025-12-21,36,Екатеринбург,Android,0
102109,2025-02-22,30,Нижний Новгород,iOS,0
102110,2025-09-13,53,Новосибирск,iOS,0
102111,2025-07-04,40,Казань,iOS,0
102112,2026-01-10,39,Екатеринбург,iOS,0
102113,2025-01-10,34,Новосибирск,iOS,0
102114,2025-08-22,18,Москва,Android,0
102115,2026-03-22,18,Нижний Новгород,iOS,1
102116,2025-03-08,22,Новосибирск,Android,0
102117,2026-02-20,54,Екатеринбург,iOS,0
102118,2025-09-11,33,Самара,iOS,0
102119,2025-07-08,35,Новосибирск,Android,0
102120,2025-10-03,34,Нижний Новгород,Android,0
102121,2025-03-28,45,Санкт-Петербург,iOS,0
102122,2025-11-30,35,Екатеринбург,iOS,0
102123,2025-02-22,45,Нижний Новгород,iOS,0
102124,2026-01-20,52,Новосибирск,Android,0
102125,2025-08-29,33,Новосибирск,Android,0
102126,2025-10-12,38,Самара,iOS,0
102127,2025-03-21,30,Новосибирск,Android,0
102128,2026-01-06,38,Нижний Новгород,Android,0
102129,2026-03-07,26,Казань,Android,1
102130,2025-05-07,28,Москва,Android,0
102131,2026-02-17,34,Новосибирск,Android,0
102132,2025-02-01,35,Самара,Android,0
102133,2025-05-31,21,Самара,Android,0
102134,2025-03-31,38,Самара,iOS,0
102135,2025-08-02,27,Нижний Новгород,Android,0
102136,2025-12-08,38,Санкт-Петербург,Android,0
102137,2025-03-22,34,Нижний Новгород,Android,0
102138,2026-02-20,25,Самара,Android,0
102139,2025-10-12,32,Нижний Новгород,iOS,0
102140,2024-12-28,36,Казань,Android,0
102141,2025-10-16,33,Самара,iOS,0
102142,2025-01-24,46,Санкт-Петербург,iOS,0
102143,2026-01-10,31,Самара,Android,0
102144,2025-04-01,44,Санкт-Петербург,Android,0
102145,2025-08-19,27,Казань,Android,0
102146,2025-08-20,57,Нижний Новгород,Android,0
102147,2025-02-12,28,Новосибирск,iOS,0
102148,2025-11-04,28,Санкт-Петербург,iOS,0
102149,2025-05-07,47,Екатеринбург,iOS,0
102150,2025-08-11,28,Новосибирск,iOS,0
102151,2025-07-28,35,Казань,iOS,0
102152,2025-10-19,32,Москва,iOS,0
102153,2025-02-08,36,Нижний Новгород,Android,0
102154,2025-03-11,36,Санкт-Петербург,iOS,0
102155,2026-02-12,28,Самара,Android,0
102156,2025-09-23,22,Новосибирск,iOS,0
102157,2025-01-27,39,Москва,iOS,0
102158,2025-05-06,32,Екатеринбург,Android,0
102159,2025-08-26,39,Санкт-Петербург,Android,0
102160,2025-06-13,39,Казань,iOS,0
102161,2025-11-29,33,Самара,iOS,0
102162,2025-03-04,35,Нижний Новгород,Android,0
102163,2025-08-01,20,Москва,iOS,0
102164,2025-12-26,34,Самара,Android,0
102165,2025-11-02,40,Самара,Android,0
102166,2026-01-31,36,Москва,Android,0
102167,2025-03-02,41,Санкт-Петербург,Android,0
102168,2025-03-06,36,Нижний Новгород,iOS,0
102169,2025-11-29,41,Казань,Android,0
102170,2025-10-09,38,Самара,iOS,0
102171,2026-04-29,40,Санкт-Петербург,Android,1
102172,2025-07-27,37,Санкт-Петербург,iOS,0
102173,2026-03-23,26,Новосибирск,Android,1
102174,2025-02-21,34,Казань,Android,0
102175,2026-04-08,29,Самара,iOS,1
102176,2026-01-29,38,Казань,iOS,0
102177,2025-06-17,57,Новосибирск,Android,0
102178,2025-07-29,26,Екатеринбург,iOS,0
102179,2025-05-11,36,Нижний Новгород,Android,0
102180,2026-04-14,28,Москва,Android,1
102181,2026-03-18,32,Нижний Новгород,iOS,1
102182,2025-09-07,31,Москва,Android,0
102183,2025-03-31,25,Санкт-Петербург,iOS,0
102184,2026-02-20,37,Москва,Android,0
102185,2025-10-13,41,Самара,iOS,0
102186,2024-12-26,23,Новосибирск,Android,0
102187,2026-02-18,30,Казань,Android,0
102188,2025-07-18,40,Нижний Новгород,Android,0
102189,2026-03-26,33,Самара,Android,1
102190,2025-06-13,32,Самара,Android,0
102191,2025-06-08,28,Самара,iOS,0
102192,2025-09-26,43,Нижний Новгород,Android,0
102193,2026-03-19,18,Санкт-Петербург,iOS,1
102194,2025-06-14,45,Нижний Новгород,iOS,0
102195,2026-03-26,39,Екатеринбург,Android,1
102196,2026-01-19,46,Москва,Android,0
102197,2025-10-07,23,Казань,Android,0
102198,2025-04-09,41,Екатеринбург,iOS,0
102199,2025-05-12,22,Нижний Новгород,iOS,0
102200,2025-05-12,36,Казань,iOS,0
102201,2025-07-19,31,Москва,Android,0
102202,2025-01-04,39,Москва,Android,0
102203,2026-02-25,28,Нижний Новгород,iOS,0
102204,2025-02-20,29,Казань,iOS,0
102205,2025-03-09,53,Самара,iOS,0
102206,2026-01-04,18,Казань,iOS,0
102207,2025-06-30,30,Москва,Android,0
102208,2026-01-05,44,Екатеринбург,iOS,0
102209,2025-07-08,21,Новосибирск,Android,0
102210,2025-03-12,28,Самара,Android,0
102211,2025-08-01,28,Москва,iOS,0
102212,2025-04-01,53,Екатеринбург,Android,0
102213,2025-03-11,39,Екатеринбург,iOS,0
102214,2026-04-10,49,Казань,iOS,1
102215,2025-11-05,37,Нижний Новгород,Android,0
102216,2026-05-01,36,Санкт-Петербург,Android,1
102217,2025-06-07,42,Екатеринбург,iOS,0
102218,2025-03-02,22,Москва,iOS,0
102219,2025-05-10,47,Казань,Android,0
102220,2025-10-10,33,Новосибирск,iOS,0
102221,2025-08-13,37,Санкт-Петербург,Android,0
102222,2025-09-22,41,Екатеринбург,iOS,0
102223,2026-03-29,26,Екатеринбург,iOS,1
102224,2025-04-29,18,Новосибирск,Android,0
102225,2025-07-08,22,Казань,iOS,0
102226,2025-08-29,37,Санкт-Петербург,iOS,0
102227,2025-11-14,49,Нижний Новгород,iOS,0
102228,2025-05-23,23,Екатеринбург,Android,0
102229,2025-06-25,23,Москва,Android,0
102230,2026-01-06,37,Москва,iOS,0
102231,2025-05-23,29,Санкт-Петербург,iOS,0
102232,2026-03-13,40,Екатеринбург,iOS,1
102233,2025-04-15,41,Новосибирск,Android,0
102234,2025-04-15,20,Москва,Android,0
102235,2025-08-29,24,Нижний Новгород,Android,0
102236,2026-04-24,26,Новосибирск,iOS,1
102237,2026-01-28,40,Санкт-Петербург,Android,0
102238,2025-02-17,30,Екатеринбург,iOS,0
102239,2025-06-15,28,Нижний Новгород,iOS,0
102240,2025-05-25,38,Екатеринбург,iOS,0
102241,2025-01-02,44,Казань,iOS,0
102242,2026-03-30,38,Казань,Android,1
102243,2025-09-10,50,Казань,iOS,0
102244,2025-09-13,38,Санкт-Петербург,iOS,0
102245,2024-12-26,29,Казань,iOS,0
102246,2025-10-15,40,Екатеринбург,iOS,0
102247,2025-07-21,24,Казань,iOS,0
102248,2025-06-26,43,Новосибирск,Android,0
102249,2025-12-03,37,Санкт-Петербург,iOS,0
102250,2025-04-29,31,Новосибирск,Android,0
102251,2025-05-22,37,Москва,Android,0
102252,2025-09-05,31,Екатеринбург,Android,0
102253,2025-01-11,36,Екатеринбург,iOS,0
102254,2025-10-28,42,Санкт-Петербург,iOS,0
102255,2024-12-27,31,Казань,iOS,0
102256,2024-12-21,46,Санкт-Петербург,Android,0
102257,2025-10-11,25,Нижний Новгород,iOS,0
102258,2026-04-04,25,Самара,iOS,1
102259,2026-04-13,45,Казань,iOS,1
102260,2025-06-11,29,Казань,iOS,0
102261,2026-01-23,38,Казань,Android,0
102262,2025-05-17,31,Москва,iOS,0
102263,2025-07-23,22,Екатеринбург,Android,0
102264,2025-03-10,39,Казань,iOS,0
102265,2025-03-05,29,Москва,Android,0
102266,2025-06-13,34,Казань,iOS,0
102267,2025-01-12,33,Санкт-Петербург,Android,0
102268,2025-06-24,37,Новосибирск,iOS,0
102269,2025-11-26,21,Москва,Android,0
102270,2025-06-21,38,Казань,Android,0
102271,2026-01-12,26,Самара,iOS,0
102272,2025-02-05,44,Санкт-Петербург,iOS,0
102273,2025-05-12,46,Екатеринбург,iOS,0
102274,2026-03-28,22,Екатеринбург,Android,1
102275,2025-07-24,29,Екатеринбург,iOS,0
102276,2025-06-22,33,Самара,Android,0
102277,2026-01-08,52,Санкт-Петербург,Android,0
102278,2026-01-18,18,Казань,Android,0
102279,2026-04-29,20,Санкт-Петербург,Android,1
102280,2024-12-25,31,Нижний Новгород,iOS,0
102281,2025-08-25,32,Нижний Новгород,iOS,0
102282,2025-12-31,49,Москва,Android,0
102283,2025-11-06,18,Казань,iOS,0
102284,2025-09-21,53,Екатеринбург,iOS,0
102285,2025-05-13,44,Москва,Android,0
102286,2026-02-07,42,Самара,Android,0
102287,2025-05-26,33,Москва,Android,0
102288,2025-12-16,18,Казань,Android,0
102289,2026-03-12,39,Москва,Android,1
102290,2025-09-07,37,Санкт-Петербург,iOS,0
102291,2025-09-28,44,Москва,Android,0
102292,2025-01-28,35,Нижний Новгород,Android,0
102293,2025-04-05,42,Новосибирск,Android,0
102294,2025-12-07,36,Самара,Android,0
102295,2025-07-31,39,Москва,iOS,0
102296,2026-04-13,37,Казань,Android,1
102297,2025-02-28,34,Казань,iOS,0
102298,2024-12-19,39,Екатеринбург,iOS,0
102299,2025-08-29,49,Москва,Android,0
102300,2025-08-18,44,Москва,iOS,0
102301,2025-11-11,34,Екатеринбург,Android,0
102302,2025-03-14,47,Нижний Новгород,Android,0
102303,2025-08-19,27,Казань,iOS,0
102304,2026-01-11,32,Казань,iOS,0
102305,2025-11-01,19,Казань,Android,0
102306,2025-06-25,34,Санкт-Петербург,Android,0
102307,2025-09-02,27,Екатеринбург,iOS,0
102308,2025-06-03,39,Екатеринбург,iOS,0
102309,2024-12-18,25,Москва,iOS,0
102310,2025-11-07,45,Екатеринбург,iOS,0
102311,2026-03-06,51,Санкт-Петербург,iOS,1
102312,2025-07-16,36,Новосибирск,Android,0
102313,2026-02-21,30,Казань,iOS,0
102314,2025-04-20,42,Нижний Новгород,Android,0
102315,2026-02-25,19,Москва,Android,0
102316,2026-04-26,32,Москва,iOS,1
102317,2025-03-18,24,Санкт-Петербург,Android,0
102318,2026-02-20,22,Нижний Новгород,Android,0
102319,2026-02-15,37,Санкт-Петербург,iOS,0
102320,2025-02-01,31,Новосибирск,iOS,0
102321,2025-07-16,56,Новосибирск,iOS,0
102322,2025-10-22,29,Новосибирск,Android,0
102323,2025-12-24,26,Казань,iOS,0
102324,2025-05-21,27,Самара,iOS,0
102325,2025-06-07,47,Екатеринбург,Android,0
102326,2025-05-16,51,Самара,iOS,0
102327,2026-04-11,29,Самара,iOS,1
102328,2025-11-19,38,Самара,iOS,0
102329,2026-01-05,18,Санкт-Петербург,Android,0
102330,2025-08-30,42,Санкт-Петербург,iOS,0
102331,2025-08-05,44,Новосибирск,Android,0
102332,2026-02-04,31,Екатеринбург,Android,0
102333,2025-07-08,34,Самара,iOS,0
102334,2026-03-28,18,Казань,Android,1
102335,2025-08-12,37,Москва,Android,0
102336,2026-01-05,37,Москва,iOS,0
102337,2025-10-15,46,Самара,iOS,0
102338,2025-09-11,35,Новосибирск,iOS,0
102339,2024-12-31,52,Екатеринбург,Android,0
102340,2025-05-01,34,Санкт-Петербург,iOS,0
102341,2026-01-16,43,Санкт-Петербург,iOS,0
102342,2025-07-18,41,Самара,iOS,0
102343,2025-12-13,28,Москва,iOS,0
102344,2025-05-24,28,Новосибирск,iOS,0
102345,2025-09-21,43,Нижний Новгород,iOS,0
102346,2026-03-06,30,Москва,iOS,1
102347,2025-06-14,42,Самара,Android,0
102348,2025-12-08,44,Москва,Android,0
102349,2025-04-13,40,Нижний Новгород,iOS,0
102350,2025-09-02,34,Казань,iOS,0
102351,2025-07-29,25,Новосибирск,iOS,0
102352,2025-01-05,25,Самара,iOS,0
102353,2026-02-13,28,Санкт-Петербург,iOS,0
102354,2025-11-12,19,Новосибирск,Android,0
102355,2025-07-12,35,Екатеринбург,iOS,0
102356,2025-10-07,38,Санкт-Петербург,iOS,0
102357,2025-07-21,38,Нижний Новгород,iOS,0
102358,2026-01-07,27,Санкт-Петербург,Android,0
102359,2026-03-19,35,Санкт-Петербург,Android,1
102360,2026-04-01,33,Москва,Android,1
102361,2025-07-02,29,Самара,iOS,0
102362,2025-12-12,48,Екатеринбург,iOS,0
102363,2025-12-02,45,Нижний Новгород,iOS,0
102364,2025-05-25,28,Москва,Android,0
102365,2025-10-22,18,Санкт-Петербург,iOS,0
102366,2025-09-06,18,Санкт-Петербург,Android,0
102367,2025-04-14,41,Самара,iOS,0
102368,2025-12-15,25,Москва,iOS,0
102369,2026-03-04,32,Новосибирск,iOS,1
102370,2025-06-22,33,Казань,Android,0
102371,2025-06-20,36,Самара,Android,0
102372,2026-01-27,32,Санкт-Петербург,iOS,0
102373,2025-10-19,42,Самара,Android,0
102374,2024-12-25,29,Москва,iOS,0
102375,2025-08-16,39,Самара,iOS,0
102376,2025-12-09,43,Санкт-Петербург,Android,0
102377,2025-12-07,37,Нижний Новгород,Android,0
102378,2024-12-28,45,Москва,Android,0
102379,2025-05-24,40,Новосибирск,Android,0
102380,2025-10-15,41,Екатеринбург,Android,0
102381,2025-08-21,43,Самара,iOS,0
102382,2025-12-16,48,Санкт-Петербург,Android,0
102383,2025-07-01,27,Новосибирск,Android,0
102384,2025-10-10,31,Москва,iOS,0
102385,2025-08-03,28,Казань,Android,0
102386,2025-06-08,29,Екатеринбург,iOS,0
102387,2025-06-13,18,Новосибирск,iOS,0
102388,2025-03-19,47,Казань,Android,0
102389,2025-05-22,36,Самара,iOS,0
102390,2025-12-08,34,Новосибирск,Android,0
102391,2025-08-15,37,Санкт-Петербург,Android,0
102392,2026-01-07,33,Самара,iOS,0
102393,2026-02-07,24,Казань,iOS,0
102394,2025-07-03,29,Новосибирск,iOS,0
102395,2025-07-06,28,Самара,Android,0
102396,2026-01-26,38,Новосибирск,Android,0
102397,2025-06-28,25,Нижний Новгород,Android,0
102398,2025-11-18,42,Казань,Android,0
102399,2025-03-03,33,Нижний Новгород,iOS,0
102400,2025-08-14,18,Новосибирск,iOS,0
102401,2025-06-05,31,Казань,Android,0
102402,2025-07-03,48,Нижний Новгород,iOS,0
102403,2025-01-10,33,Самара,Android,0
102404,2025-05-14,56,Казань,iOS,0
102405,2025-01-17,22,Казань,iOS,0
102406,2025-03-13,34,Москва,iOS,0
102407,2025-01-21,24,Екатеринбург,Android,0
102408,2025-11-02,30,Казань,iOS,0
102409,2024-12-31,41,Самара,iOS,0
102410,2025-06-14,38,Новосибирск,Android,0
102411,2025-10-28,47,Москва,Android,0
102412,2025-03-10,41,Нижний Новгород,Android,0
102413,2026-01-21,30,Нижний Новгород,iOS,0
102414,2025-09-24,32,Самара,Android,0
102415,2025-10-07,23,Новосибирск,iOS,0
102416,2026-03-24,18,Санкт-Петербург,Android,1
102417,2025-09-26,38,Санкт-Петербург,iOS,0
102418,2026-04-11,44,Москва,iOS,1
102419,2025-01-08,40,Москва,iOS,0
102420,2024-12-31,23,Санкт-Петербург,iOS,0
102421,2026-04-17,33,Новосибирск,Android,1
102422,2024-12-18,29,Москва,iOS,0
102423,2025-09-19,28,Москва,iOS,0
102424,2025-11-20,30,Екатеринбург,Android,0
102425,2025-04-05,31,Санкт-Петербург,iOS,0
102426,2025-09-17,32,Москва,Android,0
102427,2025-01-18,24,Казань,Android,0
102428,2025-03-10,39,Москва,iOS,0
102429,2025-02-25,22,Нижний Новгород,iOS,0
102430,2025-09-01,32,Нижний Новгород,iOS,0
102431,2025-09-14,36,Новосибирск,Android,0
102432,2025-11-14,30,Санкт-Петербург,Android,0
102433,2025-01-30,34,Москва,Android,0
102434,2025-08-13,18,Москва,Android,0
102435,2025-04-17,20,Нижний Новгород,iOS,0
102436,2025-09-16,18,Санкт-Петербург,iOS,0
102437,2025-03-05,47,Санкт-Петербург,Android,0
102438,2025-06-08,18,Екатеринбург,Android,0
102439,2026-01-31,28,Самара,iOS,0
102440,2025-01-06,39,Нижний Новгород,Android,0
102441,2026-03-28,25,Москва,iOS,1
102442,2025-01-10,18,Москва,Android,0
102443,2025-08-31,36,Москва,Android,0
102444,2025-12-05,34,Москва,iOS,0
102445,2025-07-05,42,Нижний Новгород,iOS,0
102446,2025-01-25,43,Новосибирск,Android,0
102447,2025-05-22,28,Самара,iOS,0
102448,2025-04-22,28,Казань,iOS,0
102449,2025-10-25,18,Новосибирск,iOS,0
102450,2025-08-24,22,Санкт-Петербург,iOS,0
102451,2025-10-23,25,Казань,Android,0
102452,2025-12-23,49,Екатеринбург,Android,0
102453,2026-04-23,47,Казань,iOS,1
102454,2026-02-19,35,Самара,iOS,0
102455,2024-12-25,41,Москва,Android,0
102456,2025-04-07,39,Новосибирск,Android,0
102457,2025-10-15,30,Самара,Android,0
102458,2025-03-31,38,Самара,Android,0
102459,2025-01-19,26,Санкт-Петербург,iOS,0
102460,2026-04-14,56,Екатеринбург,iOS,1
102461,2025-05-01,42,Екатеринбург,Android,0
102462,2025-12-29,22,Новосибирск,Android,0
102463,2025-01-15,25,Нижний Новгород,Android,0
102464,2025-09-30,18,Санкт-Петербург,Android,0
102465,2025-09-28,38,Екатеринбург,iOS,0
102466,2025-09-22,18,Екатеринбург,iOS,0
102467,2025-09-26,37,Екатеринбург,Android,0
102468,2025-03-13,21,Казань,Android,0
102469,2026-02-24,36,Москва,iOS,0
102470,2025-01-11,34,Москва,Android,0
102471,2025-06-22,31,Самара,iOS,0
102472,2025-04-04,34,Москва,iOS,0
102473,2026-01-12,57,Самара,Android,0
102474,2025-09-15,26,Москва,iOS,0
102475,2025-05-24,18,Москва,iOS,0
102476,2025-09-16,31,Самара,iOS,0
102477,2025-10-23,26,Нижний Новгород,iOS,0
102478,2026-01-14,24,Москва,Android,0
102479,2025-09-05,32,Москва,iOS,0
102480,2025-09-09,41,Новосибирск,Android,0
102481,2025-07-18,50,Новосибирск,Android,0
102482,2025-03-10,39,Москва,Android,0
102483,2026-02-21,24,Екатеринбург,Android,0
102484,2026-03-03,34,Нижний Новгород,Android,1
102485,2025-07-23,25,Нижний Новгород,Android,0
102486,2025-10-08,29,Екатеринбург,Android,0
102487,2025-12-13,18,Нижний Новгород,Android,0
102488,2025-05-14,29,Нижний Новгород,iOS,0
102489,2026-01-06,23,Екатеринбург,Android,0
102490,2025-01-05,25,Москва,Android,0
102491,2025-02-28,31,Нижний Новгород,Android,0
102492,2025-03-10,41,Новосибирск,iOS,0
102493,2025-07-08,39,Самара,Android,0
102494,2025-11-30,37,Новосибирск,iOS,0
102495,2025-07-20,22,Самара,Android,0
102496,2025-12-04,20,Екатеринбург,iOS,0
102497,2025-11-22,18,Санкт-Петербург,Android,0
102498,2025-06-17,35,Санкт-Петербург,iOS,0
102499,2025-02-20,39,Москва,iOS,0
102500,2025-08-15,50,Самара,iOS,0
102501,2025-02-24,53,Новосибирск,Android,0
102502,2025-08-25,18,Екатеринбург,Android,0
102503,2026-03-11,46,Екатеринбург,Android,1
102504,2025-08-18,32,Екатеринбург,Android,0
102505,2026-01-24,35,Казань,iOS,0
102506,2025-12-30,20,Казань,Android,0
102507,2025-04-26,35,Москва,iOS,0
102508,2025-08-08,48,Нижний Новгород,iOS,0
102509,2024-12-25,39,Москва,iOS,0
102510,2025-01-25,42,Екатеринбург,iOS,0
102511,2026-04-20,52,Самара,Android,1
102512,2025-10-21,42,Новосибирск,iOS,0
102513,2025-07-03,33,Москва,iOS,0
102514,2025-01-02,33,Самара,Android,0
102515,2026-01-10,22,Новосибирск,iOS,0
102516,2025-11-23,32,Москва,Android,0
102517,2025-04-21,31,Казань,Android,0
102518,2025-01-15,38,Казань,Android,0
102519,2025-05-15,42,Новосибирск,iOS,0
102520,2025-06-01,26,Новосибирск,Android,0
102521,2025-04-02,28,Казань,Android,0
102522,2025-01-18,25,Самара,iOS,0
102523,2025-09-29,43,Санкт-Петербург,iOS,0
102524,2025-11-12,18,Санкт-Петербург,Android,0
102525,2026-04-13,32,Екатеринбург,Android,1
102526,2025-12-27,27,Москва,iOS,0
102527,2026-02-21,52,Нижний Новгород,Android,0
102528,2026-01-08,23,Санкт-Петербург,iOS,0
102529,2025-03-30,41,Казань,iOS,0
102530,2025-09-08,55,Екатеринбург,Android,0
102531,2025-04-08,43,Москва,Android,0
102532,2025-08-18,41,Самара,iOS,0
102533,2025-01-11,34,Нижний Новгород,iOS,0
102534,2025-03-31,29,Казань,Android,0
102535,2025-06-18,29,Самара,iOS,0
102536,2026-04-25,39,Москва,Android,1
102537,2025-01-13,34,Новосибирск,Android,0
102538,2025-08-11,43,Екатеринбург,iOS,0
102539,2025-08-31,43,Москва,Android,0
102540,2025-06-18,28,Самара,iOS,0
102541,2025-03-29,40,Санкт-Петербург,iOS,0
102542,2026-03-29,27,Новосибирск,Android,1
102543,2025-01-24,34,Санкт-Петербург,iOS,0
102544,2025-11-30,41,Екатеринбург,Android,0
102545,2025-02-19,33,Москва,iOS,0
102546,2026-03-29,39,Екатеринбург,Android,1
102547,2025-04-14,32,Москва,Android,0
102548,2025-03-16,25,Санкт-Петербург,iOS,0
102549,2025-09-02,26,Новосибирск,iOS,0
102550,2025-09-02,42,Екатеринбург,Android,0
102551,2025-08-23,44,Москва,Android,0
102552,2025-07-01,28,Новосибирск,Android,0
102553,2025-09-23,27,Санкт-Петербург,iOS,0
102554,2026-01-28,34,Самара,Android,0
102555,2025-12-24,41,Новосибирск,iOS,0
102556,2025-06-19,27,Екатеринбург,Android,0
102557,2025-03-13,36,Самара,iOS,0
102558,2026-02-14,28,Москва,Android,0
102559,2025-09-11,52,Казань,iOS,0
102560,2025-01-02,52,Екатеринбург,Android,0
102561,2025-06-14,18,Санкт-Петербург,iOS,0
102562,2025-07-04,44,Новосибирск,iOS,0
102563,2025-07-05,45,Нижний Новгород,iOS,0
102564,2024-12-25,54,Самара,iOS,0
102565,2025-07-15,35,Самара,iOS,0
102566,2025-06-27,46,Новосибирск,Android,0
102567,2025-12-02,44,Екатеринбург,Android,0
102568,2025-04-19,23,Москва,Android,0
102569,2025-09-25,27,Новосибирск,iOS,0
102570,2026-01-03,37,Нижний Новгород,Android,0
102571,2025-05-27,20,Нижний Новгород,Android,0
102572,2026-01-19,46,Екатеринбург,Android,0
102573,2025-11-22,29,Санкт-Петербург,Android,0
102574,2026-03-16,27,Екатеринбург,Android,1
102575,2025-05-03,39,Екатеринбург,iOS,0
102576,2026-01-25,30,Санкт-Петербург,iOS,0
102577,2025-08-17,18,Екатеринбург,iOS,0
102578,2025-11-23,30,Екатеринбург,iOS,0
102579,2025-07-01,39,Самара,Android,0
102580,2025-11-30,32,Самара,iOS,0
102581,2025-09-01,33,Казань,Android,0
102582,2025-09-21,32,Самара,iOS,0
102583,2025-05-15,18,Екатеринбург,Android,0
102584,2025-05-02,41,Казань,Android,0
102585,2024-12-30,43,Нижний Новгород,Android,0
102586,2025-02-22,39,Санкт-Петербург,Android,0
102587,2026-01-02,57,Новосибирск,iOS,0
102588,2025-02-28,41,Нижний Новгород,Android,0
102589,2025-12-28,26,Новосибирск,iOS,0
102590,2025-02-07,41,Санкт-Петербург,Android,0
102591,2025-06-23,20,Новосибирск,Android,0
102592,2025-04-18,18,Екатеринбург,iOS,0
102593,2026-02-02,43,Москва,Android,0
102594,2026-04-25,34,Санкт-Петербург,Android,1
102595,2025-02-26,39,Москва,Android,0
102596,2025-04-13,33,Москва,iOS,0
102597,2025-07-21,21,Санкт-Петербург,iOS,0
102598,2026-01-18,37,Екатеринбург,iOS,0
102599,2026-01-31,31,Москва,iOS,0
102600,2025-09-11,42,Санкт-Петербург,Android,0
102601,2026-03-24,34,Москва,iOS,1
102602,2025-10-20,35,Новосибирск,iOS,0
102603,2025-11-28,40,Нижний Новгород,Android,0
102604,2025-12-17,18,Екатеринбург,iOS,0
102605,2025-06-24,29,Новосибирск,iOS,0
102606,2025-10-09,35,Самара,Android,0
102607,2026-04-04,35,Санкт-Петербург,iOS,1
102608,2025-05-06,37,Екатеринбург,Android,0
102609,2025-07-21,42,Нижний Новгород,Android,0
102610,2025-01-04,18,Самара,Android,0
102611,2025-04-13,30,Екатеринбург,Android,0
102612,2026-02-27,34,Казань,iOS,0
102613,2024-12-19,24,Самара,Android,0
102614,2025-05-23,48,Нижний Новгород,Android,0
102615,2026-02-19,34,Екатеринбург,Android,0
102616,2025-02-12,37,Самара,Android,0
102617,2025-12-21,35,Новосибирск,Android,0
102618,2026-03-02,38,Москва,iOS,0
102619,2025-10-17,48,Москва,Android,0
102620,2025-02-21,37,Казань,iOS,0
102621,2025-11-02,39,Екатеринбург,iOS,0
102622,2026-04-27,44,Нижний Новгород,Android,1
102623,2026-01-27,35,Санкт-Петербург,Android,0
102624,2025-02-07,32,Санкт-Петербург,iOS,0
102625,2025-02-21,20,Самара,iOS,0
102626,2025-04-10,25,Москва,Android,0
102627,2025-08-01,34,Нижний Новгород,iOS,0
102628,2025-04-08,44,Самара,Android,0
102629,2025-02-18,39,Казань,iOS,0
102630,2025-10-12,36,Казань,iOS,0
102631,2025-02-02,30,Самара,iOS,0
102632,2025-03-19,30,Самара,Android,0
102633,2026-03-09,29,Санкт-Петербург,iOS,1
102634,2025-01-20,23,Нижний Новгород,Android,0
102635,2025-09-09,26,Самара,Android,0
102636,2025-07-16,18,Новосибирск,iOS,0
102637,2025-01-12,49,Екатеринбург,Android,0
102638,2026-01-02,39,Санкт-Петербург,Android,0
102639,2024-12-28,18,Казань,Android,0
102640,2025-12-17,28,Нижний Новгород,iOS,0
102641,2025-06-09,50,Новосибирск,Android,0
102642,2025-03-22,35,Новосибирск,iOS,0
102643,2025-05-25,28,Казань,iOS,0
102644,2025-08-02,39,Москва,Android,0
102645,2025-05-26,20,Самара,Android,0
102646,2025-02-14,30,Нижний Новгород,iOS,0
102647,2025-05-22,48,Самара,Android,0
102648,2025-06-12,30,Казань,iOS,0
102649,2025-11-25,33,Новосибирск,Android,0
102650,2025-02-22,23,Самара,Android,0
102651,2026-03-24,37,Екатеринбург,Android,1
102652,2025-06-13,20,Казань,iOS,0
102653,2025-05-23,37,Казань,Android,0
102654,2026-02-27,32,Екатеринбург,iOS,0
102655,2025-02-07,43,Москва,iOS,0
102656,2026-04-26,38,Санкт-Петербург,iOS,1
102657,2025-04-25,21,Самара,Android,0
102658,2025-08-13,39,Нижний Новгород,iOS,0
102659,2025-03-09,43,Екатеринбург,Android,0
102660,2026-04-05,19,Екатеринбург,iOS,1
102661,2025-06-05,29,Екатеринбург,Android,0
102662,2025-05-04,52,Казань,iOS,0
102663,2026-03-01,33,Екатеринбург,iOS,0
102664,2025-07-22,40,Самара,Android,0
102665,2025-04-22,37,Новосибирск,Android,0
102666,2025-01-08,25,Новосибирск,Android,0
102667,2025-05-16,29,Нижний Новгород,Android,0
102668,2025-12-28,26,Нижний Новгород,Android,0
102669,2025-02-02,52,Самара,iOS,0
102670,2025-05-27,37,Казань,Android,0
102671,2025-05-20,38,Санкт-Петербург,Android,0
102672,2025-04-21,53,Екатеринбург,iOS,0
102673,2025-04-23,55,Санкт-Петербург,iOS,0
102674,2025-09-28,18,Москва,iOS,0
102675,2025-04-24,38,Нижний Новгород,Android,0
102676,2026-02-21,45,Екатеринбург,Android,0
102677,2025-07-20,25,Нижний Новгород,Android,0
102678,2026-02-25,42,Санкт-Петербург,iOS,0
102679,2025-09-22,29,Новосибирск,iOS,0
102680,2025-02-20,38,Екатеринбург,iOS,0
102681,2026-04-05,32,Нижний Новгород,iOS,1
102682,2025-01-10,37,Санкт-Петербург,iOS,0
102683,2025-05-16,32,Санкт-Петербург,Android,0
102684,2026-01-26,27,Самара,Android,0
102685,2024-12-21,46,Нижний Новгород,iOS,0
102686,2025-09-26,39,Москва,iOS,0
102687,2025-09-23,36,Екатеринбург,Android,0
102688,2025-12-08,26,Санкт-Петербург,iOS,0
102689,2025-10-03,26,Самара,Android,0
102690,2026-03-07,40,Самара,iOS,1
102691,2025-02-18,41,Нижний Новгород,Android,0
102692,2025-07-09,32,Казань,Android,0
102693,2026-02-23,29,Нижний Новгород,Android,0
102694,2026-03-22,28,Самара,iOS,1
102695,2025-01-26,44,Самара,Android,0
102696,2025-09-30,48,Нижний Новгород,iOS,0
102697,2025-11-24,23,Нижний Новгород,iOS,0
102698,2025-12-09,22,Екатеринбург,iOS,0
102699,2025-05-28,25,Нижний Новгород,Android,0
102700,2025-04-07,31,Нижний Новгород,iOS,0
102701,2025-05-29,34,Нижний Новгород,Android,0
102702,2025-10-08,31,Новосибирск,Android,0
102703,2025-04-14,34,Нижний Новгород,Android,0
102704,2024-12-24,21,Казань,iOS,0
102705,2026-03-12,41,Москва,iOS,1
102706,2025-03-04,26,Нижний Новгород,iOS,0
102707,2025-11-21,38,Санкт-Петербург,Android,0
102708,2026-01-14,28,Нижний Новгород,iOS,0
102709,2025-10-09,34,Самара,iOS,0
102710,2025-03-02,47,Нижний Новгород,iOS,0
102711,2025-09-30,39,Москва,Android,0
102712,2025-04-21,51,Нижний Новгород,Android,0
102713,2025-05-02,34,Новосибирск,Android,0
102714,2025-06-05,26,Новосибирск,iOS,0
102715,2025-08-17,36,Новосибирск,iOS,0
102716,2025-10-03,22,Москва,iOS,0
102717,2026-01-09,46,Самара,iOS,0
102718,2025-08-06,64,Москва,Android,0
102719,2025-04-08,47,Казань,Android,0
102720,2025-04-01,40,Новосибирск,iOS,0
102721,2025-06-15,25,Санкт-Петербург,Android,0
102722,2025-04-11,48,Казань,iOS,0
102723,2025-04-07,50,Самара,iOS,0
102724,2025-03-24,24,Москва,iOS,0
102725,2025-11-12,32,Москва,Android,0
102726,2025-11-10,39,Новосибирск,Android,0
102727,2025-07-12,34,Санкт-Петербург,iOS,0
102728,2025-05-17,26,Нижний Новгород,iOS,0
102729,2025-06-16,23,Санкт-Петербург,Android,0
102730,2024-12-28,22,Екатеринбург,Android,0
102731,2025-12-04,42,Екатеринбург,iOS,0
102732,2026-04-06,33,Новосибирск,iOS,1
102733,2026-04-06,28,Новосибирск,Android,1
102734,2025-03-03,33,Екатеринбург,iOS,0
102735,2025-11-23,49,Нижний Новгород,Android,0
102736,2025-12-03,21,Самара,Android,0
102737,2025-01-01,34,Санкт-Петербург,iOS,0
102738,2024-12-30,36,Екатеринбург,iOS,0
102739,2025-01-16,38,Екатеринбург,Android,0
102740,2026-03-12,33,Санкт-Петербург,iOS,1
102741,2024-12-17,42,Санкт-Петербург,iOS,0
102742,2025-05-11,54,Новосибирск,Android,0
102743,2025-06-30,26,Казань,Android,0
102744,2025-10-12,33,Москва,iOS,0
102745,2025-07-08,33,Новосибирск,iOS,0
102746,2025-06-21,44,Екатеринбург,Android,0
102747,2025-01-20,46,Санкт-Петербург,iOS,0
102748,2025-12-27,51,Екатеринбург,iOS,0
102749,2026-03-24,18,Санкт-Петербург,iOS,1
102750,2024-12-20,18,Новосибирск,iOS,0
102751,2026-04-01,35,Казань,Android,1
102752,2025-05-15,24,Санкт-Петербург,Android,0
102753,2025-10-31,38,Екатеринбург,iOS,0
102754,2025-08-28,23,Казань,Android,0
102755,2026-01-29,56,Екатеринбург,iOS,0
102756,2025-04-08,29,Казань,Android,0
102757,2026-03-27,21,Казань,iOS,1
102758,2024-12-18,47,Екатеринбург,iOS,0
102759,2025-05-25,50,Санкт-Петербург,iOS,0
102760,2024-12-21,18,Екатеринбург,iOS,0
102761,2025-01-21,47,Самара,iOS,0
102762,2025-07-11,40,Казань,iOS,0
102763,2026-03-03,18,Санкт-Петербург,iOS,1
102764,2026-03-05,54,Нижний Новгород,iOS,1
102765,2025-12-20,43,Москва,iOS,0
102766,2025-01-28,39,Самара,Android,0
102767,2026-04-27,30,Казань,Android,1
102768,2025-06-22,50,Нижний Новгород,Android,0
102769,2024-12-22,39,Екатеринбург,Android,0
102770,2025-12-21,49,Нижний Новгород,Android,0
102771,2025-03-17,28,Санкт-Петербург,iOS,0
102772,2025-04-28,30,Казань,Android,0
102773,2025-12-06,31,Казань,iOS,0
102774,2025-05-06,33,Самара,Android,0
102775,2026-01-16,43,Санкт-Петербург,iOS,0
102776,2025-06-24,43,Казань,iOS,0
102777,2025-01-16,24,Казань,iOS,0
102778,2025-06-30,26,Санкт-Петербург,Android,0
102779,2025-05-25,39,Санкт-Петербург,iOS,0
102780,2025-11-11,34,Нижний Новгород,Android,0
102781,2025-03-09,44,Новосибирск,Android,0
102782,2025-05-28,46,Самара,Android,0
102783,2025-02-27,51,Казань,Android,0
102784,2025-06-03,18,Новосибирск,Android,0
102785,2026-02-09,41,Нижний Новгород,Android,0
102786,2025-12-25,25,Казань,iOS,0
102787,2026-02-28,44,Санкт-Петербург,Android,0
102788,2024-12-31,50,Нижний Новгород,Android,0
102789,2025-06-04,20,Казань,iOS,0
102790,2025-02-01,48,Казань,iOS,0
102791,2025-01-18,46,Казань,iOS,0
102792,2025-08-05,41,Нижний Новгород,Android,0
102793,2025-11-21,27,Самара,iOS,0
102794,2025-08-11,43,Нижний Новгород,iOS,0
102795,2025-05-24,50,Санкт-Петербург,iOS,0
102796,2025-08-22,25,Казань,Android,0
102797,2025-10-17,43,Нижний Новгород,Android,0
102798,2025-06-15,21,Санкт-Петербург,Android,0
102799,2025-08-14,37,Екатеринбург,Android,0
102800,2026-03-31,24,Новосибирск,Android,1
102801,2025-02-22,25,Казань,iOS,0
102802,2025-05-15,27,Самара,Android,0
102803,2025-05-27,37,Нижний Новгород,iOS,0
102804,2026-01-25,18,Нижний Новгород,Android,0
102805,2025-11-04,43,Санкт-Петербург,iOS,0
102806,2025-10-13,43,Москва,iOS,0
102807,2025-02-26,41,Санкт-Петербург,Android,0
102808,2025-02-01,32,Казань,Android,0
102809,2026-01-13,18,Екатеринбург,Android,0
102810,2025-10-29,55,Санкт-Петербург,Android,0
102811,2026-04-11,35,Самара,iOS,1
102812,2026-04-13,59,Новосибирск,Android,1
102813,2025-06-14,44,Казань,iOS,0
102814,2025-11-18,37,Казань,iOS,0
102815,2025-03-31,30,Новосибирск,Android,0
102816,2024-12-25,34,Санкт-Петербург,iOS,0
102817,2025-04-19,43,Новосибирск,Android,0
102818,2025-09-02,36,Москва,Android,0
102819,2026-02-14,26,Самара,iOS,0
102820,2025-09-06,42,Самара,iOS,0
102821,2025-07-16,45,Казань,Android,0
102822,2026-04-30,39,Екатеринбург,iOS,1
102823,2025-11-24,30,Екатеринбург,iOS,0
102824,2025-06-01,32,Новосибирск,Android,0
102825,2026-01-13,28,Нижний Новгород,Android,0
102826,2025-11-03,45,Казань,Android,0
102827,2025-04-26,22,Казань,iOS,0
102828,2025-01-09,20,Санкт-Петербург,iOS,0
102829,2025-11-28,30,Новосибирск,Android,0
102830,2026-02-01,48,Москва,iOS,0
102831,2025-10-23,29,Нижний Новгород,iOS,0
102832,2026-02-19,21,Санкт-Петербург,Android,0
102833,2025-04-09,25,Санкт-Петербург,Android,0
102834,2025-05-01,47,Екатеринбург,Android,0
102835,2026-04-10,42,Москва,iOS,1
102836,2025-02-28,38,Казань,Android,0
102837,2025-10-29,24,Новосибирск,iOS,0
102838,2025-08-14,43,Екатеринбург,iOS,0
102839,2025-05-17,34,Новосибирск,iOS,0
102840,2025-08-01,20,Нижний Новгород,iOS,0
102841,2025-12-25,47,Самара,iOS,0
102842,2025-04-21,36,Нижний Новгород,iOS,0
102843,2026-01-04,20,Новосибирск,Android,0
102844,2025-08-13,29,Новосибирск,Android,0
102845,2025-01-03,44,Нижний Новгород,Android,0
102846,2025-06-06,27,Санкт-Петербург,Android,0
102847,2025-09-28,29,Казань,iOS,0
102848,2025-05-08,38,Казань,Android,0
102849,2025-02-22,27,Новосибирск,iOS,0
102850,2025-01-25,21,Новосибирск,Android,0
102851,2025-09-25,36,Самара,iOS,0
102852,2026-01-09,20,Новосибирск,Android,0
102853,2025-08-05,18,Санкт-Петербург,iOS,0
102854,2025-09-05,36,Москва,iOS,0
102855,2025-08-18,29,Самара,Android,0
102856,2025-10-23,29,Нижний Новгород,Android,0
102857,2025-04-14,45,Екатеринбург,iOS,0
102858,2025-08-31,40,Самара,Android,0
102859,2024-12-17,18,Новосибирск,iOS,0
102860,2025-10-07,35,Санкт-Петербург,iOS,0
102861,2026-04-16,37,Новосибирск,Android,1
102862,2025-01-17,52,Самара,Android,0
102863,2025-11-02,53,Москва,iOS,0
102864,2025-10-17,18,Самара,iOS,0
102865,2025-05-18,21,Новосибирск,Android,0
102866,2025-08-01,53,Нижний Новгород,Android,0
102867,2025-02-15,18,Казань,iOS,0
102868,2026-04-30,40,Екатеринбург,iOS,1
102869,2025-09-15,47,Новосибирск,Android,0
102870,2025-12-11,24,Екатеринбург,Android,0
102871,2025-04-21,35,Москва,Android,0
102872,2025-09-01,27,Нижний Новгород,iOS,0
102873,2025-06-13,43,Самара,iOS,0
102874,2026-03-02,18,Москва,Android,0
102875,2025-07-13,37,Санкт-Петербург,Android,0
102876,2026-01-21,38,Самара,iOS,0
102877,2025-03-25,28,Казань,Android,0
102878,2025-02-25,28,Новосибирск,iOS,0
102879,2025-10-03,45,Санкт-Петербург,iOS,0
102880,2025-05-30,25,Санкт-Петербург,Android,0
102881,2025-09-02,35,Казань,iOS,0
102882,2025-07-14,44,Москва,Android,0
102883,2025-09-21,33,Екатеринбург,Android,0
102884,2026-01-07,20,Екатеринбург,Android,0
102885,2026-03-27,24,Казань,Android,1
102886,2025-09-04,18,Самара,iOS,0
102887,2025-11-14,41,Москва,Android,0
102888,2025-06-11,34,Санкт-Петербург,Android,0
102889,2026-04-19,18,Екатеринбург,iOS,1
102890,2025-01-20,32,Самара,iOS,0
102891,2025-07-10,33,Санкт-Петербург,iOS,0
102892,2025-11-06,51,Новосибирск,Android,0
102893,2025-05-23,24,Казань,Android,0
102894,2025-06-05,36,Москва,Android,0
102895,2025-06-23,20,Нижний Новгород,Android,0
102896,2025-08-30,26,Санкт-Петербург,iOS,0
102897,2026-03-09,41,Новосибирск,Android,1
102898,2025-08-13,24,Санкт-Петербург,Android,0
102899,2025-12-07,48,Екатеринбург,iOS,0
102900,2025-08-27,37,Самара,Android,0
102901,2024-12-20,29,Екатеринбург,iOS,0
102902,2025-02-26,44,Москва,iOS,0
102903,2025-06-19,35,Самара,Android,0
102904,2025-06-26,41,Санкт-Петербург,Android,0
102905,2025-09-13,20,Москва,Android,0
102906,2026-04-22,18,Нижний Новгород,Android,1
102907,2025-01-21,35,Санкт-Петербург,Android,0
102908,2025-04-13,25,Самара,Android,0
102909,2025-12-21,38,Екатеринбург,Android,0
102910,2025-08-12,25,Самара,iOS,0
102911,2026-02-26,26,Казань,Android,0
102912,2025-05-08,31,Казань,iOS,0
102913,2025-05-09,43,Санкт-Петербург,iOS,0
102914,2025-07-12,18,Екатеринбург,iOS,0
102915,2025-04-24,33,Москва,iOS,0
102916,2025-03-16,30,Самара,iOS,0
102917,2025-09-01,45,Санкт-Петербург,Android,0
102918,2026-04-07,19,Санкт-Петербург,Android,1
102919,2025-07-07,34,Екатеринбург,iOS,0
102920,2025-09-03,49,Москва,Android,0
102921,2025-06-18,36,Нижний Новгород,Android,0
102922,2026-01-02,34,Екатеринбург,iOS,0
102923,2025-02-06,34,Санкт-Петербург,iOS,0
102924,2025-03-19,56,Москва,Android,0
102925,2025-12-14,40,Санкт-Петербург,iOS,0
102926,2025-08-03,49,Нижний Новгород,Android,0
102927,2025-08-04,37,Новосибирск,iOS,0
102928,2025-05-13,45,Казань,iOS,0
102929,2024-12-24,37,Самара,iOS,0
102930,2025-01-15,49,Нижний Новгород,iOS,0
102931,2025-07-31,37,Новосибирск,iOS,0
102932,2025-08-10,34,Екатеринбург,Android,0
102933,2025-12-04,33,Санкт-Петербург,iOS,0
102934,2026-03-09,34,Самара,iOS,1
102935,2025-03-18,38,Самара,iOS,0
102936,2025-03-15,32,Москва,Android,0
102937,2025-01-15,51,Новосибирск,iOS,0
102938,2025-10-27,34,Нижний Новгород,iOS,0
102939,2025-07-17,35,Новосибирск,iOS,0
102940,2025-05-28,19,Казань,iOS,0
102941,2026-03-18,61,Нижний Новгород,iOS,1
102942,2025-04-26,29,Казань,Android,0
102943,2026-04-15,49,Москва,Android,1
102944,2025-11-24,29,Новосибирск,iOS,0
102945,2025-11-09,32,Самара,Android,0
102946,2026-04-12,43,Казань,iOS,1
102947,2025-04-10,28,Нижний Новгород,iOS,0
102948,2025-05-07,34,Санкт-Петербург,iOS,0
102949,2026-03-29,29,Новосибирск,iOS,1
102950,2026-01-13,30,Казань,Android,0
102951,2024-12-30,22,Самара,Android,0
102952,2025-01-20,43,Москва,iOS,0
102953,2025-01-15,32,Санкт-Петербург,iOS,0
102954,2024-12-28,27,Екатеринбург,iOS,0
102955,2026-03-14,26,Самара,iOS,1
102956,2025-01-13,35,Новосибирск,Android,0
102957,2025-07-27,19,Екатеринбург,Android,0
102958,2025-12-03,24,Москва,Android,0
102959,2026-02-13,37,Новосибирск,Android,0
102960,2026-04-03,38,Санкт-Петербург,Android,1
102961,2025-03-07,43,Самара,Android,0
102962,2025-10-02,36,Самара,iOS,0
102963,2026-01-24,41,Самара,Android,0
102964,2026-04-23,25,Казань,iOS,1
102965,2025-02-12,35,Новосибирск,iOS,0
102966,2025-02-03,24,Екатеринбург,Android,0
102967,2026-01-11,33,Казань,Android,0
102968,2025-07-20,33,Нижний Новгород,Android,0
102969,2025-04-05,35,Нижний Новгород,Android,0
102970,2026-01-27,34,Новосибирск,Android,0
102971,2026-01-06,37,Самара,Android,0
102972,2026-02-02,30,Москва,iOS,0
102973,2025-11-02,42,Казань,iOS,0
102974,2024-12-24,29,Нижний Новгород,iOS,0
102975,2025-11-24,25,Санкт-Петербург,iOS,0
102976,2025-01-09,27,Самара,iOS,0
102977,2025-08-21,29,Нижний Новгород,Android,0
102978,2024-12-25,37,Екатеринбург,iOS,0
102979,2025-04-21,25,Санкт-Петербург,Android,0
102980,2025-01-30,37,Москва,iOS,0
102981,2025-05-28,32,Новосибирск,Android,0
102982,2025-09-08,42,Нижний Новгород,Android,0
102983,2026-04-16,34,Казань,Android,1
102984,2025-11-29,25,Казань,Android,0
102985,2025-01-14,43,Екатеринбург,Android,0
102986,2025-06-18,48,Нижний Новгород,iOS,0
102987,2025-07-26,46,Новосибирск,Android,0
102988,2025-02-16,47,Казань,iOS,0
102989,2026-01-20,31,Екатеринбург,iOS,0
102990,2026-03-13,36,Казань,iOS,1
102991,2025-08-23,28,Нижний Новгород,iOS,0
102992,2026-01-12,23,,iOS,0
102993,2026-01-09,31,Москва,iOS,0
102994,2025-12-11,33,Екатеринбург,Android,0
102995,2025-04-13,23,Самара,iOS,0
102996,2025-04-29,38,Самара,iOS,0
102997,2025-09-18,36,Самара,iOS,0
102998,2025-02-20,25,Новосибирск,iOS,0
102999,2025-06-26,27,Москва,Android,0
103000,2025-08-17,42,Нижний Новгород,iOS,0
103001,2026-03-05,38,Самара,Android,1
103002,2026-02-13,44,Екатеринбург,Android,0
103003,2025-07-10,26,Новосибирск,iOS,0
103004,2025-06-19,29,Москва,Android,0
103005,2025-03-10,39,Екатеринбург,Android,0
103006,2025-11-14,30,Москва,Android,0
103007,2025-02-15,38,Самара,Android,0
103008,2025-09-03,38,Екатеринбург,iOS,0
103009,2025-04-21,28,Екатеринбург,Android,0
103010,2025-07-20,22,Новосибирск,iOS,0
103011,2025-03-11,24,Екатеринбург,iOS,0
103012,2025-09-26,47,Екатеринбург,Android,0
103013,2026-03-07,20,Самара,iOS,1
103014,2026-04-08,18,Казань,Android,1
103015,2025-02-26,24,Москва,iOS,0
103016,2025-08-02,23,Самара,Android,0
103017,2025-09-16,29,Казань,iOS,0
103018,2025-09-22,30,Санкт-Петербург,Android,0
103019,2025-11-09,38,Казань,Android,0
103020,2025-06-30,50,Екатеринбург,Android,0
103021,2025-09-30,31,Нижний Новгород,Android,0
103022,2025-01-08,59,Москва,iOS,0
103023,2025-04-05,37,Москва,iOS,0
103024,2024-12-26,34,Санкт-Петербург,iOS,0
103025,2025-01-21,31,Казань,iOS,0
103026,2026-04-28,33,Нижний Новгород,Android,1
103027,2025-07-30,46,Екатеринбург,iOS,0
103028,2025-05-15,30,Казань,Android,0
103029,2025-12-04,35,Нижний Новгород,Android,0
103030,2025-05-02,39,Москва,iOS,0
103031,2025-08-23,39,Новосибирск,iOS,0
103032,2026-04-01,33,Санкт-Петербург,Android,1
103033,2024-12-19,20,Казань,Android,0
103034,2025-07-06,23,Новосибирск,iOS,0
103035,2025-05-10,28,Новосибирск,Android,0
103036,2025-10-18,41,Екатеринбург,iOS,0
103037,2025-04-29,33,Новосибирск,Android,0
103038,2025-09-06,35,Казань,Android,0
103039,2026-04-13,30,Новосибирск,Android,1
103040,2025-07-06,49,Новосибирск,iOS,0
103041,2025-06-15,35,Санкт-Петербург,iOS,0
103042,2025-04-17,33,Новосибирск,iOS,0
103043,2025-09-29,35,Москва,Android,0
103044,2026-02-27,21,Екатеринбург,iOS,0
103045,2025-09-18,30,Казань,Android,0
103046,2026-03-29,36,Казань,Android,1
103047,2026-02-20,45,Екатеринбург,iOS,0
103048,2026-02-16,45,Санкт-Петербург,iOS,0
103049,2026-03-11,40,Казань,iOS,1
103050,2026-02-08,29,Самара,iOS,0
103051,2025-01-02,43,Москва,Android,0
103052,2026-03-17,39,Самара,iOS,1
103053,2026-02-25,52,Санкт-Петербург,Android,0
103054,2025-07-22,46,Санкт-Петербург,Android,0
103055,2025-06-11,41,Москва,iOS,0
103056,2025-02-02,22,Новосибирск,Android,0
103057,2025-05-01,38,Новосибирск,Android,0
103058,2025-10-20,32,Москва,Android,0
103059,2024-12-30,25,Новосибирск,iOS,0
103060,2025-01-10,22,Самара,Android,0
103061,2025-03-21,22,Санкт-Петербург,Android,0
103062,2025-02-11,27,Новосибирск,iOS,0
103063,2024-12-24,44,Нижний Новгород,Android,0
103064,2025-12-08,29,Новосибирск,iOS,0
103065,2025-10-17,30,Москва,iOS,0
103066,2025-12-26,40,Москва,iOS,0
103067,2025-01-05,33,Новосибирск,Android,0
103068,2025-03-28,33,Казань,Android,0
103069,2025-09-24,53,Москва,Android,0
103070,2025-10-06,33,Самара,Android,0
103071,2026-02-25,37,Екатеринбург,iOS,0
103072,2025-05-29,34,Самара,iOS,0
103073,2026-01-19,40,Екатеринбург,Android,0
103074,2025-09-14,44,Нижний Новгород,Android,0
103075,2025-07-03,21,Екатеринбург,Android,0
103076,2025-07-17,34,Новосибирск,Android,0
103077,2025-10-12,44,Нижний Новгород,Android,0
103078,2026-01-03,28,Новосибирск,Android,0
103079,2025-07-01,24,Нижний Новгород,Android,0
103080,2025-03-04,66,Нижний Новгород,iOS,0
103081,2025-08-07,51,Нижний Новгород,iOS,0
103082,2025-04-15,23,Самара,Android,0
103083,2025-06-10,31,Самара,Android,0
103084,2026-01-04,34,Нижний Новгород,Android,0
103085,2026-01-29,43,Новосибирск,Android,0
103086,2026-03-14,30,Новосибирск,iOS,1
103087,2026-01-04,38,Санкт-Петербург,Android,0
103088,2025-12-06,26,Екатеринбург,iOS,0
103089,2025-08-11,36,Новосибирск,Android,0
103090,2025-03-17,35,Самара,Android,0
103091,2025-02-02,30,Екатеринбург,Android,0
103092,2025-08-21,54,Екатеринбург,iOS,0
103093,2025-10-27,34,Казань,iOS,0
103094,2025-12-25,29,Нижний Новгород,Android,0
103095,2025-09-22,34,Москва,Android,0
103096,2025-11-20,18,Казань,Android,0
103097,2026-01-29,26,Казань,iOS,0
103098,2025-09-13,27,Екатеринбург,iOS,0
103099,2025-02-24,49,Казань,Android,0
103100,2025-12-19,22,Санкт-Петербург,Android,0
103101,2025-07-08,33,Казань,Android,0
103102,2025-11-23,34,Екатеринбург,Android,0
103103,2025-07-18,43,Новосибирск,Android,0
103104,2025-10-24,35,Новосибирск,iOS,0
103105,2025-08-21,26,Нижний Новгород,Android,0
103106,2025-10-14,51,Нижний Новгород,Android,0
103107,2025-01-18,39,Казань,iOS,0
103108,2026-01-12,20,Москва,iOS,0
103109,2025-05-03,32,Новосибирск,iOS,0
103110,2025-03-15,47,Екатеринбург,iOS,0
103111,2026-04-20,53,Москва,Android,1
103112,2025-07-31,30,Самара,iOS,0
103113,2025-06-03,43,Нижний Новгород,iOS,0
103114,2025-08-26,60,Санкт-Петербург,Android,0
103115,2025-12-14,28,Санкт-Петербург,Android,0
103116,2025-02-09,38,Нижний Новгород,iOS,0
103117,2026-03-02,50,Самара,Android,0
103118,2025-04-07,31,Санкт-Петербург,iOS,0
103119,2025-03-11,39,Нижний Новгород,Android,0
103120,2024-12-18,38,Казань,Android,0
103121,2025-11-09,27,Казань,iOS,0
103122,2026-03-13,36,Самара,iOS,1
103123,2026-02-18,41,Санкт-Петербург,Android,0
103124,2025-06-30,28,Москва,Android,0
103125,2025-06-26,35,Новосибирск,iOS,0
103126,2026-04-29,52,Санкт-Петербург,Android,1
103127,2025-06-20,18,Екатеринбург,Android,0
103128,2026-04-02,36,Москва,iOS,1
103129,2026-04-04,22,Самара,Android,1
103130,2026-02-16,29,Москва,Android,0
103131,2026-02-20,39,Нижний Новгород,Android,0
103132,2025-10-06,37,Екатеринбург,iOS,0
103133,2026-03-16,24,Нижний Новгород,Android,1
103134,2025-06-13,33,Казань,Android,0
103135,2026-03-28,34,Москва,iOS,1
103136,2026-01-10,28,Санкт-Петербург,iOS,0
103137,2025-07-21,43,Казань,Android,0
103138,2025-10-13,44,Новосибирск,iOS,0
103139,2025-11-21,30,Санкт-Петербург,Android,0
103140,2025-10-04,21,Самара,Android,0
103141,2025-02-11,53,Самара,iOS,0
103142,2026-03-09,24,Екатеринбург,Android,1
103143,2026-03-20,45,Новосибирск,Android,1
103144,2026-03-24,28,Новосибирск,Android,1
103145,2025-10-29,27,Казань,Android,0
103146,2025-01-29,30,Казань,Android,0
103147,2025-05-21,27,Санкт-Петербург,iOS,0
103148,2025-12-09,35,Новосибирск,iOS,0
103149,2026-02-24,38,Екатеринбург,Android,0
103150,2025-08-12,40,Екатеринбург,iOS,0
103151,2025-07-12,40,Нижний Новгород,iOS,0
103152,2024-12-25,32,Санкт-Петербург,iOS,0
103153,2026-01-21,45,Новосибирск,Android,0
103154,2025-12-12,45,Самара,iOS,0
103155,2025-09-30,33,Санкт-Петербург,Android,0
103156,2025-03-21,34,Казань,Android,0
103157,2025-09-11,21,Екатеринбург,iOS,0
103158,2025-06-01,32,Казань,Android,0
103159,2026-02-24,35,Санкт-Петербург,Android,0
103160,2025-12-17,51,Новосибирск,Android,0
103161,2025-10-10,39,Нижний Новгород,iOS,0
103162,2026-01-20,35,Санкт-Петербург,iOS,0
103163,2025-06-23,39,Санкт-Петербург,iOS,0
103164,2024-12-19,18,Самара,iOS,0
103165,2025-06-05,43,Самара,Android,0
103166,2025-10-10,18,Екатеринбург,Android,0
103167,2025-02-23,32,Новосибирск,iOS,0
103168,2025-10-30,34,Санкт-Петербург,Android,0
103169,2025-05-17,23,Новосибирск,iOS,0
103170,2025-06-30,29,Нижний Новгород,Android,0
103171,2025-07-14,45,Казань,Android,0
103172,2026-02-27,26,Самара,Android,0
103173,2025-09-05,34,Екатеринбург,Android,0
103174,2025-09-13,19,Самара,iOS,0
103175,2026-04-13,32,Самара,iOS,1
103176,2026-02-12,22,Москва,iOS,0
103177,2026-01-29,31,Санкт-Петербург,Android,0
103178,2025-11-16,33,Нижний Новгород,iOS,0
103179,2026-02-23,41,Екатеринбург,Android,0
103180,2025-10-15,32,Москва,iOS,0
103181,2025-01-08,32,Санкт-Петербург,Android,0
103182,2025-09-07,33,Екатеринбург,iOS,0
103183,2025-05-29,50,Санкт-Петербург,Android,0
103184,2025-02-17,32,Санкт-Петербург,iOS,0
103185,2025-03-05,42,Самара,Android,0
103186,2024-12-22,44,Екатеринбург,iOS,0
103187,2025-01-22,54,Санкт-Петербург,iOS,0
103188,2026-01-21,39,Екатеринбург,iOS,0
103189,2025-09-18,34,Казань,iOS,0
103190,2025-02-21,40,Москва,iOS,0
103191,2025-09-27,25,Самара,Android,0
103192,2025-08-24,59,Казань,Android,0
103193,2025-07-16,39,Екатеринбург,iOS,0
103194,2025-11-25,44,Москва,Android,0
103195,2026-03-11,32,Новосибирск,Android,1
103196,2025-10-04,33,Санкт-Петербург,Android,0
103197,2025-12-21,21,Казань,Android,0
103198,2025-08-25,45,Екатеринбург,iOS,0
103199,2026-01-07,40,Москва,Android,0
103200,2026-02-27,57,Новосибирск,Android,0
103201,2025-01-05,44,Санкт-Петербург,iOS,0
103202,2025-01-04,39,Казань,iOS,0
103203,2025-05-27,28,Казань,Android,0
103204,2025-09-16,48,Самара,Android,0
103205,2025-08-28,51,Казань,Android,0
103206,2025-06-20,38,Новосибирск,iOS,0
103207,2025-05-13,21,Екатеринбург,iOS,0
103208,2025-05-26,47,Екатеринбург,Android,0
103209,2025-07-04,45,Санкт-Петербург,Android,0
103210,2025-05-03,45,Казань,iOS,0
103211,2025-04-23,32,Санкт-Петербург,iOS,0
103212,2026-02-02,24,Санкт-Петербург,Android,0
103213,2025-08-07,39,Санкт-Петербург,Android,0
103214,2025-08-04,35,Новосибирск,iOS,0
103215,2024-12-30,40,Новосибирск,iOS,0
103216,2025-03-11,35,Екатеринбург,Android,0
103217,2025-07-18,31,Казань,Android,0
103218,2025-12-15,18,Казань,iOS,0
103219,2025-06-01,27,Екатеринбург,iOS,0
103220,2025-06-23,33,Нижний Новгород,iOS,0
103221,2026-04-07,48,Новосибирск,iOS,1
103222,2025-01-01,40,Москва,Android,0
103223,2025-07-29,25,Новосибирск,Android,0
103224,2025-12-12,29,Новосибирск,iOS,0
103225,2025-07-28,46,Екатеринбург,Android,0
103226,2025-12-15,27,Москва,iOS,0
103227,2025-02-14,42,Нижний Новгород,Android,0
103228,2025-12-29,19,Екатеринбург,Android,0
103229,2025-04-09,28,Нижний Новгород,iOS,0
103230,2025-11-19,29,Екатеринбург,iOS,0
103231,2025-04-23,21,Нижний Новгород,iOS,0
103232,2026-03-17,29,Казань,iOS,1
103233,2026-02-25,28,Москва,Android,0
103234,2025-05-10,20,Нижний Новгород,iOS,0
103235,2025-03-17,18,Казань,Android,0
103236,2025-08-17,48,Казань,Android,0
103237,2025-03-30,60,Нижний Новгород,Android,0
103238,2026-03-26,46,Москва,Android,1
103239,2025-04-30,30,Санкт-Петербург,Android,0
103240,2026-01-26,19,Екатеринбург,Android,0
103241,2025-12-12,42,Казань,iOS,0
103242,2025-05-24,37,Новосибирск,iOS,0
103243,2025-01-01,26,Новосибирск,Android,0
103244,2026-02-12,24,Новосибирск,iOS,0
103245,2026-01-02,35,Самара,Android,0
103246,2025-02-13,41,Москва,Android,0
103247,2025-09-20,37,Самара,Android,0
103248,2025-06-14,23,Нижний Новгород,Android,0
103249,2025-06-02,34,Москва,Android,0
103250,2025-03-12,43,Нижний Новгород,Android,0
103251,2025-10-12,28,Нижний Новгород,iOS,0
103252,2025-11-25,27,Москва,iOS,0
103253,2025-08-03,27,Казань,Android,0
103254,2025-10-07,38,Казань,iOS,0
103255,2026-03-20,47,Новосибирск,Android,1
103256,2025-11-24,40,Казань,Android,0
103257,2025-02-13,34,Новосибирск,iOS,0
103258,2025-05-20,29,Санкт-Петербург,Android,0
103259,2025-08-27,33,Екатеринбург,Android,0
103260,2025-06-02,34,Москва,Android,0
103261,2025-01-04,50,Самара,Android,0
103262,2025-01-03,46,Москва,iOS,0
103263,2024-12-25,34,Новосибирск,Android,0
103264,2025-05-15,42,Самара,iOS,0
103265,2026-03-10,51,Казань,iOS,1
103266,2025-05-31,36,Самара,iOS,0
103267,2025-07-30,42,Нижний Новгород,iOS,0
103268,2025-07-03,42,Нижний Новгород,Android,0
103269,2025-03-18,42,Нижний Новгород,Android,0
103270,2026-04-29,26,Екатеринбург,Android,1
103271,2025-06-01,43,Казань,iOS,0
103272,2025-10-24,36,Новосибирск,Android,0
103273,2026-02-11,34,Москва,iOS,0
103274,2026-03-07,38,Нижний Новгород,iOS,1
103275,2025-07-21,36,Новосибирск,Android,0
103276,2025-05-23,18,Новосибирск,Android,0
103277,2025-12-27,45,Москва,Android,0
103278,2025-12-21,36,Новосибирск,iOS,0
103279,2025-08-24,41,Самара,Android,0
103280,2025-06-02,42,Нижний Новгород,Android,0
103281,2026-04-08,23,Санкт-Петербург,iOS,1
103282,2026-01-10,25,Москва,Android,0
103283,2025-01-09,19,Казань,iOS,0
103284,2025-10-29,35,Санкт-Петербург,iOS,0
103285,2025-10-30,43,Новосибирск,iOS,0
103286,2025-02-04,41,Нижний Новгород,Android,0
103287,2025-05-03,38,Нижний Новгород,Android,0
103288,2025-03-09,18,Екатеринбург,Android,0
103289,2026-03-20,21,Екатеринбург,Android,1
103290,2025-12-22,38,Казань,Android,0
103291,2025-02-05,48,Екатеринбург,Android,0
103292,2025-12-14,31,Нижний Новгород,iOS,0
103293,2025-01-17,47,Екатеринбург,Android,0
103294,2025-01-10,36,Нижний Новгород,Android,0
103295,2025-10-19,29,Новосибирск,Android,0
103296,2025-05-17,30,Екатеринбург,Android,0
103297,2024-12-22,38,Самара,iOS,0
103298,2025-03-01,37,Новосибирск,iOS,0
103299,2026-02-15,37,Санкт-Петербург,Android,0
103300,2025-05-13,41,Казань,Android,0
103301,2024-12-22,46,Самара,iOS,0
103302,2025-05-09,39,Нижний Новгород,iOS,0
103303,2026-02-26,24,Москва,Android,0
103304,2025-10-19,27,Санкт-Петербург,Android,0
103305,2025-05-28,22,Новосибирск,Android,0
103306,2024-12-30,21,Казань,Android,0
103307,2025-09-08,51,Новосибирск,Android,0
103308,2025-03-15,30,Санкт-Петербург,iOS,0
103309,2025-08-07,41,Казань,iOS,0
103310,2025-07-04,35,Самара,Android,0
103311,2025-03-24,51,Санкт-Петербург,Android,0
103312,2025-09-06,35,Новосибирск,Android,0
103313,2025-11-25,45,Новосибирск,iOS,0
103314,2025-01-29,24,Самара,iOS,0
103315,2025-03-20,32,Новосибирск,iOS,0
103316,2025-04-20,31,Москва,Android,0
103317,2025-12-31,43,Екатеринбург,iOS,0
103318,2025-02-12,37,Нижний Новгород,iOS,0
103319,2025-08-18,43,Санкт-Петербург,Android,0
103320,2025-06-02,41,Самара,iOS,0
103321,2026-01-15,29,Москва,Android,0
103322,2025-06-27,27,Санкт-Петербург,iOS,0
103323,2026-04-13,32,Москва,iOS,1
103324,2025-06-23,39,Нижний Новгород,Android,0
103325,2025-10-14,27,Новосибирск,iOS,0
103326,2026-04-11,34,Самара,iOS,1
103327,2025-11-23,28,Самара,iOS,0
103328,2026-01-08,39,Нижний Новгород,Android,0
103329,2025-03-13,18,Москва,Android,0
103330,2025-03-05,47,Екатеринбург,iOS,0
103331,2025-06-07,41,Казань,iOS,0
103332,2024-12-18,54,Казань,iOS,0
103333,2025-03-23,32,Нижний Новгород,Android,0
103334,2025-11-10,35,Москва,Android,0
103335,2025-12-25,42,Санкт-Петербург,iOS,0
103336,2025-07-24,45,Казань,iOS,0
103337,2025-01-01,40,Нижний Новгород,iOS,0
103338,2025-12-11,30,Самара,iOS,0
103339,2025-05-13,44,Казань,Android,0
103340,2025-05-25,36,Нижний Новгород,iOS,0
103341,2025-08-24,29,Екатеринбург,iOS,0
103342,2025-11-09,36,Нижний Новгород,iOS,0
103343,2025-09-02,30,Нижний Новгород,Android,0
103344,2026-03-14,29,Санкт-Петербург,Android,1
103345,2025-08-12,37,Москва,iOS,0
103346,2025-11-02,38,Казань,iOS,0
103347,2025-06-15,41,Москва,Android,0
103348,2025-02-04,32,Нижний Новгород,iOS,0
103349,2025-07-25,37,Самара,Android,0
103350,2025-08-18,36,Нижний Новгород,Android,0
103351,2025-06-11,41,Санкт-Петербург,iOS,0
103352,2025-07-22,30,Санкт-Петербург,iOS,0
103353,2025-10-14,28,Казань,iOS,0
103354,2026-01-21,40,Москва,Android,0
103355,2025-08-07,35,Санкт-Петербург,iOS,0
103356,2025-07-21,52,Нижний Новгород,Android,0
103357,2025-07-31,32,Самара,iOS,0
103358,2026-04-09,41,Санкт-Петербург,Android,1
103359,2025-07-14,25,Нижний Новгород,iOS,0
103360,2025-12-02,46,Санкт-Петербург,iOS,0
103361,2025-10-05,21,Новосибирск,iOS,0
103362,2025-01-20,40,Самара,iOS,0
103363,2025-01-27,48,Самара,Android,0
103364,2025-07-21,21,Нижний Новгород,Android,0
103365,2026-04-14,28,Казань,Android,1
103366,2025-11-09,27,Самара,Android,0
103367,2025-07-04,18,Новосибирск,Android,0
103368,2026-04-04,52,Новосибирск,iOS,1
103369,2025-09-07,35,Екатеринбург,Android,0
103370,2025-12-04,34,Новосибирск,iOS,0
103371,2025-06-27,43,Новосибирск,iOS,0
103372,2025-10-07,35,Самара,iOS,0
103373,2025-06-23,37,Самара,iOS,0
103374,2025-08-02,30,Новосибирск,iOS,0
103375,2025-08-01,31,Москва,Android,0
103376,2025-04-09,32,Санкт-Петербург,iOS,0
103377,2025-10-23,35,Санкт-Петербург,Android,0
103378,2026-02-24,40,Екатеринбург,iOS,0
103379,2025-01-06,38,Москва,Android,0
103380,2025-08-13,40,Казань,Android,0
103381,2025-09-05,49,Санкт-Петербург,iOS,0
103382,2026-04-24,36,Москва,iOS,1
103383,2025-10-27,44,Нижний Новгород,Android,0
103384,2025-07-12,20,Новосибирск,iOS,0
103385,2025-07-26,30,Новосибирск,Android,0
103386,2025-06-23,18,Самара,Android,0
103387,2025-10-18,26,Санкт-Петербург,Android,0
103388,2025-11-21,36,Нижний Новгород,Android,0
103389,2025-09-13,18,Казань,Android,0
103390,2026-02-06,32,Санкт-Петербург,Android,0
103391,2025-11-27,40,Екатеринбург,Android,0
103392,2025-08-06,48,Новосибирск,iOS,0
103393,2026-01-05,22,Санкт-Петербург,Android,0
103394,2025-01-10,22,Казань,iOS,0
103395,2025-05-14,22,Екатеринбург,iOS,0
103396,2025-07-07,33,Казань,Android,0
103397,2025-03-18,50,Новосибирск,iOS,0
103398,2025-11-13,33,Санкт-Петербург,Android,0
103399,2026-02-14,29,Москва,iOS,0
103400,2025-12-06,42,Екатеринбург,iOS,0
103401,2025-06-07,36,Казань,Android,0
103402,2026-01-20,18,Казань,iOS,0
103403,2025-07-21,42,Новосибирск,Android,0
103404,2026-01-11,21,Екатеринбург,iOS,0
103405,2025-07-05,57,Казань,Android,0
103406,2025-05-19,21,Новосибирск,Android,0
103407,2025-01-10,36,Нижний Новгород,Android,0
103408,2025-03-25,41,Москва,Android,0
103409,2025-08-17,49,Нижний Новгород,Android,0
103410,2025-02-23,18,Москва,iOS,0
103411,2025-01-03,26,Новосибирск,iOS,0
103412,2025-03-31,33,Санкт-Петербург,iOS,0
103413,2025-08-04,32,Новосибирск,iOS,0
103414,2025-04-02,37,Санкт-Петербург,iOS,0
103415,2025-01-07,39,Екатеринбург,Android,0
103416,2025-12-04,40,Москва,Android,0
103417,2025-12-07,23,Новосибирск,iOS,0
103418,2026-03-07,34,Нижний Новгород,Android,1
103419,2025-06-22,33,Нижний Новгород,Android,0
103420,2025-10-16,28,Екатеринбург,iOS,0
103421,2025-10-15,33,Москва,iOS,0
103422,2025-12-19,28,Казань,iOS,0
103423,2025-11-06,27,Москва,iOS,0
103424,2025-11-04,39,Санкт-Петербург,iOS,0
103425,2025-12-19,51,Новосибирск,Android,0
103426,2025-10-14,47,Екатеринбург,iOS,0
103427,2025-10-25,46,Новосибирск,iOS,0
103428,2025-12-21,21,Самара,iOS,0
103429,2025-09-26,54,Самара,Android,0
103430,2025-04-10,31,Новосибирск,Android,0
103431,2025-02-15,38,Екатеринбург,Android,0
103432,2025-12-05,50,Нижний Новгород,iOS,0
103433,2025-12-11,27,Москва,Android,0
103434,2024-12-22,41,Новосибирск,iOS,0
103435,2025-08-01,24,Новосибирск,Android,0
103436,2025-12-21,31,Екатеринбург,Android,0
103437,2026-01-04,31,Самара,iOS,0
103438,2025-11-01,45,Москва,iOS,0
103439,2026-04-18,36,Самара,iOS,1
103440,2025-04-07,33,Москва,iOS,0
103441,2025-09-06,40,Нижний Новгород,Android,0
103442,2025-06-15,38,Самара,iOS,0
103443,2025-07-21,31,Самара,Android,0
103444,2025-01-31,48,Санкт-Петербург,iOS,0
103445,2025-10-07,56,Нижний Новгород,Android,0
103446,2025-06-27,50,Нижний Новгород,Android,0
103447,2025-04-19,39,Самара,Android,0
103448,2025-08-29,24,Новосибирск,Android,0
103449,2025-07-26,20,Екатеринбург,iOS,0
103450,2026-03-20,46,Казань,Android,1
103451,2026-04-06,43,Санкт-Петербург,iOS,1
103452,2025-09-27,33,Новосибирск,iOS,0
103453,2025-07-02,19,Нижний Новгород,Android,0
103454,2026-03-05,28,Екатеринбург,iOS,1
103455,2025-10-12,40,Екатеринбург,iOS,0
103456,2025-04-16,36,Екатеринбург,iOS,0
103457,2025-09-25,34,Самара,iOS,0
103458,2025-05-20,43,Москва,iOS,0
103459,2025-08-26,38,Москва,iOS,0
103460,2025-01-10,37,Екатеринбург,iOS,0
103461,2025-10-01,18,Новосибирск,iOS,0
103462,2026-04-21,44,Москва,Android,1
103463,2026-01-26,46,Казань,iOS,0
103464,2025-05-02,24,Нижний Новгород,Android,0
103465,2025-05-23,18,Екатеринбург,Android,0
103466,2025-06-27,49,Новосибирск,Android,0
103467,2026-01-26,30,Новосибирск,iOS,0
103468,2026-03-08,43,Новосибирск,Android,1
103469,2025-04-08,23,Москва,Android,0
103470,2026-02-04,31,Екатеринбург,Android,0
103471,2025-09-08,37,Нижний Новгород,iOS,0
103472,2025-05-31,41,Самара,Android,0
103473,2025-06-28,37,Новосибирск,Android,0
103474,2025-08-11,38,Нижний Новгород,Android,0
103475,2025-01-16,18,Новосибирск,iOS,0
103476,2025-11-15,30,Екатеринбург,iOS,0
103477,2025-04-02,32,Екатеринбург,iOS,0
103478,2025-03-29,21,Санкт-Петербург,Android,0
103479,2025-05-11,26,Нижний Новгород,iOS,0
103480,2025-05-02,54,Екатеринбург,Android,0
103481,2025-04-29,19,Казань,Android,0
103482,2025-07-22,50,Нижний Новгород,iOS,0
103483,2025-01-21,26,Самара,Android,0
103484,2025-08-04,42,Новосибирск,iOS,0
103485,2026-01-25,48,Самара,iOS,0
103486,2025-03-08,39,Екатеринбург,iOS,0
103487,2025-07-17,34,Москва,Android,0
103488,2025-02-15,45,Новосибирск,Android,0
103489,2026-04-06,21,Екатеринбург,Android,1
103490,2025-02-07,31,Казань,iOS,0
103491,2025-09-16,43,Казань,iOS,0
103492,2026-01-31,44,Казань,iOS,0
103493,2025-02-10,26,Екатеринбург,iOS,0
103494,2025-12-11,18,Санкт-Петербург,iOS,0
103495,2025-11-07,31,Новосибирск,Android,0
103496,2026-03-19,23,Екатеринбург,Android,1
103497,2025-06-17,18,Нижний Новгород,iOS,0
103498,2025-06-13,55,Москва,Android,0
103499,2025-05-28,26,Екатеринбург,Android,0
103500,2026-05-01,28,Казань,Android,1
103501,2025-04-18,38,Екатеринбург,iOS,0
103502,2024-12-17,45,Самара,Android,0
103503,2025-01-06,40,Нижний Новгород,Android,0
103504,2025-04-07,24,Новосибирск,iOS,0
103505,2025-09-28,36,Москва,Android,0
103506,2025-04-26,31,Санкт-Петербург,Android,0
103507,2025-09-17,33,Екатеринбург,iOS,0
103508,2025-07-16,36,Самара,Android,0
103509,2025-06-14,39,Санкт-Петербург,Android,0
103510,2025-08-20,36,Нижний Новгород,iOS,0
103511,2025-03-17,45,Санкт-Петербург,Android,0
103512,2025-11-02,36,Екатеринбург,Android,0
103513,2025-02-08,31,Самара,iOS,0
103514,2025-07-10,23,Новосибирск,iOS,0
103515,2026-03-02,30,Санкт-Петербург,iOS,0
103516,2025-07-15,27,Санкт-Петербург,Android,0
103517,2025-08-21,47,Санкт-Петербург,Android,0
103518,2025-05-03,42,Санкт-Петербург,Android,0
103519,2025-10-12,42,Нижний Новгород,Android,0
103520,2025-02-25,31,Москва,Android,0
103521,2026-03-29,46,Москва,Android,1
103522,2025-11-18,33,Москва,iOS,0
103523,2025-07-04,18,Нижний Новгород,Android,0
103524,2025-11-04,54,Санкт-Петербург,Android,0
103525,2025-12-03,27,Самара,iOS,0
103526,2025-08-10,24,Нижний Новгород,iOS,0
103527,2025-11-19,34,Санкт-Петербург,iOS,0
103528,2025-01-08,27,Москва,Android,0
103529,2025-01-23,30,Самара,Android,0
103530,2026-04-03,37,Новосибирск,iOS,1
103531,2026-01-25,44,Екатеринбург,iOS,0
103532,2025-04-03,51,Санкт-Петербург,iOS,0
103533,2025-05-28,40,Москва,iOS,0
103534,2025-08-26,26,Санкт-Петербург,iOS,0
103535,2025-10-01,18,Нижний Новгород,iOS,0
103536,2025-06-28,18,Екатеринбург,Android,0
103537,2025-05-04,23,Санкт-Петербург,Android,0
103538,2026-04-03,27,Казань,Android,1
103539,2025-10-26,37,Нижний Новгород,iOS,0
103540,2025-06-01,43,Казань,Android,0
103541,2026-04-23,28,Санкт-Петербург,Android,1
103542,2026-02-17,39,Нижний Новгород,Android,0
103543,2026-02-10,32,Москва,Android,0
103544,2026-01-29,40,Казань,Android,0
103545,2025-06-13,27,Москва,iOS,0
103546,2026-01-17,22,Самара,Android,0
103547,2025-05-08,23,Казань,iOS,0
103548,2026-03-14,22,Москва,Android,1
103549,2025-01-13,25,Москва,Android,0
103550,2025-04-01,36,Екатеринбург,iOS,0
103551,2025-08-28,43,Москва,iOS,0
103552,2025-11-02,18,Новосибирск,Android,0
103553,2025-09-17,27,Самара,iOS,0
103554,2025-01-11,28,Екатеринбург,Android,0
103555,2025-03-25,20,Москва,Android,0
103556,2025-04-12,27,Казань,iOS,0
103557,2025-02-20,35,Нижний Новгород,Android,0
103558,2025-11-17,50,Нижний Новгород,iOS,0
103559,2025-04-14,49,Санкт-Петербург,Android,0
103560,2025-01-21,42,Казань,Android,0
103561,2025-04-22,18,Казань,Android,0
103562,2026-01-26,36,Нижний Новгород,iOS,0
103563,2025-07-22,33,Москва,iOS,0
103564,2025-01-10,18,Нижний Новгород,Android,0
103565,2025-01-27,38,Москва,Android,0
103566,2026-04-26,54,Москва,iOS,1
103567,2025-03-20,45,Самара,Android,0
103568,2026-02-19,49,Москва,iOS,0
103569,2025-11-24,36,Санкт-Петербург,Android,0
103570,2025-09-15,40,Нижний Новгород,iOS,0
103571,2026-01-30,41,Екатеринбург,iOS,0
103572,2025-05-06,38,Самара,iOS,0
103573,2025-08-05,35,Казань,Android,0
103574,2025-02-01,38,Самара,iOS,0
103575,2026-02-04,38,Самара,Android,0
103576,2025-07-29,44,Самара,iOS,0
103577,2025-03-14,54,Новосибирск,Android,0
103578,2025-01-14,30,Москва,iOS,0
103579,2026-05-01,33,Москва,Android,1
103580,2025-11-11,38,Екатеринбург,Android,0
103581,2025-04-21,18,Санкт-Петербург,Android,0
103582,2025-06-18,28,Санкт-Петербург,iOS,0
103583,2026-03-03,40,Москва,Android,1
103584,2026-01-07,31,Новосибирск,Android,0
103585,2025-09-03,31,Новосибирск,Android,0
103586,2025-12-09,25,Нижний Новгород,Android,0
103587,2025-08-05,45,Санкт-Петербург,Android,0
103588,2025-10-22,23,Нижний Новгород,Android,0
103589,2025-07-13,29,Москва,Android,0
103590,2026-02-07,34,Екатеринбург,Android,0
103591,2025-10-11,39,Самара,Android,0
103592,2025-08-20,25,Екатеринбург,Android,0
103593,2025-08-01,31,Новосибирск,Android,0
103594,2025-02-01,51,Нижний Новгород,Android,0
103595,2025-01-15,49,Санкт-Петербург,Android,0
103596,2025-07-16,44,Екатеринбург,iOS,0
103597,2025-03-30,55,Екатеринбург,Android,0
103598,2026-03-22,30,Москва,Android,1
103599,2026-01-12,39,Санкт-Петербург,Android,0
103600,2025-06-14,37,Казань,Android,0
103601,2026-02-23,26,Казань,Android,0
103602,2025-08-08,24,Новосибирск,Android,0
103603,2025-01-28,32,Новосибирск,iOS,0
103604,2025-03-08,37,Самара,iOS,0
103605,2025-01-22,52,Санкт-Петербург,Android,0
103606,2025-04-21,38,Казань,iOS,0
103607,2025-05-13,46,Москва,iOS,0
103608,2025-03-31,34,Казань,iOS,0
103609,2025-12-31,18,Екатеринбург,Android,0
103610,2025-09-04,36,Екатеринбург,iOS,0
103611,2025-04-19,32,Нижний Новгород,Android,0
103612,2025-04-02,23,Санкт-Петербург,iOS,0
103613,2025-12-18,35,Казань,iOS,0
103614,2026-01-06,35,Москва,iOS,0
103615,2025-10-27,18,Казань,iOS,0
103616,2025-06-27,41,Новосибирск,Android,0
103617,2026-03-14,35,Казань,iOS,1
103618,2025-08-20,18,Самара,Android,0
103619,2025-01-18,39,Казань,iOS,0
103620,2025-03-01,29,Новосибирск,Android,0
103621,2025-12-09,30,Москва,iOS,0
103622,2025-12-10,30,Казань,Android,0
103623,2026-04-05,38,Казань,iOS,1
103624,2025-07-31,57,Самара,iOS,0
103625,2026-04-14,35,Екатеринбург,Android,1
103626,2025-06-30,31,Екатеринбург,iOS,0
103627,2025-03-07,36,Казань,Android,0
103628,2026-04-27,29,Санкт-Петербург,Android,1
103629,2026-01-25,39,Екатеринбург,Android,0
103630,2024-12-24,18,Казань,Android,0
103631,2026-03-25,50,Москва,Android,1
103632,2025-05-03,29,Нижний Новгород,Android,0
103633,2025-08-16,25,Нижний Новгород,Android,0
103634,2025-08-31,35,Екатеринбург,iOS,0
103635,2025-12-17,38,Москва,iOS,0
103636,2025-10-03,40,Москва,Android,0
103637,2025-09-21,41,Екатеринбург,Android,0
103638,2024-12-25,28,Санкт-Петербург,Android,0
103639,2025-08-14,24,Самара,Android,0
103640,2025-12-27,42,Нижний Новгород,iOS,0
103641,2025-10-05,18,Санкт-Петербург,iOS,0
103642,2025-02-15,34,Новосибирск,Android,0
103643,2025-09-08,31,Санкт-Петербург,Android,0
103644,2025-05-01,34,Казань,iOS,0
103645,2025-09-07,23,Казань,iOS,0
103646,2025-02-14,48,Москва,Android,0
103647,2026-03-14,31,Казань,iOS,1
103648,2025-12-15,42,Самара,Android,0
103649,2026-03-03,33,Екатеринбург,iOS,1
103650,2025-05-05,31,Екатеринбург,iOS,0
103651,2025-05-21,35,Нижний Новгород,iOS,0
103652,2026-04-01,31,Екатеринбург,iOS,1
103653,2025-03-26,27,Самара,iOS,0
103654,2026-04-26,41,Новосибирск,Android,1
103655,2025-09-21,39,Екатеринбург,Android,0
103656,2026-03-30,45,Казань,Android,1
103657,2025-09-28,32,Санкт-Петербург,Android,0
103658,2025-07-09,18,Самара,Android,0
103659,2025-04-25,32,Нижний Новгород,iOS,0
103660,2025-01-16,26,Санкт-Петербург,Android,0
103661,2025-03-18,30,Нижний Новгород,Android,0
103662,2025-08-04,53,Казань,Android,0
103663,2025-03-22,47,Москва,Android,0
103664,2025-05-06,50,Самара,iOS,0
103665,2025-06-16,46,Новосибирск,Android,0
103666,2026-02-10,35,Казань,Android,0
103667,2025-01-03,52,Екатеринбург,Android,0
103668,2026-03-19,24,Самара,iOS,1
103669,2026-03-22,47,Екатеринбург,Android,1
103670,2025-06-13,43,Москва,iOS,0
103671,2025-10-19,27,Казань,Android,0
103672,2025-06-15,32,Новосибирск,Android,0
103673,2026-02-17,19,Новосибирск,iOS,0
103674,2025-09-14,34,Нижний Новгород,iOS,0
103675,2026-04-19,45,Казань,Android,1
103676,2025-07-17,39,Екатеринбург,Android,0
103677,2026-02-05,27,Москва,iOS,0
103678,2025-07-15,30,Нижний Новгород,iOS,0
103679,2026-02-24,31,Санкт-Петербург,iOS,0
103680,2025-03-06,62,Новосибирск,Android,0
103681,2025-04-16,30,Новосибирск,iOS,0
103682,2025-04-18,40,Нижний Новгород,iOS,0
103683,2025-07-06,21,Екатеринбург,iOS,0
103684,2026-02-02,49,Екатеринбург,Android,0
103685,2025-06-27,36,Москва,Android,0
103686,2025-05-09,43,Новосибирск,iOS,0
103687,2025-01-23,63,Екатеринбург,iOS,0
103688,2026-03-15,33,Санкт-Петербург,Android,1
103689,2026-04-15,32,Нижний Новгород,Android,1
103690,2025-07-14,35,Москва,Android,0
103691,2025-11-03,29,Нижний Новгород,iOS,0
103692,2026-02-19,34,Новосибирск,iOS,0
103693,2025-04-26,20,Санкт-Петербург,Android,0
103694,2025-01-02,50,Москва,iOS,0
103695,2025-11-25,36,Нижний Новгород,iOS,0
103696,2025-11-21,35,Санкт-Петербург,iOS,0
103697,2025-12-05,24,Нижний Новгород,iOS,0
103698,2026-04-01,58,Новосибирск,Android,1
103699,2025-08-05,37,Екатеринбург,Android,0
103700,2025-02-23,18,Нижний Новгород,iOS,0
103701,2025-05-06,34,Самара,Android,0
103702,2025-06-30,28,Москва,iOS,0
103703,2025-09-21,33,Санкт-Петербург,iOS,0
103704,2025-07-13,22,Екатеринбург,Android,0
103705,2025-10-13,21,Казань,Android,0
103706,2025-04-23,37,Казань,Android,0
103707,2025-05-18,34,Новосибирск,iOS,0
103708,2025-07-21,25,Казань,iOS,0
103709,2025-11-13,53,Москва,Android,0
103710,2025-10-23,28,Москва,Android,0
103711,2025-03-14,32,Казань,iOS,0
103712,2026-02-15,18,Санкт-Петербург,iOS,0
103713,2025-04-13,28,Москва,Android,0
103714,2025-10-15,21,Москва,Android,0
103715,2025-01-17,33,Нижний Новгород,Android,0
103716,2025-10-10,41,Нижний Новгород,Android,0
103717,2026-01-06,35,Новосибирск,iOS,0
103718,2026-02-04,27,Москва,iOS,0
103719,2025-06-13,37,Нижний Новгород,Android,0
103720,2025-10-18,32,Москва,Android,0
103721,2026-01-06,27,Нижний Новгород,Android,0
103722,2025-03-21,44,Москва,iOS,0
103723,2025-02-01,23,Казань,Android,0
103724,2025-08-10,25,Нижний Новгород,iOS,0
103725,2025-05-19,18,Санкт-Петербург,iOS,0
103726,2026-02-18,42,Нижний Новгород,Android,0
103727,2026-03-06,32,Казань,iOS,1
103728,2026-03-25,26,Нижний Новгород,iOS,1
103729,2025-08-11,40,Нижний Новгород,Android,0
103730,2025-12-17,32,Нижний Новгород,iOS,0
103731,2026-02-14,46,Санкт-Петербург,Android,0
103732,2025-11-14,36,Новосибирск,iOS,0
103733,2026-02-02,37,Санкт-Петербург,Android,0
103734,2026-01-11,48,Новосибирск,Android,0
103735,2025-02-05,29,Новосибирск,Android,0
103736,2025-09-08,36,Санкт-Петербург,Android,0
103737,2025-05-22,46,Самара,Android,0
103738,2025-02-07,32,Санкт-Петербург,Android,0
103739,2026-01-01,46,Екатеринбург,iOS,0
103740,2025-04-09,39,Казань,iOS,0
103741,2024-12-26,52,Казань,iOS,0
103742,2026-03-09,49,Москва,Android,1
103743,2025-02-27,40,Самара,iOS,0
103744,2025-11-06,40,Нижний Новгород,Android,0
103745,2025-03-20,31,Новосибирск,iOS,0
103746,2025-03-29,32,Москва,Android,0
103747,2025-10-14,35,Москва,Android,0
103748,2025-01-30,28,Новосибирск,Android,0
103749,2025-09-09,46,Самара,iOS,0
103750,2025-05-14,27,Нижний Новгород,Android,0
103751,2025-08-05,26,Москва,iOS,0
103752,2025-06-25,53,Москва,Android,0
103753,2025-05-18,23,Санкт-Петербург,Android,0
103754,2025-11-16,34,Самара,Android,0
103755,2026-03-30,35,Санкт-Петербург,Android,1
103756,2025-04-22,49,Казань,Android,0
103757,2026-01-14,30,Самара,Android,0
103758,2026-04-21,39,Санкт-Петербург,iOS,1
103759,2025-09-08,66,Казань,Android,0
103760,2025-03-08,50,Самара,Android,0
103761,2025-01-04,18,Самара,iOS,0
103762,2025-09-10,25,Москва,Android,0
103763,2025-05-04,27,Санкт-Петербург,iOS,0
103764,2026-03-18,35,Санкт-Петербург,iOS,1
103765,2026-03-17,49,Самара,Android,1
103766,2026-01-24,42,Нижний Новгород,Android,0
103767,2025-12-25,39,Екатеринбург,Android,0
103768,2025-01-07,46,Новосибирск,Android,0
103769,2026-01-06,42,Казань,Android,0
103770,2026-02-22,19,Екатеринбург,iOS,0
103771,2025-02-25,28,Нижний Новгород,Android,0
103772,2026-03-14,42,Екатеринбург,Android,1
103773,2026-04-29,33,Самара,iOS,1
103774,2025-03-31,27,Самара,iOS,0
103775,2025-01-21,41,Самара,Android,0
103776,2026-03-24,28,Самара,iOS,1
103777,2026-04-03,29,Самара,iOS,1
103778,2025-07-01,27,Казань,iOS,0
103779,2025-06-16,18,Нижний Новгород,Android,0
103780,2025-02-17,28,Новосибирск,iOS,0
103781,2026-02-19,39,Москва,Android,0
103782,2025-08-15,38,Нижний Новгород,Android,0
103783,2026-04-14,32,Екатеринбург,Android,1
103784,2025-11-16,39,Нижний Новгород,iOS,0
103785,2025-12-15,29,Новосибирск,Android,0
103786,2025-02-19,31,Казань,iOS,0
103787,2025-01-24,28,Казань,Android,0
103788,2025-02-04,30,Нижний Новгород,iOS,0
103789,2025-06-01,36,Самара,Android,0
103790,2025-10-19,29,Нижний Новгород,iOS,0
103791,2025-02-08,31,Москва,Android,0
103792,2025-04-23,27,Екатеринбург,Android,0
103793,2026-04-19,34,Санкт-Петербург,Android,1
103794,2025-07-04,50,Казань,iOS,0
103795,2025-07-28,45,Нижний Новгород,iOS,0
103796,2025-01-14,24,Самара,iOS,0
103797,2025-11-28,32,Санкт-Петербург,Android,0
103798,2025-09-25,42,Екатеринбург,iOS,0
103799,2025-07-02,37,Москва,Android,0
103800,2024-12-26,21,Москва,Android,0
103801,2025-05-27,34,Самара,Android,0
103802,2026-03-16,40,Нижний Новгород,iOS,1
103803,2025-02-14,32,Нижний Новгород,Android,0
103804,2026-01-31,38,Нижний Новгород,Android,0
103805,2025-05-03,36,Новосибирск,Android,0
103806,2025-04-18,30,Самара,iOS,0
103807,2025-11-20,44,Нижний Новгород,Android,0
103808,2025-12-28,39,Самара,Android,0
103809,2025-04-24,42,Екатеринбург,iOS,0
103810,2025-07-21,23,Санкт-Петербург,iOS,0
103811,2025-09-10,48,Нижний Новгород,iOS,0
103812,2026-04-14,46,Самара,iOS,1
103813,2025-06-24,31,Казань,Android,0
103814,2025-07-22,26,Нижний Новгород,iOS,0
103815,2025-06-06,27,Казань,Android,0
103816,2025-05-16,35,Москва,Android,0
103817,2025-09-11,30,Нижний Новгород,Android,0
103818,2025-06-19,24,Москва,iOS,0
103819,2024-12-23,21,Казань,Android,0
103820,2025-09-01,44,Казань,iOS,0
103821,2026-03-08,35,Нижний Новгород,iOS,1
103822,2026-03-29,25,Самара,iOS,1
103823,2025-10-03,38,Самара,Android,0
103824,2025-04-12,36,Казань,iOS,0
103825,2025-02-27,24,Екатеринбург,iOS,0
103826,2026-02-04,35,Новосибирск,iOS,0
103827,2026-04-03,40,Нижний Новгород,iOS,1
103828,2025-01-09,24,Екатеринбург,Android,0
103829,2025-04-23,39,Новосибирск,Android,0
103830,2025-02-09,18,Новосибирск,Android,0
103831,2026-01-26,40,Екатеринбург,iOS,0
103832,2026-02-06,33,Екатеринбург,Android,0
103833,2025-03-02,45,Самара,iOS,0
103834,2025-04-23,28,Москва,iOS,0
103835,2025-05-26,27,Казань,Android,0
103836,2025-05-10,27,Москва,iOS,0
103837,2025-09-13,36,Новосибирск,iOS,0
103838,2025-02-11,41,Самара,iOS,0
103839,2026-01-27,22,Екатеринбург,iOS,0
103840,2025-05-08,40,Самара,iOS,0
103841,2025-06-25,18,Самара,Android,0
103842,2026-01-19,35,Санкт-Петербург,iOS,0
103843,2026-02-22,29,Новосибирск,Android,0
103844,2025-07-14,42,Санкт-Петербург,Android,0
103845,2025-09-06,43,Екатеринбург,iOS,0
103846,2026-02-05,46,Санкт-Петербург,Android,0
103847,2025-03-10,35,Санкт-Петербург,iOS,0
103848,2025-10-03,39,Санкт-Петербург,Android,0
103849,2025-08-01,36,Москва,Android,0
103850,2025-10-24,20,Новосибирск,Android,0
103851,2026-01-12,18,Санкт-Петербург,iOS,0
103852,2025-01-30,24,Санкт-Петербург,Android,0
103853,2026-01-02,35,Самара,Android,0
103854,2025-11-09,51,Санкт-Петербург,iOS,0
103855,2026-03-26,31,Екатеринбург,iOS,1
103856,2025-05-19,41,Самара,iOS,0
103857,2025-09-07,42,Самара,Android,0
103858,2026-03-08,27,Самара,Android,1
103859,2026-01-26,33,Екатеринбург,Android,0
103860,2025-04-07,49,Москва,Android,0
103861,2026-01-21,36,Екатеринбург,iOS,0
103862,2025-01-06,33,Самара,Android,0
103863,2025-04-19,18,Самара,Android,0
103864,2025-07-26,36,Казань,iOS,0
103865,2025-08-21,40,Новосибирск,iOS,0
103866,2025-12-07,31,Казань,iOS,0
103867,2025-04-06,20,Самара,iOS,0
103868,2025-09-18,47,Самара,iOS,0
103869,2025-07-22,34,Самара,iOS,0
103870,2025-07-21,27,Казань,iOS,0
103871,2025-08-13,46,Екатеринбург,iOS,0
103872,2025-05-12,28,Казань,Android,0
103873,2025-02-21,18,Москва,iOS,0
103874,2024-12-25,67,Санкт-Петербург,iOS,0
103875,2026-03-07,45,Екатеринбург,Android,1
103876,2025-08-06,31,Новосибирск,iOS,0
103877,2025-04-28,26,Самара,Android,0
103878,2025-11-06,19,Санкт-Петербург,Android,0
103879,2025-11-09,20,Москва,iOS,0
103880,2024-12-20,35,Москва,iOS,0
103881,2025-03-19,38,Екатеринбург,Android,0
103882,2025-03-13,45,Нижний Новгород,Android,0
103883,2025-12-10,41,Казань,iOS,0
103884,2026-02-25,39,Санкт-Петербург,iOS,0
103885,2025-09-05,41,Казань,iOS,0
103886,2025-04-01,42,Екатеринбург,Android,0
103887,2025-04-20,53,Новосибирск,iOS,0
103888,2025-03-21,45,Санкт-Петербург,Android,0
103889,2025-04-29,29,Казань,Android,0
103890,2025-03-23,28,Казань,Android,0
103891,2025-08-19,49,Самара,Android,0
103892,2025-04-29,37,Екатеринбург,iOS,0
103893,2025-03-14,40,Екатеринбург,iOS,0
103894,2025-02-27,42,Новосибирск,Android,0
103895,2026-01-25,39,Нижний Новгород,Android,0
103896,2025-07-07,49,Санкт-Петербург,iOS,0
103897,2026-01-18,37,Новосибирск,iOS,0
103898,2025-06-03,40,Самара,iOS,0
103899,2025-03-20,32,Санкт-Петербург,Android,0
103900,2025-04-27,58,Санкт-Петербург,iOS,0
103901,2025-10-03,40,Нижний Новгород,iOS,0
103902,2025-05-14,37,Москва,Android,0
103903,2025-04-13,59,Санкт-Петербург,iOS,0
103904,2025-09-17,29,Новосибирск,iOS,0
103905,2025-10-12,20,Москва,iOS,0
103906,2026-04-16,35,Самара,Android,1
103907,2025-06-04,25,Нижний Новгород,Android,0
103908,2025-11-21,35,Санкт-Петербург,iOS,0
103909,2026-03-21,38,Новосибирск,Android,1
103910,2025-12-06,18,Москва,iOS,0
103911,2025-01-24,46,Новосибирск,Android,0
103912,2026-04-18,36,Казань,iOS,1
103913,2026-03-22,43,Казань,iOS,1
103914,2026-02-11,50,Екатеринбург,Android,0
103915,2026-01-27,39,Екатеринбург,iOS,0
103916,2025-04-23,36,Санкт-Петербург,Android,0
103917,2026-01-12,27,Екатеринбург,Android,0
103918,2026-02-04,52,Новосибирск,iOS,0
103919,2025-10-29,40,Нижний Новгород,Android,0
103920,2025-12-09,35,Нижний Новгород,Android,0
103921,2026-01-17,29,Самара,Android,0
103922,2025-12-06,39,Самара,iOS,0
103923,2025-10-07,19,Самара,Android,0
103924,2025-09-28,21,Екатеринбург,iOS,0
103925,2025-09-30,37,Москва,iOS,0
103926,2026-02-23,41,Самара,iOS,0
103927,2025-07-10,31,Самара,Android,0
103928,2025-09-23,30,Казань,iOS,0
103929,2025-01-26,39,Казань,Android,0
103930,2025-03-10,30,Екатеринбург,iOS,0
103931,2025-09-10,31,Москва,Android,0
103932,2025-04-04,42,Санкт-Петербург,iOS,0
103933,2025-01-30,32,Екатеринбург,iOS,0
103934,2025-04-08,29,Екатеринбург,Android,0
103935,2025-07-30,35,Екатеринбург,Android,0
103936,2025-02-25,40,Нижний Новгород,Android,0
103937,2025-02-22,32,Санкт-Петербург,Android,0
103938,2025-09-27,18,Екатеринбург,iOS,0
103939,2025-06-27,39,Казань,iOS,0
103940,2026-01-22,44,Новосибирск,iOS,0
103941,2025-07-23,33,Москва,Android,0
103942,2025-04-02,40,Самара,iOS,0
103943,2025-02-19,31,Санкт-Петербург,Android,0
103944,2026-02-09,45,Новосибирск,iOS,0
103945,2025-05-02,35,Самара,iOS,0
103946,2025-01-11,28,Казань,Android,0
103947,2026-03-09,43,Екатеринбург,iOS,1
103948,2026-01-09,43,Москва,iOS,0
103949,2025-01-25,42,Нижний Новгород,iOS,0
103950,2025-08-24,34,Нижний Новгород,iOS,0
103951,2025-07-05,34,Нижний Новгород,Android,0
103952,2025-07-12,18,Новосибирск,iOS,0
103953,2025-12-19,21,Москва,iOS,0
103954,2026-04-08,41,Новосибирск,Android,1
103955,2025-03-27,32,Санкт-Петербург,iOS,0
103956,2025-09-27,37,Москва,iOS,0
103957,2025-12-11,32,Екатеринбург,iOS,0
103958,2025-02-05,33,Нижний Новгород,Android,0
103959,2025-09-02,34,Москва,Android,0
103960,2025-01-13,30,Москва,Android,0
103961,2025-06-13,37,Санкт-Петербург,iOS,0
103962,2026-03-07,18,Нижний Новгород,iOS,1
103963,2024-12-28,39,Казань,iOS,0
103964,2025-10-04,24,Новосибирск,iOS,0
103965,2026-02-16,28,Самара,Android,0
103966,2025-01-26,35,Новосибирск,Android,0
103967,2026-04-10,28,Москва,Android,1
103968,2025-05-14,50,Казань,Android,0
103969,2026-03-24,36,Москва,iOS,1
103970,2025-02-06,58,Санкт-Петербург,iOS,0
103971,2025-06-17,29,Нижний Новгород,iOS,0
103972,2025-12-13,23,Новосибирск,Android,0
103973,2026-01-04,41,Самара,iOS,0
103974,2025-08-21,40,Санкт-Петербург,Android,0
103975,2025-10-01,39,Санкт-Петербург,Android,0
103976,2025-01-03,43,Екатеринбург,Android,0
103977,2025-12-25,23,Самара,Android,0
103978,2025-05-02,28,Самара,iOS,0
103979,2025-01-09,34,Самара,Android,0
103980,2026-04-07,47,Москва,iOS,1
103981,2025-10-07,31,Санкт-Петербург,iOS,0
103982,2026-04-19,30,Санкт-Петербург,iOS,1
103983,2026-02-27,43,Новосибирск,iOS,0
103984,2025-12-16,29,Екатеринбург,Android,0
103985,2025-07-17,34,Нижний Новгород,iOS,0
103986,2026-03-29,43,Казань,iOS,1
103987,2026-03-03,39,Санкт-Петербург,iOS,1
103988,2025-05-03,26,Екатеринбург,Android,0
103989,2026-03-24,30,,Android,1
103990,2026-01-31,21,Екатеринбург,iOS,0
103991,2026-02-20,33,Москва,iOS,0
103992,2025-08-19,18,Нижний Новгород,iOS,0
103993,2025-11-14,47,Нижний Новгород,Android,0
103994,2025-10-21,30,Екатеринбург,iOS,0
103995,2026-01-27,45,Казань,Android,0
103996,2025-04-19,34,Екатеринбург,iOS,0
103997,2025-06-22,46,Екатеринбург,iOS,0
103998,2025-09-15,31,Нижний Новгород,Android,0
103999,2026-04-19,46,Москва,Android,1
104000,2025-03-10,42,Новосибирск,Android,0
104001,2025-02-07,38,Нижний Новгород,iOS,0
104002,2025-02-01,24,Москва,Android,0
104003,2025-02-17,36,Нижний Новгород,Android,0
104004,2025-10-07,34,Санкт-Петербург,iOS,0
104005,2025-12-25,31,Казань,iOS,0
104006,2025-09-08,35,Самара,Android,0
104007,2025-07-14,41,Санкт-Петербург,iOS,0
104008,2025-04-27,43,Казань,Android,0
104009,2025-10-08,37,Москва,Android,0
104010,2025-03-22,37,Новосибирск,Android,0
104011,2025-04-13,39,Казань,iOS,0
104012,2026-04-07,44,Москва,Android,1
104013,2025-05-30,39,Нижний Новгород,iOS,0
104014,2025-03-10,30,Самара,Android,0
104015,2025-12-14,26,Самара,Android,0
104016,2026-02-15,44,Нижний Новгород,Android,0
104017,2024-12-28,43,Казань,Android,0
104018,2026-03-13,40,Нижний Новгород,Android,1
104019,2025-04-21,18,Казань,iOS,0
104020,2025-12-19,18,Казань,Android,0
104021,2026-02-12,26,Самара,iOS,0
104022,2025-04-11,43,Казань,iOS,0
104023,2025-10-06,37,Казань,iOS,0
104024,2026-01-06,40,Санкт-Петербург,iOS,0
104025,2025-12-19,39,Самара,iOS,0
104026,2025-03-23,38,Москва,Android,0
104027,2026-04-06,35,Нижний Новгород,iOS,1
104028,2025-04-04,31,Новосибирск,Android,0
104029,2024-12-24,28,Нижний Новгород,Android,0
104030,2026-02-18,27,Нижний Новгород,iOS,0
104031,2025-12-28,37,Екатеринбург,iOS,0
104032,2025-03-17,49,Казань,Android,0
104033,2026-03-12,46,Екатеринбург,Android,1
104034,2026-04-28,37,Санкт-Петербург,Android,1
104035,2026-03-04,36,Новосибирск,Android,1
104036,2026-01-30,18,Санкт-Петербург,iOS,0
104037,2025-03-13,44,Казань,Android,0
104038,2024-12-25,18,Санкт-Петербург,Android,0
104039,2025-01-12,37,Екатеринбург,iOS,0
104040,2026-03-03,35,Новосибирск,iOS,1
104041,2026-04-27,21,Москва,iOS,1
104042,2026-03-24,38,Казань,Android,1
104043,2025-08-17,18,Нижний Новгород,iOS,0
104044,2026-02-22,43,Екатеринбург,Android,0
104045,2025-10-03,41,Новосибирск,Android,0
104046,2025-04-10,44,Самара,Android,0
104047,2025-09-24,40,Санкт-Петербург,iOS,0
104048,2025-05-25,41,Екатеринбург,iOS,0
104049,2025-06-28,46,Казань,Android,0
104050,2025-12-08,40,Самара,Android,0
104051,2025-09-03,29,Новосибирск,iOS,0
104052,2025-11-04,18,Санкт-Петербург,iOS,0
104053,2026-04-03,19,Москва,Android,1
104054,2025-10-22,47,Санкт-Петербург,Android,0
104055,2025-10-11,18,Казань,Android,0
104056,2025-06-26,18,Самара,iOS,0
104057,2025-06-01,18,Новосибирск,Android,0
104058,2025-10-10,38,Москва,iOS,0
104059,2025-08-26,40,Санкт-Петербург,Android,0
104060,2025-07-22,29,Новосибирск,iOS,0
104061,2026-03-10,44,Нижний Новгород,iOS,1
104062,2025-07-03,38,Москва,Android,0
104063,2025-05-06,18,Екатеринбург,iOS,0
104064,2025-12-04,18,Новосибирск,iOS,0
104065,2025-02-10,24,Нижний Новгород,iOS,0
104066,2026-01-06,43,Нижний Новгород,iOS,0
104067,2025-03-28,31,Москва,iOS,0
104068,2025-09-11,47,Казань,Android,0
104069,2025-05-19,38,Нижний Новгород,iOS,0
104070,2025-04-27,33,Екатеринбург,iOS,0
104071,2025-12-17,27,Казань,iOS,0
104072,2026-01-07,47,Нижний Новгород,iOS,0
104073,2025-11-29,43,Самара,Android,0
104074,2026-01-31,18,Казань,Android,0
104075,2025-07-29,40,Санкт-Петербург,Android,0
104076,2025-08-06,34,Нижний Новгород,Android,0
104077,2025-09-04,44,Новосибирск,iOS,0
104078,2025-01-30,43,Москва,Android,0
104079,2025-07-05,38,Москва,Android,0
104080,2025-09-15,38,Новосибирск,iOS,0
104081,2025-07-01,24,Санкт-Петербург,Android,0
104082,2025-07-16,47,Екатеринбург,Android,0
104083,2025-02-18,47,Екатеринбург,iOS,0
104084,2025-08-12,30,Нижний Новгород,iOS,0
104085,2025-02-15,30,Санкт-Петербург,Android,0
104086,2025-09-26,38,Нижний Новгород,iOS,0
104087,2025-09-26,49,Екатеринбург,iOS,0
104088,2026-03-11,36,Самара,iOS,1
104089,2025-09-25,34,Нижний Новгород,Android,0
104090,2026-02-11,40,Санкт-Петербург,Android,0
104091,2026-03-14,22,Санкт-Петербург,Android,1
104092,2025-07-21,18,Нижний Новгород,iOS,0
104093,2025-05-21,50,Нижний Новгород,Android,0
104094,2026-04-29,33,Казань,iOS,1
104095,2025-07-08,45,Самара,Android,0
104096,2026-02-12,35,Санкт-Петербург,iOS,0
104097,2025-08-21,33,Москва,iOS,0
104098,2025-04-21,39,Москва,iOS,0
104099,2025-12-15,37,Казань,iOS,0
104100,2026-03-27,45,Санкт-Петербург,iOS,1
104101,2026-03-12,28,Москва,Android,1
104102,2025-08-23,20,Самара,Android,0
104103,2025-09-27,26,Нижний Новгород,Android,0
104104,2025-05-30,27,Самара,iOS,0
104105,2025-10-10,30,Нижний Новгород,Android,0
104106,2025-12-23,21,Екатеринбург,Android,0
104107,2025-11-22,42,Нижний Новгород,iOS,0
104108,2025-05-19,51,Санкт-Петербург,Android,0
104109,2025-02-14,38,Казань,iOS,0
104110,2025-02-21,39,Казань,iOS,0
104111,2025-11-08,32,Москва,Android,0
104112,2026-02-22,34,Казань,iOS,0
104113,2025-08-26,40,Санкт-Петербург,iOS,0
104114,2025-07-07,36,Новосибирск,iOS,0
104115,2025-04-20,22,Казань,Android,0
104116,2026-01-13,28,Екатеринбург,iOS,0
104117,2025-11-30,28,Москва,Android,0
104118,2025-07-04,32,Новосибирск,Android,0
104119,2025-03-19,33,Москва,Android,0
104120,2025-07-23,44,Самара,Android,0
104121,2025-09-24,20,Москва,Android,0
104122,2025-12-27,28,Новосибирск,iOS,0
104123,2025-02-14,27,Екатеринбург,Android,0
104124,2026-04-17,18,Нижний Новгород,Android,1
104125,2025-07-09,29,Казань,Android,0
104126,2026-04-12,31,Нижний Новгород,iOS,1
104127,2025-07-01,20,Казань,Android,0
104128,2026-03-13,26,Москва,Android,1
104129,2024-12-24,30,Санкт-Петербург,Android,0
104130,2026-02-24,34,Санкт-Петербург,Android,0
104131,2025-04-26,56,Нижний Новгород,Android,0
104132,2025-02-26,29,Санкт-Петербург,Android,0
104133,2025-04-17,33,Москва,iOS,0
104134,2025-06-20,20,Москва,Android,0
104135,2025-02-22,37,Санкт-Петербург,iOS,0
104136,2025-08-26,51,Казань,Android,0
104137,2025-03-15,47,Самара,Android,0
104138,2025-07-04,24,Нижний Новгород,Android,0
104139,2025-12-01,37,Самара,iOS,0
104140,2025-12-15,43,Казань,iOS,0
104141,2025-03-10,18,Екатеринбург,Android,0
104142,2025-05-12,42,Новосибирск,iOS,0
104143,2025-02-13,18,Новосибирск,Android,0
104144,2025-09-18,20,Самара,iOS,0
104145,2025-08-30,25,Самара,Android,0
104146,2025-07-22,40,Новосибирск,Android,0
104147,2025-11-22,28,Нижний Новгород,Android,0
104148,2025-02-16,30,Самара,Android,0
104149,2026-02-24,45,Санкт-Петербург,Android,0
104150,2025-04-03,50,Самара,iOS,0
104151,2026-02-04,26,Нижний Новгород,iOS,0
104152,2025-11-13,29,Нижний Новгород,Android,0
104153,2025-12-21,49,Самара,iOS,0
104154,2026-01-27,33,Москва,Android,0
104155,2025-01-26,30,Самара,iOS,0
104156,2026-04-02,24,Нижний Новгород,iOS,1
104157,2025-05-10,41,Самара,iOS,0
104158,2025-03-25,39,Самара,iOS,0
104159,2026-04-28,27,Самара,iOS,1
104160,2026-01-28,47,Москва,Android,0
104161,2025-04-27,29,Екатеринбург,Android,0
104162,2025-10-08,43,Самара,iOS,0
104163,2026-01-10,43,Самара,Android,0
104164,2026-02-25,42,Екатеринбург,Android,0
104165,2026-04-26,41,Нижний Новгород,iOS,1
104166,2025-02-20,33,Самара,Android,0
104167,2026-03-28,41,Новосибирск,iOS,1
104168,2025-10-21,38,Казань,iOS,0
104169,2025-05-06,40,Казань,Android,0
104170,2026-02-04,27,Самара,iOS,0
104171,2025-08-24,51,Екатеринбург,Android,0
104172,2025-11-09,31,Нижний Новгород,Android,0
104173,2026-01-05,46,Москва,iOS,0
104174,2025-01-27,31,Казань,iOS,0
104175,2025-02-09,23,Нижний Новгород,Android,0
104176,2025-09-17,53,Екатеринбург,iOS,0
104177,2025-11-21,26,Санкт-Петербург,Android,0
104178,2025-03-01,30,Самара,Android,0
104179,2025-05-27,47,Казань,Android,0
104180,2026-04-25,48,Казань,iOS,1
104181,2025-06-10,40,Казань,iOS,0
104182,2025-10-13,50,Екатеринбург,iOS,0
104183,2026-03-06,43,Санкт-Петербург,Android,1
104184,2025-11-20,43,Москва,iOS,0
104185,2026-01-21,33,Новосибирск,iOS,0
104186,2026-04-10,20,Самара,iOS,1
104187,2025-06-12,36,Санкт-Петербург,Android,0
104188,2025-10-29,40,Самара,Android,0
104189,2026-01-19,28,Екатеринбург,Android,0
104190,2026-04-29,44,Санкт-Петербург,Android,1
104191,2025-05-19,18,Нижний Новгород,Android,0
104192,2025-09-10,44,Екатеринбург,iOS,0
104193,2025-07-19,55,Новосибирск,Android,0
104194,2025-01-28,28,Казань,iOS,0
104195,2025-05-07,22,Новосибирск,Android,0
104196,2025-01-18,18,Нижний Новгород,iOS,0
104197,2025-01-11,18,Новосибирск,iOS,0
104198,2025-04-10,46,Самара,Android,0
104199,2025-09-28,29,Самара,iOS,0
104200,2026-03-29,38,Казань,iOS,1
104201,2025-05-07,39,Новосибирск,iOS,0
104202,2025-05-13,21,Нижний Новгород,Android,0
104203,2025-05-02,31,Нижний Новгород,iOS,0
104204,2025-09-12,20,Екатеринбург,Android,0
104205,2025-11-22,31,Москва,iOS,0
104206,2025-04-14,54,Казань,Android,0
104207,2026-02-02,44,Новосибирск,iOS,0
104208,2026-04-23,29,Самара,iOS,1
104209,2025-11-22,32,Екатеринбург,Android,0
104210,2026-03-07,18,Москва,iOS,1
104211,2026-04-20,48,Самара,Android,1
104212,2026-04-13,22,Москва,iOS,1
104213,2024-12-27,50,Санкт-Петербург,iOS,0
104214,2025-06-13,40,Екатеринбург,Android,0
104215,2025-12-08,42,Нижний Новгород,Android,0
104216,2025-08-01,48,Самара,iOS,0
104217,2025-03-12,36,Казань,Android,0
104218,2024-12-23,22,Екатеринбург,iOS,0
104219,2024-12-26,34,Санкт-Петербург,Android,0
104220,2025-03-06,42,Екатеринбург,iOS,0
104221,2025-11-27,33,Самара,Android,0
104222,2025-07-25,27,Екатеринбург,Android,0
104223,2025-10-07,37,Новосибирск,iOS,0
104224,2025-04-26,34,Нижний Новгород,iOS,0
104225,2026-01-11,41,Санкт-Петербург,iOS,0
104226,2026-03-19,34,Самара,Android,1
104227,2025-10-26,40,Казань,iOS,0
104228,2025-11-13,31,Москва,Android,0
104229,2025-03-04,25,Самара,Android,0
104230,2025-10-22,29,Нижний Новгород,Android,0
104231,2025-08-25,31,Казань,Android,0
104232,2026-02-16,35,Нижний Новгород,iOS,0
104233,2025-03-16,51,Москва,Android,0
104234,2025-11-30,36,Новосибирск,Android,0
104235,2025-07-21,53,Санкт-Петербург,Android,0
104236,2025-05-25,33,Казань,Android,0
104237,2026-04-11,51,Самара,Android,1
104238,2025-11-11,43,Москва,iOS,0
104239,2026-02-18,38,Екатеринбург,Android,0
104240,2025-10-15,34,Москва,Android,0
104241,2026-01-17,46,Казань,Android,0
104242,2025-03-10,18,Казань,Android,0
104243,2025-02-01,43,Санкт-Петербург,iOS,0
104244,2025-09-24,48,Самара,Android,0
104245,2025-01-27,22,Самара,Android,0
104246,2025-02-26,41,Екатеринбург,Android,0
104247,2025-05-27,36,Москва,Android,0
104248,2026-03-05,38,Нижний Новгород,iOS,1
104249,2025-11-07,21,Москва,Android,0
104250,2025-11-26,36,Екатеринбург,iOS,0
104251,2026-02-03,21,Нижний Новгород,iOS,0
104252,2025-03-08,55,Казань,iOS,0
104253,2025-04-17,44,Екатеринбург,iOS,0
104254,2024-12-25,37,Москва,Android,0
104255,2025-12-14,34,Самара,iOS,0
104256,2025-05-24,27,Санкт-Петербург,iOS,0
104257,2025-02-25,28,Самара,Android,0
104258,2025-03-09,45,Москва,iOS,0
104259,2025-04-10,41,Казань,Android,0
104260,2025-01-11,26,Санкт-Петербург,iOS,0
104261,2026-01-02,29,Санкт-Петербург,iOS,0
104262,2025-12-20,30,Екатеринбург,Android,0
104263,2025-03-11,39,Москва,iOS,0
104264,2025-03-21,28,Самара,Android,0
104265,2026-02-01,55,Самара,iOS,0
104266,2025-08-10,29,Нижний Новгород,iOS,0
104267,2026-01-08,40,Екатеринбург,iOS,0
104268,2025-04-10,34,Екатеринбург,Android,0
104269,2025-09-25,38,Москва,iOS,0
104270,2025-10-18,39,Новосибирск,iOS,0
104271,2025-10-09,48,Москва,Android,0
104272,2024-12-21,41,Самара,iOS,0
104273,2025-08-10,48,Казань,Android,0
104274,2026-04-29,26,Екатеринбург,iOS,1
104275,2026-02-02,38,Нижний Новгород,Android,0
104276,2025-10-18,26,Нижний Новгород,iOS,0
104277,2025-08-08,41,Екатеринбург,Android,0
104278,2025-12-21,28,Нижний Новгород,Android,0
104279,2025-01-27,41,Санкт-Петербург,Android,0
104280,2025-05-22,43,Санкт-Петербург,Android,0
104281,2026-01-26,18,Самара,Android,0
104282,2025-06-14,32,Санкт-Петербург,iOS,0
104283,2026-03-23,49,Самара,iOS,1
104284,2025-04-08,29,Санкт-Петербург,iOS,0
104285,2026-03-23,26,Казань,iOS,1
104286,2025-07-03,32,Казань,iOS,0
104287,2025-09-20,52,Екатеринбург,Android,0
104288,2026-04-09,44,Санкт-Петербург,iOS,1
104289,2025-10-18,28,Екатеринбург,Android,0
104290,2025-10-02,31,Нижний Новгород,iOS,0
104291,2025-03-21,33,Нижний Новгород,Android,0
104292,2025-02-23,31,Казань,Android,0
104293,2025-03-23,26,Екатеринбург,iOS,0
104294,2026-02-01,33,Москва,Android,0
104295,2025-11-03,51,Казань,Android,0
104296,2025-10-01,42,Санкт-Петербург,Android,0
104297,2025-06-25,28,Самара,Android,0
104298,2025-02-23,23,Екатеринбург,Android,0
104299,2025-11-18,41,Москва,Android,0
104300,2025-04-15,25,Новосибирск,iOS,0
104301,2025-01-22,30,Новосибирск,Android,0
104302,2025-07-26,18,Казань,Android,0
104303,2026-03-17,37,Казань,Android,1
104304,2026-03-17,50,Казань,Android,1
104305,2025-09-05,41,Санкт-Петербург,iOS,0
104306,2026-01-20,36,Санкт-Петербург,iOS,0
104307,2025-08-23,40,Самара,Android,0
104308,2025-03-13,18,Санкт-Петербург,Android,0
104309,2025-03-17,18,Нижний Новгород,Android,0
104310,2025-11-01,27,Казань,Android,0
104311,2025-01-29,20,Москва,Android,0
104312,2025-12-12,29,Новосибирск,Android,0
104313,2025-12-30,37,Казань,iOS,0
104314,2025-04-17,43,Новосибирск,Android,0
104315,2025-11-23,42,Санкт-Петербург,Android,0
104316,2026-02-19,37,Самара,Android,0
104317,2026-01-03,25,Новосибирск,iOS,0
104318,2026-02-12,30,Новосибирск,iOS,0
104319,2025-05-22,18,Казань,Android,0
104320,2025-09-12,29,Екатеринбург,Android,0
104321,2025-08-16,37,Самара,iOS,0
104322,2025-06-11,45,Самара,iOS,0
104323,2025-07-09,39,Новосибирск,Android,0
104324,2025-04-21,45,Москва,Android,0
104325,2026-01-18,20,Казань,Android,0
104326,2025-10-08,37,Казань,iOS,0
104327,2025-04-06,37,Новосибирск,iOS,0
104328,2025-11-24,39,Новосибирск,Android,0
104329,2025-12-10,39,Самара,iOS,0
104330,2025-12-28,31,Санкт-Петербург,iOS,0
104331,2026-01-27,19,Москва,Android,0
104332,2026-03-13,49,Екатеринбург,iOS,1
104333,2026-02-08,26,Казань,iOS,0
104334,2025-05-23,35,Новосибирск,iOS,0
104335,2025-11-14,31,Казань,iOS,0
104336,2025-01-26,33,Нижний Новгород,Android,0
104337,2026-01-10,36,Москва,iOS,0
104338,2025-12-10,31,Казань,iOS,0
104339,2025-06-23,24,Москва,iOS,0
104340,2025-02-17,40,Екатеринбург,iOS,0
104341,2026-03-10,37,Новосибирск,iOS,1
104342,2026-02-24,32,Новосибирск,Android,0
104343,2026-03-12,37,Москва,iOS,1
104344,2025-01-24,24,Новосибирск,Android,0
104345,2025-12-02,18,Самара,iOS,0
104346,2025-10-07,31,Санкт-Петербург,Android,0
104347,2025-08-29,32,Новосибирск,iOS,0
104348,2026-03-07,21,Санкт-Петербург,Android,1
104349,2026-03-09,24,Нижний Новгород,iOS,1
104350,2025-12-19,36,Екатеринбург,Android,0
104351,2025-07-03,36,Новосибирск,Android,0
104352,2026-01-15,40,Новосибирск,Android,0
104353,2026-03-10,32,Москва,iOS,1
104354,2026-02-07,18,Екатеринбург,Android,0
104355,2025-04-22,18,Новосибирск,iOS,0
104356,2025-03-14,18,Самара,iOS,0
104357,2026-04-20,43,Екатеринбург,Android,1
104358,2026-01-21,26,Казань,iOS,0
104359,2025-12-09,40,Екатеринбург,iOS,0
104360,2025-01-05,59,Казань,Android,0
104361,2025-09-06,33,Санкт-Петербург,Android,0
104362,2026-01-07,35,Казань,Android,0
104363,2025-05-06,40,Новосибирск,Android,0
104364,2025-07-27,27,Москва,iOS,0
104365,2025-01-30,53,Санкт-Петербург,Android,0
104366,2025-03-05,34,Санкт-Петербург,Android,0
104367,2025-11-03,41,Нижний Новгород,iOS,0
104368,2026-03-15,34,Самара,iOS,1
104369,2026-04-04,18,Москва,Android,1
104370,2026-02-15,25,Санкт-Петербург,Android,0
104371,2025-06-23,29,Казань,iOS,0
104372,2025-09-26,44,Санкт-Петербург,iOS,0
104373,2025-08-22,46,Москва,iOS,0
104374,2026-03-07,46,Казань,iOS,1
104375,2026-03-31,24,Казань,Android,1
104376,2024-12-27,36,Санкт-Петербург,Android,0
104377,2026-02-08,24,Москва,Android,0
104378,2025-01-16,30,Самара,Android,0
104379,2025-06-16,42,Казань,iOS,0
104380,2025-09-29,27,Новосибирск,iOS,0
104381,2026-03-05,30,Казань,iOS,1
104382,2026-04-09,38,Новосибирск,Android,1
104383,2025-12-11,38,Москва,Android,0
104384,2026-02-21,37,Новосибирск,iOS,0
104385,2026-02-16,31,Нижний Новгород,iOS,0
104386,2025-12-01,23,Казань,Android,0
104387,2025-07-14,34,Казань,iOS,0
104388,2024-12-30,34,Новосибирск,Android,0
104389,2025-08-19,41,Самара,iOS,0
104390,2025-04-08,33,Екатеринбург,Android,0
104391,2024-12-24,33,Новосибирск,Android,0
104392,2025-03-01,41,Казань,Android,0
104393,2025-04-09,41,Санкт-Петербург,Android,0
104394,2025-05-13,24,Москва,Android,0
104395,2025-07-19,42,Москва,Android,0
104396,2025-02-06,32,Нижний Новгород,iOS,0
104397,2025-12-21,37,Санкт-Петербург,Android,0
104398,2025-02-14,44,Санкт-Петербург,iOS,0
104399,2025-07-20,18,Санкт-Петербург,Android,0
104400,2024-12-29,34,Новосибирск,iOS,0
104401,2025-10-12,42,Нижний Новгород,iOS,0
104402,2025-07-08,36,Москва,Android,0
104403,2026-02-24,41,Москва,Android,0
104404,2025-03-14,34,Санкт-Петербург,iOS,0
104405,2025-04-20,52,Екатеринбург,Android,0
104406,2025-06-08,28,Екатеринбург,Android,0
104407,2025-03-12,22,Самара,iOS,0
104408,2025-05-29,36,Самара,Android,0
104409,2025-10-20,38,Санкт-Петербург,iOS,0
104410,2025-02-20,28,Самара,iOS,0
104411,2025-10-06,42,Екатеринбург,iOS,0
104412,2025-12-02,44,Самара,iOS,0
104413,2025-08-26,18,Москва,Android,0
104414,2026-02-11,44,Самара,Android,0
104415,2024-12-20,53,Екатеринбург,Android,0
104416,2025-12-17,27,Самара,Android,0
104417,2025-11-29,45,Нижний Новгород,iOS,0
104418,2024-12-28,40,Санкт-Петербург,Android,0
104419,2025-07-02,42,Москва,iOS,0
104420,2025-03-03,18,Нижний Новгород,Android,0
104421,2025-01-12,28,Санкт-Петербург,Android,0
104422,2025-08-05,37,Новосибирск,Android,0
104423,2025-06-02,21,Нижний Новгород,Android,0
104424,2025-12-26,55,Москва,iOS,0
104425,2025-11-09,38,Москва,iOS,0
104426,2025-03-22,28,Санкт-Петербург,Android,0
104427,2025-05-16,23,Новосибирск,Android,0
104428,2026-04-07,34,Новосибирск,Android,1
104429,2026-02-08,41,Новосибирск,Android,0
104430,2026-02-18,31,Екатеринбург,Android,0
104431,2025-03-04,28,Казань,Android,0
104432,2025-09-11,30,Самара,Android,0
104433,2025-08-09,32,Новосибирск,iOS,0
104434,2026-02-15,29,Нижний Новгород,iOS,0
104435,2025-02-01,36,Самара,Android,0
104436,2025-07-03,36,Москва,Android,0
104437,2025-08-01,34,Екатеринбург,Android,0
104438,2025-11-21,21,Нижний Новгород,Android,0
104439,2025-11-11,26,Санкт-Петербург,Android,0
104440,2025-01-04,33,Санкт-Петербург,iOS,0
104441,2026-02-02,22,Нижний Новгород,iOS,0
104442,2025-11-15,34,Нижний Новгород,iOS,0
104443,2024-12-26,42,Екатеринбург,iOS,0
104444,2025-03-23,27,Новосибирск,iOS,0
104445,2026-03-20,27,Нижний Новгород,iOS,1
104446,2025-10-13,43,Санкт-Петербург,iOS,0
104447,2025-06-14,43,Екатеринбург,Android,0
104448,2025-08-17,27,Самара,Android,0
104449,2025-02-14,38,Нижний Новгород,iOS,0
104450,2024-12-22,41,Самара,iOS,0
104451,2025-08-11,46,Екатеринбург,Android,0
104452,2025-07-08,18,Казань,iOS,0
104453,2026-03-17,37,Нижний Новгород,Android,1
104454,2026-04-21,26,Екатеринбург,iOS,1
104455,2025-05-15,36,Москва,iOS,0
104456,2026-02-04,39,Самара,iOS,0
104457,2026-02-23,18,Самара,iOS,0
104458,2026-03-13,37,Москва,iOS,1
104459,2025-01-19,43,Москва,iOS,0
104460,2024-12-23,25,Самара,iOS,0
104461,2025-03-18,20,Санкт-Петербург,Android,0
104462,2026-01-18,26,Москва,Android,0
104463,2025-12-07,26,Москва,iOS,0
104464,2026-02-01,48,Москва,Android,0
104465,2025-04-15,33,Казань,iOS,0
104466,2025-10-21,36,Новосибирск,iOS,0
104467,2025-10-13,38,Новосибирск,iOS,0
104468,2025-05-20,41,Новосибирск,Android,0
104469,2025-02-27,40,Самара,iOS,0
104470,2025-07-22,36,Санкт-Петербург,Android,0
104471,2025-09-07,34,Казань,iOS,0
104472,2025-01-14,31,Нижний Новгород,Android,0
104473,2025-03-30,45,Москва,Android,0
104474,2025-07-22,52,Нижний Новгород,iOS,0
104475,2025-06-23,48,Новосибирск,iOS,0
104476,2026-03-20,24,Санкт-Петербург,Android,1
104477,2025-08-15,32,Санкт-Петербург,Android,0
104478,2025-03-29,48,Москва,iOS,0
104479,2025-03-05,26,Новосибирск,iOS,0
104480,2025-02-11,42,Екатеринбург,iOS,0
104481,2026-03-10,54,Екатеринбург,iOS,1
104482,2024-12-17,25,Новосибирск,iOS,0
104483,2026-02-21,40,Новосибирск,Android,0
104484,2025-03-12,30,Самара,iOS,0
104485,2025-07-18,52,Казань,Android,0
104486,2025-01-09,18,Москва,Android,0
104487,2025-07-01,18,Новосибирск,iOS,0
104488,2026-03-04,43,Самара,iOS,1
104489,2025-09-29,38,Москва,Android,0
104490,2025-04-30,24,Санкт-Петербург,Android,0
104491,2026-04-25,39,Новосибирск,Android,1
104492,2026-02-04,52,Москва,Android,0
104493,2025-07-08,18,Самара,iOS,0
104494,2025-12-27,20,Новосибирск,iOS,0
104495,2025-03-30,42,Казань,iOS,0
104496,2025-05-27,24,Нижний Новгород,Android,0
104497,2026-04-11,28,Санкт-Петербург,iOS,1
104498,2025-06-19,37,Екатеринбург,Android,0
104499,2025-01-23,24,Санкт-Петербург,iOS,0
104500,2026-01-28,42,Нижний Новгород,iOS,0
104501,2025-05-04,35,Казань,Android,0
104502,2025-10-28,38,Казань,iOS,0
104503,2025-01-28,44,Санкт-Петербург,iOS,0
104504,2025-09-25,48,Казань,iOS,0
104505,2025-02-11,32,Казань,iOS,0
104506,2026-03-27,32,Москва,iOS,1
104507,2025-01-06,41,Казань,iOS,0
104508,2024-12-25,18,Новосибирск,iOS,0
104509,2025-06-22,28,Самара,Android,0
104510,2025-09-03,35,Екатеринбург,Android,0
104511,2026-03-24,34,Новосибирск,Android,1
104512,2026-01-03,32,Санкт-Петербург,iOS,0
104513,2025-12-10,31,Санкт-Петербург,Android,0
104514,2025-06-17,18,Новосибирск,Android,0
104515,2025-12-26,28,Казань,Android,0
104516,2025-06-03,28,Нижний Новгород,iOS,0
104517,2025-10-08,26,Самара,iOS,0
104518,2025-11-08,39,Нижний Новгород,iOS,0
104519,2025-03-25,44,Москва,iOS,0
104520,2026-01-31,20,Санкт-Петербург,Android,0
104521,2025-02-03,22,Нижний Новгород,iOS,0
104522,2026-03-03,24,Казань,Android,1
104523,2025-01-24,43,Нижний Новгород,iOS,0
104524,2025-06-25,55,Нижний Новгород,iOS,0
104525,2025-02-14,49,Казань,iOS,0
104526,2025-12-08,38,Москва,iOS,0
104527,2025-02-19,49,Новосибирск,iOS,0
104528,2025-03-23,47,Санкт-Петербург,Android,0
104529,2025-09-18,49,Самара,Android,0
104530,2025-03-13,56,Екатеринбург,Android,0
104531,2026-03-22,20,Самара,Android,1
104532,2025-05-04,39,Новосибирск,Android,0
104533,2025-03-16,26,Москва,iOS,0
104534,2025-05-28,51,Нижний Новгород,iOS,0
104535,2026-04-10,32,Нижний Новгород,iOS,1
104536,2025-10-18,43,Москва,Android,0
104537,2026-04-21,28,Новосибирск,iOS,1
104538,2026-04-23,33,Москва,Android,1
104539,2025-01-26,30,Санкт-Петербург,Android,0
104540,2025-01-22,23,Новосибирск,Android,0
104541,2025-01-04,27,Санкт-Петербург,Android,0
104542,2026-04-23,41,Новосибирск,Android,1
104543,2025-09-28,42,Москва,iOS,0
104544,2025-09-30,22,Казань,iOS,0
104545,2025-05-13,29,Екатеринбург,Android,0
104546,2025-04-27,48,Нижний Новгород,Android,0
104547,2025-01-14,45,Екатеринбург,iOS,0
104548,2025-07-18,30,Санкт-Петербург,Android,0
104549,2025-12-15,28,Екатеринбург,Android,0
104550,2025-08-10,21,Новосибирск,Android,0
104551,2026-02-26,23,Санкт-Петербург,Android,0
104552,2025-12-05,33,Москва,iOS,0
104553,2026-01-07,48,Самара,iOS,0
104554,2025-09-09,23,Нижний Новгород,iOS,0
104555,2025-10-02,31,Самара,Android,0
104556,2025-11-18,26,Санкт-Петербург,Android,0
104557,2025-11-23,48,Нижний Новгород,iOS,0
104558,2025-06-01,27,Нижний Новгород,Android,0
104559,2025-11-07,30,Самара,iOS,0
104560,2026-01-07,46,Новосибирск,iOS,0
104561,2025-05-05,22,Санкт-Петербург,iOS,0
104562,2025-01-13,42,Новосибирск,iOS,0
104563,2025-04-26,42,Казань,iOS,0
104564,2026-04-15,32,Самара,iOS,1
104565,2025-10-27,40,Нижний Новгород,iOS,0
104566,2025-08-11,18,Самара,Android,0
104567,2026-01-23,20,Москва,iOS,0
104568,2025-10-08,41,Москва,iOS,0
104569,2025-12-06,30,Санкт-Петербург,iOS,0
104570,2025-01-08,37,Санкт-Петербург,iOS,0
104571,2025-10-17,44,Новосибирск,Android,0
104572,2025-09-21,24,Казань,Android,0
104573,2026-03-03,28,Новосибирск,iOS,1
104574,2026-04-27,32,Новосибирск,iOS,1
104575,2026-04-09,27,Екатеринбург,iOS,1
104576,2025-06-06,26,Самара,Android,0
104577,2026-01-06,18,Самара,Android,0
104578,2025-07-21,21,Казань,Android,0
104579,2025-04-19,44,Новосибирск,Android,0
104580,2025-08-05,40,Казань,iOS,0
104581,2026-03-02,34,Казань,Android,0
104582,2025-12-17,21,Нижний Новгород,Android,0
104583,2025-07-08,23,Самара,Android,0
104584,2025-08-29,35,Екатеринбург,Android,0
104585,2025-02-07,18,Казань,iOS,0
104586,2025-03-12,35,Екатеринбург,Android,0
104587,2025-08-31,24,Новосибирск,Android,0
104588,2026-03-02,37,Казань,Android,0
104589,2025-05-26,44,Санкт-Петербург,iOS,0
104590,2025-07-01,18,Санкт-Петербург,Android,0
104591,2025-07-06,36,Москва,iOS,0
104592,2026-01-06,49,Новосибирск,Android,0
104593,2026-01-06,48,Екатеринбург,iOS,0
104594,2025-01-15,31,Самара,iOS,0
104595,2025-07-01,48,Санкт-Петербург,iOS,0
104596,2025-08-24,25,Новосибирск,iOS,0
104597,2025-02-17,46,Санкт-Петербург,iOS,0
104598,2025-04-11,34,Нижний Новгород,Android,0
104599,2025-05-02,37,Санкт-Петербург,Android,0
104600,2026-01-09,25,Нижний Новгород,Android,0
104601,2025-12-20,37,Нижний Новгород,Android,0
104602,2026-03-19,23,Нижний Новгород,Android,1
104603,2025-02-18,42,Казань,Android,0
104604,2025-04-06,33,Нижний Новгород,iOS,0
104605,2026-03-26,41,Санкт-Петербург,iOS,1
104606,2025-01-21,46,Казань,Android,0
104607,2025-04-07,48,Самара,Android,0
104608,2025-02-12,33,Новосибирск,iOS,0
104609,2026-03-06,32,Екатеринбург,iOS,1
104610,2025-11-15,30,Екатеринбург,iOS,0
104611,2025-08-05,24,Нижний Новгород,iOS,0
104612,2026-02-23,32,Новосибирск,iOS,0
104613,2025-09-02,38,Санкт-Петербург,Android,0
104614,2026-01-25,25,Самара,iOS,0
104615,2025-02-21,37,Москва,Android,0
104616,2026-03-15,37,Санкт-Петербург,iOS,1
104617,2025-04-25,33,Новосибирск,iOS,0
104618,2025-01-02,35,Екатеринбург,iOS,0
104619,2025-05-02,27,Казань,Android,0
104620,2025-12-10,33,Санкт-Петербург,iOS,0
104621,2025-01-01,38,Екатеринбург,iOS,0
104622,2025-11-24,18,Самара,Android,0
104623,2026-02-27,51,Санкт-Петербург,iOS,0
104624,2025-10-15,35,Самара,Android,0
104625,2025-01-20,36,Новосибирск,iOS,0
104626,2026-01-25,53,Нижний Новгород,iOS,0
104627,2025-05-11,56,Екатеринбург,Android,0
104628,2025-12-25,33,Новосибирск,Android,0
104629,2025-09-04,34,Самара,Android,0
104630,2025-08-08,40,Новосибирск,iOS,0
104631,2025-05-29,48,Екатеринбург,Android,0
104632,2025-04-21,37,Нижний Новгород,iOS,0
104633,2026-01-05,39,Казань,Android,0
104634,2025-04-08,38,Санкт-Петербург,iOS,0
104635,2026-01-14,18,Екатеринбург,iOS,0
104636,2025-05-30,32,Екатеринбург,iOS,0
104637,2025-08-04,28,Новосибирск,Android,0
104638,2025-06-12,20,Екатеринбург,iOS,0
104639,2025-08-01,35,Казань,Android,0
104640,2025-09-02,28,Новосибирск,iOS,0
104641,2025-03-12,34,Нижний Новгород,iOS,0
104642,2025-11-03,43,Самара,Android,0
104643,2025-03-14,18,Казань,Android,0
104644,2025-07-29,32,Екатеринбург,Android,0
104645,2024-12-25,22,Москва,Android,0
104646,2025-08-26,33,Самара,Android,0
104647,2026-02-11,45,Екатеринбург,Android,0
104648,2025-12-25,44,Казань,Android,0
104649,2025-09-11,41,Казань,Android,0
104650,2025-05-08,47,Москва,iOS,0
104651,2025-10-31,44,Новосибирск,Android,0
104652,2026-03-11,40,Екатеринбург,Android,1
104653,2026-04-28,19,Екатеринбург,iOS,1
104654,2025-09-08,36,Санкт-Петербург,iOS,0
104655,2026-04-12,18,Новосибирск,iOS,1
104656,2025-11-29,42,Екатеринбург,iOS,0
104657,2025-05-01,29,Екатеринбург,iOS,0
104658,2025-12-09,34,Санкт-Петербург,Android,0
104659,2026-03-05,54,Самара,iOS,1
104660,2025-04-07,36,Самара,Android,0
104661,2025-10-03,22,Новосибирск,Android,0
104662,2026-03-17,32,Нижний Новгород,Android,1
104663,2025-01-01,41,Москва,iOS,0
104664,2025-01-01,21,Самара,Android,0
104665,2025-05-19,34,Нижний Новгород,iOS,0
104666,2026-01-02,25,Москва,Android,0
104667,2025-02-01,43,Москва,Android,0
104668,2026-04-10,30,Казань,iOS,1
104669,2026-03-29,33,Казань,Android,1
104670,2025-03-03,36,Москва,Android,0
104671,2026-03-11,35,Нижний Новгород,Android,1
104672,2026-02-22,47,Санкт-Петербург,iOS,0
104673,2025-04-05,35,Казань,Android,0
104674,2025-09-19,18,Екатеринбург,iOS,0
104675,2025-09-14,29,Самара,Android,0
104676,2025-09-27,28,Самара,Android,0
104677,2025-01-16,39,Екатеринбург,Android,0
104678,2025-09-20,32,Екатеринбург,Android,0
104679,2026-01-10,34,Казань,Android,0
104680,2026-04-27,29,Казань,iOS,1
104681,2026-02-02,20,Санкт-Петербург,iOS,0
104682,2025-03-28,30,Нижний Новгород,iOS,0
104683,2025-04-22,40,Новосибирск,iOS,0
104684,2025-12-31,19,Нижний Новгород,Android,0
104685,2025-03-06,18,Новосибирск,Android,0
104686,2025-06-09,39,Новосибирск,iOS,0
104687,2026-03-21,49,Санкт-Петербург,Android,1
104688,2025-08-26,19,Казань,iOS,0
104689,2026-01-31,29,Екатеринбург,iOS,0
104690,2025-08-18,34,Екатеринбург,Android,0
104691,2025-09-21,28,Москва,Android,0
104692,2026-04-30,57,Нижний Новгород,Android,1
104693,2025-11-04,25,Санкт-Петербург,Android,0
104694,2025-05-02,51,Москва,Android,0
104695,2026-02-23,39,Екатеринбург,Android,0
104696,2026-03-03,42,Самара,iOS,1
104697,2025-04-18,36,Самара,iOS,0
104698,2026-03-08,33,Санкт-Петербург,Android,1
104699,2025-12-31,40,Екатеринбург,Android,0
104700,2025-05-11,26,Казань,Android,0
104701,2025-10-07,34,Самара,iOS,0
104702,2025-11-29,18,Нижний Новгород,Android,0
104703,2025-11-20,40,Нижний Новгород,Android,0
104704,2025-07-27,45,Казань,iOS,0
104705,2026-01-30,19,Нижний Новгород,iOS,0
104706,2025-04-30,18,Новосибирск,Android,0
104707,2025-11-26,27,Москва,iOS,0
104708,2025-12-29,30,Казань,iOS,0
104709,2025-03-10,39,Екатеринбург,Android,0
104710,2025-06-24,26,Казань,Android,0
104711,2025-02-04,46,Нижний Новгород,Android,0
104712,2025-05-08,39,Нижний Новгород,iOS,0
104713,2025-01-31,38,Санкт-Петербург,iOS,0
104714,2025-07-22,30,Казань,Android,0
104715,2024-12-21,24,Самара,Android,0
104716,2025-11-19,39,Санкт-Петербург,Android,0
104717,2025-10-22,38,Казань,iOS,0
104718,2025-10-05,43,Нижний Новгород,iOS,0
104719,2025-05-25,39,Екатеринбург,Android,0
104720,2025-10-11,31,Екатеринбург,iOS,0
104721,2025-07-01,29,Нижний Новгород,iOS,0
104722,2026-01-09,18,Самара,iOS,0
104723,2026-02-05,37,Самара,Android,0
104724,2025-12-05,26,Санкт-Петербург,Android,0
104725,2025-04-21,18,Екатеринбург,Android,0
104726,2025-10-15,34,Нижний Новгород,Android,0
104727,2025-01-05,18,Новосибирск,Android,0
104728,2025-03-08,18,Санкт-Петербург,iOS,0
104729,2026-03-22,34,Нижний Новгород,Android,1
104730,2025-07-15,38,Нижний Новгород,iOS,0
104731,2024-12-30,42,Екатеринбург,iOS,0
104732,2024-12-22,27,Нижний Новгород,iOS,0
104733,2025-12-07,23,Москва,iOS,0
104734,2026-02-14,29,Казань,Android,0
104735,2025-07-16,43,Москва,Android,0
104736,2025-07-04,36,Екатеринбург,iOS,0
104737,2026-01-25,31,Санкт-Петербург,Android,0
104738,2025-03-19,42,Санкт-Петербург,iOS,0
104739,2025-01-20,50,Казань,Android,0
104740,2026-04-21,38,Москва,iOS,1
104741,2025-08-15,37,Нижний Новгород,iOS,0
104742,2025-10-31,42,Самара,iOS,0
104743,2024-12-25,25,Казань,Android,0
104744,2025-11-30,44,Екатеринбург,iOS,0
104745,2025-11-24,31,Казань,iOS,0
104746,2025-07-19,29,Екатеринбург,Android,0
104747,2025-04-05,23,Самара,iOS,0
104748,2025-07-19,34,Москва,iOS,0
104749,2025-03-27,49,Нижний Новгород,iOS,0
104750,2025-09-26,39,Новосибирск,Android,0
104751,2026-03-25,32,Москва,iOS,1
104752,2025-11-08,41,Нижний Новгород,iOS,0
104753,2025-01-23,35,Нижний Новгород,iOS,0
104754,2025-03-14,33,Санкт-Петербург,iOS,0
104755,2026-01-21,34,Новосибирск,Android,0
104756,2025-10-07,49,Самара,Android,0
104757,2024-12-28,32,Москва,Android,0
104758,2026-04-06,21,Санкт-Петербург,Android,1
104759,2025-06-21,48,Самара,Android,0
104760,2025-03-29,26,Санкт-Петербург,iOS,0
104761,2026-01-27,18,Санкт-Петербург,Android,0
104762,2025-03-07,18,Самара,iOS,0
104763,2025-08-28,43,Москва,Android,0
104764,2025-11-26,36,Новосибирск,Android,0
104765,2025-06-29,28,Москва,iOS,0
104766,2025-04-28,40,Казань,iOS,0
104767,2025-06-22,34,Самара,iOS,0
104768,2025-10-24,34,Москва,iOS,0
104769,2025-02-19,52,Екатеринбург,iOS,0
104770,2026-03-17,41,Нижний Новгород,iOS,1
104771,2025-05-06,18,Москва,iOS,0
104772,2025-12-25,27,Самара,Android,0
104773,2026-03-06,33,Москва,iOS,1
104774,2025-03-03,35,Екатеринбург,Android,0
104775,2025-11-11,18,Нижний Новгород,Android,0
104776,2025-12-05,24,Нижний Новгород,iOS,0
104777,2026-03-04,28,Санкт-Петербург,iOS,1
104778,2025-10-04,26,Санкт-Петербург,Android,0
104779,2025-07-04,52,Москва,Android,0
104780,2025-09-27,43,Нижний Новгород,Android,0
104781,2026-03-15,23,Санкт-Петербург,iOS,1
104782,2025-10-16,44,Нижний Новгород,iOS,0
104783,2025-11-09,18,Нижний Новгород,iOS,0
104784,2025-05-02,29,Санкт-Петербург,Android,0
104785,2025-01-22,32,Казань,iOS,0
104786,2026-01-16,31,Казань,iOS,0
104787,2025-02-17,48,Казань,Android,0
104788,2025-09-17,30,Нижний Новгород,Android,0
104789,2025-12-30,37,Екатеринбург,Android,0
104790,2026-02-28,43,Казань,iOS,0
104791,2025-06-15,38,Москва,Android,0
104792,2025-07-05,24,Москва,Android,0
104793,2025-05-23,18,Казань,iOS,0
104794,2025-01-07,27,Москва,iOS,0
104795,2025-03-30,18,Казань,iOS,0
104796,2026-04-12,48,Москва,iOS,1
104797,2025-12-07,48,Нижний Новгород,iOS,0
104798,2025-02-07,29,Казань,Android,0
104799,2026-04-16,34,Казань,Android,1
104800,2025-01-23,27,Москва,iOS,0
104801,2024-12-31,34,Москва,Android,0
104802,2026-02-28,18,Нижний Новгород,Android,0
104803,2025-12-28,34,Санкт-Петербург,iOS,0
104804,2025-01-20,30,Екатеринбург,iOS,0
104805,2025-01-22,53,Новосибирск,iOS,0
104806,2025-04-29,32,Новосибирск,Android,0
104807,2026-05-01,30,Екатеринбург,iOS,1
104808,2025-09-12,64,Москва,iOS,0
104809,2025-06-02,18,Санкт-Петербург,iOS,0
104810,2025-04-05,21,Екатеринбург,iOS,0
104811,2025-03-20,43,Москва,Android,0
104812,2025-10-12,21,Новосибирск,Android,0
104813,2025-02-10,42,Новосибирск,iOS,0
104814,2025-09-20,33,Нижний Новгород,Android,0
104815,2026-03-10,51,Нижний Новгород,Android,1
104816,2026-01-23,28,Казань,Android,0
104817,2025-10-01,20,Самара,Android,0
104818,2025-03-16,26,Казань,iOS,0
104819,2025-03-15,53,Самара,iOS,0
104820,2025-09-03,52,Казань,Android,0
104821,2025-08-28,41,Екатеринбург,iOS,0
104822,2026-01-05,38,Санкт-Петербург,Android,0
104823,2026-02-07,33,Екатеринбург,iOS,0
104824,2025-07-14,31,Санкт-Петербург,iOS,0
104825,2026-03-23,27,Казань,Android,1
104826,2025-07-29,28,Екатеринбург,Android,0
104827,2026-03-02,31,Екатеринбург,iOS,0
104828,2025-01-31,37,Казань,Android,0
104829,2025-11-10,39,Самара,iOS,0
104830,2025-11-22,26,Москва,iOS,0
104831,2025-05-22,26,Нижний Новгород,Android,0
104832,2025-03-12,18,Екатеринбург,iOS,0
104833,2024-12-18,28,Санкт-Петербург,iOS,0
104834,2026-03-14,41,Новосибирск,Android,1
104835,2026-02-15,38,Нижний Новгород,iOS,0
104836,2026-04-12,40,Новосибирск,Android,1
104837,2025-05-14,30,Новосибирск,iOS,0
104838,2025-01-16,45,Новосибирск,iOS,0
104839,2025-03-27,23,Москва,iOS,0
104840,2026-03-13,25,Казань,iOS,1
104841,2025-04-25,42,Москва,Android,0
104842,2026-02-22,47,Новосибирск,iOS,0
104843,2026-04-16,35,Казань,iOS,1
104844,2026-04-30,49,Новосибирск,iOS,1
104845,2025-11-16,31,Москва,iOS,0
104846,2025-12-10,47,Самара,iOS,0
104847,2025-08-03,44,Новосибирск,Android,0
104848,2025-04-11,48,Нижний Новгород,Android,0
104849,2025-06-20,37,Москва,iOS,0
104850,2024-12-26,32,Москва,Android,0
104851,2025-10-17,44,Москва,iOS,0
104852,2026-04-01,31,Самара,iOS,1
104853,2025-07-21,33,Нижний Новгород,Android,0
104854,2025-10-01,43,Москва,Android,0
104855,2025-01-02,29,Новосибирск,Android,0
104856,2025-06-17,33,Санкт-Петербург,Android,0
104857,2025-10-26,45,Москва,Android,0
104858,2025-11-15,45,Москва,Android,0
104859,2025-05-27,30,Казань,Android,0
104860,2026-04-22,49,Екатеринбург,iOS,1
104861,2025-01-19,33,Самара,iOS,0
104862,2025-05-14,42,Самара,Android,0
104863,2025-04-25,51,Санкт-Петербург,iOS,0
104864,2025-02-19,29,Самара,Android,0
104865,2024-12-27,31,Казань,Android,0
104866,2025-07-17,33,Самара,Android,0
104867,2025-10-17,21,Москва,Android,0
104868,2025-04-04,39,Самара,iOS,0
104869,2025-11-05,36,Екатеринбург,Android,0
104870,2025-01-13,24,Нижний Новгород,Android,0
104871,2025-05-30,37,Нижний Новгород,iOS,0
104872,2024-12-21,19,Екатеринбург,Android,0
104873,2025-03-05,19,Казань,iOS,0
104874,2025-09-05,45,Казань,Android,0
104875,2026-01-07,24,Екатеринбург,iOS,0
104876,2025-01-23,40,Казань,iOS,0
104877,2025-12-16,41,Самара,Android,0
104878,2025-02-05,29,Новосибирск,iOS,0
104879,2025-05-13,25,Нижний Новгород,Android,0
104880,2025-01-12,22,Нижний Новгород,iOS,0
104881,2026-03-10,46,Самара,iOS,1
104882,2025-03-15,49,Москва,iOS,0
104883,2025-08-20,30,Нижний Новгород,iOS,0
104884,2025-03-07,29,Казань,iOS,0
104885,2025-10-04,61,Екатеринбург,Android,0
104886,2025-11-02,43,Москва,Android,0
104887,2026-04-14,27,Екатеринбург,Android,1
104888,2025-08-22,18,Москва,Android,0
104889,2025-05-22,37,Самара,Android,0
104890,2025-05-14,34,Новосибирск,iOS,0
104891,2026-02-18,41,Казань,Android,0
104892,2026-02-08,27,Самара,Android,0
104893,2025-07-03,24,Нижний Новгород,Android,0
104894,2025-10-16,39,Новосибирск,iOS,0
104895,2025-12-22,25,Казань,Android,0
104896,2025-07-22,22,Казань,Android,0
104897,2025-03-18,20,Нижний Новгород,Android,0
104898,2025-08-06,44,Нижний Новгород,iOS,0
104899,2025-08-20,42,Екатеринбург,Android,0
104900,2026-04-15,29,Санкт-Петербург,Android,1
104901,2026-03-24,35,Нижний Новгород,iOS,1
104902,2025-05-08,31,Екатеринбург,iOS,0
104903,2025-12-30,39,Самара,Android,0
104904,2025-03-11,38,Нижний Новгород,iOS,0
104905,2026-03-29,25,Екатеринбург,iOS,1
104906,2025-04-23,41,Самара,iOS,0
104907,2025-05-20,34,Новосибирск,Android,0
104908,2025-03-27,27,Нижний Новгород,iOS,0
104909,2025-09-29,49,Самара,iOS,0
104910,2026-01-16,18,Санкт-Петербург,Android,0
104911,2026-02-17,33,Казань,iOS,0
104912,2025-11-28,20,Нижний Новгород,iOS,0
104913,2024-12-29,24,Самара,Android,0
104914,2025-04-10,18,Нижний Новгород,Android,0
104915,2026-02-08,47,Казань,iOS,0
104916,2026-03-21,44,Нижний Новгород,Android,1
104917,2025-07-07,21,Казань,iOS,0
104918,2026-04-20,26,Москва,Android,1
104919,2026-04-25,31,Самара,iOS,1
104920,2026-04-07,40,Москва,iOS,1
104921,2026-02-08,18,Самара,iOS,0
104922,2025-12-24,36,Казань,iOS,0
104923,2025-08-06,33,Москва,Android,0
104924,2026-02-12,25,Екатеринбург,iOS,0
104925,2026-01-16,45,Москва,Android,0
104926,2025-02-13,33,Новосибирск,Android,0
104927,2026-04-19,41,Санкт-Петербург,iOS,1
104928,2025-02-12,34,Нижний Новгород,iOS,0
104929,2025-06-18,38,Самара,iOS,0
104930,2026-01-31,42,Москва,iOS,0
104931,2025-08-21,25,Москва,Android,0
104932,2026-04-16,33,Санкт-Петербург,Android,1
104933,2025-10-22,27,Москва,iOS,0
104934,2026-01-11,39,Нижний Новгород,iOS,0
104935,2025-05-27,19,Екатеринбург,iOS,0
104936,2025-09-14,34,Новосибирск,iOS,0
104937,2026-02-03,33,Санкт-Петербург,iOS,0
104938,2025-07-21,47,Новосибирск,iOS,0
104939,2025-06-27,22,Новосибирск,iOS,0
104940,2026-02-19,51,Москва,Android,0
104941,2025-11-09,35,Екатеринбург,iOS,0
104942,2025-01-13,25,Санкт-Петербург,iOS,0
104943,2025-06-28,38,Санкт-Петербург,iOS,0
104944,2025-05-01,21,Екатеринбург,iOS,0
104945,2026-03-15,65,Нижний Новгород,Android,1
104946,2024-12-26,46,Новосибирск,Android,0
104947,2025-03-14,27,Нижний Новгород,Android,0
104948,2025-09-13,27,Москва,Android,0
104949,2025-01-10,37,Москва,iOS,0
104950,2025-09-19,36,Нижний Новгород,iOS,0
104951,2025-09-09,44,Санкт-Петербург,iOS,0
104952,2025-11-24,30,Санкт-Петербург,Android,0
104953,2025-09-03,43,Москва,iOS,0
104954,2025-12-15,37,Санкт-Петербург,iOS,0
104955,2026-05-01,40,Санкт-Петербург,iOS,1
104956,2025-10-19,22,Нижний Новгород,iOS,0
104957,2025-06-20,39,Москва,iOS,0
104958,2025-10-05,31,Екатеринбург,Android,0
104959,2025-04-09,41,Самара,Android,0
104960,2026-01-20,28,Казань,iOS,0
104961,2026-03-31,43,Москва,iOS,1
104962,2025-01-23,33,Новосибирск,Android,0
104963,2026-04-07,55,Самара,Android,1
104964,2026-01-19,28,Самара,iOS,0
104965,2026-02-08,34,Самара,iOS,0
104966,2025-10-12,35,Санкт-Петербург,Android,0
104967,2025-01-23,18,Казань,iOS,0
104968,2025-12-29,29,Нижний Новгород,iOS,0
104969,2025-09-01,27,Новосибирск,iOS,0
104970,2024-12-17,40,Казань,Android,0
104971,2026-04-25,34,Новосибирск,Android,1
104972,2025-09-17,30,Москва,Android,0
104973,2026-03-02,30,Казань,Android,0
104974,2025-08-18,53,Нижний Новгород,Android,0
104975,2025-12-21,26,Екатеринбург,iOS,0
104976,2025-05-02,43,Екатеринбург,Android,0
104977,2025-07-17,31,Нижний Новгород,iOS,0
104978,2025-12-05,21,Санкт-Петербург,Android,0
104979,2025-10-03,35,Москва,iOS,0
104980,2025-01-27,44,Новосибирск,iOS,0
104981,2025-04-23,25,Новосибирск,Android,0
104982,2025-09-14,43,Нижний Новгород,Android,0
104983,2026-02-18,27,Санкт-Петербург,iOS,0
104984,2026-01-14,36,Новосибирск,iOS,0
104985,2025-08-31,24,Казань,Android,0
104986,2026-03-11,34,,Android,1
104987,2026-03-12,30,Новосибирск,Android,1
104988,2025-05-07,27,Казань,iOS,0
104989,2025-01-03,41,Самара,Android,0
104990,2025-01-06,27,Нижний Новгород,iOS,0
104991,2025-03-14,37,Самара,Android,0
104992,2025-12-26,18,Новосибирск,Android,0
104993,2025-07-07,24,Санкт-Петербург,iOS,0
104994,2025-05-01,38,Нижний Новгород,iOS,0
104995,2025-12-18,29,Екатеринбург,iOS,0
104996,2025-12-05,25,Москва,Android,0
104997,2026-02-14,54,Москва,iOS,0
104998,2026-04-05,43,Санкт-Петербург,Android,1
104999,2025-11-11,27,Новосибирск,Android,0
105000,2025-10-24,42,Самара,Android,0
105001,2025-03-22,49,Екатеринбург,Android,0
105002,2025-06-08,34,Новосибирск,iOS,0
105003,2025-04-06,33,Екатеринбург,Android,0
105004,2025-07-09,34,Екатеринбург,Android,0
105005,2025-11-11,36,Новосибирск,iOS,0
105006,2025-02-01,27,Санкт-Петербург,Android,0
105007,2025-08-09,27,Нижний Новгород,iOS,0
105008,2025-11-24,34,Казань,iOS,0
105009,2025-08-23,30,Екатеринбург,Android,0
105010,2025-06-16,34,Екатеринбург,Android,0
105011,2025-07-27,43,Казань,iOS,0
105012,2026-04-10,34,Новосибирск,iOS,1
105013,2025-04-06,46,Новосибирск,Android,0
105014,2025-03-22,48,Екатеринбург,iOS,0
105015,2026-01-17,35,Нижний Новгород,Android,0
105016,2025-03-14,22,Санкт-Петербург,Android,0
105017,2025-11-12,33,Екатеринбург,iOS,0
105018,2026-01-26,31,Казань,iOS,0
105019,2025-03-06,41,Казань,Android,0
105020,2024-12-22,47,Самара,Android,0
105021,2025-04-05,26,Новосибирск,Android,0
105022,2025-10-26,34,Казань,Android,0
105023,2025-04-02,43,Нижний Новгород,Android,0
105024,2025-06-14,43,Новосибирск,Android,0
105025,2025-10-21,23,Самара,Android,0
105026,2025-11-14,26,Москва,iOS,0
105027,2025-12-28,47,Казань,Android,0
105028,2025-06-27,29,Москва,Android,0
105029,2025-12-15,58,Новосибирск,Android,0
105030,2026-01-17,36,Самара,Android,0
105031,2026-02-01,19,Самара,iOS,0
105032,2026-01-24,42,Казань,Android,0
105033,2025-02-04,42,Нижний Новгород,Android,0
105034,2025-05-29,28,Москва,Android,0
105035,2024-12-22,23,Москва,iOS,0
105036,2025-09-05,22,Нижний Новгород,iOS,0
105037,2025-10-03,29,Нижний Новгород,iOS,0
105038,2025-04-10,38,Нижний Новгород,iOS,0
105039,2025-05-20,34,Самара,Android,0
105040,2025-01-08,48,Нижний Новгород,iOS,0
105041,2025-08-11,18,Самара,Android,0
105042,2025-05-11,53,Санкт-Петербург,iOS,0
105043,2025-09-19,24,Самара,Android,0
105044,2025-03-18,35,Новосибирск,Android,0
105045,2025-08-08,42,Екатеринбург,iOS,0
105046,2025-06-12,33,Нижний Новгород,iOS,0
105047,2025-05-22,33,Казань,iOS,0
105048,2026-01-13,38,Екатеринбург,iOS,0
105049,2026-02-09,32,Москва,iOS,0
105050,2025-02-16,25,Новосибирск,iOS,0
105051,2026-01-02,36,Казань,iOS,0
105052,2025-08-15,45,Новосибирск,Android,0
105053,2025-06-04,43,Санкт-Петербург,iOS,0
105054,2025-09-26,33,Екатеринбург,Android,0
105055,2025-10-04,37,Казань,Android,0
105056,2025-03-24,19,Самара,iOS,0
105057,2025-04-16,30,Самара,iOS,0
105058,2025-07-20,33,Санкт-Петербург,iOS,0
105059,2025-08-29,31,Москва,Android,0
105060,2025-12-05,45,Нижний Новгород,Android,0
105061,2025-06-23,44,Санкт-Петербург,Android,0
105062,2025-12-02,34,Самара,Android,0
105063,2026-01-03,47,Екатеринбург,Android,0
105064,2026-02-19,31,Екатеринбург,iOS,0
105065,2026-01-30,47,Екатеринбург,iOS,0
105066,2026-02-11,39,Москва,iOS,0
105067,2025-05-23,35,Нижний Новгород,iOS,0
105068,2026-03-21,30,Екатеринбург,iOS,1
105069,2025-11-13,24,Новосибирск,iOS,0
105070,2026-03-01,18,Самара,iOS,0
105071,2025-08-24,39,Самара,Android,0
105072,2026-03-12,40,Казань,Android,1
105073,2025-04-04,24,Нижний Новгород,Android,0
105074,2026-03-22,19,Нижний Новгород,iOS,1
105075,2026-04-02,41,Нижний Новгород,Android,1
105076,2026-01-17,40,Новосибирск,iOS,0
105077,2025-05-24,23,Москва,Android,0
105078,2026-01-23,35,Самара,Android,0
105079,2024-12-26,27,Москва,Android,0
105080,2026-03-07,41,Самара,Android,1
105081,2025-11-25,36,Санкт-Петербург,Android,0
105082,2026-03-22,22,Нижний Новгород,Android,1
105083,2026-04-03,36,Самара,iOS,1
105084,2025-03-31,28,Казань,iOS,0
105085,2025-02-06,41,Екатеринбург,Android,0
105086,2026-03-15,35,Екатеринбург,Android,1
105087,2026-03-25,41,Казань,Android,1
105088,2024-12-31,25,Екатеринбург,iOS,0
105089,2025-03-30,35,Нижний Новгород,Android,0
105090,2025-08-06,35,Санкт-Петербург,Android,0
105091,2025-11-19,46,Москва,iOS,0
105092,2025-12-09,45,Самара,iOS,0
105093,2025-12-24,38,Новосибирск,iOS,0
105094,2025-01-25,39,Новосибирск,Android,0
105095,2025-08-16,25,Нижний Новгород,Android,0
105096,2025-09-19,18,Казань,Android,0
105097,2025-04-09,50,Нижний Новгород,iOS,0
105098,2025-03-12,38,Санкт-Петербург,iOS,0
105099,2026-03-22,43,Новосибирск,Android,1
105100,2026-01-08,25,Новосибирск,iOS,0
105101,2026-02-13,36,Санкт-Петербург,Android,0
105102,2025-11-11,45,Казань,iOS,0
105103,2025-08-22,22,Санкт-Петербург,iOS,0
105104,2026-02-25,27,Нижний Новгород,iOS,0
105105,2026-01-13,30,Санкт-Петербург,Android,0
105106,2025-10-12,51,Казань,iOS,0
105107,2025-05-27,25,Санкт-Петербург,iOS,0
105108,2025-09-06,27,Самара,iOS,0
105109,2025-01-12,31,Санкт-Петербург,Android,0
105110,2026-03-13,18,Санкт-Петербург,iOS,1
105111,2026-04-07,36,Нижний Новгород,Android,1
105112,2025-10-26,47,Нижний Новгород,Android,0
105113,2025-06-29,18,Новосибирск,Android,0
105114,2026-01-24,20,Самара,Android,0
105115,2025-11-05,18,Санкт-Петербург,Android,0
105116,2025-09-18,45,Москва,iOS,0
105117,2025-05-14,33,Новосибирск,iOS,0
105118,2025-06-24,30,Екатеринбург,Android,0
105119,2025-09-21,31,Екатеринбург,iOS,0
105120,2026-03-28,21,Самара,Android,1
105121,2026-03-19,34,Санкт-Петербург,Android,1
105122,2026-04-07,22,Екатеринбург,Android,1
105123,2025-06-09,29,Нижний Новгород,Android,0
105124,2025-03-18,41,Москва,Android,0
105125,2025-08-10,37,Москва,Android,0
105126,2026-01-25,22,Санкт-Петербург,Android,0
105127,2025-04-19,46,Самара,iOS,0
105128,2025-12-20,38,Казань,Android,0
105129,2025-05-12,38,Нижний Новгород,Android,0
105130,2025-04-25,29,Санкт-Петербург,Android,0
105131,2025-07-24,38,Новосибирск,Android,0
105132,2025-03-02,34,Нижний Новгород,iOS,0
105133,2025-02-13,41,Самара,Android,0
105134,2025-12-19,40,Казань,iOS,0
105135,2025-10-24,30,Екатеринбург,Android,0
105136,2025-04-30,39,Нижний Новгород,Android,0
105137,2025-06-18,32,Москва,iOS,0
105138,2025-09-30,22,Нижний Новгород,iOS,0
105139,2025-07-20,25,Санкт-Петербург,iOS,0
105140,2025-08-30,40,Екатеринбург,iOS,0
105141,2025-06-06,21,Самара,iOS,0
105142,2025-08-16,26,Казань,Android,0
105143,2025-04-09,39,Новосибирск,iOS,0
105144,2026-04-14,23,Новосибирск,iOS,1
105145,2025-05-22,47,Нижний Новгород,iOS,0
105146,2026-01-15,18,Казань,Android,0
105147,2026-01-31,37,Санкт-Петербург,Android,0
105148,2025-06-30,24,Нижний Новгород,iOS,0
105149,2025-07-09,29,Новосибирск,iOS,0
105150,2025-07-17,43,Екатеринбург,Android,0
105151,2026-03-30,33,Санкт-Петербург,iOS,1
105152,2025-08-10,31,Москва,Android,0
105153,2025-03-22,27,Нижний Новгород,Android,0
105154,2026-01-08,35,Санкт-Петербург,Android,0
105155,2025-03-23,52,Казань,Android,0
105156,2026-01-02,37,Санкт-Петербург,Android,0
105157,2025-11-09,30,Казань,Android,0
105158,2025-05-23,37,Новосибирск,iOS,0
105159,2025-04-22,40,Екатеринбург,Android,0
105160,2025-09-15,22,Казань,iOS,0
105161,2025-03-30,37,Самара,Android,0
105162,2025-06-01,21,Самара,iOS,0
105163,2025-08-26,49,Новосибирск,Android,0
105164,2025-08-11,25,Нижний Новгород,Android,0
105165,2025-08-15,18,Казань,iOS,0
105166,2025-03-21,32,Санкт-Петербург,Android,0
105167,2025-09-29,42,Самара,Android,0
105168,2025-12-05,46,Казань,iOS,0
105169,2025-07-22,19,Казань,Android,0
105170,2026-04-26,20,Москва,Android,1
105171,2026-04-11,30,Москва,Android,1
105172,2026-03-10,24,Москва,Android,1
105173,2025-07-05,32,Москва,Android,0
105174,2025-06-10,35,Москва,Android,0
105175,2025-11-08,37,Казань,iOS,0
105176,2026-03-22,44,Нижний Новгород,iOS,1
105177,2025-02-17,22,Москва,iOS,0
105178,2025-03-04,38,Нижний Новгород,iOS,0
105179,2025-07-12,27,Нижний Новгород,Android,0
105180,2025-12-14,24,Санкт-Петербург,iOS,0
105181,2026-04-26,40,Нижний Новгород,iOS,1
105182,2026-02-04,41,Москва,Android,0
105183,2025-11-14,18,Санкт-Петербург,iOS,0
105184,2025-02-04,31,Нижний Новгород,Android,0
105185,2026-01-22,18,Казань,Android,0
105186,2025-11-29,26,Нижний Новгород,Android,0
105187,2025-05-27,26,Нижний Новгород,iOS,0
105188,2025-11-10,28,Санкт-Петербург,iOS,0
105189,2025-01-23,48,Новосибирск,Android,0
105190,2025-06-13,38,Москва,iOS,0
105191,2025-06-25,40,Самара,iOS,0
105192,2026-01-23,47,Екатеринбург,Android,0
105193,2025-04-22,40,Санкт-Петербург,Android,0
105194,2025-06-25,45,Москва,iOS,0
105195,2025-05-11,42,Казань,Android,0
105196,2025-01-10,36,Нижний Новгород,Android,0
105197,2025-03-09,50,Санкт-Петербург,Android,0
105198,2025-04-25,30,Казань,Android,0
105199,2026-01-26,36,Новосибирск,Android,0
105200,2026-01-28,30,Нижний Новгород,Android,0
105201,2025-11-10,41,Екатеринбург,Android,0
105202,2024-12-28,26,Москва,iOS,0
105203,2025-11-15,36,Новосибирск,iOS,0
105204,2026-04-20,22,Москва,iOS,1
105205,2025-05-23,29,Санкт-Петербург,iOS,0
105206,2025-04-19,21,Самара,Android,0
105207,2026-03-23,37,Нижний Новгород,Android,1
105208,2026-01-31,23,Казань,iOS,0
105209,2025-06-13,37,Екатеринбург,iOS,0
105210,2026-02-24,24,Санкт-Петербург,iOS,0
105211,2026-02-12,45,Москва,iOS,0
105212,2025-09-19,35,Санкт-Петербург,iOS,0
105213,2026-03-25,33,Самара,Android,1
105214,2025-02-21,34,Санкт-Петербург,iOS,0
105215,2025-03-09,34,Нижний Новгород,Android,0
105216,2025-02-03,38,Екатеринбург,iOS,0
105217,2025-11-15,18,Екатеринбург,iOS,0
105218,2025-02-01,41,Новосибирск,iOS,0
105219,2025-09-12,39,Нижний Новгород,Android,0
105220,2025-01-19,45,Екатеринбург,iOS,0
105221,2025-08-03,40,Санкт-Петербург,Android,0
105222,2025-06-02,28,Новосибирск,Android,0
105223,2025-12-04,44,Казань,Android,0
105224,2025-07-30,25,Нижний Новгород,Android,0
105225,2026-02-11,42,Нижний Новгород,iOS,0
105226,2025-06-06,35,Санкт-Петербург,Android,0
105227,2025-05-30,48,Москва,Android,0
105228,2025-08-14,48,Санкт-Петербург,iOS,0
105229,2025-03-23,33,Самара,Android,0
105230,2025-03-17,42,Санкт-Петербург,Android,0
105231,2025-01-28,47,Казань,iOS,0
105232,2026-02-06,37,Новосибирск,Android,0
105233,2025-11-12,38,Нижний Новгород,Android,0
105234,2025-11-29,31,Москва,Android,0
105235,2024-12-19,18,Новосибирск,Android,0
105236,2025-07-17,53,Санкт-Петербург,Android,0
105237,2026-03-15,28,Нижний Новгород,iOS,1
105238,2025-12-17,36,Москва,iOS,0
105239,2025-12-04,37,Новосибирск,iOS,0
105240,2026-02-15,38,Нижний Новгород,Android,0
105241,2026-03-03,50,Екатеринбург,Android,1
105242,2025-01-30,34,Нижний Новгород,iOS,0
105243,2026-01-03,28,Екатеринбург,iOS,0
105244,2026-01-02,24,Москва,Android,0
105245,2025-07-14,56,Новосибирск,iOS,0
105246,2024-12-27,57,Новосибирск,iOS,0
105247,2025-04-20,25,Санкт-Петербург,iOS,0
105248,2026-03-03,44,Самара,iOS,1
105249,2025-06-26,42,Казань,Android,0
105250,2025-10-11,31,Екатеринбург,iOS,0
105251,2025-01-28,28,Нижний Новгород,iOS,0
105252,2026-02-13,43,Казань,Android,0
105253,2025-10-25,36,Новосибирск,Android,0
105254,2025-04-02,53,Казань,iOS,0
105255,2025-01-09,40,Казань,Android,0
105256,2025-06-20,28,Санкт-Петербург,Android,0
105257,2024-12-31,33,Нижний Новгород,iOS,0
105258,2025-07-01,34,Екатеринбург,iOS,0
105259,2025-11-25,42,Екатеринбург,Android,0
105260,2025-12-29,52,Москва,iOS,0
105261,2025-10-15,36,Санкт-Петербург,Android,0
105262,2026-01-01,26,Казань,iOS,0
105263,2025-02-21,64,Новосибирск,Android,0
105264,2025-06-19,42,Екатеринбург,Android,0
105265,2025-03-26,53,Москва,Android,0
105266,2026-03-19,51,Новосибирск,iOS,1
105267,2025-01-21,21,Нижний Новгород,iOS,0
105268,2026-01-29,40,Екатеринбург,iOS,0
105269,2026-04-21,40,Нижний Новгород,iOS,1
105270,2026-04-17,40,Нижний Новгород,Android,1
105271,2025-11-05,26,Нижний Новгород,Android,0
105272,2026-01-07,22,Москва,Android,0
105273,2026-04-03,35,Москва,iOS,1
105274,2025-11-01,29,Нижний Новгород,iOS,0
105275,2026-04-22,26,Самара,Android,1
105276,2025-08-07,39,Нижний Новгород,Android,0
105277,2024-12-31,40,Новосибирск,iOS,0
105278,2026-04-15,45,Екатеринбург,iOS,1
105279,2025-06-13,36,Самара,iOS,0
105280,2026-04-11,43,Казань,Android,1
105281,2025-12-30,26,Москва,iOS,0
105282,2025-09-05,34,Нижний Новгород,Android,0
105283,2025-04-09,29,Санкт-Петербург,iOS,0
105284,2025-10-08,34,Москва,Android,0
105285,2025-09-14,28,Новосибирск,Android,0
105286,2025-03-23,28,Казань,iOS,0
105287,2025-01-03,44,Казань,iOS,0
105288,2025-12-13,31,Нижний Новгород,iOS,0
105289,2025-06-17,19,Нижний Новгород,iOS,0
105290,2025-05-09,35,Самара,Android,0
105291,2026-01-14,18,Москва,iOS,0
105292,2026-04-06,36,Самара,iOS,1
105293,2025-04-06,37,Екатеринбург,Android,0
105294,2025-09-20,43,Самара,iOS,0
105295,2024-12-20,42,Москва,Android,0
105296,2025-11-25,27,Нижний Новгород,iOS,0
105297,2025-01-08,29,Санкт-Петербург,Android,0
105298,2025-05-11,25,Нижний Новгород,Android,0
105299,2026-01-23,29,Москва,Android,0
105300,2025-11-01,28,Екатеринбург,Android,0
105301,2026-04-27,19,Нижний Новгород,iOS,1
105302,2025-03-20,43,Новосибирск,iOS,0
105303,2025-01-25,50,Новосибирск,iOS,0
105304,2025-02-04,48,Санкт-Петербург,iOS,0
105305,2026-02-27,40,Москва,iOS,0
105306,2025-12-23,23,Нижний Новгород,iOS,0
105307,2025-11-27,29,Казань,Android,0
105308,2025-06-12,37,Екатеринбург,Android,0
105309,2024-12-26,21,Москва,Android,0
105310,2026-03-06,56,Новосибирск,iOS,1
105311,2025-06-06,32,Новосибирск,iOS,0
105312,2025-04-17,35,Самара,iOS,0
105313,2025-06-23,18,Москва,Android,0
105314,2025-06-10,53,Москва,iOS,0
105315,2024-12-27,38,Санкт-Петербург,iOS,0
105316,2025-11-16,43,Екатеринбург,Android,0
105317,2025-11-07,24,Москва,iOS,0
105318,2026-01-15,18,Казань,Android,0
105319,2025-01-28,33,Санкт-Петербург,iOS,0
105320,2025-02-11,23,Самара,Android,0
105321,2025-09-11,36,Нижний Новгород,Android,0
105322,2025-03-10,18,Екатеринбург,iOS,0
105323,2024-12-30,31,Новосибирск,iOS,0
105324,2025-05-14,29,Самара,Android,0
105325,2025-12-30,38,Санкт-Петербург,iOS,0
105326,2025-05-26,29,Казань,Android,0
105327,2025-12-30,38,Новосибирск,Android,0
105328,2026-04-20,20,Самара,Android,1
105329,2026-03-06,31,Екатеринбург,Android,1
105330,2025-06-30,49,Самара,iOS,0
105331,2025-09-17,42,Самара,Android,0
105332,2025-07-10,50,Екатеринбург,iOS,0
105333,2025-04-24,46,Новосибирск,iOS,0
105334,2026-02-06,18,Екатеринбург,Android,0
105335,2025-05-07,53,Самара,iOS,0
105336,2025-08-24,35,Санкт-Петербург,iOS,0
105337,2024-12-30,35,Новосибирск,iOS,0
105338,2026-01-08,22,Нижний Новгород,iOS,0
105339,2025-02-26,18,Новосибирск,iOS,0
105340,2026-02-27,18,Казань,iOS,0
105341,2025-08-16,39,Москва,iOS,0
105342,2026-03-06,36,Новосибирск,iOS,1
105343,2025-05-07,36,Москва,Android,0
105344,2025-05-06,31,Казань,Android,0
105345,2025-01-02,40,Москва,Android,0
105346,2026-04-22,39,Москва,iOS,1
105347,2025-04-27,49,Санкт-Петербург,Android,0
105348,2026-04-13,41,Москва,iOS,1
105349,2025-06-19,28,Новосибирск,Android,0
105350,2026-02-07,28,Самара,Android,0
105351,2025-09-20,22,Казань,iOS,0
105352,2025-03-19,34,Москва,iOS,0
105353,2025-08-15,34,Новосибирск,iOS,0
105354,2026-04-01,26,Нижний Новгород,iOS,1
105355,2026-04-12,18,Самара,iOS,1
105356,2025-01-30,50,Екатеринбург,iOS,0
105357,2025-09-16,38,Екатеринбург,Android,0
105358,2025-11-02,44,Санкт-Петербург,Android,0
105359,2025-10-06,26,Екатеринбург,Android,0
105360,2025-03-23,35,Екатеринбург,Android,0
105361,2025-12-16,18,Москва,iOS,0
105362,2025-11-10,34,Нижний Новгород,iOS,0
105363,2025-06-14,33,Москва,Android,0
105364,2026-03-01,25,Самара,Android,0
105365,2025-06-09,32,Новосибирск,iOS,0
105366,2026-03-15,25,Москва,iOS,1
105367,2025-06-16,37,Москва,Android,0
105368,2026-03-21,40,Санкт-Петербург,iOS,1
105369,2025-09-16,42,Новосибирск,Android,0
105370,2025-12-12,22,Новосибирск,Android,0
105371,2025-03-03,47,Самара,Android,0
105372,2025-04-19,39,Новосибирск,Android,0
105373,2025-04-16,40,Самара,Android,0
105374,2025-04-11,30,Санкт-Петербург,Android,0
105375,2025-09-13,51,Нижний Новгород,iOS,0
105376,2026-01-02,46,Нижний Новгород,Android,0
105377,2025-01-18,33,Москва,Android,0
105378,2025-11-04,33,Санкт-Петербург,Android,0
105379,2025-04-18,21,Екатеринбург,Android,0
105380,2026-01-19,41,Нижний Новгород,iOS,0
105381,2025-04-24,47,Екатеринбург,Android,0
105382,2026-05-01,37,Нижний Новгород,iOS,1
105383,2025-08-04,37,Казань,Android,0
105384,2024-12-21,24,Новосибирск,Android,0
105385,2025-11-05,31,Нижний Новгород,Android,0
105386,2025-03-21,28,Новосибирск,iOS,0
105387,2025-08-04,55,Казань,Android,0
105388,2025-10-15,38,Санкт-Петербург,iOS,0
105389,2026-02-17,22,Новосибирск,Android,0
105390,2025-08-01,45,Екатеринбург,iOS,0
105391,2024-12-25,22,Нижний Новгород,iOS,0
105392,2025-02-20,30,Казань,Android,0
105393,2026-04-12,45,Москва,iOS,1
105394,2026-03-04,30,Нижний Новгород,Android,1
105395,2025-01-03,43,Новосибирск,iOS,0
105396,2025-09-08,48,Казань,iOS,0
105397,2025-03-28,38,Москва,iOS,0
105398,2025-11-28,18,Казань,iOS,0
105399,2025-03-30,39,Нижний Новгород,Android,0
105400,2025-11-26,40,Нижний Новгород,iOS,0
105401,2026-01-04,21,Екатеринбург,iOS,0
105402,2025-08-31,54,Новосибирск,Android,0
105403,2026-03-04,37,Москва,iOS,1
105404,2025-11-02,45,Москва,Android,0
105405,2026-02-12,38,Екатеринбург,Android,0
105406,2025-07-18,60,Екатеринбург,iOS,0
105407,2025-12-10,47,Новосибирск,Android,0
105408,2025-03-02,25,Москва,iOS,0
105409,2025-03-04,32,Нижний Новгород,iOS,0
105410,2025-08-18,30,Москва,iOS,0
105411,2025-09-19,51,Самара,Android,0
105412,2025-01-22,40,Новосибирск,Android,0
105413,2025-03-17,19,Новосибирск,Android,0
105414,2026-03-28,49,Казань,Android,1
105415,2026-04-26,36,Санкт-Петербург,iOS,1
105416,2024-12-29,41,Самара,Android,0
105417,2025-02-17,22,Казань,Android,0
105418,2025-05-02,34,Санкт-Петербург,Android,0
105419,2025-11-09,38,Санкт-Петербург,iOS,0
105420,2026-01-26,35,Москва,iOS,0
105421,2025-06-14,32,Нижний Новгород,Android,0
105422,2025-02-19,42,Екатеринбург,iOS,0
105423,2025-04-14,34,Екатеринбург,Android,0
105424,2024-12-29,34,Казань,Android,0
105425,2025-09-04,18,Москва,Android,0
105426,2025-12-16,32,Самара,Android,0
105427,2026-02-26,41,Санкт-Петербург,Android,0
105428,2025-05-10,35,Санкт-Петербург,Android,0
105429,2026-02-25,42,Самара,Android,0
105430,2025-09-24,21,Самара,Android,0
105431,2026-03-22,37,Санкт-Петербург,iOS,1
105432,2025-07-10,41,Санкт-Петербург,Android,0
105433,2026-04-01,30,Новосибирск,iOS,1
105434,2026-03-27,39,Казань,Android,1
105435,2025-11-16,32,Новосибирск,Android,0
105436,2026-03-31,18,Казань,iOS,1
105437,2026-04-23,39,Казань,Android,1
105438,2025-05-16,48,Нижний Новгород,iOS,0
105439,2026-02-04,48,Екатеринбург,iOS,0
105440,2026-02-17,31,Самара,iOS,0
105441,2026-02-11,46,Нижний Новгород,iOS,0
105442,2025-06-26,25,Нижний Новгород,Android,0
105443,2025-11-05,28,Нижний Новгород,Android,0
105444,2025-05-18,21,Нижний Новгород,Android,0
105445,2026-03-25,39,Екатеринбург,Android,1
105446,2025-03-01,42,Москва,iOS,0
105447,2025-11-23,25,Екатеринбург,Android,0
105448,2025-03-09,34,Санкт-Петербург,Android,0
105449,2025-07-29,30,Самара,iOS,0
105450,2025-08-22,40,Москва,iOS,0
105451,2026-01-14,35,Новосибирск,Android,0
105452,2025-12-09,30,Екатеринбург,iOS,0
105453,2026-02-03,35,Москва,iOS,0
105454,2025-09-30,32,Екатеринбург,iOS,0
105455,2026-04-17,41,Казань,Android,1
105456,2026-01-07,46,Новосибирск,iOS,0
105457,2025-01-07,31,Казань,Android,0
105458,2025-09-13,40,Самара,iOS,0
105459,2026-02-15,25,Москва,iOS,0
105460,2025-03-15,35,Казань,iOS,0
105461,2025-01-19,49,Новосибирск,iOS,0
105462,2025-05-23,32,Новосибирск,iOS,0
105463,2025-02-05,31,Екатеринбург,Android,0
105464,2025-02-14,41,Нижний Новгород,Android,0
105465,2025-07-24,31,Казань,Android,0
105466,2025-04-30,35,Самара,iOS,0
105467,2026-02-25,52,Казань,Android,0
105468,2026-02-03,39,Самара,Android,0
105469,2025-04-27,40,Москва,iOS,0
105470,2025-09-22,24,Санкт-Петербург,iOS,0
105471,2025-07-10,41,Москва,iOS,0
105472,2026-01-22,34,Москва,Android,0
105473,2025-11-02,36,Нижний Новгород,Android,0
105474,2025-08-09,19,Нижний Новгород,Android,0
105475,2025-01-17,27,Новосибирск,iOS,0
105476,2025-03-14,30,Нижний Новгород,Android,0
105477,2025-12-18,25,Екатеринбург,iOS,0
105478,2025-12-04,32,Москва,iOS,0
105479,2025-12-03,18,Москва,Android,0
105480,2025-09-08,33,Новосибирск,Android,0
105481,2025-06-07,39,Санкт-Петербург,iOS,0
105482,2025-04-06,26,Нижний Новгород,Android,0
105483,2025-02-14,32,Москва,Android,0
105484,2026-03-01,22,Москва,Android,0
105485,2025-04-27,33,Самара,Android,0
105486,2025-11-20,44,Москва,Android,0
105487,2026-03-22,24,Казань,iOS,1
105488,2025-11-04,48,Екатеринбург,Android,0
105489,2025-06-15,38,Санкт-Петербург,iOS,0
105490,2025-06-02,33,Казань,Android,0
105491,2025-08-18,23,Екатеринбург,iOS,0
105492,2026-04-17,34,Санкт-Петербург,Android,1
105493,2025-05-04,18,Санкт-Петербург,iOS,0
105494,2026-04-12,32,Нижний Новгород,iOS,1
105495,2025-08-28,32,Нижний Новгород,Android,0
105496,2026-01-09,20,Новосибирск,Android,0
105497,2025-08-20,36,Новосибирск,Android,0
105498,2026-03-26,39,Нижний Новгород,iOS,1
105499,2025-04-10,24,Казань,Android,0
105500,2025-02-20,36,Москва,iOS,0
105501,2025-06-25,31,Москва,Android,0
105502,2025-07-01,19,Нижний Новгород,Android,0
105503,2025-10-26,36,Москва,Android,0
105504,2025-06-28,45,Нижний Новгород,Android,0
105505,2025-10-24,39,Казань,iOS,0
105506,2025-12-25,46,Москва,iOS,0
105507,2026-04-22,37,Казань,Android,1
105508,2025-02-06,29,Самара,Android,0
105509,2025-12-06,28,Москва,iOS,0
105510,2025-03-02,18,Москва,Android,0
105511,2025-04-05,49,Казань,Android,0
105512,2025-02-28,41,Самара,Android,0
105513,2025-12-10,30,Самара,Android,0
105514,2025-03-20,51,Екатеринбург,Android,0
105515,2025-03-03,30,Екатеринбург,iOS,0
105516,2025-11-28,47,Нижний Новгород,iOS,0
105517,2025-11-19,37,Казань,iOS,0
105518,2025-04-02,33,Нижний Новгород,iOS,0
105519,2026-04-22,45,Самара,Android,1
105520,2025-10-15,40,Екатеринбург,Android,0
105521,2025-08-29,43,Нижний Новгород,Android,0
105522,2025-06-23,34,Самара,Android,0
105523,2026-01-15,18,Екатеринбург,Android,0
105524,2026-02-15,26,Казань,iOS,0
105525,2026-01-19,35,Екатеринбург,Android,0
105526,2025-09-13,41,Самара,iOS,0
105527,2025-04-28,33,Самара,Android,0
105528,2026-02-02,43,Казань,Android,0
105529,2025-11-13,45,Екатеринбург,Android,0
105530,2025-01-03,36,Нижний Новгород,iOS,0
105531,2025-01-23,32,Санкт-Петербург,Android,0
105532,2025-02-27,60,Самара,Android,0
105533,2025-11-04,27,Самара,Android,0
105534,2025-02-08,27,Екатеринбург,iOS,0
105535,2025-10-06,36,Нижний Новгород,Android,0
105536,2025-08-16,18,Самара,iOS,0
105537,2026-02-24,26,Новосибирск,Android,0
105538,2026-03-22,22,Санкт-Петербург,iOS,1
105539,2025-06-22,29,Санкт-Петербург,Android,0
105540,2025-03-20,34,Новосибирск,Android,0
105541,2026-02-10,36,Новосибирск,iOS,0
105542,2025-10-16,50,Москва,Android,0
105543,2026-03-18,28,Москва,iOS,1
105544,2025-11-12,47,Новосибирск,iOS,0
105545,2025-03-25,36,Новосибирск,iOS,0
105546,2025-11-24,36,Екатеринбург,Android,0
105547,2025-09-25,18,Самара,Android,0
105548,2025-07-26,47,Санкт-Петербург,Android,0
105549,2026-02-10,49,Казань,iOS,0
105550,2025-08-05,36,Казань,Android,0
105551,2025-12-15,32,Самара,Android,0
105552,2025-06-02,33,Новосибирск,iOS,0
105553,2026-04-06,18,Самара,iOS,1
105554,2025-10-23,29,Новосибирск,Android,0
105555,2025-08-31,36,Нижний Новгород,Android,0
105556,2025-04-02,33,Нижний Новгород,iOS,0
105557,2025-03-13,41,Санкт-Петербург,iOS,0
105558,2025-06-07,38,Новосибирск,Android,0
105559,2025-08-29,29,Казань,iOS,0
105560,2026-03-11,24,Казань,Android,1
105561,2025-10-03,33,Москва,iOS,0
105562,2026-04-27,30,Новосибирск,Android,1
105563,2025-11-28,26,Москва,iOS,0
105564,2025-06-07,32,Екатеринбург,Android,0
105565,2025-10-12,35,Санкт-Петербург,Android,0
105566,2024-12-22,46,Екатеринбург,Android,0
105567,2025-08-08,44,Екатеринбург,Android,0
105568,2025-07-28,36,Санкт-Петербург,iOS,0
105569,2025-07-17,52,Самара,iOS,0
105570,2025-08-19,18,Казань,iOS,0
105571,2025-05-02,29,Самара,iOS,0
105572,2026-01-27,28,Нижний Новгород,Android,0
105573,2025-01-06,41,Екатеринбург,iOS,0
105574,2026-03-13,37,Казань,iOS,1
105575,2025-08-07,34,Казань,Android,0
105576,2025-07-07,36,Екатеринбург,Android,0
105577,2025-02-01,39,Нижний Новгород,Android,0
105578,2026-01-17,20,Санкт-Петербург,iOS,0
105579,2025-09-10,19,Екатеринбург,iOS,0
105580,2026-01-20,21,Москва,iOS,0
105581,2025-09-05,31,Самара,iOS,0
105582,2026-02-05,33,Казань,Android,0
105583,2025-01-18,35,Самара,iOS,0
105584,2025-08-16,39,Новосибирск,Android,0
105585,2025-07-23,37,Екатеринбург,Android,0
105586,2026-03-13,26,Нижний Новгород,Android,1
105587,2025-10-04,22,Казань,Android,0
105588,2025-10-21,33,Москва,iOS,0
105589,2026-02-03,36,Самара,iOS,0
105590,2025-03-06,18,Самара,Android,0
105591,2025-12-10,21,Новосибирск,iOS,0
105592,2026-03-20,18,Санкт-Петербург,Android,1
105593,2025-02-12,34,Казань,iOS,0
105594,2025-10-31,32,Санкт-Петербург,iOS,0
105595,2025-09-16,35,Новосибирск,iOS,0
105596,2025-12-09,29,Санкт-Петербург,Android,0
105597,2025-08-16,38,Москва,Android,0
105598,2026-01-22,26,Казань,iOS,0
105599,2025-07-16,29,Самара,iOS,0
105600,2025-11-12,24,Санкт-Петербург,Android,0
105601,2025-04-03,41,Санкт-Петербург,Android,0
105602,2025-07-23,40,Нижний Новгород,Android,0
105603,2025-10-24,18,Самара,iOS,0
105604,2026-02-11,38,Екатеринбург,iOS,0
105605,2025-02-04,46,Екатеринбург,Android,0
105606,2025-09-13,24,Новосибирск,Android,0
105607,2026-04-25,28,Москва,Android,1
105608,2025-01-10,33,Самара,Android,0
105609,2026-03-20,23,Самара,Android,1
105610,2026-01-21,43,Новосибирск,iOS,0
105611,2025-06-19,24,Нижний Новгород,Android,0
105612,2025-07-12,37,Нижний Новгород,Android,0
105613,2025-06-03,32,Нижний Новгород,Android,0
105614,2025-09-22,38,Санкт-Петербург,iOS,0
105615,2025-03-31,39,Новосибирск,iOS,0
105616,2026-02-25,29,Москва,Android,0
105617,2025-03-28,33,Казань,iOS,0
105618,2025-09-29,31,Казань,iOS,0
105619,2025-03-21,36,Новосибирск,iOS,0
105620,2025-05-30,54,Казань,iOS,0
105621,2026-02-10,53,Самара,Android,0
105622,2025-04-19,28,Новосибирск,iOS,0
105623,2025-07-01,35,Новосибирск,iOS,0
105624,2025-06-02,31,Екатеринбург,Android,0
105625,2025-12-09,28,Нижний Новгород,iOS,0
105626,2025-05-03,29,Москва,iOS,0
105627,2025-04-10,30,Москва,Android,0
105628,2026-01-08,33,Нижний Новгород,Android,0
105629,2025-06-21,21,Казань,iOS,0
105630,2025-09-04,43,Москва,iOS,0
105631,2025-05-02,41,Екатеринбург,Android,0
105632,2025-09-14,32,Москва,Android,0
105633,2026-04-14,30,Санкт-Петербург,iOS,1
105634,2025-03-30,35,Нижний Новгород,iOS,0
105635,2025-10-10,38,Санкт-Петербург,iOS,0
105636,2025-05-04,30,Новосибирск,Android,0
105637,2026-03-04,24,Самара,Android,1
105638,2025-09-14,27,Самара,iOS,0
105639,2025-01-04,50,Нижний Новгород,Android,0
105640,2026-01-22,19,Москва,iOS,0
105641,2025-02-11,18,Самара,Android,0
105642,2025-10-06,45,Новосибирск,Android,0
105643,2025-01-26,30,Санкт-Петербург,Android,0
105644,2026-01-17,22,Новосибирск,Android,0
105645,2025-05-13,19,Новосибирск,iOS,0
105646,2025-05-31,18,Нижний Новгород,Android,0
105647,2025-08-10,20,Казань,iOS,0
105648,2026-02-26,48,Новосибирск,iOS,0
105649,2026-03-07,33,Москва,Android,1
105650,2025-05-14,36,Самара,Android,0
105651,2025-03-03,36,Самара,Android,0
105652,2025-12-31,63,Санкт-Петербург,Android,0
105653,2025-10-18,31,Новосибирск,Android,0
105654,2025-11-29,45,Самара,Android,0
105655,2025-03-30,38,Санкт-Петербург,iOS,0
105656,2026-04-11,21,Самара,iOS,1
105657,2026-02-02,38,Нижний Новгород,Android,0
105658,2025-07-02,30,Новосибирск,Android,0
105659,2026-04-25,23,Нижний Новгород,iOS,1
105660,2025-08-08,25,Нижний Новгород,iOS,0
105661,2025-10-26,35,Самара,Android,0
105662,2025-02-11,32,Санкт-Петербург,iOS,0
105663,2025-09-26,36,Самара,Android,0
105664,2026-03-13,39,Нижний Новгород,Android,1
105665,2025-08-04,19,Самара,Android,0
105666,2025-02-21,32,Казань,iOS,0
105667,2025-10-14,31,Нижний Новгород,iOS,0
105668,2026-02-01,52,Санкт-Петербург,iOS,0
105669,2025-05-04,48,Санкт-Петербург,iOS,0
105670,2026-03-22,18,Екатеринбург,iOS,1
105671,2026-03-26,32,Самара,iOS,1
105672,2025-08-14,47,Санкт-Петербург,Android,0
105673,2026-03-21,39,Санкт-Петербург,iOS,1
105674,2026-03-11,31,Санкт-Петербург,Android,1
105675,2025-08-24,30,Казань,iOS,0
105676,2025-09-10,41,Казань,iOS,0
105677,2025-09-10,42,Казань,Android,0
105678,2025-12-17,23,Казань,iOS,0
105679,2025-10-29,18,Казань,Android,0
105680,2025-01-25,48,Самара,Android,0
105681,2025-08-04,18,Нижний Новгород,Android,0
105682,2025-03-03,40,Новосибирск,Android,0
105683,2025-05-29,37,Самара,Android,0
105684,2026-02-23,32,Екатеринбург,Android,0
105685,2025-09-02,35,Санкт-Петербург,Android,0
105686,2025-06-05,44,Санкт-Петербург,Android,0
105687,2025-08-21,45,Екатеринбург,Android,0
105688,2025-04-15,43,Нижний Новгород,Android,0
105689,2026-05-01,37,Санкт-Петербург,Android,1
105690,2025-09-01,33,Санкт-Петербург,iOS,0
105691,2025-07-11,27,Екатеринбург,iOS,0
105692,2025-02-23,33,Самара,iOS,0
105693,2025-01-01,43,Нижний Новгород,Android,0
105694,2026-05-01,36,Москва,iOS,1
105695,2024-12-30,38,Екатеринбург,iOS,0
105696,2025-03-19,30,Новосибирск,Android,0
105697,2025-03-26,45,Новосибирск,Android,0
105698,2026-02-25,31,Санкт-Петербург,Android,0
105699,2025-01-16,33,Новосибирск,Android,0
105700,2025-01-04,25,Санкт-Петербург,Android,0
105701,2026-01-02,42,Санкт-Петербург,Android,0
105702,2026-05-01,56,Москва,Android,1
105703,2025-05-28,25,Самара,Android,0
105704,2025-12-01,22,Санкт-Петербург,Android,0
105705,2025-01-02,25,Казань,Android,0
105706,2025-01-21,33,Санкт-Петербург,Android,0
105707,2025-03-08,30,Санкт-Петербург,iOS,0
105708,2026-03-31,46,Новосибирск,iOS,1
105709,2025-06-10,18,Самара,iOS,0
105710,2025-02-21,53,Екатеринбург,iOS,0
105711,2025-11-16,32,Екатеринбург,Android,0
105712,2025-12-18,38,Екатеринбург,iOS,0
105713,2025-01-04,25,Москва,iOS,0
105714,2025-06-21,51,Самара,iOS,0
105715,2025-12-04,28,Нижний Новгород,Android,0
105716,2026-02-05,33,Нижний Новгород,iOS,0
105717,2026-04-22,31,Новосибирск,Android,1
105718,2025-09-03,36,Екатеринбург,iOS,0
105719,2026-03-11,28,Санкт-Петербург,iOS,1
105720,2026-02-11,39,Казань,iOS,0
105721,2026-04-14,42,Новосибирск,Android,1
105722,2025-02-04,27,Нижний Новгород,iOS,0
105723,2025-06-27,33,Санкт-Петербург,Android,0
105724,2025-11-27,26,Нижний Новгород,iOS,0
105725,2025-05-06,32,Санкт-Петербург,iOS,0
105726,2025-05-24,41,Санкт-Петербург,iOS,0
105727,2025-09-29,31,Санкт-Петербург,iOS,0
105728,2026-03-23,18,Нижний Новгород,iOS,1
105729,2026-02-20,41,Санкт-Петербург,iOS,0
105730,2025-03-29,23,Нижний Новгород,Android,0
105731,2025-10-11,40,Екатеринбург,Android,0
105732,2026-01-13,30,Санкт-Петербург,Android,0
105733,2026-04-30,20,Самара,iOS,1
105734,2025-01-13,35,Самара,Android,0
105735,2026-02-02,22,Нижний Новгород,Android,0
105736,2025-07-07,18,Екатеринбург,Android,0
105737,2025-01-13,43,Санкт-Петербург,iOS,0
105738,2025-04-30,24,Самара,iOS,0
105739,2025-12-21,42,Казань,Android,0
105740,2026-02-27,54,Нижний Новгород,iOS,0
105741,2025-01-11,24,Москва,Android,0
105742,2025-03-24,45,Екатеринбург,Android,0
105743,2025-10-16,22,Казань,iOS,0
105744,2025-03-04,32,Москва,iOS,0
105745,2026-02-10,34,Санкт-Петербург,iOS,0
105746,2025-06-02,51,Нижний Новгород,iOS,0
105747,2025-04-16,43,Москва,Android,0
105748,2024-12-28,44,Москва,iOS,0
105749,2025-01-07,33,Нижний Новгород,Android,0
105750,2025-02-01,43,Самара,Android,0
105751,2025-08-14,43,Казань,Android,0
105752,2026-02-08,27,Нижний Новгород,Android,0
105753,2025-05-20,29,Самара,Android,0
105754,2025-08-06,27,Санкт-Петербург,iOS,0
105755,2024-12-28,25,Нижний Новгород,Android,0
105756,2025-05-01,20,Казань,Android,0
105757,2025-06-13,35,Нижний Новгород,iOS,0
105758,2025-01-26,49,Новосибирск,Android,0
105759,2025-05-19,28,Екатеринбург,Android,0
105760,2026-01-19,36,Санкт-Петербург,Android,0
105761,2026-04-14,25,Самара,Android,1
105762,2025-06-26,50,Санкт-Петербург,Android,0
105763,2025-01-17,37,Екатеринбург,iOS,0
105764,2025-11-20,36,Самара,iOS,0
105765,2025-11-05,33,Москва,iOS,0
105766,2026-02-03,37,Санкт-Петербург,iOS,0
105767,2025-02-05,21,Самара,Android,0
105768,2025-09-15,35,Самара,iOS,0
105769,2026-03-09,40,Казань,iOS,1
105770,2025-06-23,27,Екатеринбург,iOS,0
105771,2025-11-26,34,Санкт-Петербург,iOS,0
105772,2025-10-05,34,Москва,iOS,0
105773,2026-01-30,27,Новосибирск,Android,0
105774,2025-11-29,46,Нижний Новгород,iOS,0
105775,2025-07-15,35,Екатеринбург,Android,0
105776,2026-02-28,30,Москва,iOS,0
105777,2025-10-29,51,Москва,Android,0
105778,2025-01-21,27,Самара,Android,0
105779,2025-02-08,22,Казань,Android,0
105780,2025-09-17,43,Москва,iOS,0
105781,2026-03-07,20,Санкт-Петербург,iOS,1
105782,2026-04-28,18,Санкт-Петербург,iOS,1
105783,2025-09-19,36,Санкт-Петербург,Android,0
105784,2025-10-10,36,Самара,Android,0
105785,2025-06-05,33,Екатеринбург,iOS,0
105786,2026-04-22,39,Новосибирск,Android,1
105787,2026-03-13,30,Нижний Новгород,iOS,1
105788,2026-04-04,28,Екатеринбург,Android,1
105789,2025-10-10,49,Санкт-Петербург,Android,0
105790,2025-10-21,33,Самара,iOS,0
105791,2025-12-06,35,Новосибирск,Android,0
105792,2025-07-31,39,Санкт-Петербург,Android,0
105793,2026-04-27,45,Санкт-Петербург,iOS,1
105794,2025-01-02,42,Санкт-Петербург,iOS,0
105795,2025-08-25,36,Казань,iOS,0
105796,2026-02-28,21,Казань,Android,0
105797,2026-03-13,34,Нижний Новгород,iOS,1
105798,2026-01-08,52,Санкт-Петербург,Android,0
105799,2026-03-18,26,Нижний Новгород,Android,1
105800,2025-05-14,28,Екатеринбург,Android,0
105801,2026-03-05,56,Нижний Новгород,Android,1
105802,2025-12-09,54,Самара,Android,0
105803,2024-12-22,30,Самара,Android,0
105804,2025-09-09,33,Новосибирск,Android,0
105805,2025-05-01,40,Самара,iOS,0
105806,2025-03-20,30,Москва,Android,0
105807,2025-11-07,19,Санкт-Петербург,iOS,0
105808,2025-10-01,26,Самара,iOS,0
105809,2026-01-22,38,Москва,Android,0
105810,2026-01-02,28,Самара,iOS,0
105811,2025-02-20,45,Санкт-Петербург,iOS,0
105812,2025-12-17,29,Самара,Android,0
105813,2025-10-23,30,Новосибирск,Android,0
105814,2025-04-04,34,Екатеринбург,iOS,0
105815,2025-07-22,23,Самара,iOS,0
105816,2025-03-19,34,Нижний Новгород,iOS,0
105817,2026-04-12,21,Самара,Android,1
105818,2025-07-25,27,Новосибирск,iOS,0
105819,2025-09-27,22,Новосибирск,iOS,0
105820,2026-02-09,30,Нижний Новгород,iOS,0
105821,2026-03-08,42,Санкт-Петербург,Android,1
105822,2025-02-10,39,Санкт-Петербург,iOS,0
105823,2025-11-12,30,Москва,iOS,0
105824,2026-03-19,49,Новосибирск,iOS,1
105825,2025-05-08,38,Новосибирск,iOS,0
105826,2025-09-20,26,Самара,iOS,0
105827,2025-07-20,31,Казань,iOS,0
105828,2026-02-20,46,Екатеринбург,Android,0
105829,2025-11-13,42,Самара,iOS,0
105830,2025-05-24,21,Нижний Новгород,Android,0
105831,2025-07-05,18,Новосибирск,iOS,0
105832,2025-09-08,44,Новосибирск,Android,0
105833,2025-06-22,38,Москва,iOS,0
105834,2025-09-13,36,Казань,Android,0
105835,2026-01-06,38,Самара,Android,0
105836,2026-01-14,32,Екатеринбург,iOS,0
105837,2025-01-29,47,Екатеринбург,Android,0
105838,2025-09-11,36,Санкт-Петербург,iOS,0
105839,2026-01-08,33,Казань,Android,0
105840,2025-03-01,51,Самара,iOS,0
105841,2025-04-30,28,Новосибирск,iOS,0
105842,2025-02-12,28,Санкт-Петербург,iOS,0
105843,2025-10-02,50,Санкт-Петербург,iOS,0
105844,2025-03-16,36,Нижний Новгород,Android,0
105845,2026-01-10,39,Нижний Новгород,Android,0
105846,2025-12-12,37,Екатеринбург,iOS,0
105847,2025-06-05,31,Екатеринбург,iOS,0
105848,2026-03-01,39,Новосибирск,iOS,0
105849,2026-02-14,48,Москва,Android,0
105850,2024-12-20,47,Новосибирск,Android,0
105851,2024-12-18,47,Нижний Новгород,iOS,0
105852,2025-02-15,41,Новосибирск,Android,0
105853,2025-12-11,39,Новосибирск,iOS,0
105854,2025-03-03,49,Санкт-Петербург,Android,0
105855,2026-03-28,18,Екатеринбург,iOS,1
105856,2025-04-20,21,Санкт-Петербург,Android,0
105857,2025-06-21,53,Казань,iOS,0
105858,2025-04-21,33,Новосибирск,iOS,0
105859,2025-09-06,41,Нижний Новгород,Android,0
105860,2025-02-13,44,Нижний Новгород,Android,0
105861,2025-10-20,30,Екатеринбург,Android,0
105862,2025-04-13,38,Санкт-Петербург,iOS,0
105863,2025-04-27,32,Казань,Android,0
105864,2025-04-29,18,Новосибирск,iOS,0
105865,2025-06-11,38,Москва,Android,0
105866,2025-04-10,50,Москва,Android,0
105867,2024-12-18,28,Новосибирск,Android,0
105868,2025-11-19,18,Нижний Новгород,Android,0
105869,2025-07-26,30,Новосибирск,iOS,0
105870,2025-12-20,28,Екатеринбург,iOS,0
105871,2026-04-16,48,Самара,Android,1
105872,2025-10-16,52,Казань,Android,0
105873,2025-07-06,48,Москва,iOS,0
105874,2026-01-14,35,Санкт-Петербург,Android,0
105875,2025-10-21,39,Санкт-Петербург,Android,0
105876,2025-12-06,40,Самара,iOS,0
105877,2026-02-26,30,Нижний Новгород,iOS,0
105878,2026-03-22,44,Екатеринбург,iOS,1
105879,2025-09-07,31,Нижний Новгород,Android,0
105880,2026-03-12,29,Самара,Android,1
105881,2025-03-04,52,Москва,iOS,0
105882,2025-12-28,38,Нижний Новгород,Android,0
105883,2025-12-04,36,Казань,Android,0
105884,2026-03-31,45,Екатеринбург,Android,1
105885,2026-04-16,35,Казань,Android,1
105886,2025-05-12,21,Москва,iOS,0
105887,2025-05-27,28,Казань,Android,0
105888,2025-02-24,26,Санкт-Петербург,Android,0
105889,2025-11-19,18,Санкт-Петербург,iOS,0
105890,2026-04-10,43,Самара,Android,1
105891,2025-03-07,27,Москва,iOS,0
105892,2025-10-22,30,Москва,Android,0
105893,2026-01-02,31,Москва,Android,0
105894,2026-01-02,45,Нижний Новгород,iOS,0
105895,2025-04-14,50,Нижний Новгород,Android,0
105896,2025-05-10,46,Нижний Новгород,Android,0
105897,2026-04-18,40,Самара,iOS,1
105898,2026-04-01,28,Екатеринбург,Android,1
105899,2025-10-17,31,Казань,Android,0
105900,2025-09-10,47,Екатеринбург,Android,0
105901,2025-11-09,41,Новосибирск,iOS,0
105902,2025-02-19,32,Казань,Android,0
105903,2025-11-29,37,Нижний Новгород,iOS,0
105904,2025-06-04,32,Нижний Новгород,Android,0
105905,2026-04-07,45,Казань,iOS,1
105906,2026-02-23,27,Екатеринбург,iOS,0
105907,2025-10-02,37,Москва,iOS,0
105908,2024-12-21,30,Санкт-Петербург,Android,0
105909,2025-04-01,37,Екатеринбург,iOS,0
105910,2024-12-29,45,Новосибирск,Android,0
105911,2024-12-17,50,Самара,iOS,0
105912,2026-02-27,44,Санкт-Петербург,Android,0
105913,2025-08-09,26,Казань,Android,0
105914,2025-07-25,31,Самара,Android,0
105915,2025-03-04,33,Нижний Новгород,Android,0
105916,2025-09-18,34,Нижний Новгород,Android,0
105917,2026-01-23,23,Новосибирск,iOS,0
105918,2026-04-14,36,Санкт-Петербург,Android,1
105919,2025-11-11,48,Нижний Новгород,iOS,0
105920,2025-07-13,47,Казань,Android,0
105921,2025-01-06,20,Казань,Android,0
105922,2025-08-14,18,Санкт-Петербург,iOS,0
105923,2025-02-12,39,Самара,Android,0
105924,2026-01-23,21,Казань,Android,0
105925,2025-09-28,36,Казань,Android,0
105926,2025-04-07,33,Екатеринбург,iOS,0
105927,2025-10-31,33,Казань,iOS,0
105928,2025-05-27,24,Нижний Новгород,iOS,0
105929,2025-09-28,54,Самара,Android,0
105930,2025-03-08,39,Нижний Новгород,iOS,0
105931,2026-02-22,38,Санкт-Петербург,Android,0
105932,2025-09-15,46,Самара,Android,0
105933,2025-06-27,58,Нижний Новгород,iOS,0
105934,2024-12-17,40,Санкт-Петербург,iOS,0
105935,2026-04-05,33,Москва,iOS,1
105936,2025-12-23,29,Санкт-Петербург,iOS,0
105937,2025-10-31,23,Самара,iOS,0
105938,2026-04-20,31,Москва,iOS,1
105939,2026-03-02,36,Екатеринбург,Android,0
105940,2025-08-12,38,Москва,iOS,0
105941,2025-04-19,44,Екатеринбург,iOS,0
105942,2026-02-21,45,Москва,Android,0
105943,2025-07-18,30,Екатеринбург,iOS,0
105944,2026-02-19,18,Москва,iOS,0
105945,2025-08-07,40,Екатеринбург,Android,0
105946,2025-02-06,39,Нижний Новгород,iOS,0
105947,2025-07-26,21,Москва,iOS,0
105948,2025-06-25,35,Казань,Android,0
105949,2025-06-24,35,Самара,Android,0
105950,2025-03-06,47,Москва,iOS,0
105951,2025-06-03,35,Нижний Новгород,iOS,0
105952,2025-08-17,21,Нижний Новгород,iOS,0
105953,2025-08-23,47,Нижний Новгород,Android,0
105954,2025-11-12,53,Санкт-Петербург,iOS,0
105955,2025-09-19,51,Москва,iOS,0
105956,2025-06-10,43,Казань,Android,0
105957,2025-05-23,18,Санкт-Петербург,Android,0
105958,2026-04-22,40,Новосибирск,Android,1
105959,2025-07-04,37,Самара,iOS,0
105960,2024-12-18,33,Казань,Android,0
105961,2025-12-01,28,Москва,iOS,0
105962,2026-03-30,46,Москва,iOS,1
105963,2025-11-10,30,Новосибирск,iOS,0
105964,2025-02-24,34,Санкт-Петербург,iOS,0
105965,2025-11-17,22,Нижний Новгород,Android,0
105966,2025-03-22,38,Самара,Android,0
105967,2025-09-08,40,Новосибирск,iOS,0
105968,2025-02-17,42,Москва,iOS,0
105969,2025-10-23,32,Нижний Новгород,iOS,0
105970,2025-12-30,29,Нижний Новгород,iOS,0
105971,2025-11-24,34,Екатеринбург,iOS,0
105972,2025-08-15,47,Екатеринбург,Android,0
105973,2025-04-06,19,Санкт-Петербург,Android,0
105974,2025-09-09,23,Новосибирск,iOS,0
105975,2025-09-26,43,Москва,Android,0
105976,2025-07-25,18,Нижний Новгород,iOS,0
105977,2025-02-05,46,Санкт-Петербург,Android,0
105978,2025-03-25,34,Санкт-Петербург,iOS,0
105979,2025-05-06,41,Санкт-Петербург,Android,0
105980,2025-08-26,27,Нижний Новгород,Android,0
105981,2025-06-28,33,Санкт-Петербург,iOS,0
105982,2025-02-02,25,Самара,Android,0
105983,2025-11-09,25,,iOS,0
105984,2025-03-30,32,Самара,Android,0
105985,2026-03-25,55,Казань,iOS,1
105986,2026-03-30,41,Москва,iOS,1
105987,2025-04-18,24,Москва,iOS,0
105988,2026-02-24,45,Казань,iOS,0
105989,2025-04-03,27,Екатеринбург,iOS,0
105990,2025-06-24,33,Нижний Новгород,iOS,0
105991,2026-04-10,29,Санкт-Петербург,Android,1
105992,2026-03-04,33,Москва,Android,1
105993,2025-12-28,39,Новосибирск,Android,0
105994,2025-10-11,33,Казань,iOS,0
105995,2025-12-25,25,Екатеринбург,iOS,0
105996,2025-07-22,21,Самара,iOS,0
105997,2025-03-09,37,Санкт-Петербург,Android,0
105998,2025-12-03,27,Новосибирск,Android,0
105999,2025-03-10,33,Самара,Android,0
106000,2025-10-17,30,Екатеринбург,Android,0
106001,2025-04-10,23,Нижний Новгород,Android,0
106002,2025-01-20,32,Самара,iOS,0
106003,2026-01-19,34,Казань,iOS,0
106004,2025-02-01,37,Екатеринбург,Android,0
106005,2025-05-17,35,Санкт-Петербург,Android,0
106006,2025-04-26,33,Самара,Android,0
106007,2025-04-18,43,Екатеринбург,Android,0
106008,2025-07-20,44,Самара,iOS,0
106009,2025-08-08,32,Екатеринбург,iOS,0
106010,2025-02-14,32,Казань,iOS,0
106011,2025-07-08,19,Нижний Новгород,iOS,0
106012,2025-11-20,39,Санкт-Петербург,Android,0
106013,2025-01-25,43,Екатеринбург,Android,0
106014,2025-11-21,41,Санкт-Петербург,iOS,0
106015,2024-12-29,27,Казань,Android,0
106016,2025-12-26,49,Новосибирск,Android,0
106017,2025-11-25,41,Самара,Android,0
106018,2025-02-25,42,Новосибирск,Android,0
106019,2025-04-27,41,Новосибирск,iOS,0
106020,2025-10-15,26,Казань,Android,0
106021,2025-11-30,31,Самара,Android,0
106022,2025-05-29,19,Самара,iOS,0
106023,2025-04-25,23,Екатеринбург,iOS,0
106024,2025-06-23,42,Новосибирск,Android,0
106025,2025-02-16,19,Новосибирск,Android,0
106026,2025-11-07,21,Нижний Новгород,Android,0
106027,2026-01-09,51,Нижний Новгород,iOS,0
106028,2025-10-19,18,Новосибирск,Android,0
106029,2025-07-29,49,Москва,iOS,0
106030,2026-03-05,21,Санкт-Петербург,Android,1
106031,2026-04-02,32,Екатеринбург,Android,1
106032,2025-12-11,47,Екатеринбург,iOS,0
106033,2025-09-11,39,Новосибирск,Android,0
106034,2025-06-04,33,Казань,iOS,0
106035,2025-12-03,20,Самара,Android,0
106036,2025-10-22,40,Екатеринбург,iOS,0
106037,2025-05-13,37,Санкт-Петербург,iOS,0
106038,2025-10-26,33,Нижний Новгород,Android,0
106039,2025-11-07,24,Екатеринбург,Android,0
106040,2025-12-08,35,Новосибирск,iOS,0
106041,2025-05-23,32,Новосибирск,iOS,0
106042,2025-03-30,36,Казань,Android,0
106043,2026-01-28,52,Москва,Android,0
106044,2025-12-08,25,Нижний Новгород,Android,0
106045,2026-01-22,35,Нижний Новгород,Android,0
106046,2025-03-17,26,Новосибирск,iOS,0
106047,2025-12-30,22,Самара,iOS,0
106048,2025-11-29,18,Самара,iOS,0
106049,2025-07-29,31,Нижний Новгород,Android,0
106050,2025-11-16,30,Казань,Android,0
106051,2025-03-31,36,Екатеринбург,Android,0
106052,2026-04-01,39,Новосибирск,Android,1
106053,2025-07-02,41,Самара,iOS,0
106054,2026-04-13,24,Нижний Новгород,Android,1
106055,2026-02-22,35,Нижний Новгород,iOS,0
106056,2025-09-14,32,Нижний Новгород,Android,0
106057,2025-04-28,27,Екатеринбург,Android,0
106058,2026-04-19,39,Москва,iOS,1
106059,2025-10-11,18,Самара,Android,0
106060,2025-03-14,45,Самара,Android,0
106061,2025-05-14,35,Санкт-Петербург,Android,0
106062,2026-04-25,39,Санкт-Петербург,Android,1
106063,2026-02-21,34,Самара,Android,0
106064,2025-08-14,27,Новосибирск,Android,0
106065,2026-04-16,36,Екатеринбург,iOS,1
106066,2026-02-27,21,Новосибирск,Android,0
106067,2026-04-23,45,Казань,iOS,1
106068,2025-02-13,43,Нижний Новгород,Android,0
106069,2025-03-07,30,Москва,Android,0
106070,2025-02-17,21,Екатеринбург,Android,0
106071,2025-07-20,56,Новосибирск,iOS,0
106072,2025-09-20,20,Новосибирск,iOS,0
106073,2025-12-11,40,Казань,iOS,0
106074,2026-01-05,33,Санкт-Петербург,iOS,0
106075,2025-11-04,48,Екатеринбург,Android,0
106076,2025-10-27,25,Казань,iOS,0
106077,2026-02-03,18,Екатеринбург,iOS,0
106078,2026-03-01,32,Санкт-Петербург,iOS,0
106079,2026-01-15,35,Казань,Android,0
106080,2025-12-31,37,Самара,iOS,0
106081,2026-01-24,32,Самара,iOS,0
106082,2026-04-14,56,Новосибирск,Android,1
106083,2025-04-21,32,Нижний Новгород,iOS,0
106084,2025-02-12,43,Самара,Android,0
106085,2025-10-18,23,Нижний Новгород,Android,0
106086,2026-04-04,37,Самара,Android,1
106087,2025-07-07,36,Казань,iOS,0
106088,2025-03-10,40,Казань,iOS,0
106089,2025-03-14,46,Казань,Android,0
106090,2025-01-09,20,Санкт-Петербург,Android,0
106091,2025-07-15,22,Санкт-Петербург,Android,0
106092,2025-12-06,31,Москва,iOS,0
106093,2025-03-06,25,Самара,Android,0
106094,2025-10-20,38,Новосибирск,iOS,0
106095,2025-01-04,35,Санкт-Петербург,iOS,0
106096,2025-01-22,35,Казань,Android,0
106097,2025-01-19,28,Самара,iOS,0
106098,2026-01-21,40,Нижний Новгород,Android,0
106099,2025-03-10,42,Санкт-Петербург,iOS,0
106100,2025-07-03,35,Екатеринбург,Android,0
106101,2024-12-21,32,Самара,Android,0
106102,2026-03-14,39,Екатеринбург,Android,1
106103,2025-05-09,30,Екатеринбург,Android,0
106104,2025-06-01,30,Самара,Android,0
106105,2025-02-22,34,Санкт-Петербург,iOS,0
106106,2024-12-26,32,Москва,Android,0
106107,2025-07-02,24,Казань,iOS,0
106108,2024-12-31,18,Казань,iOS,0
106109,2025-03-05,45,Москва,iOS,0
106110,2025-11-25,21,Самара,iOS,0
106111,2025-07-31,35,Нижний Новгород,iOS,0
106112,2026-02-12,35,Казань,iOS,0
106113,2025-04-19,49,Екатеринбург,iOS,0
106114,2025-03-16,38,Нижний Новгород,iOS,0
106115,2026-01-20,31,Казань,Android,0
106116,2025-07-09,30,Казань,Android,0
106117,2026-04-23,29,Самара,Android,1
106118,2025-10-23,28,Новосибирск,Android,0
106119,2025-04-20,42,Нижний Новгород,iOS,0
106120,2025-07-15,30,Москва,iOS,0
106121,2026-04-23,36,Казань,Android,1
106122,2025-08-02,27,Екатеринбург,Android,0
106123,2025-08-10,22,Казань,iOS,0
106124,2025-01-22,32,Новосибирск,Android,0
106125,2025-10-14,36,Нижний Новгород,iOS,0
106126,2025-09-02,56,Новосибирск,iOS,0
106127,2025-06-11,47,Нижний Новгород,iOS,0
106128,2026-03-09,33,Казань,Android,1
106129,2025-07-06,23,Нижний Новгород,iOS,0
106130,2025-01-17,34,Самара,Android,0
106131,2025-10-21,36,Новосибирск,iOS,0
106132,2025-03-28,41,Казань,iOS,0
106133,2025-03-19,31,Москва,Android,0
106134,2026-01-29,34,Санкт-Петербург,Android,0
106135,2026-04-02,25,Казань,Android,1
106136,2025-10-19,41,Казань,iOS,0
106137,2025-05-09,27,Екатеринбург,Android,0
106138,2025-02-14,34,Казань,Android,0
106139,2025-10-26,41,Нижний Новгород,Android,0
106140,2025-09-28,43,Санкт-Петербург,iOS,0
106141,2025-10-11,32,Санкт-Петербург,Android,0
106142,2025-08-17,31,Москва,Android,0
106143,2026-02-10,18,Москва,iOS,0
106144,2025-06-28,40,Екатеринбург,iOS,0
106145,2025-01-19,39,Екатеринбург,iOS,0
106146,2026-03-13,23,Москва,iOS,1
106147,2026-04-29,38,Самара,Android,1
106148,2025-06-02,30,Новосибирск,Android,0
106149,2026-02-24,18,Москва,iOS,0
106150,2025-02-12,50,Казань,iOS,0
106151,2025-03-19,34,Москва,iOS,0
106152,2025-01-21,37,Санкт-Петербург,Android,0
106153,2025-08-11,18,Новосибирск,iOS,0
106154,2025-05-24,46,Нижний Новгород,Android,0
106155,2025-02-21,34,Самара,iOS,0
106156,2025-06-26,37,Нижний Новгород,iOS,0
106157,2025-06-01,47,Казань,Android,0
106158,2025-10-27,31,Санкт-Петербург,Android,0
106159,2025-06-01,31,Москва,iOS,0
106160,2025-11-01,35,Санкт-Петербург,Android,0
106161,2025-08-27,26,Екатеринбург,iOS,0
106162,2025-08-24,38,Самара,Android,0
106163,2026-03-15,44,Нижний Новгород,iOS,1
106164,2025-06-02,35,Санкт-Петербург,iOS,0
106165,2025-07-11,30,Екатеринбург,iOS,0
106166,2025-10-13,47,Самара,Android,0
106167,2026-04-21,40,Новосибирск,Android,1
106168,2026-02-06,28,Санкт-Петербург,iOS,0
106169,2026-01-10,34,Самара,Android,0
106170,2026-01-28,24,Москва,iOS,0
106171,2025-11-09,35,Самара,Android,0
106172,2025-08-17,43,Санкт-Петербург,Android,0
106173,2026-01-11,32,Самара,Android,0
106174,2025-04-05,31,Новосибирск,Android,0
106175,2026-02-20,52,Нижний Новгород,Android,0
106176,2025-01-24,33,Екатеринбург,iOS,0
106177,2025-09-13,44,Санкт-Петербург,iOS,0
106178,2026-03-13,18,Новосибирск,Android,1
106179,2025-03-28,51,Санкт-Петербург,Android,0
106180,2025-10-11,45,Санкт-Петербург,iOS,0
106181,2025-12-15,18,Москва,Android,0
106182,2025-04-12,34,Новосибирск,iOS,0
106183,2025-09-15,34,Казань,Android,0
106184,2024-12-24,24,Нижний Новгород,Android,0
106185,2026-03-13,41,Самара,iOS,1
106186,2025-12-06,20,Нижний Новгород,Android,0
106187,2025-04-12,19,Нижний Новгород,iOS,0
106188,2025-02-20,39,Санкт-Петербург,iOS,0
106189,2026-04-16,18,Казань,iOS,1
106190,2025-07-12,37,Екатеринбург,Android,0
106191,2024-12-19,35,Новосибирск,iOS,0
106192,2026-02-18,26,Екатеринбург,Android,0
106193,2026-04-30,18,Санкт-Петербург,iOS,1
106194,2026-01-18,29,Москва,iOS,0
106195,2025-10-13,34,Екатеринбург,Android,0
106196,2024-12-20,27,Новосибирск,Android,0
106197,2025-10-01,28,Екатеринбург,Android,0
106198,2025-10-04,29,Казань,Android,0
106199,2025-06-08,31,Новосибирск,Android,0
106200,2025-12-17,42,Нижний Новгород,iOS,0
106201,2025-06-26,31,Самара,iOS,0
106202,2025-02-15,36,Самара,Android,0
106203,2025-06-30,38,Казань,iOS,0
106204,2025-11-25,41,Казань,Android,0
106205,2025-03-31,24,Екатеринбург,iOS,0
106206,2026-03-11,46,Самара,Android,1
106207,2025-09-30,43,Казань,Android,0
106208,2025-03-09,52,Москва,Android,0
106209,2026-01-22,22,Нижний Новгород,Android,0
106210,2025-11-23,41,Самара,Android,0
106211,2025-07-06,43,Казань,iOS,0
106212,2026-03-08,40,Казань,Android,1
106213,2025-09-22,34,Казань,Android,0
106214,2025-07-09,48,Екатеринбург,iOS,0
106215,2025-11-19,18,Москва,iOS,0
106216,2026-04-11,39,Казань,iOS,1
106217,2026-03-15,34,Самара,iOS,1
106218,2026-01-22,53,Самара,Android,0
106219,2026-02-17,51,Новосибирск,iOS,0
106220,2025-10-26,25,Самара,iOS,0
106221,2025-02-19,40,Самара,iOS,0
106222,2026-01-22,26,Новосибирск,Android,0
106223,2025-02-15,37,Новосибирск,Android,0
106224,2026-01-28,29,Москва,Android,0
106225,2025-12-19,38,Нижний Новгород,iOS,0
106226,2025-05-11,40,Москва,iOS,0
106227,2026-03-06,29,Новосибирск,iOS,1
106228,2026-01-27,37,Самара,iOS,0
106229,2025-06-16,36,Нижний Новгород,Android,0
106230,2025-06-18,18,Самара,Android,0
106231,2026-04-02,38,Казань,Android,1
106232,2025-04-10,37,Казань,iOS,0
106233,2024-12-26,55,Самара,iOS,0
106234,2026-03-08,38,Санкт-Петербург,iOS,1
106235,2026-02-13,34,Нижний Новгород,iOS,0
106236,2025-01-17,18,Самара,Android,0
106237,2025-12-06,18,Санкт-Петербург,Android,0
106238,2025-01-05,42,Санкт-Петербург,iOS,0
106239,2025-01-10,37,Нижний Новгород,Android,0
106240,2025-05-29,46,Нижний Новгород,Android,0
106241,2025-07-27,33,Казань,iOS,0
106242,2025-05-26,44,Самара,iOS,0
106243,2024-12-24,38,Казань,iOS,0
106244,2025-06-07,44,Нижний Новгород,Android,0
106245,2025-09-08,29,Санкт-Петербург,iOS,0
106246,2025-12-22,34,Екатеринбург,iOS,0
106247,2025-11-14,42,Санкт-Петербург,iOS,0
106248,2026-02-04,39,Санкт-Петербург,iOS,0
106249,2025-09-20,31,Нижний Новгород,Android,0
106250,2025-08-22,44,Казань,Android,0
106251,2026-02-16,41,Казань,Android,0
106252,2025-06-01,41,Санкт-Петербург,Android,0
106253,2025-08-13,27,Самара,Android,0
106254,2025-05-13,33,Москва,iOS,0
106255,2025-03-11,35,Санкт-Петербург,Android,0
106256,2026-04-03,48,Екатеринбург,Android,1
106257,2025-09-09,32,Новосибирск,iOS,0
106258,2026-03-27,33,Екатеринбург,iOS,1
106259,2025-01-22,18,Екатеринбург,iOS,0
106260,2025-08-03,40,Новосибирск,iOS,0
106261,2025-03-22,51,Новосибирск,iOS,0
106262,2025-03-11,32,Москва,iOS,0
106263,2025-01-12,34,Санкт-Петербург,iOS,0
106264,2025-08-17,23,Нижний Новгород,iOS,0
106265,2025-08-27,42,Москва,Android,0
106266,2025-12-18,51,Санкт-Петербург,Android,0
106267,2025-05-24,48,Новосибирск,Android,0
106268,2025-01-19,33,Новосибирск,iOS,0
106269,2026-02-20,21,Казань,iOS,0
106270,2025-05-05,18,Санкт-Петербург,Android,0
106271,2025-11-19,46,Казань,iOS,0
106272,2025-10-20,43,Самара,iOS,0
106273,2025-11-04,35,Казань,iOS,0
106274,2025-10-14,42,Самара,iOS,0
106275,2024-12-23,46,Казань,iOS,0
106276,2025-10-12,40,Санкт-Петербург,iOS,0
106277,2025-03-18,58,Санкт-Петербург,Android,0
106278,2025-03-20,19,Нижний Новгород,Android,0
106279,2024-12-20,28,Нижний Новгород,iOS,0
106280,2025-03-16,56,Самара,Android,0
106281,2025-09-21,33,Самара,iOS,0
106282,2025-08-18,34,Самара,Android,0
106283,2025-06-03,40,Самара,Android,0
106284,2025-12-31,40,Нижний Новгород,Android,0
106285,2024-12-28,41,Нижний Новгород,iOS,0
106286,2026-02-09,49,Нижний Новгород,Android,0
106287,2025-02-09,33,Екатеринбург,iOS,0
106288,2025-10-15,40,Москва,Android,0
106289,2025-09-04,41,Санкт-Петербург,Android,0
106290,2025-07-11,18,Новосибирск,Android,0
106291,2026-03-27,51,Нижний Новгород,Android,1
106292,2025-05-20,34,Екатеринбург,iOS,0
106293,2025-05-23,23,Казань,Android,0
106294,2025-01-31,35,Новосибирск,iOS,0
106295,2025-02-15,26,Санкт-Петербург,Android,0
106296,2025-06-13,33,Новосибирск,iOS,0
106297,2024-12-19,42,Самара,iOS,0
106298,2025-09-05,26,Москва,iOS,0
106299,2025-10-03,41,Москва,Android,0
106300,2025-09-30,43,Санкт-Петербург,Android,0
106301,2025-01-11,43,Самара,iOS,0
106302,2025-05-31,27,Самара,iOS,0
106303,2026-02-01,23,Нижний Новгород,Android,0
106304,2025-03-25,52,Казань,Android,0
106305,2025-10-12,21,Санкт-Петербург,Android,0
106306,2025-06-21,43,Санкт-Петербург,Android,0
106307,2025-12-15,47,Санкт-Петербург,iOS,0
106308,2025-11-23,37,Новосибирск,iOS,0
106309,2026-04-24,33,Екатеринбург,iOS,1
106310,2025-02-12,32,Казань,Android,0
106311,2026-03-30,18,Нижний Новгород,iOS,1
106312,2025-07-19,39,Екатеринбург,Android,0
106313,2025-10-04,25,Нижний Новгород,Android,0
106314,2025-06-05,41,Самара,iOS,0
106315,2025-11-15,30,Казань,Android,0
106316,2026-04-09,54,Нижний Новгород,iOS,1
106317,2025-05-27,37,Казань,iOS,0
106318,2025-10-17,29,Санкт-Петербург,iOS,0
106319,2026-01-27,27,Екатеринбург,iOS,0
106320,2026-03-07,31,Екатеринбург,iOS,1
106321,2025-09-17,43,Нижний Новгород,iOS,0
106322,2025-03-04,32,Казань,iOS,0
106323,2025-05-17,26,Казань,Android,0
106324,2026-04-20,39,Новосибирск,iOS,1
106325,2025-09-21,41,Новосибирск,Android,0
106326,2026-02-05,51,Самара,iOS,0
106327,2026-02-20,28,Екатеринбург,iOS,0
106328,2025-03-16,46,Новосибирск,Android,0
106329,2025-03-25,18,Нижний Новгород,iOS,0
106330,2025-03-03,18,Москва,Android,0
106331,2025-04-16,27,Новосибирск,Android,0
106332,2025-08-05,35,Санкт-Петербург,Android,0
106333,2025-12-05,37,Самара,iOS,0
106334,2025-10-29,30,Самара,iOS,0
106335,2026-02-02,47,Казань,Android,0
106336,2026-01-18,50,Нижний Новгород,iOS,0
106337,2024-12-26,50,Санкт-Петербург,iOS,0
106338,2025-04-08,43,Екатеринбург,Android,0
106339,2025-11-07,30,Москва,Android,0
106340,2025-06-28,38,Санкт-Петербург,iOS,0
106341,2026-04-19,50,Нижний Новгород,iOS,1
106342,2025-06-01,19,Санкт-Петербург,iOS,0
106343,2025-09-15,24,Новосибирск,iOS,0
106344,2025-11-30,33,Москва,Android,0
106345,2026-04-14,39,Нижний Новгород,Android,1
106346,2025-12-24,19,Санкт-Петербург,iOS,0
106347,2025-03-04,42,Новосибирск,Android,0
106348,2025-10-07,45,Санкт-Петербург,iOS,0
106349,2026-03-08,45,Самара,iOS,1
106350,2025-01-03,40,Екатеринбург,Android,0
106351,2025-08-22,21,Екатеринбург,iOS,0
106352,2025-06-08,31,Самара,Android,0
106353,2025-04-25,31,Екатеринбург,Android,0
106354,2024-12-22,30,Санкт-Петербург,iOS,0
106355,2025-01-08,27,Новосибирск,Android,0
106356,2025-05-04,22,Екатеринбург,Android,0
106357,2025-09-07,30,Москва,Android,0
106358,2025-02-17,40,Екатеринбург,Android,0
106359,2024-12-19,36,Новосибирск,iOS,0
106360,2025-05-03,38,Самара,Android,0
106361,2025-05-04,39,Самара,iOS,0
106362,2025-03-12,29,Санкт-Петербург,iOS,0
106363,2025-09-23,24,Самара,iOS,0
106364,2025-05-29,39,Самара,Android,0
106365,2026-01-02,28,Новосибирск,iOS,0
106366,2025-01-21,36,Казань,iOS,0
106367,2025-12-11,47,Казань,iOS,0
106368,2025-11-30,30,Москва,iOS,0
106369,2026-03-08,37,Санкт-Петербург,Android,1
106370,2025-08-17,42,Казань,iOS,0
106371,2026-02-24,35,Нижний Новгород,Android,0
106372,2026-03-02,48,Казань,Android,0
106373,2025-09-12,49,Самара,Android,0
106374,2025-02-07,42,Екатеринбург,iOS,0
106375,2025-09-23,34,Самара,Android,0
106376,2026-03-18,35,Екатеринбург,Android,1
106377,2026-03-12,28,Нижний Новгород,Android,1
106378,2025-11-05,34,Москва,Android,0
106379,2025-04-16,19,Новосибирск,iOS,0
106380,2025-11-01,44,Москва,Android,0
106381,2025-02-17,36,Екатеринбург,iOS,0
106382,2026-04-17,29,Москва,Android,1
106383,2025-12-12,33,Санкт-Петербург,iOS,0
106384,2025-07-25,19,Санкт-Петербург,iOS,0
106385,2026-01-28,30,Новосибирск,Android,0
106386,2025-03-18,46,Самара,Android,0
106387,2025-02-07,38,Санкт-Петербург,iOS,0
106388,2026-04-29,22,Самара,iOS,1
106389,2026-03-18,39,Москва,iOS,1
106390,2026-03-31,29,Нижний Новгород,iOS,1
106391,2025-06-21,28,Самара,Android,0
106392,2025-02-10,27,Казань,iOS,0
106393,2025-07-10,39,Казань,Android,0
106394,2025-06-02,34,Санкт-Петербург,Android,0
106395,2026-02-05,30,Самара,iOS,0
106396,2025-08-14,35,Нижний Новгород,Android,0
106397,2025-06-19,32,Новосибирск,Android,0
106398,2025-03-19,40,Самара,iOS,0
106399,2025-04-07,18,Екатеринбург,Android,0
106400,2024-12-17,34,Самара,iOS,0
106401,2025-03-17,41,Екатеринбург,Android,0
106402,2024-12-24,22,Новосибирск,iOS,0
106403,2025-09-03,33,Казань,Android,0
106404,2025-01-26,27,Москва,Android,0
106405,2026-04-22,39,Казань,Android,1
106406,2026-02-04,35,Новосибирск,iOS,0
106407,2025-05-18,31,Москва,iOS,0
106408,2025-04-12,21,Самара,Android,0
106409,2025-12-26,45,Новосибирск,Android,0
106410,2025-10-20,27,Новосибирск,Android,0
106411,2025-10-05,29,Санкт-Петербург,Android,0
106412,2026-02-12,34,Санкт-Петербург,iOS,0
106413,2026-01-01,37,Екатеринбург,iOS,0
106414,2025-05-29,18,Москва,iOS,0
106415,2026-02-06,28,Москва,Android,0
106416,2026-04-26,37,Санкт-Петербург,Android,1
106417,2024-12-22,34,Екатеринбург,Android,0
106418,2025-06-04,50,Новосибирск,iOS,0
106419,2026-04-30,27,Москва,Android,1
106420,2025-06-08,31,Самара,Android,0
106421,2025-02-02,48,Новосибирск,Android,0
106422,2025-07-14,28,Казань,Android,0
106423,2025-05-13,18,Екатеринбург,iOS,0
106424,2025-05-14,30,Санкт-Петербург,iOS,0
106425,2025-03-18,45,Москва,iOS,0
106426,2025-08-12,24,Екатеринбург,iOS,0
106427,2025-01-30,43,Казань,Android,0
106428,2026-04-03,18,Санкт-Петербург,iOS,1
106429,2024-12-20,29,Екатеринбург,iOS,0
106430,2025-06-27,48,Новосибирск,iOS,0
106431,2025-02-21,39,Москва,Android,0
106432,2025-05-08,36,Санкт-Петербург,iOS,0
106433,2026-02-22,21,Самара,Android,0
106434,2025-10-07,62,Нижний Новгород,iOS,0
106435,2025-06-16,42,Казань,Android,0
106436,2025-11-03,27,Нижний Новгород,iOS,0
106437,2025-04-12,26,Екатеринбург,Android,0
106438,2025-05-27,44,Москва,Android,0
106439,2025-05-08,34,Самара,Android,0
106440,2026-04-15,31,Екатеринбург,iOS,1
106441,2025-11-28,28,Санкт-Петербург,iOS,0
106442,2026-05-01,30,Екатеринбург,Android,1
106443,2025-01-13,33,Нижний Новгород,iOS,0
106444,2025-05-09,19,Новосибирск,iOS,0
106445,2025-08-23,30,Екатеринбург,iOS,0
106446,2025-09-22,32,Новосибирск,Android,0
106447,2026-01-23,25,Санкт-Петербург,Android,0
106448,2025-03-05,25,Санкт-Петербург,iOS,0
106449,2026-01-29,44,Новосибирск,Android,0
106450,2025-12-18,27,Екатеринбург,iOS,0
106451,2025-07-01,32,Казань,Android,0
106452,2025-05-01,22,Екатеринбург,iOS,0
106453,2025-04-01,36,Нижний Новгород,Android,0
106454,2025-09-12,42,Казань,iOS,0
106455,2025-08-26,38,Нижний Новгород,Android,0
106456,2025-06-29,18,Екатеринбург,iOS,0
106457,2025-04-24,33,Нижний Новгород,iOS,0
106458,2025-11-08,22,Самара,iOS,0
106459,2025-05-28,42,Нижний Новгород,iOS,0
106460,2025-03-19,32,Санкт-Петербург,Android,0
106461,2024-12-20,33,Казань,Android,0
106462,2026-03-21,41,Казань,iOS,1
106463,2025-07-29,19,Екатеринбург,Android,0
106464,2025-10-01,26,Нижний Новгород,iOS,0
106465,2025-09-12,43,Нижний Новгород,Android,0
106466,2026-03-04,49,Казань,iOS,1
106467,2025-12-24,38,Новосибирск,iOS,0
106468,2025-04-19,18,Новосибирск,Android,0
106469,2025-12-15,45,Нижний Новгород,Android,0
106470,2025-07-01,27,Казань,Android,0
106471,2025-11-24,45,Нижний Новгород,Android,0
106472,2025-11-10,34,Нижний Новгород,Android,0
106473,2025-10-02,45,Новосибирск,iOS,0
106474,2026-02-12,42,Москва,iOS,0
106475,2026-04-18,37,Москва,iOS,1
106476,2026-04-25,45,Нижний Новгород,Android,1
106477,2025-08-25,33,Нижний Новгород,Android,0
106478,2025-08-29,31,Казань,Android,0
106479,2025-03-18,38,Новосибирск,iOS,0
106480,2025-11-30,23,Нижний Новгород,Android,0
106481,2025-09-07,32,Москва,iOS,0
106482,2025-08-14,33,Нижний Новгород,iOS,0
106483,2026-04-23,27,Казань,Android,1
106484,2025-02-03,18,Москва,Android,0
106485,2026-01-08,43,Казань,Android,0
106486,2025-12-30,37,Самара,Android,0
106487,2025-05-08,55,Екатеринбург,iOS,0
106488,2025-09-10,32,Казань,Android,0
106489,2025-01-19,36,Самара,Android,0
106490,2025-07-28,43,Москва,iOS,0
106491,2025-06-20,18,Новосибирск,Android,0
106492,2025-09-16,32,Москва,Android,0
106493,2025-09-29,29,Москва,Android,0
106494,2025-01-19,31,Новосибирск,iOS,0
106495,2026-02-12,27,Екатеринбург,iOS,0
106496,2026-03-30,42,Казань,Android,1
106497,2025-09-10,45,Москва,iOS,0
106498,2025-03-02,30,Екатеринбург,iOS,0
106499,2025-09-16,21,Новосибирск,Android,0
106500,2025-12-15,46,Санкт-Петербург,Android,0
106501,2025-08-11,30,Москва,iOS,0
106502,2025-10-19,44,Москва,Android,0
106503,2026-04-29,47,Нижний Новгород,Android,1
106504,2025-10-27,37,Нижний Новгород,iOS,0
106505,2025-02-16,30,Нижний Новгород,iOS,0
106506,2025-09-29,46,Казань,iOS,0
106507,2025-07-24,22,Самара,iOS,0
106508,2025-09-14,42,Самара,Android,0
106509,2025-08-28,34,Нижний Новгород,iOS,0
106510,2025-05-17,33,Екатеринбург,Android,0
106511,2025-01-28,35,Екатеринбург,Android,0
106512,2025-05-10,36,Новосибирск,iOS,0
106513,2025-05-18,24,Самара,Android,0
106514,2026-01-15,19,Санкт-Петербург,Android,0
106515,2025-02-15,34,Москва,iOS,0
106516,2025-10-01,34,Санкт-Петербург,Android,0
106517,2025-08-23,36,Екатеринбург,Android,0
106518,2025-10-09,24,Москва,Android,0
106519,2026-02-15,32,Нижний Новгород,iOS,0
106520,2025-05-30,33,Москва,iOS,0
106521,2026-02-26,38,Екатеринбург,Android,0
106522,2026-04-27,32,Москва,iOS,1
106523,2025-08-18,33,Екатеринбург,iOS,0
106524,2025-09-22,30,Нижний Новгород,iOS,0
106525,2025-08-18,50,Екатеринбург,Android,0
106526,2025-05-24,43,Москва,iOS,0
106527,2025-11-13,44,Санкт-Петербург,Android,0
106528,2025-10-19,35,Нижний Новгород,Android,0
106529,2025-09-22,42,Санкт-Петербург,Android,0
106530,2025-06-21,25,Санкт-Петербург,Android,0
106531,2025-04-09,46,Екатеринбург,iOS,0
106532,2025-07-21,26,Казань,iOS,0
106533,2025-07-31,32,Нижний Новгород,Android,0
106534,2025-04-12,31,Санкт-Петербург,Android,0
106535,2025-01-19,40,Казань,iOS,0
106536,2025-04-30,32,Казань,iOS,0
106537,2025-12-06,39,Казань,Android,0
106538,2025-11-05,33,Нижний Новгород,Android,0
106539,2025-02-27,56,Нижний Новгород,iOS,0
106540,2025-01-25,18,Екатеринбург,iOS,0
106541,2026-01-03,34,Санкт-Петербург,iOS,0
106542,2025-07-28,44,Новосибирск,Android,0
106543,2025-08-26,21,Санкт-Петербург,Android,0
106544,2026-04-30,35,Казань,iOS,1
106545,2025-01-21,39,Самара,Android,0
106546,2025-04-02,24,Казань,iOS,0
106547,2025-10-02,21,Самара,iOS,0
106548,2025-09-10,49,Москва,Android,0
106549,2025-10-02,28,Москва,Android,0
106550,2025-11-18,35,Казань,Android,0
106551,2025-12-24,30,Нижний Новгород,Android,0
106552,2025-03-27,35,Санкт-Петербург,iOS,0
106553,2026-02-01,18,Казань,iOS,0
106554,2025-01-29,26,Москва,iOS,0
106555,2026-04-09,40,Новосибирск,iOS,1
106556,2026-03-01,18,Самара,iOS,0
106557,2026-02-27,19,Санкт-Петербург,Android,0
106558,2025-07-15,56,Новосибирск,iOS,0
106559,2025-03-05,26,Казань,Android,0
106560,2025-10-07,43,Санкт-Петербург,Android,0
106561,2026-04-29,35,Санкт-Петербург,Android,1
106562,2025-10-18,48,Нижний Новгород,Android,0
106563,2025-11-04,29,Казань,Android,0
106564,2026-04-21,30,Новосибирск,Android,1
106565,2025-02-11,34,Екатеринбург,iOS,0
106566,2025-06-25,41,Самара,Android,0
106567,2025-11-07,38,Самара,Android,0
106568,2025-03-06,46,Санкт-Петербург,iOS,0
106569,2025-10-22,26,Нижний Новгород,iOS,0
106570,2026-01-30,18,Самара,Android,0
106571,2026-04-10,30,Новосибирск,iOS,1
106572,2025-06-27,46,Нижний Новгород,Android,0
106573,2025-03-11,26,Новосибирск,Android,0
106574,2026-03-14,22,Казань,Android,1
106575,2025-09-13,36,Нижний Новгород,Android,0
106576,2025-06-26,18,Казань,Android,0
106577,2025-08-12,29,Казань,Android,0
106578,2025-02-02,28,Нижний Новгород,Android,0
106579,2025-09-23,38,Казань,iOS,0
106580,2025-10-13,22,Москва,Android,0
106581,2025-04-10,29,Санкт-Петербург,Android,0
106582,2025-04-20,45,Нижний Новгород,Android,0
106583,2025-02-25,30,Казань,iOS,0
106584,2025-07-24,42,Новосибирск,Android,0
106585,2025-02-04,42,Москва,Android,0
106586,2025-09-15,33,Новосибирск,Android,0
106587,2026-04-16,20,Москва,iOS,1
106588,2026-03-27,31,Екатеринбург,iOS,1
106589,2025-04-20,20,Екатеринбург,Android,0
106590,2025-12-09,37,Новосибирск,iOS,0
106591,2025-06-06,20,Санкт-Петербург,Android,0
106592,2026-04-16,18,Нижний Новгород,iOS,1
106593,2025-03-08,37,Новосибирск,Android,0
106594,2026-02-21,41,Новосибирск,iOS,0
106595,2025-06-04,27,Новосибирск,Android,0
106596,2026-01-01,33,Самара,iOS,0
106597,2026-04-13,29,Санкт-Петербург,Android,1
106598,2025-09-01,43,Санкт-Петербург,Android,0
106599,2026-04-30,42,Нижний Новгород,Android,1
106600,2026-04-15,37,Самара,Android,1
106601,2025-01-10,47,Нижний Новгород,iOS,0
106602,2025-10-13,34,Казань,Android,0
106603,2025-11-17,39,Санкт-Петербург,Android,0
106604,2026-04-25,23,Санкт-Петербург,iOS,1
106605,2025-03-07,34,Екатеринбург,Android,0
106606,2025-10-19,33,Казань,Android,0
106607,2026-03-16,46,Нижний Новгород,Android,1
106608,2025-09-17,23,Новосибирск,iOS,0
106609,2025-09-10,38,Санкт-Петербург,iOS,0
106610,2025-09-23,49,Самара,Android,0
106611,2026-04-06,46,Самара,iOS,1
106612,2026-01-01,65,Нижний Новгород,Android,0
106613,2025-06-16,41,Новосибирск,iOS,0
106614,2025-10-23,26,Казань,Android,0
106615,2025-06-13,33,Нижний Новгород,iOS,0
106616,2025-09-27,26,Казань,iOS,0
106617,2025-08-24,32,Самара,Android,0
106618,2026-04-01,46,Казань,Android,1
106619,2025-06-10,20,Самара,Android,0
106620,2025-10-03,20,Новосибирск,iOS,0
106621,2025-01-16,45,Москва,iOS,0
106622,2025-01-02,53,Нижний Новгород,Android,0
106623,2025-09-10,24,Нижний Новгород,Android,0
106624,2025-04-22,38,Екатеринбург,iOS,0
106625,2026-03-04,33,Москва,Android,1
106626,2025-02-23,38,Нижний Новгород,iOS,0
106627,2025-10-01,30,Казань,Android,0
106628,2026-03-25,33,Москва,iOS,1
106629,2025-08-27,29,Москва,Android,0
106630,2025-09-04,53,Новосибирск,Android,0
106631,2025-02-19,34,Нижний Новгород,iOS,0
106632,2025-12-17,36,Санкт-Петербург,iOS,0
106633,2026-04-17,31,Казань,iOS,1
106634,2025-03-05,18,Самара,Android,0
106635,2025-03-22,22,Москва,iOS,0
106636,2025-12-22,25,Самара,iOS,0
106637,2025-08-31,41,Казань,iOS,0
106638,2026-01-10,33,Новосибирск,iOS,0
106639,2025-11-09,30,Новосибирск,Android,0
106640,2026-02-14,37,Новосибирск,Android,0
106641,2026-01-16,21,Новосибирск,iOS,0
106642,2025-09-30,51,Екатеринбург,Android,0
106643,2025-04-15,40,Самара,iOS,0
106644,2025-10-04,48,Москва,iOS,0
106645,2025-02-19,32,Санкт-Петербург,iOS,0
106646,2025-09-11,31,Москва,iOS,0
106647,2026-03-17,31,Самара,iOS,1
106648,2025-06-08,37,Нижний Новгород,iOS,0
106649,2025-03-05,18,Екатеринбург,iOS,0
106650,2025-08-24,36,Новосибирск,iOS,0
106651,2025-09-18,34,Самара,iOS,0
106652,2026-03-06,27,Нижний Новгород,iOS,1
106653,2026-04-01,38,Самара,iOS,1
106654,2025-03-28,59,Казань,iOS,0
106655,2025-08-16,28,Самара,Android,0
106656,2026-04-15,38,Нижний Новгород,iOS,1
106657,2025-05-17,38,Новосибирск,iOS,0
106658,2025-02-02,31,Екатеринбург,Android,0
106659,2025-06-23,53,Санкт-Петербург,Android,0
106660,2024-12-29,27,Самара,Android,0
106661,2025-06-18,20,Екатеринбург,iOS,0
106662,2025-02-19,53,Нижний Новгород,iOS,0
106663,2025-06-20,30,Новосибирск,Android,0
106664,2025-11-16,27,Санкт-Петербург,iOS,0
106665,2025-05-20,22,Новосибирск,iOS,0
106666,2025-02-27,45,Нижний Новгород,Android,0
106667,2025-08-10,49,Самара,iOS,0
106668,2025-01-25,30,Нижний Новгород,iOS,0
106669,2025-04-14,21,Самара,iOS,0
106670,2025-08-02,32,Санкт-Петербург,Android,0
106671,2025-08-10,33,Нижний Новгород,iOS,0
106672,2026-02-03,31,Новосибирск,iOS,0
106673,2025-10-12,18,Казань,iOS,0
106674,2025-05-21,34,Москва,Android,0
106675,2025-06-26,37,Санкт-Петербург,Android,0
106676,2025-12-29,40,Самара,iOS,0
106677,2026-04-02,36,Москва,Android,1
106678,2025-06-07,40,Екатеринбург,Android,0
106679,2025-11-06,42,Новосибирск,Android,0
106680,2025-09-07,24,Москва,Android,0
106681,2026-02-24,31,Самара,iOS,0
106682,2025-03-14,29,Санкт-Петербург,iOS,0
106683,2025-10-04,22,Казань,iOS,0
106684,2025-11-20,25,Нижний Новгород,iOS,0
106685,2025-06-03,47,Нижний Новгород,Android,0
106686,2025-09-03,28,Самара,Android,0
106687,2025-11-04,37,Самара,Android,0
106688,2025-11-21,19,Нижний Новгород,Android,0
106689,2025-03-08,38,Нижний Новгород,iOS,0
106690,2025-09-08,45,Москва,Android,0
106691,2025-05-13,33,Казань,Android,0
106692,2025-06-27,24,Екатеринбург,Android,0
106693,2026-02-11,21,Москва,Android,0
106694,2025-07-28,27,Новосибирск,Android,0
106695,2025-09-08,31,Санкт-Петербург,Android,0
106696,2026-02-10,22,Самара,Android,0
106697,2025-12-02,28,Казань,iOS,0
106698,2025-01-03,34,Нижний Новгород,iOS,0
106699,2025-11-03,28,Казань,iOS,0
106700,2025-05-30,52,Екатеринбург,Android,0
106701,2026-03-05,36,Екатеринбург,iOS,1
106702,2025-11-09,42,Санкт-Петербург,iOS,0
106703,2026-04-04,32,Самара,iOS,1
106704,2025-05-31,57,Новосибирск,Android,0
106705,2025-11-02,40,Самара,iOS,0
106706,2026-01-24,41,Казань,iOS,0
106707,2024-12-28,30,Новосибирск,Android,0
106708,2025-12-01,46,Екатеринбург,Android,0
106709,2026-02-12,46,Санкт-Петербург,Android,0
106710,2025-07-16,38,Новосибирск,iOS,0
106711,2026-01-29,44,Самара,iOS,0
106712,2025-11-07,46,Санкт-Петербург,iOS,0
106713,2025-12-24,18,Казань,iOS,0
106714,2025-04-14,22,Нижний Новгород,Android,0
106715,2026-01-30,34,Казань,Android,0
106716,2025-11-22,18,Казань,Android,0
106717,2025-01-06,36,Казань,iOS,0
106718,2025-08-13,22,Самара,Android,0
106719,2025-04-08,63,Нижний Новгород,iOS,0
106720,2025-06-18,45,Казань,iOS,0
106721,2025-11-25,27,Самара,iOS,0
106722,2025-09-21,18,Екатеринбург,Android,0
106723,2025-11-24,31,Самара,Android,0
106724,2026-03-15,46,Санкт-Петербург,Android,1
106725,2026-04-21,39,Санкт-Петербург,iOS,1
106726,2025-07-12,18,Самара,Android,0
106727,2025-09-06,28,Самара,Android,0
106728,2025-07-06,45,Екатеринбург,Android,0
106729,2025-01-12,30,Санкт-Петербург,iOS,0
106730,2026-01-15,25,Самара,Android,0
106731,2026-02-14,34,Екатеринбург,iOS,0
106732,2025-03-11,41,Казань,Android,0
106733,2025-01-17,40,Самара,iOS,0
106734,2025-01-03,31,Нижний Новгород,Android,0
106735,2025-09-02,26,Новосибирск,Android,0
106736,2026-01-23,29,Москва,Android,0
106737,2026-03-07,41,Санкт-Петербург,iOS,1
106738,2026-01-18,33,Самара,iOS,0
106739,2025-10-16,44,Казань,iOS,0
106740,2026-01-13,37,Самара,Android,0
106741,2024-12-23,31,Санкт-Петербург,Android,0
106742,2025-08-10,32,Санкт-Петербург,Android,0
106743,2025-09-11,31,Москва,iOS,0
106744,2025-11-12,18,Москва,iOS,0
106745,2026-02-11,49,Санкт-Петербург,Android,0
106746,2025-12-07,19,Новосибирск,iOS,0
106747,2025-11-30,37,Самара,Android,0
106748,2025-12-04,34,Нижний Новгород,Android,0
106749,2025-01-24,26,Новосибирск,Android,0
106750,2025-07-15,40,Нижний Новгород,iOS,0
106751,2025-05-01,29,Екатеринбург,iOS,0
106752,2025-04-02,37,Санкт-Петербург,iOS,0
106753,2024-12-17,38,Санкт-Петербург,iOS,0
106754,2025-06-22,41,Нижний Новгород,Android,0
106755,2025-07-08,27,Нижний Новгород,iOS,0
106756,2025-07-09,23,Новосибирск,iOS,0
106757,2025-10-10,30,Казань,Android,0
106758,2025-04-25,45,Новосибирск,Android,0
106759,2025-07-27,51,Екатеринбург,Android,0
106760,2025-09-22,51,Санкт-Петербург,iOS,0
106761,2025-03-11,39,Новосибирск,Android,0
106762,2026-04-19,42,Екатеринбург,Android,1
106763,2026-02-21,29,Москва,iOS,0
106764,2025-01-15,21,Екатеринбург,iOS,0
106765,2025-02-03,32,Казань,Android,0
106766,2025-01-31,18,Новосибирск,iOS,0
106767,2025-11-17,18,Самара,iOS,0
106768,2025-02-01,44,Казань,iOS,0
106769,2026-02-17,30,Москва,iOS,0
106770,2025-12-11,30,Екатеринбург,iOS,0
106771,2026-03-22,19,Казань,Android,1
106772,2025-10-01,46,Нижний Новгород,Android,0
106773,2025-04-24,21,Санкт-Петербург,Android,0
106774,2025-01-08,32,Санкт-Петербург,iOS,0
106775,2025-05-21,54,Новосибирск,Android,0
106776,2026-03-25,42,Екатеринбург,iOS,1
106777,2024-12-17,41,Екатеринбург,Android,0
106778,2025-11-04,45,Екатеринбург,Android,0
106779,2025-01-21,35,Москва,Android,0
106780,2025-02-11,28,Москва,iOS,0
106781,2025-02-07,25,Новосибирск,iOS,0
106782,2025-09-15,55,Нижний Новгород,iOS,0
106783,2025-12-06,37,Новосибирск,Android,0
106784,2026-01-19,35,Самара,Android,0
106785,2025-10-10,37,Казань,iOS,0
106786,2025-08-27,31,Новосибирск,iOS,0
106787,2025-07-19,34,Нижний Новгород,Android,0
106788,2025-07-28,42,Екатеринбург,iOS,0
106789,2025-03-21,58,Екатеринбург,iOS,0
106790,2026-04-06,46,Казань,Android,1
106791,2025-10-13,47,Новосибирск,iOS,0
106792,2026-04-22,30,Екатеринбург,iOS,1
106793,2025-04-14,37,Казань,Android,0
106794,2025-11-27,43,Самара,iOS,0
106795,2025-03-07,32,Санкт-Петербург,iOS,0
106796,2025-10-22,32,Санкт-Петербург,iOS,0
106797,2025-07-07,49,Самара,Android,0
106798,2025-06-18,48,Санкт-Петербург,iOS,0
106799,2026-01-16,29,Москва,Android,0
106800,2025-12-03,29,Екатеринбург,Android,0
106801,2025-06-01,34,Казань,Android,0
106802,2025-04-20,46,Москва,Android,0
106803,2025-04-23,38,Москва,iOS,0
106804,2025-05-27,29,Екатеринбург,Android,0
106805,2025-01-09,32,Екатеринбург,iOS,0
106806,2025-12-11,30,Нижний Новгород,iOS,0
106807,2026-02-14,36,Самара,Android,0
106808,2025-06-16,40,Екатеринбург,iOS,0
106809,2025-10-08,49,Екатеринбург,iOS,0
106810,2025-03-14,18,Екатеринбург,iOS,0
106811,2025-12-10,18,Самара,Android,0
106812,2025-11-09,47,Санкт-Петербург,iOS,0
106813,2025-08-18,32,Москва,iOS,0
106814,2025-12-25,45,Москва,iOS,0
106815,2025-03-24,62,Екатеринбург,iOS,0
106816,2025-01-18,28,Казань,iOS,0
106817,2025-05-19,43,Москва,Android,0
106818,2025-02-15,31,Екатеринбург,iOS,0
106819,2026-02-15,33,Казань,iOS,0
106820,2025-06-27,28,Санкт-Петербург,iOS,0
106821,2026-02-04,30,Санкт-Петербург,iOS,0
106822,2025-03-11,41,Санкт-Петербург,iOS,0
106823,2025-03-01,53,Екатеринбург,iOS,0
106824,2025-03-05,30,Новосибирск,Android,0
106825,2025-11-16,28,Москва,iOS,0
106826,2025-10-05,18,Нижний Новгород,iOS,0
106827,2026-01-20,20,Казань,Android,0
106828,2025-08-03,30,Казань,iOS,0
106829,2025-03-01,18,Нижний Новгород,iOS,0
106830,2025-10-05,29,Нижний Новгород,Android,0
106831,2025-04-15,33,Новосибирск,iOS,0
106832,2026-01-25,34,Казань,Android,0
106833,2025-08-31,23,Казань,Android,0
106834,2025-02-24,36,Новосибирск,Android,0
106835,2025-08-17,33,Санкт-Петербург,Android,0
106836,2024-12-24,24,Москва,Android,0
106837,2025-07-02,40,Нижний Новгород,iOS,0
106838,2026-03-18,35,Нижний Новгород,iOS,1
106839,2025-03-05,18,Казань,Android,0
106840,2025-03-22,40,Санкт-Петербург,Android,0
106841,2026-04-26,49,Санкт-Петербург,Android,1
106842,2025-02-09,31,Самара,iOS,0
106843,2025-11-28,25,Москва,iOS,0
106844,2025-10-17,49,Казань,iOS,0
106845,2025-04-06,29,Екатеринбург,iOS,0
106846,2025-04-26,18,Самара,iOS,0
106847,2024-12-19,39,Москва,iOS,0
106848,2026-03-30,39,Новосибирск,iOS,1
106849,2025-07-08,18,Новосибирск,iOS,0
106850,2025-12-26,61,Екатеринбург,Android,0
106851,2025-09-16,39,Санкт-Петербург,Android,0
106852,2026-04-13,37,Казань,iOS,1
106853,2025-01-08,27,Москва,iOS,0
106854,2025-10-02,18,Москва,Android,0
106855,2025-11-12,23,Самара,Android,0
106856,2026-03-10,19,Москва,Android,1
106857,2025-10-27,39,Новосибирск,iOS,0
106858,2025-10-19,38,Казань,iOS,0
106859,2025-07-18,45,Москва,iOS,0
106860,2025-09-17,46,Екатеринбург,Android,0
106861,2025-07-21,23,Новосибирск,iOS,0
106862,2026-03-18,18,Екатеринбург,iOS,1
106863,2025-08-05,38,Екатеринбург,iOS,0
106864,2025-12-09,58,Казань,iOS,0
106865,2025-07-17,18,Самара,Android,0
106866,2026-02-08,25,Казань,Android,0
106867,2025-02-01,33,Новосибирск,Android,0
106868,2025-08-07,47,Казань,Android,0
106869,2025-07-17,24,Новосибирск,Android,0
106870,2025-07-18,29,Новосибирск,iOS,0
106871,2025-01-24,28,Москва,iOS,0
106872,2024-12-19,25,Новосибирск,Android,0
106873,2025-12-20,29,Екатеринбург,iOS,0
106874,2025-07-16,21,Казань,Android,0
106875,2026-03-17,33,Москва,Android,1
106876,2025-08-28,31,Москва,iOS,0
106877,2025-12-07,18,Новосибирск,Android,0
106878,2025-01-17,40,Екатеринбург,iOS,0
106879,2025-11-22,41,Новосибирск,Android,0
106880,2025-12-19,31,Санкт-Петербург,iOS,0
106881,2025-02-24,24,Санкт-Петербург,Android,0
106882,2026-02-09,27,Казань,iOS,0
106883,2026-04-21,21,Екатеринбург,iOS,1
106884,2025-12-21,44,Екатеринбург,Android,0
106885,2025-10-12,18,Екатеринбург,Android,0
106886,2026-04-09,18,Новосибирск,iOS,1
106887,2025-08-02,20,Москва,iOS,0
106888,2025-09-29,31,Нижний Новгород,Android,0
106889,2025-01-25,26,Санкт-Петербург,iOS,0
106890,2025-01-24,23,Новосибирск,Android,0
106891,2025-11-01,31,Санкт-Петербург,Android,0
106892,2025-09-13,32,Самара,Android,0
106893,2025-12-31,43,Казань,Android,0
106894,2026-02-04,26,Казань,iOS,0
106895,2025-06-04,32,Казань,Android,0
106896,2025-10-30,31,Самара,Android,0
106897,2025-09-01,48,Самара,iOS,0
106898,2025-01-05,35,Екатеринбург,Android,0
106899,2025-04-20,32,Москва,Android,0
106900,2025-06-29,24,Нижний Новгород,Android,0
106901,2026-01-20,25,Новосибирск,iOS,0
106902,2024-12-27,23,Новосибирск,iOS,0
106903,2025-09-30,40,Новосибирск,Android,0
106904,2025-09-24,37,Екатеринбург,iOS,0
106905,2026-03-10,32,Санкт-Петербург,Android,1
106906,2025-10-04,25,Москва,Android,0
106907,2026-01-15,24,Москва,iOS,0
106908,2025-12-21,30,Нижний Новгород,Android,0
106909,2025-11-25,30,Нижний Новгород,Android,0
106910,2025-09-13,36,Самара,Android,0
106911,2025-05-24,32,Нижний Новгород,iOS,0
106912,2026-03-26,44,Санкт-Петербург,Android,1
106913,2025-07-20,39,Москва,Android,0
106914,2026-03-21,32,Москва,iOS,1
106915,2025-12-11,34,Нижний Новгород,iOS,0
106916,2026-03-07,28,Новосибирск,iOS,1
106917,2025-09-01,42,Екатеринбург,iOS,0
106918,2025-03-28,42,Казань,iOS,0
106919,2025-08-17,33,Казань,iOS,0
106920,2025-11-29,40,Нижний Новгород,iOS,0
106921,2025-10-25,23,Самара,iOS,0
106922,2026-03-18,52,Екатеринбург,iOS,1
106923,2026-04-17,33,Москва,Android,1
106924,2025-01-21,51,Казань,iOS,0
106925,2026-03-15,39,Новосибирск,Android,1
106926,2025-03-04,34,Санкт-Петербург,iOS,0
106927,2026-01-04,28,Санкт-Петербург,iOS,0
106928,2026-04-23,33,Новосибирск,Android,1
106929,2025-05-23,34,Новосибирск,iOS,0
106930,2025-02-21,47,Казань,Android,0
106931,2025-08-16,34,Москва,Android,0
106932,2025-09-06,30,Новосибирск,iOS,0
106933,2025-07-06,21,Новосибирск,Android,0
106934,2026-01-17,23,Самара,iOS,0
106935,2026-04-02,37,Казань,iOS,1
106936,2025-04-27,30,Москва,Android,0
106937,2025-07-09,48,Санкт-Петербург,iOS,0
106938,2025-08-02,24,Москва,Android,0
106939,2025-06-16,41,Самара,iOS,0
106940,2025-07-09,32,Самара,iOS,0
106941,2026-03-15,41,Казань,iOS,1
106942,2025-07-26,38,Казань,iOS,0
106943,2025-12-20,42,Нижний Новгород,Android,0
106944,2025-05-03,41,Москва,iOS,0
106945,2026-03-15,45,Самара,iOS,1
106946,2024-12-26,18,Нижний Новгород,Android,0
106947,2026-01-27,51,Новосибирск,iOS,0
106948,2026-04-19,48,Москва,Android,1
106949,2025-09-04,27,Нижний Новгород,iOS,0
106950,2025-11-12,50,Санкт-Петербург,Android,0
106951,2025-05-11,43,Нижний Новгород,Android,0
106952,2026-01-11,49,Нижний Новгород,iOS,0
106953,2025-01-14,29,Нижний Новгород,iOS,0
106954,2026-02-02,35,Новосибирск,Android,0
106955,2025-05-06,40,Нижний Новгород,iOS,0
106956,2025-03-22,42,Нижний Новгород,Android,0
106957,2025-02-20,28,Екатеринбург,Android,0
106958,2026-03-06,36,Нижний Новгород,iOS,1
106959,2025-03-01,33,Самара,iOS,0
106960,2025-08-08,34,Новосибирск,Android,0
106961,2026-02-23,32,Казань,Android,0
106962,2026-04-16,29,Самара,Android,1
106963,2025-03-11,47,Казань,Android,0
106964,2025-07-31,29,Казань,iOS,0
106965,2025-06-24,53,Нижний Новгород,iOS,0
106966,2025-08-24,25,Москва,Android,0
106967,2026-03-14,31,Екатеринбург,Android,1
106968,2025-05-09,40,Казань,iOS,0
106969,2025-03-06,42,Новосибирск,Android,0
106970,2025-12-09,34,Самара,Android,0
106971,2025-05-05,54,Москва,Android,0
106972,2025-09-13,42,Москва,Android,0
106973,2025-03-15,23,Москва,iOS,0
106974,2025-05-04,51,Самара,iOS,0
106975,2025-06-07,39,Санкт-Петербург,Android,0
106976,2025-06-18,35,Самара,iOS,0
106977,2026-03-16,27,Новосибирск,Android,1
106978,2025-03-31,60,Екатеринбург,Android,0
106979,2025-11-28,42,Самара,Android,0
106980,2025-12-08,34,,iOS,0
106981,2025-03-29,28,Казань,Android,0
106982,2025-12-29,48,Екатеринбург,iOS,0
106983,2025-11-20,42,Казань,Android,0
106984,2026-02-04,25,Казань,Android,0
106985,2025-09-23,22,Новосибирск,iOS,0
106986,2025-06-04,50,Новосибирск,Android,0
106987,2025-05-03,37,Казань,Android,0
106988,2025-11-06,39,Москва,Android,0
106989,2025-07-23,18,Екатеринбург,iOS,0
106990,2025-12-20,36,Нижний Новгород,iOS,0
106991,2026-03-24,39,Екатеринбург,iOS,1
106992,2026-01-25,30,Екатеринбург,Android,0
106993,2026-04-17,29,Новосибирск,Android,1
106994,2025-01-09,49,Самара,iOS,0
106995,2025-01-17,18,Нижний Новгород,Android,0
106996,2026-04-11,31,Новосибирск,iOS,1
106997,2025-10-03,27,Нижний Новгород,Android,0
106998,2026-04-18,43,Самара,Android,1
106999,2026-03-10,34,Самара,iOS,1
107000,2026-04-14,32,Москва,Android,1
107001,2026-04-24,42,Нижний Новгород,Android,1
107002,2025-05-02,31,Санкт-Петербург,Android,0
107003,2025-09-10,18,Казань,iOS,0
107004,2025-04-28,34,Москва,iOS,0
107005,2026-02-25,54,Казань,Android,0
107006,2025-09-16,47,Самара,Android,0
107007,2025-12-05,29,Нижний Новгород,iOS,0
107008,2026-01-05,39,Самара,Android,0
107009,2025-01-15,22,Новосибирск,iOS,0
107010,2026-01-21,41,Нижний Новгород,iOS,0
107011,2025-03-14,35,Самара,Android,0
107012,2025-10-13,37,Нижний Новгород,Android,0
107013,2026-04-10,44,Санкт-Петербург,Android,1
107014,2025-09-16,32,Нижний Новгород,iOS,0
107015,2025-11-01,25,Москва,iOS,0
107016,2026-04-17,24,Самара,Android,1
107017,2025-07-20,18,Москва,Android,0
107018,2025-06-04,33,Нижний Новгород,Android,0
107019,2026-03-12,24,Екатеринбург,iOS,1
107020,2026-04-29,37,Екатеринбург,iOS,1
107021,2025-10-23,25,Москва,iOS,0
107022,2025-01-08,18,Нижний Новгород,iOS,0
107023,2026-04-20,30,Москва,iOS,1
107024,2025-07-24,20,Екатеринбург,Android,0
107025,2025-02-14,18,Нижний Новгород,iOS,0
107026,2024-12-29,18,Новосибирск,iOS,0
107027,2025-04-20,34,Казань,Android,0
107028,2025-12-21,37,Нижний Новгород,Android,0
107029,2025-12-31,45,Казань,Android,0
107030,2026-01-04,18,Новосибирск,Android,0
107031,2026-03-20,48,Екатеринбург,Android,1
107032,2025-05-12,25,Нижний Новгород,iOS,0
107033,2026-03-30,42,Самара,Android,1
107034,2025-06-30,36,Новосибирск,iOS,0
107035,2025-02-05,24,Новосибирск,Android,0
107036,2025-03-30,31,Самара,iOS,0
107037,2025-02-01,44,Самара,Android,0
107038,2025-06-07,44,Самара,iOS,0
107039,2026-02-19,42,Санкт-Петербург,iOS,0
107040,2026-01-25,50,Москва,Android,0
107041,2026-01-01,56,Казань,Android,0
107042,2025-06-08,28,Санкт-Петербург,iOS,0
107043,2025-08-30,39,Самара,Android,0
107044,2025-03-05,39,Екатеринбург,iOS,0
107045,2025-08-15,47,Екатеринбург,iOS,0
107046,2026-03-13,37,Москва,iOS,1
107047,2025-03-23,34,Екатеринбург,Android,0
107048,2025-02-02,33,Москва,iOS,0
107049,2025-04-30,29,Казань,Android,0
107050,2025-07-02,23,Екатеринбург,iOS,0
107051,2025-11-24,23,Самара,Android,0
107052,2025-05-31,36,Самара,Android,0
107053,2025-08-20,33,Новосибирск,iOS,0
107054,2025-04-29,40,Нижний Новгород,iOS,0
107055,2025-07-11,36,Москва,Android,0
107056,2025-01-23,44,Самара,Android,0
107057,2026-03-13,40,Казань,iOS,1
107058,2025-04-29,41,Санкт-Петербург,Android,0
107059,2025-04-10,28,Екатеринбург,iOS,0
107060,2025-11-23,42,Казань,iOS,0
107061,2025-12-08,46,Новосибирск,iOS,0
107062,2025-06-18,18,Казань,iOS,0
107063,2025-08-22,39,Нижний Новгород,Android,0
107064,2025-02-09,20,Самара,Android,0
107065,2026-04-09,43,Казань,Android,1
107066,2025-12-06,33,Екатеринбург,Android,0
107067,2025-06-25,24,Санкт-Петербург,iOS,0
107068,2025-12-23,30,Москва,Android,0
107069,2025-06-02,31,Москва,iOS,0
107070,2025-05-23,53,Нижний Новгород,Android,0
107071,2025-12-21,26,Екатеринбург,Android,0
107072,2025-06-18,35,Казань,iOS,0
107073,2025-02-18,46,Казань,iOS,0
107074,2026-01-25,34,Нижний Новгород,iOS,0
107075,2025-06-10,36,Самара,iOS,0
107076,2025-10-13,57,Новосибирск,Android,0
107077,2025-04-30,39,Санкт-Петербург,iOS,0
107078,2026-04-19,30,Самара,Android,1
107079,2025-01-25,39,Екатеринбург,iOS,0
107080,2025-01-23,48,Москва,iOS,0
107081,2025-02-22,36,Екатеринбург,Android,0
107082,2025-05-31,22,Нижний Новгород,Android,0
107083,2025-09-09,41,Новосибирск,Android,0
107084,2025-09-22,31,Казань,Android,0
107085,2025-07-07,24,Санкт-Петербург,Android,0
107086,2026-04-06,46,Нижний Новгород,Android,1
107087,2025-06-30,31,Самара,Android,0
107088,2026-02-16,38,Санкт-Петербург,Android,0
107089,2025-12-12,18,Казань,iOS,0
107090,2026-03-27,36,Самара,iOS,1
107091,2026-03-09,18,Самара,iOS,1
107092,2025-11-27,48,Самара,Android,0
107093,2025-10-01,29,Москва,Android,0
107094,2024-12-21,18,Москва,iOS,0
107095,2025-04-10,18,Самара,iOS,0
107096,2025-11-16,38,Новосибирск,iOS,0
107097,2025-08-24,27,Екатеринбург,iOS,0
107098,2025-11-07,37,Нижний Новгород,Android,0
107099,2026-01-15,51,Санкт-Петербург,iOS,0
107100,2025-11-05,44,Самара,iOS,0
107101,2025-12-03,21,Самара,iOS,0
107102,2026-01-16,24,Екатеринбург,Android,0
107103,2025-03-21,33,Санкт-Петербург,Android,0
107104,2026-01-13,44,Новосибирск,iOS,0
107105,2026-04-13,43,Казань,Android,1
107106,2025-05-23,31,Нижний Новгород,iOS,0
107107,2025-05-10,38,Москва,iOS,0
107108,2024-12-17,31,Екатеринбург,Android,0
107109,2025-01-23,36,Москва,iOS,0
107110,2025-06-12,37,Санкт-Петербург,iOS,0
107111,2025-01-06,24,Казань,iOS,0
107112,2026-01-19,21,Самара,Android,0
107113,2025-02-19,28,Новосибирск,iOS,0
107114,2025-07-22,43,Москва,Android,0
107115,2025-01-09,29,Екатеринбург,iOS,0
107116,2025-08-30,29,Екатеринбург,iOS,0
107117,2025-02-09,32,Самара,iOS,0
107118,2025-12-19,34,Москва,iOS,0
107119,2025-10-22,35,Новосибирск,Android,0
107120,2025-08-26,23,Екатеринбург,Android,0
107121,2025-04-26,24,Санкт-Петербург,iOS,0
107122,2025-03-09,36,Новосибирск,iOS,0
107123,2026-03-29,48,Казань,Android,1
107124,2026-01-19,34,Новосибирск,iOS,0
107125,2025-02-19,28,Казань,iOS,0
107126,2025-10-24,24,Казань,iOS,0
107127,2025-11-23,53,Москва,Android,0
107128,2025-11-10,36,Екатеринбург,Android,0
107129,2025-11-22,23,Казань,iOS,0
107130,2026-01-03,50,Нижний Новгород,Android,0
107131,2026-02-05,32,Казань,iOS,0
107132,2026-03-22,18,Екатеринбург,iOS,1
107133,2025-11-11,23,Нижний Новгород,Android,0
107134,2026-04-01,30,Санкт-Петербург,Android,1
107135,2025-06-25,39,Новосибирск,iOS,0
107136,2025-12-30,38,Казань,iOS,0
107137,2026-03-15,24,Нижний Новгород,iOS,1
107138,2025-08-29,43,Самара,iOS,0
107139,2025-10-18,32,Екатеринбург,iOS,0
107140,2025-09-12,26,Москва,Android,0
107141,2026-03-06,18,Самара,iOS,1
107142,2025-11-05,40,Самара,iOS,0
107143,2025-07-15,54,Нижний Новгород,iOS,0
107144,2025-05-30,25,Санкт-Петербург,iOS,0
107145,2026-01-07,35,Екатеринбург,Android,0
107146,2026-04-16,30,Екатеринбург,iOS,1
107147,2025-09-07,37,Казань,Android,0
107148,2025-07-23,50,Санкт-Петербург,iOS,0
107149,2025-11-02,40,Нижний Новгород,Android,0
107150,2025-05-11,24,Нижний Новгород,iOS,0
107151,2025-02-05,18,Казань,iOS,0
107152,2025-08-08,53,Екатеринбург,iOS,0
107153,2025-06-28,38,Самара,Android,0
107154,2025-12-07,32,Екатеринбург,Android,0
107155,2026-04-22,36,Нижний Новгород,Android,1
107156,2025-07-30,24,Санкт-Петербург,Android,0
107157,2025-09-06,47,Нижний Новгород,iOS,0
107158,2025-01-04,18,Санкт-Петербург,iOS,0
107159,2026-01-23,24,Москва,iOS,0
107160,2025-08-27,35,Нижний Новгород,Android,0
107161,2026-01-01,37,Санкт-Петербург,Android,0
107162,2025-01-24,39,Нижний Новгород,Android,0
107163,2026-03-26,23,Екатеринбург,iOS,1
107164,2026-04-18,50,Нижний Новгород,Android,1
107165,2025-04-17,38,Москва,Android,0
107166,2025-07-14,34,Новосибирск,iOS,0
107167,2025-01-23,32,Москва,iOS,0
107168,2025-09-19,23,Самара,Android,0
107169,2025-11-21,50,Санкт-Петербург,Android,0
107170,2026-04-27,32,Самара,Android,1
107171,2026-01-02,36,Екатеринбург,Android,0
107172,2025-11-25,65,Москва,iOS,0
107173,2026-03-01,36,Екатеринбург,iOS,0
107174,2025-11-13,44,Казань,Android,0
107175,2025-11-27,30,Самара,iOS,0
107176,2026-03-19,18,Казань,Android,1
107177,2025-10-17,32,Москва,Android,0
107178,2025-01-21,54,Нижний Новгород,Android,0
107179,2025-07-29,21,Екатеринбург,Android,0
107180,2025-05-07,32,Новосибирск,Android,0
107181,2025-08-21,50,Нижний Новгород,Android,0
107182,2026-03-16,43,Нижний Новгород,Android,1
107183,2025-06-14,29,Санкт-Петербург,iOS,0
107184,2025-02-01,33,Самара,Android,0
107185,2025-06-18,47,Москва,iOS,0
107186,2025-05-08,55,Новосибирск,Android,0
107187,2025-11-02,33,Казань,iOS,0
107188,2025-03-01,18,Казань,Android,0
107189,2026-03-07,33,Екатеринбург,iOS,1
107190,2026-03-04,43,Самара,Android,1
107191,2026-04-22,30,Новосибирск,iOS,1
107192,2026-01-10,50,Новосибирск,iOS,0
107193,2026-01-29,18,Новосибирск,iOS,0
107194,2024-12-27,45,Нижний Новгород,iOS,0
107195,2026-03-15,38,Казань,iOS,1
107196,2025-01-30,42,Нижний Новгород,iOS,0
107197,2024-12-28,31,Екатеринбург,Android,0
107198,2026-01-03,38,Нижний Новгород,Android,0
107199,2025-09-29,33,Самара,Android,0
107200,2026-02-05,32,Нижний Новгород,Android,0
107201,2025-02-11,26,Новосибирск,Android,0
107202,2026-01-26,18,Санкт-Петербург,iOS,0
107203,2025-04-02,24,Нижний Новгород,Android,0
107204,2025-07-31,32,Самара,iOS,0
107205,2025-08-26,32,Нижний Новгород,iOS,0
107206,2025-09-19,23,Екатеринбург,iOS,0
107207,2026-02-10,41,Нижний Новгород,iOS,0
107208,2025-03-08,36,Москва,Android,0
107209,2025-01-03,31,Нижний Новгород,iOS,0
107210,2025-05-17,42,Казань,Android,0
107211,2025-03-16,40,Нижний Новгород,Android,0
107212,2025-05-30,23,Нижний Новгород,iOS,0
107213,2025-12-09,32,Москва,Android,0
107214,2025-06-05,43,Москва,Android,0
107215,2025-05-07,39,Новосибирск,Android,0
107216,2025-09-29,46,Екатеринбург,iOS,0
107217,2025-12-16,43,Казань,iOS,0
107218,2025-12-21,18,Самара,Android,0
107219,2025-04-29,22,Екатеринбург,Android,0
107220,2025-09-24,27,Новосибирск,Android,0
107221,2025-07-03,21,Москва,Android,0
107222,2025-02-22,43,Санкт-Петербург,Android,0
107223,2025-02-02,45,Казань,Android,0
107224,2025-04-24,32,Новосибирск,Android,0
107225,2025-02-20,48,Москва,Android,0
107226,2025-04-04,44,Санкт-Петербург,Android,0
107227,2025-08-20,18,Екатеринбург,Android,0
107228,2025-05-09,27,Москва,iOS,0
107229,2025-10-24,33,Санкт-Петербург,Android,0
107230,2025-01-19,39,Москва,iOS,0
107231,2026-04-05,28,Нижний Новгород,iOS,1
107232,2025-09-28,24,Санкт-Петербург,iOS,0
107233,2025-06-20,27,Екатеринбург,iOS,0
107234,2025-02-09,36,Екатеринбург,Android,0
107235,2025-11-02,33,Нижний Новгород,iOS,0
107236,2025-01-04,18,Новосибирск,Android,0
107237,2025-12-21,38,Екатеринбург,Android,0
107238,2026-01-11,40,Санкт-Петербург,Android,0
107239,2025-04-20,47,Санкт-Петербург,Android,0
107240,2026-01-17,40,Самара,Android,0
107241,2026-01-08,29,Казань,iOS,0
107242,2025-07-06,39,Самара,Android,0
107243,2026-03-18,59,Екатеринбург,Android,1
107244,2026-01-31,22,Екатеринбург,Android,0
107245,2025-03-18,41,Казань,iOS,0
107246,2025-05-26,18,Самара,Android,0
107247,2025-11-05,35,Самара,Android,0
107248,2025-09-26,42,Санкт-Петербург,Android,0
107249,2026-01-21,35,Самара,Android,0
107250,2025-06-02,38,Самара,iOS,0
107251,2026-01-12,22,Москва,iOS,0
107252,2024-12-20,35,Екатеринбург,Android,0
107253,2025-01-27,35,Москва,Android,0
107254,2026-02-06,34,Новосибирск,Android,0
107255,2025-03-16,40,Нижний Новгород,iOS,0
107256,2025-08-31,54,Санкт-Петербург,Android,0
107257,2026-01-24,37,Москва,Android,0
107258,2025-06-28,19,Нижний Новгород,iOS,0
107259,2025-11-22,45,Самара,Android,0
107260,2026-02-20,24,Екатеринбург,iOS,0
107261,2026-04-23,41,Санкт-Петербург,Android,1
107262,2025-08-18,19,Екатеринбург,Android,0
107263,2025-11-06,29,Самара,iOS,0
107264,2025-08-02,52,Москва,Android,0
107265,2025-09-12,34,Новосибирск,Android,0
107266,2025-07-31,40,Санкт-Петербург,iOS,0
107267,2025-08-06,34,Москва,iOS,0
107268,2025-03-28,35,Москва,iOS,0
107269,2025-05-14,25,Самара,iOS,0
107270,2025-11-22,37,Санкт-Петербург,iOS,0
107271,2025-08-11,43,Новосибирск,Android,0
107272,2025-03-02,32,Новосибирск,iOS,0
107273,2025-07-21,31,Санкт-Петербург,iOS,0
107274,2025-08-17,27,Самара,Android,0
107275,2025-11-29,30,Казань,iOS,0
107276,2026-02-18,26,Екатеринбург,iOS,0
107277,2025-12-13,42,Нижний Новгород,Android,0
107278,2025-08-05,28,Санкт-Петербург,iOS,0
107279,2025-02-08,47,Нижний Новгород,iOS,0
107280,2025-03-03,34,Санкт-Петербург,iOS,0
107281,2025-03-05,35,Москва,Android,0
107282,2025-04-18,48,Казань,Android,0
107283,2025-07-16,40,Самара,iOS,0
107284,2025-07-31,18,Новосибирск,iOS,0
107285,2025-05-17,32,Казань,Android,0
107286,2025-06-25,23,Казань,iOS,0
107287,2025-06-05,36,Казань,Android,0
107288,2025-07-17,21,Казань,iOS,0
107289,2025-01-04,24,Екатеринбург,iOS,0
107290,2026-01-20,50,Новосибирск,iOS,0
107291,2026-01-21,24,Самара,iOS,0
107292,2025-08-29,40,Санкт-Петербург,Android,0
107293,2025-08-10,41,Новосибирск,Android,0
107294,2025-04-29,30,Екатеринбург,Android,0
107295,2025-06-16,27,Казань,Android,0
107296,2025-06-30,41,Новосибирск,iOS,0
107297,2025-05-14,46,Самара,iOS,0
107298,2025-03-13,21,Санкт-Петербург,Android,0
107299,2025-09-08,29,Новосибирск,iOS,0
107300,2025-02-19,37,Нижний Новгород,Android,0
107301,2026-03-26,52,Самара,iOS,1
107302,2025-07-24,30,Казань,Android,0
107303,2025-08-17,24,Казань,Android,0
107304,2025-04-06,50,Казань,iOS,0
107305,2025-09-13,48,Самара,iOS,0
107306,2025-11-28,36,Екатеринбург,iOS,0
107307,2025-05-11,19,Екатеринбург,iOS,0
107308,2026-04-14,21,Екатеринбург,iOS,1
107309,2026-04-25,24,Самара,Android,1
107310,2025-03-14,31,Новосибирск,iOS,0
107311,2025-01-23,40,Нижний Новгород,iOS,0
107312,2026-03-06,42,Нижний Новгород,Android,1
107313,2025-01-07,27,Санкт-Петербург,iOS,0
107314,2026-03-06,31,Казань,iOS,1
107315,2026-02-16,41,Екатеринбург,Android,0
107316,2025-04-15,32,Санкт-Петербург,Android,0
107317,2026-04-15,42,Екатеринбург,Android,1
107318,2026-01-07,43,Москва,Android,0
107319,2025-12-01,39,Москва,iOS,0
107320,2025-09-21,30,Самара,Android,0
107321,2025-05-09,48,Москва,Android,0
107322,2026-03-24,22,Казань,Android,1
107323,2025-04-05,36,Казань,iOS,0
107324,2026-04-01,18,Новосибирск,iOS,1
107325,2025-12-18,18,Самара,iOS,0
107326,2025-10-27,38,Екатеринбург,Android,0
107327,2025-06-17,18,Новосибирск,Android,0
107328,2025-07-06,37,Самара,iOS,0
107329,2025-05-25,19,Москва,Android,0
107330,2025-05-24,47,Екатеринбург,Android,0
107331,2025-06-26,53,Екатеринбург,iOS,0
107332,2026-02-11,34,Новосибирск,Android,0
107333,2026-02-10,18,Екатеринбург,iOS,0
107334,2025-08-15,40,Москва,iOS,0
107335,2026-01-16,27,Москва,iOS,0
107336,2024-12-27,44,Новосибирск,Android,0
107337,2026-02-23,52,Новосибирск,Android,0
107338,2025-04-09,41,Нижний Новгород,iOS,0
107339,2024-12-31,18,Нижний Новгород,iOS,0
107340,2025-08-05,26,Санкт-Петербург,Android,0
107341,2026-02-12,42,Казань,iOS,0
107342,2025-08-30,37,Санкт-Петербург,iOS,0
107343,2025-05-08,41,Новосибирск,Android,0
107344,2025-07-26,39,Казань,Android,0
107345,2025-04-29,34,Москва,iOS,0
107346,2025-07-16,32,Екатеринбург,iOS,0
107347,2026-01-21,37,Санкт-Петербург,Android,0
107348,2025-09-15,35,Казань,iOS,0
107349,2025-04-21,43,Самара,iOS,0
107350,2025-11-07,18,Нижний Новгород,iOS,0
107351,2025-05-19,36,Екатеринбург,Android,0
107352,2025-08-17,36,Москва,iOS,0
107353,2025-08-02,32,Нижний Новгород,Android,0
107354,2026-01-04,35,Санкт-Петербург,iOS,0
107355,2025-01-15,31,Казань,Android,0
107356,2025-02-03,24,Санкт-Петербург,iOS,0
107357,2025-02-04,37,Нижний Новгород,Android,0
107358,2026-01-24,41,Москва,iOS,0
107359,2026-01-04,41,Нижний Новгород,Android,0
107360,2025-03-23,48,Санкт-Петербург,Android,0
107361,2025-05-03,33,Санкт-Петербург,iOS,0
107362,2025-01-09,39,Санкт-Петербург,iOS,0
107363,2025-10-18,26,Самара,iOS,0
107364,2025-12-29,33,Казань,Android,0
107365,2025-11-17,18,Новосибирск,iOS,0
107366,2026-03-13,36,Санкт-Петербург,Android,1
107367,2026-03-23,40,Нижний Новгород,Android,1
107368,2026-01-12,32,Нижний Новгород,Android,0
107369,2025-12-25,40,Санкт-Петербург,Android,0
107370,2025-03-26,42,Самара,Android,0
107371,2025-04-13,38,Нижний Новгород,iOS,0
107372,2025-09-26,35,Москва,Android,0
107373,2026-04-26,40,Казань,Android,1
107374,2025-12-08,32,Новосибирск,iOS,0
107375,2025-08-14,18,Екатеринбург,Android,0
107376,2026-03-10,38,Самара,Android,1
107377,2025-06-01,29,Самара,Android,0
107378,2025-09-09,27,Москва,iOS,0
107379,2025-08-31,18,Самара,Android,0
107380,2026-01-02,18,Самара,iOS,0
107381,2026-02-06,18,Екатеринбург,Android,0
107382,2025-08-11,36,Казань,Android,0
107383,2025-03-03,46,Казань,iOS,0
107384,2025-08-20,28,Москва,iOS,0
107385,2025-03-08,50,Новосибирск,iOS,0
107386,2025-04-18,43,Нижний Новгород,Android,0
107387,2026-03-26,27,Нижний Новгород,iOS,1
107388,2025-03-02,28,Екатеринбург,Android,0
107389,2025-10-25,29,Казань,Android,0
107390,2025-01-31,20,Санкт-Петербург,iOS,0
107391,2025-03-03,40,Новосибирск,Android,0
107392,2025-09-02,49,Санкт-Петербург,iOS,0
107393,2026-03-10,54,Самара,Android,1
107394,2025-05-15,30,Казань,Android,0
107395,2025-05-01,36,Нижний Новгород,iOS,0
107396,2025-06-21,24,Самара,iOS,0
107397,2026-02-05,51,Екатеринбург,iOS,0
107398,2025-09-27,42,Екатеринбург,Android,0
107399,2024-12-19,32,Москва,iOS,0
107400,2025-05-16,31,Нижний Новгород,Android,0
107401,2025-05-14,42,Екатеринбург,iOS,0
107402,2026-01-08,18,Санкт-Петербург,iOS,0
107403,2025-05-13,36,Самара,iOS,0
107404,2025-05-19,26,Нижний Новгород,iOS,0
107405,2025-04-17,26,Санкт-Петербург,iOS,0
107406,2025-03-18,18,Новосибирск,iOS,0
107407,2025-08-06,29,Санкт-Петербург,iOS,0
107408,2025-01-30,28,Самара,iOS,0
107409,2025-08-04,54,Москва,Android,0
107410,2025-11-20,18,Казань,Android,0
107411,2025-02-23,25,Самара,Android,0
107412,2025-08-25,40,Самара,iOS,0
107413,2025-10-21,33,Самара,iOS,0
107414,2025-07-29,30,Самара,iOS,0
107415,2025-07-24,38,Нижний Новгород,iOS,0
107416,2025-10-24,46,Нижний Новгород,Android,0
107417,2026-03-25,43,Санкт-Петербург,Android,1
107418,2025-03-27,38,Санкт-Петербург,Android,0
107419,2026-04-23,40,Санкт-Петербург,Android,1
107420,2025-01-20,53,Нижний Новгород,Android,0
107421,2025-03-22,18,Казань,Android,0
107422,2026-03-01,29,Новосибирск,iOS,0
107423,2026-04-07,40,Екатеринбург,iOS,1
107424,2025-08-24,18,Екатеринбург,Android,0
107425,2025-12-28,20,Москва,Android,0
107426,2025-07-15,44,Самара,iOS,0
107427,2026-02-21,30,Новосибирск,iOS,0
107428,2025-11-14,29,Самара,Android,0
107429,2025-08-30,39,Казань,Android,0
107430,2025-07-26,32,Самара,Android,0
107431,2025-12-30,33,Новосибирск,iOS,0
107432,2025-07-19,37,Новосибирск,Android,0
107433,2025-02-25,30,Нижний Новгород,Android,0
107434,2025-07-14,21,Казань,iOS,0
107435,2025-05-02,41,Санкт-Петербург,iOS,0
107436,2025-04-12,21,Нижний Новгород,iOS,0
107437,2025-03-09,46,Санкт-Петербург,iOS,0
107438,2026-03-15,37,Казань,Android,1
107439,2025-04-04,28,Екатеринбург,Android,0
107440,2025-11-06,29,Казань,Android,0
107441,2025-02-06,30,Самара,iOS,0
107442,2025-04-24,39,Самара,Android,0
107443,2025-11-25,33,Санкт-Петербург,Android,0
107444,2025-07-08,23,Самара,iOS,0
107445,2025-02-16,51,Санкт-Петербург,iOS,0
107446,2025-07-06,24,Москва,Android,0
107447,2025-05-11,18,Новосибирск,Android,0
107448,2026-04-22,35,Екатеринбург,iOS,1
107449,2025-12-09,28,Екатеринбург,Android,0
107450,2025-01-12,29,Казань,iOS,0
107451,2025-07-28,29,Москва,iOS,0
107452,2025-08-25,24,Новосибирск,Android,0
107453,2025-10-28,34,Москва,Android,0
107454,2026-04-06,53,Санкт-Петербург,iOS,1
107455,2025-05-20,20,Самара,Android,0
107456,2025-02-21,22,Казань,iOS,0
107457,2025-07-05,36,Нижний Новгород,iOS,0
107458,2025-03-19,25,Москва,Android,0
107459,2025-06-07,18,Новосибирск,Android,0
107460,2025-01-08,18,Новосибирск,Android,0
107461,2026-03-24,58,Москва,iOS,1
107462,2025-12-31,25,Москва,Android,0
107463,2025-06-14,36,Самара,Android,0
107464,2025-09-26,30,Казань,iOS,0
107465,2025-12-28,30,Новосибирск,Android,0
107466,2025-09-28,30,Нижний Новгород,iOS,0
107467,2025-02-21,35,Нижний Новгород,Android,0
107468,2025-07-28,40,Самара,Android,0
107469,2025-09-08,33,Новосибирск,iOS,0
107470,2025-02-11,30,Москва,iOS,0
107471,2026-01-23,48,Москва,iOS,0
107472,2025-09-18,48,Екатеринбург,Android,0
107473,2026-01-21,18,Нижний Новгород,Android,0
107474,2025-02-06,37,Нижний Новгород,Android,0
107475,2025-02-11,42,Новосибирск,Android,0
107476,2026-03-11,32,Москва,iOS,1
107477,2026-04-26,46,Санкт-Петербург,Android,1
107478,2026-02-25,36,Екатеринбург,iOS,0
107479,2025-10-18,22,Новосибирск,Android,0
107480,2025-11-20,23,Самара,iOS,0
107481,2026-04-04,22,Самара,iOS,1
107482,2025-10-11,38,Казань,Android,0
107483,2025-11-06,31,Казань,iOS,0
107484,2025-12-06,34,Нижний Новгород,iOS,0
107485,2026-01-02,34,Екатеринбург,Android,0
107486,2025-09-06,46,Казань,Android,0
107487,2025-04-26,35,Екатеринбург,Android,0
107488,2025-07-01,24,Москва,iOS,0
107489,2025-11-16,22,Казань,iOS,0
107490,2025-08-21,33,Москва,Android,0
107491,2025-03-19,51,Новосибирск,iOS,0
107492,2025-02-09,57,Нижний Новгород,iOS,0
107493,2025-06-06,61,Казань,Android,0
107494,2025-04-11,31,Казань,iOS,0
107495,2025-05-05,18,Санкт-Петербург,Android,0
107496,2025-05-11,28,Санкт-Петербург,Android,0
107497,2025-07-31,31,Самара,Android,0
107498,2025-03-12,47,Нижний Новгород,iOS,0
107499,2025-10-24,43,Санкт-Петербург,iOS,0
107500,2025-03-17,33,Самара,Android,0
107501,2025-05-02,21,Казань,Android,0
107502,2025-01-15,23,Казань,Android,0
107503,2025-12-14,45,Казань,Android,0
107504,2025-03-17,34,Нижний Новгород,iOS,0
107505,2025-03-10,32,Самара,Android,0
107506,2026-02-13,43,Екатеринбург,iOS,0
107507,2025-11-09,23,Екатеринбург,iOS,0
107508,2026-02-12,44,Казань,iOS,0
107509,2025-08-28,40,Москва,iOS,0
107510,2025-05-12,19,Санкт-Петербург,Android,0
107511,2025-01-20,37,Екатеринбург,iOS,0
107512,2025-07-16,34,Казань,Android,0
107513,2026-04-17,26,Екатеринбург,iOS,1
107514,2025-03-11,51,Самара,iOS,0
107515,2025-04-27,18,Новосибирск,Android,0
107516,2025-02-10,43,Санкт-Петербург,iOS,0
107517,2025-01-06,27,Москва,Android,0
107518,2025-08-12,44,Москва,Android,0
107519,2025-09-08,35,Казань,iOS,0
107520,2025-10-29,37,Новосибирск,Android,0
107521,2025-12-22,54,Новосибирск,iOS,0
107522,2025-05-09,47,Нижний Новгород,Android,0
107523,2025-01-17,18,Новосибирск,iOS,0
107524,2025-06-13,45,Казань,Android,0
107525,2025-01-20,18,Казань,Android,0
107526,2025-08-13,22,Санкт-Петербург,iOS,0
107527,2026-02-26,28,Самара,iOS,0
107528,2026-01-12,36,Новосибирск,iOS,0
107529,2025-05-21,22,Нижний Новгород,Android,0
107530,2026-03-23,30,Москва,iOS,1
107531,2025-08-08,50,Казань,Android,0
107532,2026-01-26,56,Москва,iOS,0
107533,2025-07-02,55,Санкт-Петербург,iOS,0
107534,2026-03-20,31,Новосибирск,Android,1
107535,2025-12-22,34,Санкт-Петербург,iOS,0
107536,2024-12-18,33,Екатеринбург,Android,0
107537,2025-07-18,30,Екатеринбург,iOS,0
107538,2025-06-08,36,Екатеринбург,iOS,0
107539,2025-04-03,18,Казань,Android,0
107540,2025-04-24,54,Москва,Android,0
107541,2025-09-16,36,Москва,Android,0
107542,2025-04-21,46,Нижний Новгород,iOS,0
107543,2025-04-03,36,Нижний Новгород,iOS,0
107544,2025-09-27,29,Казань,Android,0
107545,2026-04-06,51,Москва,Android,1
107546,2026-01-26,38,Санкт-Петербург,Android,0
107547,2025-06-19,37,Екатеринбург,Android,0
107548,2025-04-12,48,Нижний Новгород,iOS,0
107549,2026-02-22,51,Санкт-Петербург,Android,0
107550,2025-07-27,41,Нижний Новгород,Android,0
107551,2025-05-05,35,Санкт-Петербург,iOS,0
107552,2025-03-16,24,Санкт-Петербург,Android,0
107553,2026-03-12,48,Санкт-Петербург,iOS,1
107554,2025-02-12,41,Нижний Новгород,Android,0
107555,2025-11-13,39,Екатеринбург,iOS,0
107556,2025-10-17,23,Новосибирск,iOS,0
107557,2025-01-17,21,Екатеринбург,Android,0
107558,2026-02-04,19,Казань,iOS,0
107559,2024-12-29,24,Санкт-Петербург,iOS,0
107560,2026-02-28,37,Москва,Android,0
107561,2025-12-21,35,Новосибирск,iOS,0
107562,2025-10-27,50,Новосибирск,iOS,0
107563,2025-08-29,26,Новосибирск,Android,0
107564,2025-04-20,48,Казань,iOS,0
107565,2025-11-03,22,Москва,Android,0
107566,2026-03-11,30,Москва,iOS,1
107567,2025-08-31,23,Казань,Android,0
107568,2025-02-13,24,Санкт-Петербург,Android,0
107569,2026-04-05,51,Москва,Android,1
107570,2025-11-05,39,Нижний Новгород,iOS,0
107571,2025-01-19,51,Нижний Новгород,Android,0
107572,2025-07-11,36,Москва,Android,0
107573,2025-04-20,45,Казань,Android,0
107574,2025-03-10,18,Казань,iOS,0
107575,2025-04-19,22,Екатеринбург,Android,0
107576,2025-10-04,25,Казань,Android,0
107577,2025-11-03,38,Санкт-Петербург,iOS,0
107578,2025-07-24,52,Москва,iOS,0
107579,2025-01-22,39,Казань,iOS,0
107580,2025-09-09,29,Москва,Android,0
107581,2024-12-20,26,Москва,Android,0
107582,2026-01-15,51,Новосибирск,iOS,0
107583,2025-11-14,31,Москва,Android,0
107584,2025-04-08,21,Москва,Android,0
107585,2025-07-08,31,Самара,iOS,0
107586,2025-06-11,41,Санкт-Петербург,iOS,0
107587,2025-04-04,31,Москва,Android,0
107588,2025-11-26,38,Москва,iOS,0
107589,2026-04-18,39,Екатеринбург,Android,1
107590,2025-11-13,59,Москва,iOS,0
107591,2025-12-07,41,Санкт-Петербург,Android,0
107592,2024-12-23,25,Новосибирск,Android,0
107593,2026-02-21,28,Новосибирск,Android,0
107594,2025-04-18,28,Санкт-Петербург,iOS,0
107595,2026-01-14,49,Самара,iOS,0
107596,2025-06-02,18,Новосибирск,iOS,0
107597,2025-06-17,45,Казань,Android,0
107598,2025-12-15,46,Самара,iOS,0
107599,2025-07-22,23,Казань,Android,0
107600,2026-04-10,25,Казань,iOS,1
107601,2025-02-27,29,Казань,iOS,0
107602,2025-04-09,34,Казань,iOS,0
107603,2025-10-20,30,Казань,iOS,0
107604,2025-08-04,33,Нижний Новгород,Android,0
107605,2026-04-23,25,Санкт-Петербург,Android,1
107606,2025-05-21,42,Екатеринбург,Android,0
107607,2025-09-21,30,Нижний Новгород,Android,0
107608,2025-12-24,31,Нижний Новгород,iOS,0
107609,2025-01-04,26,Санкт-Петербург,Android,0
107610,2026-03-15,47,Екатеринбург,iOS,1
107611,2025-06-10,50,Санкт-Петербург,Android,0
107612,2026-04-06,26,Новосибирск,Android,1
107613,2025-02-10,37,Москва,Android,0
107614,2025-04-10,42,Самара,iOS,0
107615,2025-02-28,21,Самара,Android,0
107616,2025-12-21,36,Новосибирск,Android,0
107617,2025-08-12,29,Санкт-Петербург,Android,0
107618,2025-01-28,30,Нижний Новгород,iOS,0
107619,2025-07-28,34,Санкт-Петербург,Android,0
107620,2025-02-20,37,Екатеринбург,iOS,0
107621,2025-06-14,46,Нижний Новгород,iOS,0
107622,2025-10-18,27,Москва,Android,0
107623,2025-04-04,28,Нижний Новгород,iOS,0
107624,2026-01-25,29,Самара,iOS,0
107625,2025-03-09,31,Нижний Новгород,Android,0
107626,2025-07-03,33,Санкт-Петербург,Android,0
107627,2025-03-24,27,Москва,iOS,0
107628,2025-05-28,39,Москва,Android,0
107629,2025-07-04,53,Новосибирск,Android,0
107630,2025-05-10,30,Екатеринбург,iOS,0
107631,2025-12-19,28,Екатеринбург,Android,0
107632,2025-08-28,35,Санкт-Петербург,Android,0
107633,2025-07-03,37,Нижний Новгород,iOS,0
107634,2025-09-08,21,Самара,iOS,0
107635,2025-06-16,26,Казань,Android,0
107636,2025-08-03,39,Екатеринбург,iOS,0
107637,2025-11-04,34,Екатеринбург,iOS,0
107638,2025-05-15,37,Новосибирск,Android,0
107639,2025-11-30,46,Санкт-Петербург,iOS,0
107640,2026-03-26,29,Москва,iOS,1
107641,2025-12-25,31,Самара,iOS,0
107642,2026-04-30,37,Москва,iOS,1
107643,2025-08-29,34,Новосибирск,iOS,0
107644,2026-01-13,24,Екатеринбург,Android,0
107645,2025-07-21,37,Самара,iOS,0
107646,2025-06-17,18,Москва,iOS,0
107647,2026-02-11,40,Казань,Android,0
107648,2025-08-30,37,Санкт-Петербург,Android,0
107649,2025-01-31,30,Санкт-Петербург,iOS,0
107650,2025-05-29,19,Самара,Android,0
107651,2025-05-05,19,Санкт-Петербург,iOS,0
107652,2025-07-21,39,Новосибирск,Android,0
107653,2025-10-12,50,Москва,iOS,0
107654,2025-10-17,32,Новосибирск,Android,0
107655,2026-04-07,28,Москва,iOS,1
107656,2025-02-03,42,Казань,iOS,0
107657,2025-08-16,37,Нижний Новгород,Android,0
107658,2025-11-12,35,Санкт-Петербург,iOS,0
107659,2026-03-10,23,Екатеринбург,iOS,1
107660,2025-04-02,37,Казань,Android,0
107661,2026-01-29,39,Санкт-Петербург,Android,0
107662,2025-05-04,18,Москва,Android,0
107663,2026-04-22,23,Самара,iOS,1
107664,2026-02-13,34,Москва,Android,0
107665,2025-09-13,18,Нижний Новгород,Android,0
107666,2025-06-05,37,Самара,Android,0
107667,2025-12-26,30,Москва,Android,0
107668,2025-10-30,50,Самара,Android,0
107669,2025-07-13,28,Самара,Android,0
107670,2025-12-15,39,Екатеринбург,iOS,0
107671,2025-03-06,25,Екатеринбург,Android,0
107672,2025-10-30,36,Новосибирск,iOS,0
107673,2025-07-31,49,Новосибирск,Android,0
107674,2026-02-18,21,Нижний Новгород,iOS,0
107675,2025-09-04,35,Екатеринбург,iOS,0
107676,2026-02-25,43,Екатеринбург,iOS,0
107677,2025-09-26,49,Нижний Новгород,Android,0
107678,2026-02-15,42,Екатеринбург,iOS,0
107679,2025-02-03,45,Москва,iOS,0
107680,2026-04-29,36,Новосибирск,iOS,1
107681,2026-04-25,33,Санкт-Петербург,iOS,1
107682,2026-04-17,38,Новосибирск,Android,1
107683,2026-03-10,52,Самара,Android,1
107684,2025-05-17,29,Екатеринбург,Android,0
107685,2026-02-02,44,Самара,iOS,0
107686,2026-02-26,29,Екатеринбург,iOS,0
107687,2026-01-08,45,Казань,Android,0
107688,2024-12-30,39,Казань,Android,0
107689,2026-04-02,31,Новосибирск,iOS,1
107690,2025-06-25,54,Новосибирск,Android,0
107691,2025-01-22,36,Москва,Android,0
107692,2025-06-27,37,Казань,iOS,0
107693,2026-02-13,24,Новосибирск,Android,0
107694,2026-02-22,52,Самара,Android,0
107695,2025-05-23,39,Новосибирск,Android,0
107696,2025-06-09,46,Москва,Android,0
107697,2025-02-13,26,Нижний Новгород,Android,0
107698,2026-03-05,29,Казань,iOS,1
107699,2025-07-21,31,Санкт-Петербург,iOS,0
107700,2025-09-18,38,Казань,Android,0
107701,2026-01-26,31,Санкт-Петербург,Android,0
107702,2025-12-09,34,Нижний Новгород,iOS,0
107703,2025-08-09,35,Екатеринбург,Android,0
107704,2025-11-02,33,Самара,Android,0
107705,2025-08-14,18,Санкт-Петербург,iOS,0
107706,2025-06-16,31,Самара,Android,0
107707,2025-07-21,48,Екатеринбург,iOS,0
107708,2025-04-12,30,Нижний Новгород,Android,0
107709,2025-06-22,19,Самара,Android,0
107710,2025-06-20,18,Нижний Новгород,Android,0
107711,2025-05-20,37,Санкт-Петербург,iOS,0
107712,2025-04-07,51,Новосибирск,Android,0
107713,2025-04-27,32,Казань,iOS,0
107714,2026-04-11,42,Москва,iOS,1
107715,2025-07-25,59,Казань,Android,0
107716,2026-03-20,27,Санкт-Петербург,iOS,1
107717,2025-07-06,28,Самара,iOS,0
107718,2025-12-02,25,Нижний Новгород,iOS,0
107719,2025-09-12,23,Казань,iOS,0
107720,2025-07-16,44,Санкт-Петербург,Android,0
107721,2025-12-26,25,Самара,Android,0
107722,2025-04-16,26,Санкт-Петербург,iOS,0
107723,2025-07-15,46,Москва,iOS,0
107724,2025-07-30,38,Казань,iOS,0
107725,2025-08-08,26,Самара,Android,0
107726,2026-03-05,30,Самара,Android,1
107727,2025-12-29,21,Казань,Android,0
107728,2025-06-12,18,Казань,Android,0
107729,2025-05-26,20,Казань,Android,0
107730,2026-03-16,27,Самара,Android,1
107731,2025-07-12,36,Нижний Новгород,iOS,0
107732,2025-09-22,46,Новосибирск,Android,0
107733,2025-02-01,36,Санкт-Петербург,iOS,0
107734,2025-08-01,36,Екатеринбург,iOS,0
107735,2025-12-22,33,Москва,iOS,0
107736,2025-12-02,30,Самара,Android,0
107737,2025-10-16,26,Новосибирск,iOS,0
107738,2025-09-12,26,Новосибирск,Android,0
107739,2025-06-14,38,Новосибирск,Android,0
107740,2026-04-14,43,Казань,iOS,1
107741,2025-10-29,45,Москва,Android,0
107742,2025-10-25,22,Новосибирск,Android,0
107743,2026-02-27,26,Новосибирск,iOS,0
107744,2024-12-29,34,Самара,Android,0
107745,2026-03-02,18,Нижний Новгород,Android,0
107746,2025-06-24,60,Санкт-Петербург,iOS,0
107747,2024-12-22,47,Санкт-Петербург,iOS,0
107748,2026-02-20,39,Самара,Android,0
107749,2025-10-06,28,Самара,Android,0
107750,2026-02-17,20,Екатеринбург,iOS,0
107751,2025-05-08,30,Новосибирск,Android,0
107752,2026-02-28,33,Самара,iOS,0
107753,2025-08-19,49,Санкт-Петербург,Android,0
107754,2025-12-27,30,Санкт-Петербург,iOS,0
107755,2025-02-09,39,Екатеринбург,Android,0
107756,2025-08-07,35,Казань,iOS,0
107757,2025-10-02,35,Санкт-Петербург,iOS,0
107758,2025-07-21,48,Екатеринбург,iOS,0
107759,2025-05-08,41,Самара,Android,0
107760,2025-03-08,39,Самара,Android,0
107761,2025-11-21,24,Самара,Android,0
107762,2026-04-09,30,Казань,Android,1
107763,2026-01-07,39,Самара,iOS,0
107764,2025-12-18,44,Нижний Новгород,iOS,0
107765,2026-01-04,26,Самара,Android,0
107766,2025-04-11,30,Самара,Android,0
107767,2026-04-15,18,Новосибирск,iOS,1
107768,2025-09-11,33,Самара,Android,0
107769,2024-12-31,32,Нижний Новгород,Android,0
107770,2026-03-31,41,Новосибирск,Android,1
107771,2026-03-07,48,Екатеринбург,iOS,1
107772,2025-04-07,38,Екатеринбург,Android,0
107773,2025-10-05,30,Нижний Новгород,Android,0
107774,2025-05-08,42,Екатеринбург,Android,0
107775,2025-03-01,21,Москва,Android,0
107776,2025-03-31,46,Казань,Android,0
107777,2025-06-30,18,Санкт-Петербург,Android,0
107778,2026-02-08,38,Самара,iOS,0
107779,2025-01-09,18,Казань,Android,0
107780,2025-09-23,18,Самара,iOS,0
107781,2025-01-30,32,Казань,Android,0
107782,2026-04-15,19,Новосибирск,Android,1
107783,2025-02-11,20,Москва,Android,0
107784,2025-11-25,22,Москва,Android,0
107785,2025-12-26,43,Новосибирск,iOS,0
107786,2026-02-05,36,Казань,Android,0
107787,2025-12-18,28,Екатеринбург,Android,0
107788,2025-12-28,31,Екатеринбург,Android,0
107789,2025-12-16,39,Казань,Android,0
107790,2025-03-22,38,Нижний Новгород,Android,0
107791,2025-02-23,34,Самара,iOS,0
107792,2025-10-14,43,Санкт-Петербург,iOS,0
107793,2025-03-27,32,Москва,Android,0
107794,2026-04-14,30,Екатеринбург,Android,1
107795,2025-10-07,31,Самара,Android,0
107796,2026-01-28,33,Санкт-Петербург,iOS,0
107797,2025-02-14,37,Казань,Android,0
107798,2025-07-23,37,Нижний Новгород,Android,0
107799,2026-02-08,35,Новосибирск,Android,0
107800,2025-05-15,24,Новосибирск,Android,0
107801,2025-10-02,41,Санкт-Петербург,iOS,0
107802,2026-04-27,28,Самара,Android,1
107803,2025-03-10,41,Самара,Android,0
107804,2026-02-23,29,Санкт-Петербург,iOS,0
107805,2026-01-15,30,Санкт-Петербург,Android,0
107806,2026-04-03,18,Москва,Android,1
107807,2025-07-08,47,Нижний Новгород,Android,0
107808,2025-12-03,42,Екатеринбург,Android,0
107809,2025-10-28,31,Нижний Новгород,Android,0
107810,2025-04-05,38,Санкт-Петербург,Android,0
107811,2025-04-25,39,Санкт-Петербург,iOS,0
107812,2025-04-30,39,Нижний Новгород,iOS,0
107813,2025-03-03,36,Москва,Android,0
107814,2026-04-27,30,Казань,Android,1
107815,2025-09-12,36,Москва,iOS,0
107816,2025-05-22,43,Санкт-Петербург,Android,0
107817,2025-03-22,60,Самара,Android,0
107818,2025-01-16,30,Самара,iOS,0
107819,2025-12-03,30,Нижний Новгород,Android,0
107820,2026-03-04,20,Нижний Новгород,iOS,1
107821,2025-04-03,28,Казань,Android,0
107822,2025-03-02,32,Новосибирск,Android,0
107823,2026-04-19,23,Санкт-Петербург,Android,1
107824,2025-07-31,26,Нижний Новгород,Android,0
107825,2025-08-16,31,Екатеринбург,iOS,0
107826,2025-10-21,31,Москва,Android,0
107827,2025-05-31,41,Екатеринбург,Android,0
107828,2025-06-19,37,Казань,Android,0
107829,2025-07-07,34,Казань,Android,0
107830,2025-08-21,27,Казань,iOS,0
107831,2025-06-30,18,Казань,iOS,0
107832,2025-12-10,33,Москва,Android,0
107833,2025-02-01,26,Самара,iOS,0
107834,2025-07-07,28,Екатеринбург,iOS,0
107835,2025-05-11,32,Москва,iOS,0
107836,2025-09-02,18,Нижний Новгород,Android,0
107837,2026-02-21,37,Самара,Android,0
107838,2025-12-24,39,Казань,iOS,0
107839,2025-04-18,39,Казань,iOS,0
107840,2025-01-08,29,Нижний Новгород,iOS,0
107841,2025-12-27,35,Нижний Новгород,Android,0
107842,2025-01-28,41,Екатеринбург,Android,0
107843,2025-01-30,41,Екатеринбург,iOS,0
107844,2025-10-12,28,Самара,iOS,0
107845,2025-02-23,38,Самара,iOS,0
107846,2025-09-25,18,Самара,Android,0
107847,2026-03-03,25,Самара,iOS,1
107848,2025-12-27,21,Новосибирск,iOS,0
107849,2026-03-18,22,Москва,iOS,1
107850,2026-01-23,40,Екатеринбург,iOS,0
107851,2025-12-30,46,Москва,Android,0
107852,2025-03-08,26,Самара,Android,0
107853,2025-04-22,28,Самара,Android,0
107854,2025-01-06,18,Новосибирск,iOS,0
107855,2025-10-19,25,Новосибирск,Android,0
107856,2026-04-30,42,Екатеринбург,Android,1
107857,2025-01-06,23,Нижний Новгород,Android,0
107858,2025-01-24,55,Нижний Новгород,Android,0
107859,2025-08-16,48,Санкт-Петербург,iOS,0
107860,2026-01-11,42,Нижний Новгород,Android,0
107861,2025-07-23,32,Москва,Android,0
107862,2025-06-27,37,Самара,Android,0
107863,2025-04-03,25,Самара,iOS,0
107864,2026-02-27,32,Казань,Android,0
107865,2025-09-24,37,Нижний Новгород,iOS,0
107866,2025-05-12,27,Екатеринбург,Android,0
107867,2025-04-18,44,Самара,Android,0
107868,2026-01-24,43,Санкт-Петербург,Android,0
107869,2025-01-06,24,Санкт-Петербург,Android,0
107870,2025-06-07,42,Нижний Новгород,Android,0
107871,2025-03-27,42,Самара,Android,0
107872,2026-01-08,32,Нижний Новгород,Android,0
107873,2025-12-21,42,Нижний Новгород,iOS,0
107874,2026-01-28,33,Казань,iOS,0
107875,2025-04-09,34,Москва,iOS,0
107876,2025-07-03,31,Казань,Android,0
107877,2025-07-30,30,Самара,iOS,0
107878,2026-02-10,36,Екатеринбург,iOS,0
107879,2026-02-08,45,Новосибирск,iOS,0
107880,2025-02-27,41,Москва,iOS,0
107881,2025-01-18,39,Самара,Android,0
107882,2025-03-23,25,Новосибирск,Android,0
107883,2026-03-15,43,Новосибирск,iOS,1
107884,2025-12-07,18,Новосибирск,iOS,0
107885,2025-07-29,40,Новосибирск,Android,0
107886,2025-03-15,34,Казань,Android,0
107887,2026-03-12,44,Москва,iOS,1
107888,2025-06-04,32,Самара,iOS,0
107889,2026-04-15,23,Нижний Новгород,Android,1
107890,2025-03-14,48,Новосибирск,Android,0
107891,2025-10-11,44,Екатеринбург,Android,0
107892,2026-05-01,28,Самара,Android,1
107893,2026-03-26,21,Казань,Android,1
107894,2026-03-05,21,Казань,iOS,1
107895,2026-01-08,42,Москва,iOS,0
107896,2026-04-25,48,Москва,Android,1
107897,2025-11-09,43,Новосибирск,Android,0
107898,2025-06-30,29,Санкт-Петербург,Android,0
107899,2025-04-10,24,Москва,iOS,0
107900,2025-11-29,25,Москва,Android,0
107901,2025-07-21,24,Казань,iOS,0
107902,2025-06-24,29,Санкт-Петербург,iOS,0
107903,2025-07-27,25,Новосибирск,Android,0
107904,2026-01-19,20,Новосибирск,iOS,0
107905,2025-12-10,35,Казань,iOS,0
107906,2025-08-11,34,Москва,iOS,0
107907,2025-04-16,18,Екатеринбург,Android,0
107908,2026-02-13,36,Казань,iOS,0
107909,2026-03-31,43,Самара,iOS,1
107910,2026-03-10,18,Новосибирск,Android,1
107911,2025-06-20,42,Санкт-Петербург,iOS,0
107912,2025-03-04,45,Казань,Android,0
107913,2025-09-20,27,Екатеринбург,Android,0
107914,2025-08-06,42,Новосибирск,iOS,0
107915,2025-05-03,41,Нижний Новгород,iOS,0
107916,2025-08-27,42,Казань,Android,0
107917,2025-03-11,19,Нижний Новгород,iOS,0
107918,2025-02-11,36,Казань,Android,0
107919,2025-12-25,23,Нижний Новгород,iOS,0
107920,2026-02-01,28,Казань,iOS,0
107921,2025-07-19,25,Екатеринбург,iOS,0
107922,2026-04-30,37,Санкт-Петербург,iOS,1
107923,2026-04-05,36,Москва,Android,1
107924,2026-03-08,30,Москва,Android,1
107925,2025-08-10,34,Екатеринбург,iOS,0
107926,2026-04-22,52,Новосибирск,Android,1
107927,2026-01-31,34,Нижний Новгород,Android,0
107928,2025-06-05,58,Санкт-Петербург,Android,0
107929,2025-09-29,25,Новосибирск,Android,0
107930,2026-02-08,42,Самара,Android,0
107931,2026-01-14,43,Новосибирск,iOS,0
107932,2025-08-14,38,Санкт-Петербург,Android,0
107933,2025-08-02,34,Самара,iOS,0
107934,2025-04-24,38,Нижний Новгород,Android,0
107935,2025-03-12,19,Москва,iOS,0
107936,2025-05-03,34,Санкт-Петербург,Android,0
107937,2025-10-11,43,Нижний Новгород,iOS,0
107938,2025-02-11,36,Москва,iOS,0
107939,2025-01-25,41,Москва,Android,0
107940,2025-12-15,36,Новосибирск,Android,0
107941,2024-12-21,20,Москва,Android,0
107942,2025-04-14,35,Екатеринбург,Android,0
107943,2026-02-09,26,Самара,iOS,0
107944,2025-03-29,37,Нижний Новгород,iOS,0
107945,2025-01-20,18,Екатеринбург,Android,0
107946,2025-07-24,44,Казань,iOS,0
107947,2025-12-15,37,Екатеринбург,iOS,0
107948,2025-12-29,40,Екатеринбург,Android,0
107949,2025-06-10,21,Самара,Android,0
107950,2025-03-27,37,Новосибирск,Android,0
107951,2025-01-09,22,Новосибирск,Android,0
107952,2025-03-31,31,Нижний Новгород,Android,0
107953,2026-02-03,53,Москва,Android,0
107954,2026-01-02,47,Нижний Новгород,Android,0
107955,2026-02-18,23,Самара,Android,0
107956,2026-02-15,45,Самара,iOS,0
107957,2026-03-04,34,Москва,iOS,1
107958,2024-12-21,41,Нижний Новгород,iOS,0
107959,2025-03-21,37,Санкт-Петербург,iOS,0
107960,2025-12-13,31,Самара,iOS,0
107961,2026-04-12,49,Казань,Android,1
107962,2025-05-07,25,Санкт-Петербург,iOS,0
107963,2025-09-15,45,Екатеринбург,Android,0
107964,2026-03-12,39,Новосибирск,Android,1
107965,2025-08-22,42,Москва,Android,0
107966,2025-11-23,25,Екатеринбург,Android,0
107967,2025-05-24,29,Самара,Android,0
107968,2025-11-02,29,Екатеринбург,Android,0
107969,2025-09-26,29,Нижний Новгород,iOS,0
107970,2025-01-10,37,Санкт-Петербург,Android,0
107971,2025-09-25,28,Москва,Android,0
107972,2025-04-22,42,Казань,iOS,0
107973,2025-03-08,47,Новосибирск,iOS,0
107974,2025-12-15,35,Москва,Android,0
107975,2025-06-13,32,Москва,Android,0
107976,2025-06-13,24,Санкт-Петербург,Android,0
107977,2025-09-19,36,,Android,0
107978,2025-01-18,48,Нижний Новгород,Android,0
107979,2026-04-25,26,Екатеринбург,iOS,1
107980,2026-03-10,25,Екатеринбург,iOS,1
107981,2026-04-11,39,Новосибирск,Android,1
107982,2025-03-05,30,Санкт-Петербург,iOS,0
107983,2025-10-26,39,Новосибирск,iOS,0
107984,2025-01-22,29,Самара,Android,0
107985,2026-04-16,32,Екатеринбург,Android,1
107986,2025-04-27,27,Москва,Android,0
107987,2025-07-07,31,Казань,iOS,0
107988,2025-01-24,36,Казань,Android,0
107989,2025-01-27,25,Самара,iOS,0
107990,2026-04-09,28,Казань,Android,1
107991,2025-02-02,20,Казань,iOS,0
107992,2025-11-26,30,Санкт-Петербург,Android,0
107993,2025-09-28,38,Самара,Android,0
107994,2025-08-14,34,Москва,Android,0
107995,2026-01-29,51,Екатеринбург,Android,0
107996,2025-01-30,49,Самара,Android,0
107997,2025-08-11,27,Казань,Android,0
107998,2025-12-05,40,Екатеринбург,iOS,0
107999,2025-02-26,54,Новосибирск,iOS,0
108000,2025-06-23,23,Санкт-Петербург,iOS,0
108001,2026-04-16,19,Самара,Android,1
108002,2025-04-21,46,Нижний Новгород,Android,0
108003,2025-03-06,66,Москва,iOS,0
108004,2025-09-20,18,Нижний Новгород,iOS,0
108005,2024-12-17,40,Нижний Новгород,iOS,0
108006,2025-10-10,27,Нижний Новгород,Android,0
108007,2025-08-30,40,Нижний Новгород,Android,0
108008,2025-05-27,18,Санкт-Петербург,Android,0
108009,2025-07-02,25,Нижний Новгород,iOS,0
108010,2025-04-26,25,Москва,Android,0
108011,2025-11-30,34,Самара,Android,0
108012,2025-01-29,25,Казань,Android,0
108013,2025-12-06,30,Москва,iOS,0
108014,2025-01-01,45,Екатеринбург,iOS,0
108015,2025-01-18,40,Казань,Android,0
108016,2025-11-04,32,Санкт-Петербург,iOS,0
108017,2026-01-29,18,Новосибирск,Android,0
108018,2025-01-01,32,Екатеринбург,iOS,0
108019,2025-11-20,39,Санкт-Петербург,iOS,0
108020,2025-04-12,35,Екатеринбург,iOS,0
108021,2026-04-11,34,Самара,Android,1
108022,2025-07-23,49,Москва,Android,0
108023,2025-07-13,38,Казань,Android,0
108024,2026-03-22,45,Новосибирск,iOS,1
108025,2025-09-05,55,Новосибирск,iOS,0
108026,2025-04-02,21,Новосибирск,iOS,0
108027,2026-01-01,25,Екатеринбург,iOS,0
108028,2025-05-21,31,Новосибирск,Android,0
108029,2024-12-18,32,Казань,iOS,0
108030,2026-01-21,20,Санкт-Петербург,iOS,0
108031,2025-05-15,24,Москва,Android,0
108032,2026-03-17,26,Новосибирск,Android,1
108033,2025-10-26,25,Новосибирск,iOS,0
108034,2025-02-25,30,Нижний Новгород,Android,0
108035,2025-09-24,33,Казань,Android,0
108036,2025-10-29,46,Казань,iOS,0
108037,2025-04-22,51,Самара,iOS,0
108038,2025-10-08,58,Казань,Android,0
108039,2025-06-25,25,Самара,iOS,0
108040,2025-03-01,41,Новосибирск,iOS,0
108041,2025-12-17,18,Самара,iOS,0
108042,2025-10-04,30,Казань,Android,0
108043,2025-02-24,38,Самара,iOS,0
108044,2025-10-23,18,Казань,iOS,0
108045,2025-10-05,32,Москва,Android,0
108046,2025-10-22,39,Самара,Android,0
108047,2026-02-18,49,Новосибирск,Android,0
108048,2025-03-18,21,Самара,Android,0
108049,2025-10-05,41,Москва,iOS,0
108050,2025-01-24,25,Екатеринбург,Android,0
108051,2025-09-24,46,Санкт-Петербург,Android,0
108052,2025-02-21,25,Казань,Android,0
108053,2026-03-24,42,Казань,Android,1
108054,2025-11-16,39,Казань,iOS,0
108055,2025-04-09,32,Екатеринбург,iOS,0
108056,2025-07-08,38,Москва,iOS,0
108057,2025-06-17,37,Новосибирск,iOS,0
108058,2025-10-28,32,Казань,Android,0
108059,2024-12-22,28,Москва,iOS,0
108060,2026-03-17,25,Екатеринбург,Android,1
108061,2025-04-17,54,Москва,iOS,0
108062,2025-01-29,31,Москва,iOS,0
108063,2024-12-25,18,Екатеринбург,iOS,0
108064,2025-11-11,29,Нижний Новгород,Android,0
108065,2025-12-17,21,Новосибирск,iOS,0
108066,2025-01-04,44,Москва,Android,0
108067,2026-03-12,49,Екатеринбург,iOS,1
108068,2025-08-19,33,Санкт-Петербург,Android,0
108069,2025-02-09,20,Санкт-Петербург,Android,0
108070,2025-10-13,22,Нижний Новгород,Android,0
108071,2026-04-28,40,Москва,iOS,1
108072,2025-06-11,30,Екатеринбург,iOS,0
108073,2026-02-18,43,Москва,iOS,0
108074,2025-11-11,40,Самара,iOS,0
108075,2025-05-20,40,Самара,iOS,0
108076,2025-06-17,38,Новосибирск,iOS,0
108077,2025-12-09,32,Санкт-Петербург,iOS,0
108078,2026-03-07,41,Самара,iOS,1
108079,2025-02-26,23,Казань,iOS,0
108080,2026-04-01,35,Нижний Новгород,Android,1
108081,2025-10-12,50,Казань,Android,0
108082,2024-12-26,40,Екатеринбург,iOS,0
108083,2025-06-11,39,Санкт-Петербург,iOS,0
108084,2026-04-15,32,Москва,Android,1
108085,2026-03-01,42,Екатеринбург,Android,0
108086,2025-05-31,18,Санкт-Петербург,Android,0
108087,2025-02-27,34,Санкт-Петербург,Android,0
108088,2025-11-11,32,Москва,iOS,0
108089,2026-02-28,42,Новосибирск,Android,0
108090,2025-09-02,40,Санкт-Петербург,iOS,0
108091,2025-09-02,45,Екатеринбург,iOS,0
108092,2025-08-02,36,Нижний Новгород,Android,0
108093,2025-09-28,35,Санкт-Петербург,iOS,0
108094,2025-02-23,46,Екатеринбург,Android,0
108095,2025-10-25,32,Нижний Новгород,Android,0
108096,2026-04-09,18,Новосибирск,Android,1
108097,2025-02-04,42,Екатеринбург,Android,0
108098,2025-08-28,40,Санкт-Петербург,iOS,0
108099,2026-04-29,30,Казань,Android,1
108100,2026-02-05,41,Санкт-Петербург,iOS,0
108101,2025-10-17,46,Нижний Новгород,Android,0
108102,2026-03-24,32,Москва,iOS,1
108103,2025-02-08,49,Москва,iOS,0
108104,2025-07-23,28,Новосибирск,Android,0
108105,2025-09-17,28,Екатеринбург,iOS,0
108106,2025-05-02,18,Екатеринбург,iOS,0
108107,2025-09-15,46,Москва,Android,0
108108,2026-02-01,34,Екатеринбург,Android,0
108109,2026-04-14,38,Новосибирск,iOS,1
108110,2025-08-01,38,Москва,Android,0
108111,2025-03-05,45,Новосибирск,iOS,0
108112,2026-01-26,24,Казань,iOS,0
108113,2026-04-13,34,Москва,iOS,1
108114,2025-07-21,46,Новосибирск,iOS,0
108115,2026-02-21,26,Москва,iOS,0
108116,2025-05-26,39,Новосибирск,iOS,0
108117,2025-08-01,40,Санкт-Петербург,Android,0
108118,2025-04-03,37,Санкт-Петербург,iOS,0
108119,2025-09-14,28,Казань,Android,0
108120,2025-04-08,49,Нижний Новгород,iOS,0
108121,2026-04-14,18,Нижний Новгород,iOS,1
108122,2025-07-14,35,Самара,iOS,0
108123,2025-09-07,29,Нижний Новгород,iOS,0
108124,2025-10-01,20,Санкт-Петербург,Android,0
108125,2025-04-03,37,Казань,iOS,0
108126,2025-10-30,31,Самара,iOS,0
108127,2025-07-31,29,Санкт-Петербург,Android,0
108128,2025-06-12,33,Казань,iOS,0
108129,2024-12-31,35,Казань,iOS,0
108130,2025-07-31,38,Новосибирск,Android,0
108131,2025-10-11,39,Нижний Новгород,Android,0
108132,2025-09-11,34,Екатеринбург,iOS,0
108133,2025-06-17,43,Новосибирск,iOS,0
108134,2025-11-11,45,Москва,Android,0
108135,2025-07-06,39,Казань,iOS,0
108136,2025-05-23,35,Нижний Новгород,Android,0
108137,2025-01-26,39,Санкт-Петербург,iOS,0
108138,2026-03-19,33,Новосибирск,Android,1
108139,2025-02-10,20,Казань,Android,0
108140,2025-10-12,33,Новосибирск,Android,0
108141,2025-02-12,40,Санкт-Петербург,iOS,0
108142,2025-05-06,40,Санкт-Петербург,iOS,0
108143,2025-08-04,43,Нижний Новгород,iOS,0
108144,2026-01-24,35,Екатеринбург,iOS,0
108145,2026-01-06,33,Самара,Android,0
108146,2025-10-07,44,Москва,Android,0
108147,2025-03-02,39,Самара,Android,0
108148,2024-12-18,37,Новосибирск,Android,0
108149,2025-01-16,28,Новосибирск,iOS,0
108150,2025-08-02,31,Новосибирск,iOS,0
108151,2026-03-19,24,Санкт-Петербург,Android,1
108152,2025-10-24,26,Самара,Android,0
108153,2025-12-14,38,Казань,iOS,0
108154,2025-07-26,36,Екатеринбург,iOS,0
108155,2025-02-26,42,Екатеринбург,Android,0
108156,2025-06-01,34,Казань,iOS,0
108157,2026-03-15,21,Санкт-Петербург,Android,1
108158,2025-05-27,36,Нижний Новгород,iOS,0
108159,2025-05-20,26,Москва,iOS,0
108160,2026-02-14,34,Санкт-Петербург,Android,0
108161,2025-12-26,37,Новосибирск,iOS,0
108162,2025-01-03,23,Казань,Android,0
108163,2025-10-27,39,Екатеринбург,Android,0
108164,2025-01-23,29,Казань,Android,0
108165,2025-07-11,25,Новосибирск,Android,0
108166,2026-03-01,47,Екатеринбург,Android,0
108167,2025-02-21,24,Нижний Новгород,iOS,0
108168,2025-09-15,44,Санкт-Петербург,iOS,0
108169,2026-01-29,43,Екатеринбург,Android,0
108170,2026-01-14,26,Екатеринбург,Android,0
108171,2026-03-14,18,Москва,iOS,1
108172,2026-04-07,33,Самара,Android,1
108173,2025-03-02,27,Новосибирск,Android,0
108174,2024-12-23,24,Нижний Новгород,Android,0
108175,2025-06-26,30,Москва,Android,0
108176,2024-12-23,18,Казань,iOS,0
108177,2025-11-30,54,Казань,Android,0
108178,2025-06-09,28,Самара,Android,0
108179,2026-01-20,37,Екатеринбург,iOS,0
108180,2026-04-06,50,Москва,Android,1
108181,2025-04-15,27,Нижний Новгород,iOS,0
108182,2025-12-03,18,Санкт-Петербург,Android,0
108183,2025-10-25,30,Санкт-Петербург,Android,0
108184,2025-03-17,41,Самара,iOS,0
108185,2025-07-19,34,Самара,Android,0
108186,2025-05-02,33,Москва,iOS,0
108187,2025-11-16,37,Санкт-Петербург,iOS,0
108188,2026-04-11,47,Новосибирск,iOS,1
108189,2025-02-08,33,Санкт-Петербург,iOS,0
108190,2026-03-03,49,Казань,iOS,1
108191,2026-01-13,46,Казань,Android,0
108192,2026-01-15,35,Екатеринбург,iOS,0
108193,2026-03-03,51,Новосибирск,Android,1
108194,2025-05-28,41,Екатеринбург,iOS,0
108195,2026-03-12,35,Екатеринбург,Android,1
108196,2025-06-30,26,Москва,iOS,0
108197,2025-07-16,46,Санкт-Петербург,iOS,0
108198,2025-03-23,45,Екатеринбург,iOS,0
108199,2026-03-06,42,Нижний Новгород,Android,1
108200,2026-01-04,46,Санкт-Петербург,iOS,0
108201,2025-09-05,35,Москва,iOS,0
108202,2026-03-21,43,Новосибирск,Android,1
108203,2025-01-31,42,Нижний Новгород,iOS,0
108204,2025-06-20,34,Новосибирск,iOS,0
108205,2025-06-15,36,Самара,Android,0
108206,2025-07-15,46,Нижний Новгород,Android,0
108207,2024-12-17,34,Санкт-Петербург,iOS,0
108208,2025-01-03,42,Новосибирск,iOS,0
108209,2026-04-25,42,Екатеринбург,iOS,1
108210,2025-10-22,51,Нижний Новгород,Android,0
108211,2026-02-26,25,Москва,iOS,0
108212,2025-08-31,35,Санкт-Петербург,Android,0
108213,2026-02-01,23,Новосибирск,Android,0
108214,2025-06-10,18,Казань,Android,0
108215,2025-01-10,26,Казань,Android,0
108216,2025-02-18,25,Москва,iOS,0
108217,2026-03-25,46,Санкт-Петербург,Android,1
108218,2025-11-23,27,Екатеринбург,Android,0
108219,2025-12-04,45,Самара,Android,0
108220,2025-01-16,18,Екатеринбург,Android,0
108221,2025-03-25,31,Санкт-Петербург,iOS,0
108222,2025-07-15,39,Санкт-Петербург,Android,0
108223,2025-03-17,25,Новосибирск,Android,0
108224,2025-05-13,38,Казань,iOS,0
108225,2025-05-05,34,Нижний Новгород,iOS,0
108226,2025-05-16,18,Санкт-Петербург,iOS,0
108227,2025-03-20,36,Новосибирск,Android,0
108228,2025-11-28,20,Новосибирск,Android,0
108229,2025-11-17,46,Москва,Android,0
108230,2025-06-01,46,Новосибирск,Android,0
108231,2026-01-19,37,Нижний Новгород,Android,0
108232,2025-11-11,23,Москва,Android,0
108233,2025-09-20,42,Казань,Android,0
108234,2025-09-07,18,Екатеринбург,Android,0
108235,2026-03-04,31,Казань,iOS,1
108236,2025-08-23,47,Новосибирск,Android,0
108237,2026-03-07,31,Самара,Android,1
108238,2025-02-19,50,Казань,iOS,0
108239,2024-12-28,43,Москва,Android,0
108240,2026-01-03,41,Екатеринбург,iOS,0
108241,2026-01-22,33,Самара,Android,0
108242,2026-02-18,27,Казань,iOS,0
108243,2026-04-13,34,Екатеринбург,Android,1
108244,2025-04-17,37,Самара,Android,0
108245,2025-02-20,35,Нижний Новгород,Android,0
108246,2025-04-20,38,Самара,iOS,0
108247,2025-04-18,47,Екатеринбург,Android,0
108248,2026-01-12,23,Нижний Новгород,Android,0
108249,2025-07-09,38,Новосибирск,Android,0
108250,2025-07-28,47,Санкт-Петербург,Android,0
108251,2025-04-27,39,Москва,Android,0
108252,2025-09-21,46,Казань,iOS,0
108253,2025-10-07,40,Новосибирск,iOS,0
108254,2026-02-07,41,Екатеринбург,Android,0
108255,2025-09-22,35,Екатеринбург,iOS,0
108256,2026-03-05,47,Казань,iOS,1
108257,2025-10-08,25,Санкт-Петербург,iOS,0
108258,2026-04-24,46,Нижний Новгород,Android,1
108259,2025-03-01,29,Екатеринбург,iOS,0
108260,2025-12-02,38,Москва,iOS,0
108261,2025-10-10,49,Новосибирск,iOS,0
108262,2026-02-03,37,Нижний Новгород,iOS,0
108263,2025-12-24,20,Санкт-Петербург,Android,0
108264,2025-06-16,31,Казань,Android,0
108265,2025-12-06,41,Екатеринбург,iOS,0
108266,2026-02-07,39,Самара,iOS,0
108267,2025-10-12,34,Новосибирск,Android,0
108268,2025-02-05,28,Нижний Новгород,Android,0
108269,2025-03-15,30,Москва,iOS,0
108270,2026-04-02,55,Москва,Android,1
108271,2025-06-05,36,Екатеринбург,Android,0
108272,2026-01-27,20,Нижний Новгород,iOS,0
108273,2025-11-23,34,Нижний Новгород,Android,0
108274,2025-11-21,50,Новосибирск,Android,0
108275,2025-01-29,31,Санкт-Петербург,Android,0
108276,2025-07-07,38,Казань,Android,0
108277,2025-03-02,41,Санкт-Петербург,iOS,0
108278,2025-01-28,38,Москва,iOS,0
108279,2025-02-14,43,Москва,Android,0
108280,2025-09-25,29,Новосибирск,iOS,0
108281,2025-07-14,23,Санкт-Петербург,Android,0
108282,2025-07-13,27,Казань,Android,0
108283,2025-12-16,34,Новосибирск,iOS,0
108284,2025-09-18,36,Казань,Android,0
108285,2025-05-14,39,Москва,Android,0
108286,2025-01-12,44,Новосибирск,iOS,0
108287,2025-12-19,35,Екатеринбург,iOS,0
108288,2025-12-05,38,Самара,Android,0
108289,2026-01-13,40,Нижний Новгород,Android,0
108290,2026-04-12,32,Нижний Новгород,iOS,1
108291,2025-10-10,38,Екатеринбург,Android,0
108292,2025-06-07,21,Санкт-Петербург,iOS,0
108293,2025-11-20,43,Нижний Новгород,iOS,0
108294,2026-02-23,43,Санкт-Петербург,iOS,0
108295,2026-03-12,21,Нижний Новгород,iOS,1
108296,2025-08-12,42,Нижний Новгород,iOS,0
108297,2025-12-05,46,Казань,Android,0
108298,2025-02-27,48,Москва,iOS,0
108299,2025-01-05,21,Казань,iOS,0
108300,2026-03-07,28,Новосибирск,iOS,1
108301,2025-03-30,54,Москва,Android,0
108302,2025-12-22,39,Самара,Android,0
108303,2026-02-07,42,Москва,iOS,0
108304,2026-04-09,22,Самара,Android,1
108305,2025-04-10,50,Казань,iOS,0
108306,2026-01-04,18,Самара,Android,0
108307,2025-04-29,22,Екатеринбург,Android,0
108308,2025-08-17,32,Екатеринбург,Android,0
108309,2026-02-24,39,Казань,Android,0
108310,2026-01-16,18,Москва,Android,0
108311,2026-03-31,28,Екатеринбург,iOS,1
108312,2025-06-05,29,Нижний Новгород,iOS,0
108313,2025-06-08,30,Нижний Новгород,Android,0
108314,2026-04-28,27,Самара,iOS,1
108315,2025-12-01,52,Нижний Новгород,Android,0
108316,2026-01-26,21,Санкт-Петербург,iOS,0
108317,2025-02-08,25,Санкт-Петербург,Android,0
108318,2025-04-14,41,Новосибирск,Android,0
108319,2026-03-28,56,Казань,Android,1
108320,2025-07-12,46,Москва,Android,0
108321,2026-04-11,34,Новосибирск,Android,1
108322,2025-03-05,28,Москва,Android,0
108323,2025-08-31,27,Казань,Android,0
108324,2025-11-17,23,Санкт-Петербург,Android,0
108325,2025-05-20,48,Казань,Android,0
108326,2026-03-28,40,Нижний Новгород,iOS,1
108327,2025-09-08,46,Самара,Android,0
108328,2026-04-22,49,Санкт-Петербург,Android,1
108329,2026-02-09,53,Казань,Android,0
108330,2025-08-11,44,Москва,iOS,0
108331,2026-03-21,37,Казань,Android,1
108332,2025-09-04,38,Санкт-Петербург,iOS,0
108333,2025-05-21,28,Самара,Android,0
108334,2025-07-02,41,Новосибирск,iOS,0
108335,2025-08-29,45,Казань,Android,0
108336,2025-08-15,49,Москва,Android,0
108337,2025-10-23,46,Нижний Новгород,iOS,0
108338,2025-08-11,33,Новосибирск,Android,0
108339,2025-09-02,38,Санкт-Петербург,iOS,0
108340,2025-08-01,40,Москва,iOS,0
108341,2026-02-15,21,Москва,iOS,0
108342,2025-09-11,24,Казань,Android,0
108343,2025-08-21,23,Новосибирск,Android,0
108344,2025-08-12,21,Новосибирск,iOS,0
108345,2026-02-03,32,Нижний Новгород,Android,0
108346,2025-05-27,41,Санкт-Петербург,iOS,0
108347,2025-07-15,49,Нижний Новгород,Android,0
108348,2026-04-03,35,Москва,Android,1
108349,2026-04-08,31,Санкт-Петербург,Android,1
108350,2025-07-30,53,Казань,iOS,0
108351,2025-05-02,18,Москва,Android,0
108352,2025-11-08,18,Москва,iOS,0
108353,2025-04-01,35,Новосибирск,iOS,0
108354,2026-02-10,35,Казань,iOS,0
108355,2025-02-01,29,Самара,iOS,0
108356,2025-03-29,46,Казань,Android,0
108357,2025-10-19,34,Екатеринбург,Android,0
108358,2025-07-30,23,Екатеринбург,Android,0
108359,2026-02-23,44,Самара,Android,0
108360,2026-01-31,26,Москва,iOS,0
108361,2025-08-02,31,Казань,Android,0
108362,2026-02-02,37,Екатеринбург,iOS,0
108363,2026-01-25,18,Казань,Android,0
108364,2025-12-29,37,Самара,Android,0
108365,2025-05-04,33,Казань,Android,0
108366,2025-02-18,27,Санкт-Петербург,Android,0
108367,2026-01-03,24,Казань,Android,0
108368,2025-05-22,40,Санкт-Петербург,Android,0
108369,2025-07-19,37,Москва,iOS,0
108370,2025-10-18,36,Нижний Новгород,Android,0
108371,2025-06-20,43,Москва,Android,0
108372,2026-04-26,31,Москва,iOS,1
108373,2025-10-28,29,Новосибирск,iOS,0
108374,2025-04-22,42,Новосибирск,iOS,0
108375,2026-04-14,39,Санкт-Петербург,Android,1
108376,2026-01-26,32,Санкт-Петербург,iOS,0
108377,2025-05-26,21,Санкт-Петербург,iOS,0
108378,2025-12-19,38,Новосибирск,Android,0
108379,2026-03-05,38,Самара,Android,1
108380,2025-03-02,45,Нижний Новгород,iOS,0
108381,2025-01-25,42,Нижний Новгород,Android,0
108382,2025-07-29,53,Санкт-Петербург,Android,0
108383,2025-09-21,33,Казань,Android,0
108384,2026-03-15,18,Екатеринбург,Android,1
108385,2025-04-17,31,Нижний Новгород,Android,0
108386,2025-05-18,27,Нижний Новгород,iOS,0
108387,2025-08-15,28,Екатеринбург,iOS,0
108388,2025-05-08,53,Новосибирск,iOS,0
108389,2025-06-23,42,Самара,Android,0
108390,2025-10-15,28,Казань,Android,0
108391,2026-04-30,46,Самара,Android,1
108392,2025-04-08,45,Самара,iOS,0
108393,2026-03-17,25,Екатеринбург,Android,1
108394,2025-02-13,33,Нижний Новгород,Android,0
108395,2026-03-18,27,Казань,iOS,1
108396,2026-01-30,47,Нижний Новгород,iOS,0
108397,2025-10-20,23,Самара,Android,0
108398,2025-06-15,34,Новосибирск,Android,0
108399,2025-04-26,25,Санкт-Петербург,Android,0
108400,2025-01-08,41,Екатеринбург,iOS,0
108401,2025-01-23,28,Самара,Android,0
108402,2025-06-22,50,Новосибирск,Android,0
108403,2025-07-04,30,Нижний Новгород,Android,0
108404,2025-03-02,28,Нижний Новгород,Android,0
108405,2025-03-16,18,Самара,Android,0
108406,2025-05-09,31,Екатеринбург,iOS,0
108407,2025-08-09,30,Москва,Android,0
108408,2025-03-19,34,Екатеринбург,iOS,0
108409,2025-02-06,32,Казань,Android,0
108410,2025-03-03,37,Москва,iOS,0
108411,2025-12-02,35,Екатеринбург,iOS,0
108412,2025-07-24,47,Москва,iOS,0
108413,2025-11-25,22,Москва,iOS,0
108414,2025-11-20,57,Самара,iOS,0
108415,2025-07-16,42,Москва,iOS,0
108416,2025-09-07,39,Москва,Android,0
108417,2025-04-13,39,Нижний Новгород,Android,0
108418,2026-01-16,44,Нижний Новгород,iOS,0
108419,2026-03-14,42,Казань,Android,1
108420,2025-10-27,31,Новосибирск,iOS,0
108421,2026-01-09,42,Самара,Android,0
108422,2025-04-19,50,Казань,Android,0
108423,2025-04-14,43,Санкт-Петербург,iOS,0
108424,2025-06-05,25,Новосибирск,iOS,0
108425,2025-03-24,45,Самара,iOS,0
108426,2025-02-16,29,Екатеринбург,Android,0
108427,2025-10-28,55,Казань,Android,0
108428,2026-01-29,33,Самара,iOS,0
108429,2025-11-03,44,Новосибирск,Android,0
108430,2026-03-09,39,Самара,iOS,1
108431,2025-02-10,29,Самара,iOS,0
108432,2025-02-27,32,Екатеринбург,Android,0
108433,2025-02-23,40,Москва,Android,0
108434,2026-04-01,49,Екатеринбург,Android,1
108435,2025-01-29,22,Казань,iOS,0
108436,2025-05-24,34,Санкт-Петербург,iOS,0
108437,2025-07-04,33,Новосибирск,Android,0
108438,2025-03-28,18,Новосибирск,iOS,0
108439,2025-12-25,35,Санкт-Петербург,iOS,0
108440,2026-03-01,33,Москва,Android,0
108441,2025-05-05,29,Самара,Android,0
108442,2025-06-07,31,Казань,iOS,0
108443,2025-06-28,37,Москва,iOS,0
108444,2025-10-28,21,Москва,iOS,0
108445,2025-10-31,31,Екатеринбург,iOS,0
108446,2025-02-16,42,Екатеринбург,Android,0
108447,2025-02-03,32,Санкт-Петербург,iOS,0
108448,2026-01-19,47,Санкт-Петербург,iOS,0
108449,2025-04-26,27,Москва,Android,0
108450,2025-03-08,37,Санкт-Петербург,Android,0
108451,2025-10-19,30,Казань,Android,0
108452,2025-12-01,42,Самара,Android,0
108453,2025-05-19,47,Санкт-Петербург,iOS,0
108454,2025-02-26,33,Самара,iOS,0
108455,2026-04-04,47,Екатеринбург,Android,1
108456,2025-12-04,27,Екатеринбург,Android,0
108457,2025-07-20,33,Новосибирск,iOS,0
108458,2025-04-16,32,Казань,iOS,0
108459,2025-11-12,37,Санкт-Петербург,iOS,0
108460,2026-03-12,51,Екатеринбург,Android,1
108461,2026-01-09,38,Нижний Новгород,iOS,0
108462,2025-07-26,29,Нижний Новгород,Android,0
108463,2025-03-25,18,Москва,iOS,0
108464,2025-06-19,36,Москва,iOS,0
108465,2026-04-17,39,Москва,Android,1
108466,2025-09-04,25,Москва,Android,0
108467,2026-02-08,25,Санкт-Петербург,Android,0
108468,2026-04-15,36,Самара,iOS,1
108469,2025-10-20,20,Санкт-Петербург,iOS,0
108470,2026-01-18,43,Екатеринбург,Android,0
108471,2025-06-09,45,Санкт-Петербург,Android,0
108472,2025-03-22,31,Нижний Новгород,iOS,0
108473,2025-05-15,43,Санкт-Петербург,Android,0
108474,2025-07-26,35,Санкт-Петербург,Android,0
108475,2025-01-07,24,Самара,Android,0
108476,2026-02-09,42,Москва,iOS,0
108477,2025-06-09,39,Казань,Android,0
108478,2026-02-02,39,Москва,Android,0
108479,2025-06-21,34,Москва,Android,0
108480,2025-08-20,38,Екатеринбург,Android,0
108481,2025-11-08,35,Екатеринбург,Android,0
108482,2025-06-05,30,Санкт-Петербург,iOS,0
108483,2026-03-08,37,Новосибирск,iOS,1
108484,2026-03-17,24,Нижний Новгород,iOS,1
108485,2025-07-31,20,Москва,iOS,0
108486,2025-03-08,43,Самара,iOS,0
108487,2025-09-23,18,Санкт-Петербург,Android,0
108488,2025-02-17,42,Екатеринбург,iOS,0
108489,2025-02-17,32,Казань,iOS,0
108490,2025-03-27,32,Санкт-Петербург,iOS,0
108491,2025-11-30,18,Санкт-Петербург,Android,0
108492,2026-04-22,45,Екатеринбург,Android,1
108493,2025-06-18,34,Самара,iOS,0
108494,2025-09-26,28,Новосибирск,Android,0
108495,2026-02-09,32,Санкт-Петербург,iOS,0
108496,2025-05-16,45,Казань,iOS,0
108497,2025-05-07,43,Екатеринбург,iOS,0
108498,2026-02-18,18,Казань,Android,0
108499,2025-07-10,47,Москва,Android,0
108500,2025-06-30,33,Казань,Android,0
108501,2025-10-08,46,Санкт-Петербург,iOS,0
108502,2026-01-19,30,Казань,Android,0
108503,2025-09-09,40,Екатеринбург,Android,0
108504,2025-03-19,32,Санкт-Петербург,iOS,0
108505,2025-12-10,33,Новосибирск,Android,0
108506,2025-10-21,46,Самара,iOS,0
108507,2025-08-12,24,Казань,iOS,0
108508,2025-11-05,26,Москва,iOS,0
108509,2025-08-30,25,Нижний Новгород,iOS,0
108510,2025-03-31,27,Нижний Новгород,Android,0
108511,2025-08-31,23,Самара,Android,0
108512,2025-02-12,27,Казань,iOS,0
108513,2025-09-17,42,Санкт-Петербург,Android,0
108514,2025-11-02,42,Новосибирск,Android,0
108515,2025-09-27,35,Москва,iOS,0
108516,2025-09-22,35,Санкт-Петербург,Android,0
108517,2025-08-19,48,Екатеринбург,Android,0
108518,2026-02-19,36,Новосибирск,iOS,0
108519,2025-12-13,55,Самара,iOS,0
108520,2025-04-14,46,Екатеринбург,Android,0
108521,2025-06-11,23,Самара,iOS,0
108522,2026-03-28,36,Санкт-Петербург,Android,1
108523,2025-10-05,18,Нижний Новгород,Android,0
108524,2025-01-29,35,Новосибирск,iOS,0
108525,2025-06-10,42,Самара,iOS,0
108526,2025-07-20,24,Санкт-Петербург,Android,0
108527,2025-02-03,19,Новосибирск,iOS,0
108528,2025-07-21,36,Нижний Новгород,iOS,0
108529,2025-08-16,34,Нижний Новгород,Android,0
108530,2025-09-19,33,Екатеринбург,Android,0
108531,2025-04-08,29,Москва,iOS,0
108532,2025-05-06,38,Санкт-Петербург,iOS,0
108533,2026-03-16,37,Москва,iOS,1
108534,2025-07-24,35,Самара,iOS,0
108535,2026-02-14,41,Нижний Новгород,Android,0
108536,2025-08-11,40,Санкт-Петербург,Android,0
108537,2026-03-29,42,Казань,Android,1
108538,2025-11-21,41,Санкт-Петербург,iOS,0
108539,2026-02-26,38,Москва,Android,0
108540,2025-07-11,30,Санкт-Петербург,Android,0
108541,2025-12-03,29,Екатеринбург,iOS,0
108542,2026-03-01,22,Нижний Новгород,iOS,0
108543,2026-03-12,41,Новосибирск,iOS,1
108544,2025-07-10,18,Санкт-Петербург,iOS,0
108545,2025-11-16,37,Самара,iOS,0
108546,2024-12-24,38,Нижний Новгород,iOS,0
108547,2025-05-14,32,Новосибирск,iOS,0
108548,2025-07-24,34,Екатеринбург,Android,0
108549,2026-04-29,39,Нижний Новгород,iOS,1
108550,2025-01-16,41,Самара,Android,0
108551,2025-09-09,46,Москва,iOS,0
108552,2025-12-26,42,Нижний Новгород,iOS,0
108553,2025-02-14,47,Новосибирск,Android,0
108554,2026-02-26,48,Самара,Android,0
108555,2025-06-01,30,Екатеринбург,Android,0
108556,2025-05-28,37,Новосибирск,iOS,0
108557,2026-03-18,43,Екатеринбург,Android,1
108558,2025-04-12,20,Москва,Android,0
108559,2025-02-09,18,Екатеринбург,iOS,0
108560,2025-02-16,55,Казань,iOS,0
108561,2026-04-15,20,Нижний Новгород,iOS,1
108562,2025-07-19,35,Самара,Android,0
108563,2025-02-05,33,Москва,iOS,0
108564,2025-04-01,44,Казань,Android,0
108565,2025-12-29,44,Екатеринбург,iOS,0
108566,2025-03-12,40,Санкт-Петербург,Android,0
108567,2025-03-01,38,Москва,iOS,0
108568,2025-08-24,27,Нижний Новгород,Android,0
108569,2025-05-02,18,Санкт-Петербург,iOS,0
108570,2026-01-28,24,Казань,Android,0
108571,2025-04-21,56,Самара,Android,0
108572,2025-02-09,39,Санкт-Петербург,iOS,0
108573,2025-06-10,30,Санкт-Петербург,Android,0
108574,2026-04-14,30,Казань,Android,1
108575,2025-06-14,28,Санкт-Петербург,iOS,0
108576,2025-12-22,40,Москва,iOS,0
108577,2025-06-26,36,Екатеринбург,Android,0
108578,2025-12-25,27,Казань,Android,0
108579,2025-06-28,31,Москва,iOS,0
108580,2026-04-28,27,Самара,Android,1
108581,2026-03-10,28,Новосибирск,Android,1
108582,2025-04-25,23,Екатеринбург,iOS,0
108583,2026-04-14,51,Екатеринбург,Android,1
108584,2025-06-17,18,Нижний Новгород,iOS,0
108585,2026-02-02,32,Москва,iOS,0
108586,2025-11-05,39,Самара,Android,0
108587,2024-12-28,48,Казань,iOS,0
108588,2025-10-27,18,Москва,iOS,0
108589,2026-04-02,34,Москва,iOS,1
108590,2025-02-22,22,Екатеринбург,Android,0
108591,2026-04-02,38,Казань,iOS,1
108592,2026-03-01,29,Новосибирск,iOS,0
108593,2025-04-24,34,Казань,iOS,0
108594,2025-10-12,41,Казань,iOS,0
108595,2025-02-15,29,Санкт-Петербург,Android,0
108596,2025-11-30,55,Екатеринбург,Android,0
108597,2026-01-04,21,Новосибирск,Android,0
108598,2025-05-08,30,Самара,iOS,0
108599,2025-03-13,43,Самара,iOS,0
108600,2026-02-28,33,Новосибирск,Android,0
108601,2025-05-06,31,Москва,iOS,0
108602,2025-04-20,37,Екатеринбург,Android,0
108603,2025-11-22,41,Санкт-Петербург,iOS,0
108604,2026-03-09,46,Нижний Новгород,iOS,1
108605,2025-02-27,28,Новосибирск,iOS,0
108606,2026-02-28,34,Казань,iOS,0
108607,2025-06-07,36,Екатеринбург,iOS,0
108608,2025-10-11,30,Новосибирск,iOS,0
108609,2026-04-11,20,Новосибирск,Android,1
108610,2025-04-30,33,Санкт-Петербург,Android,0
108611,2025-05-31,44,Самара,Android,0
108612,2025-12-20,34,Самара,iOS,0
108613,2025-05-12,35,Москва,Android,0
108614,2025-12-24,30,Новосибирск,Android,0
108615,2026-01-12,51,Екатеринбург,Android,0
108616,2025-08-29,42,Самара,Android,0
108617,2026-01-06,37,Санкт-Петербург,Android,0
108618,2025-01-25,41,Екатеринбург,Android,0
108619,2025-03-22,56,Казань,Android,0
108620,2026-04-08,22,Санкт-Петербург,Android,1
108621,2025-01-31,37,Екатеринбург,Android,0
108622,2025-08-21,52,Санкт-Петербург,iOS,0
108623,2025-04-14,21,Санкт-Петербург,iOS,0
108624,2025-10-26,45,Новосибирск,iOS,0
108625,2026-01-13,24,Нижний Новгород,iOS,0
108626,2025-12-13,18,Самара,Android,0
108627,2025-07-13,51,Санкт-Петербург,Android,0
108628,2025-06-24,30,Москва,iOS,0
108629,2025-09-17,40,Екатеринбург,Android,0
108630,2025-05-02,39,Самара,iOS,0
108631,2025-11-28,32,Екатеринбург,Android,0
108632,2025-12-05,30,Санкт-Петербург,iOS,0
108633,2025-04-28,41,Нижний Новгород,Android,0
108634,2026-03-18,18,Самара,iOS,1
108635,2025-04-15,47,Нижний Новгород,Android,0
108636,2025-11-12,46,Санкт-Петербург,Android,0
108637,2025-02-04,23,Нижний Новгород,Android,0
108638,2026-01-26,26,Екатеринбург,iOS,0
108639,2026-01-17,50,Екатеринбург,Android,0
108640,2025-11-29,43,Нижний Новгород,Android,0
108641,2026-03-25,45,Нижний Новгород,Android,1
108642,2025-08-28,43,Санкт-Петербург,iOS,0
108643,2025-10-03,32,Новосибирск,iOS,0
108644,2024-12-24,23,Новосибирск,iOS,0
108645,2025-01-14,29,Москва,Android,0
108646,2024-12-28,36,Екатеринбург,iOS,0
108647,2025-05-25,22,Казань,Android,0
108648,2025-05-30,46,Новосибирск,Android,0
108649,2025-06-09,28,Нижний Новгород,iOS,0
108650,2026-01-07,52,Нижний Новгород,iOS,0
108651,2026-02-01,36,Москва,iOS,0
108652,2025-10-02,33,Казань,iOS,0
108653,2025-08-15,36,Санкт-Петербург,Android,0
108654,2025-02-03,25,Новосибирск,iOS,0
108655,2025-07-01,24,Санкт-Петербург,Android,0
108656,2025-02-11,35,Нижний Новгород,Android,0
108657,2025-09-11,38,Самара,Android,0
108658,2025-01-12,26,Нижний Новгород,iOS,0
108659,2025-06-13,29,Новосибирск,iOS,0
108660,2026-01-08,38,Екатеринбург,Android,0
108661,2025-07-18,25,Санкт-Петербург,iOS,0
108662,2025-10-10,31,Казань,iOS,0
108663,2025-12-01,47,Екатеринбург,iOS,0
108664,2025-11-12,32,Самара,iOS,0
108665,2026-01-21,28,Санкт-Петербург,Android,0
108666,2025-05-22,36,Новосибирск,iOS,0
108667,2025-09-24,33,Санкт-Петербург,iOS,0
108668,2025-12-18,20,Казань,iOS,0
108669,2025-03-14,41,Новосибирск,Android,0
108670,2025-06-23,41,Казань,iOS,0
108671,2026-01-17,34,Казань,Android,0
108672,2025-07-11,41,Самара,iOS,0
108673,2025-10-24,40,Казань,iOS,0
108674,2025-01-02,50,Москва,iOS,0
108675,2025-12-03,27,Санкт-Петербург,Android,0
108676,2025-06-27,58,Новосибирск,iOS,0
108677,2025-06-27,35,Новосибирск,iOS,0
108678,2026-01-18,32,Екатеринбург,iOS,0
108679,2025-01-30,25,Самара,Android,0
108680,2025-02-06,20,Екатеринбург,Android,0
108681,2025-09-11,31,Самара,iOS,0
108682,2025-05-10,23,Москва,Android,0
108683,2025-09-25,33,Нижний Новгород,Android,0
108684,2025-09-02,31,Нижний Новгород,iOS,0
108685,2026-02-28,47,Екатеринбург,Android,0
108686,2025-10-02,37,Санкт-Петербург,iOS,0
108687,2025-12-05,40,Нижний Новгород,iOS,0
108688,2025-09-10,31,Казань,iOS,0
108689,2026-02-09,37,Самара,iOS,0
108690,2025-08-18,67,Санкт-Петербург,Android,0
108691,2025-05-29,39,Казань,Android,0
108692,2026-04-19,34,Екатеринбург,iOS,1
108693,2025-07-16,49,Казань,Android,0
108694,2026-02-27,44,Новосибирск,Android,0
108695,2025-12-10,31,Нижний Новгород,iOS,0
108696,2025-02-26,23,Казань,iOS,0
108697,2025-03-04,41,Санкт-Петербург,iOS,0
108698,2025-05-21,21,Екатеринбург,Android,0
108699,2025-01-19,46,Екатеринбург,Android,0
108700,2025-09-29,30,Екатеринбург,Android,0
108701,2025-12-08,18,Санкт-Петербург,iOS,0
108702,2025-02-27,42,Санкт-Петербург,Android,0
108703,2025-11-02,18,Самара,Android,0
108704,2025-04-23,33,Новосибирск,Android,0
108705,2025-12-04,18,Казань,Android,0
108706,2024-12-18,31,Казань,iOS,0
108707,2026-02-03,33,Санкт-Петербург,Android,0
108708,2025-06-18,52,Самара,iOS,0
108709,2025-01-10,48,Новосибирск,Android,0
108710,2026-03-05,49,Москва,iOS,1
108711,2026-01-02,29,Екатеринбург,iOS,0
108712,2025-04-17,25,Новосибирск,Android,0
108713,2025-05-15,39,Новосибирск,iOS,0
108714,2025-08-03,44,Нижний Новгород,Android,0
108715,2025-06-16,30,Самара,iOS,0
108716,2025-05-04,33,Нижний Новгород,Android,0
108717,2025-11-08,30,Москва,iOS,0
108718,2025-04-05,40,Новосибирск,Android,0
108719,2025-01-25,31,Екатеринбург,iOS,0
108720,2024-12-25,54,Санкт-Петербург,iOS,0
108721,2025-08-29,32,Самара,iOS,0
108722,2026-04-24,33,Санкт-Петербург,Android,1
108723,2025-06-18,18,Москва,iOS,0
108724,2025-10-09,18,Нижний Новгород,Android,0
108725,2026-04-08,30,Нижний Новгород,Android,1
108726,2025-06-16,29,Екатеринбург,Android,0
108727,2026-01-16,29,Казань,Android,0
108728,2025-10-14,40,Новосибирск,Android,0
108729,2025-04-13,49,Санкт-Петербург,Android,0
108730,2024-12-30,27,Санкт-Петербург,Android,0
108731,2026-04-27,32,Самара,Android,1
108732,2025-03-20,18,Самара,Android,0
108733,2025-06-24,18,Нижний Новгород,Android,0
108734,2025-11-12,38,Казань,Android,0
108735,2025-04-26,35,Самара,Android,0
108736,2026-01-08,24,Екатеринбург,iOS,0
108737,2026-04-08,37,Москва,iOS,1
108738,2025-01-08,38,Москва,iOS,0
108739,2025-05-20,31,Самара,Android,0
108740,2026-01-08,30,Екатеринбург,Android,0
108741,2026-03-12,24,Новосибирск,iOS,1
108742,2025-01-30,35,Санкт-Петербург,iOS,0
108743,2025-10-16,35,Екатеринбург,iOS,0
108744,2026-01-20,20,Москва,Android,0
108745,2025-10-30,55,Самара,Android,0
108746,2025-10-11,36,Казань,iOS,0
108747,2025-02-21,29,Казань,Android,0
108748,2025-01-03,23,Екатеринбург,Android,0
108749,2025-02-10,18,Нижний Новгород,iOS,0
108750,2025-04-04,27,Казань,Android,0
108751,2026-03-31,24,Санкт-Петербург,Android,1
108752,2025-06-10,46,Казань,iOS,0
108753,2026-01-23,46,Москва,Android,0
108754,2026-03-29,36,Самара,Android,1
108755,2026-02-25,30,Казань,Android,0
108756,2026-02-26,31,Екатеринбург,Android,0
108757,2025-07-24,44,Самара,Android,0
108758,2025-09-03,56,Нижний Новгород,iOS,0
108759,2026-02-28,38,Екатеринбург,iOS,0
108760,2025-06-23,44,Новосибирск,iOS,0
108761,2026-04-16,41,Екатеринбург,iOS,1
108762,2025-07-10,55,Москва,iOS,0
108763,2025-02-14,39,Нижний Новгород,Android,0
108764,2025-05-10,39,Самара,Android,0
108765,2026-04-10,31,Самара,Android,1
108766,2025-08-10,39,Новосибирск,Android,0
108767,2025-10-02,39,Самара,Android,0
108768,2025-01-01,24,Новосибирск,Android,0
108769,2025-05-31,38,Санкт-Петербург,Android,0
108770,2025-03-08,30,Новосибирск,iOS,0
108771,2025-02-04,18,Екатеринбург,Android,0
108772,2025-11-18,35,Казань,Android,0
108773,2025-12-01,36,Самара,iOS,0
108774,2025-03-28,46,Новосибирск,iOS,0
108775,2025-09-05,49,Казань,Android,0
108776,2024-12-20,37,Екатеринбург,iOS,0
108777,2025-12-05,38,Нижний Новгород,iOS,0
108778,2025-08-18,51,Москва,Android,0
108779,2026-04-13,33,Нижний Новгород,Android,1
108780,2024-12-29,26,Новосибирск,iOS,0
108781,2025-10-29,39,Санкт-Петербург,iOS,0
108782,2025-09-08,39,Екатеринбург,Android,0
108783,2026-01-10,32,Екатеринбург,iOS,0
108784,2025-07-26,30,Новосибирск,iOS,0
108785,2025-12-30,33,Екатеринбург,iOS,0
108786,2025-07-29,23,Новосибирск,Android,0
108787,2025-07-03,39,Екатеринбург,iOS,0
108788,2025-12-27,30,Екатеринбург,iOS,0
108789,2025-01-23,50,Нижний Новгород,Android,0
108790,2025-06-26,18,Новосибирск,Android,0
108791,2026-05-01,56,Самара,Android,1
108792,2025-12-24,28,Самара,Android,0
108793,2025-04-04,29,Самара,Android,0
108794,2024-12-23,58,Москва,Android,0
108795,2025-11-20,24,Казань,iOS,0
108796,2026-04-11,33,Новосибирск,Android,1
108797,2025-12-11,37,Самара,iOS,0
108798,2025-11-04,18,Москва,Android,0
108799,2025-06-20,35,Казань,iOS,0
108800,2025-08-11,39,Новосибирск,iOS,0
108801,2025-12-29,19,Новосибирск,iOS,0
108802,2025-09-04,18,Москва,iOS,0
108803,2025-11-13,52,Новосибирск,iOS,0
108804,2025-06-18,29,Санкт-Петербург,Android,0
108805,2026-04-13,37,Новосибирск,iOS,1
108806,2025-12-18,48,Москва,Android,0
108807,2025-02-16,37,Новосибирск,Android,0
108808,2025-04-01,26,Екатеринбург,iOS,0
108809,2025-04-27,42,Екатеринбург,iOS,0
108810,2025-08-14,29,Нижний Новгород,Android,0
108811,2025-04-04,21,Нижний Новгород,iOS,0
108812,2025-02-18,41,Самара,Android,0
108813,2025-02-28,32,Москва,iOS,0
108814,2025-09-20,38,Нижний Новгород,iOS,0
108815,2025-06-21,24,Казань,iOS,0
108816,2024-12-27,34,Нижний Новгород,Android,0
108817,2026-02-18,47,Новосибирск,Android,0
108818,2026-04-05,34,Санкт-Петербург,Android,1
108819,2025-10-08,38,Казань,iOS,0
108820,2025-05-16,34,Санкт-Петербург,iOS,0
108821,2025-01-31,43,Санкт-Петербург,Android,0
108822,2025-08-22,36,Новосибирск,iOS,0
108823,2026-01-16,42,Екатеринбург,Android,0
108824,2026-04-20,19,Новосибирск,Android,1
108825,2025-10-31,40,Самара,iOS,0
108826,2025-10-31,32,Нижний Новгород,Android,0
108827,2025-01-28,39,Самара,iOS,0
108828,2025-02-05,36,Екатеринбург,iOS,0
108829,2025-07-16,35,Москва,iOS,0
108830,2025-06-25,44,Нижний Новгород,iOS,0
108831,2026-04-06,42,Москва,iOS,1
108832,2025-12-25,54,Самара,iOS,0
108833,2025-05-21,34,Самара,iOS,0
108834,2025-05-27,50,Казань,Android,0
108835,2025-09-22,28,Новосибирск,iOS,0
108836,2025-03-03,27,Санкт-Петербург,iOS,0
108837,2025-01-11,39,Москва,Android,0
108838,2025-05-07,39,Нижний Новгород,Android,0
108839,2025-06-23,38,Санкт-Петербург,iOS,0
108840,2025-07-02,43,Казань,iOS,0
108841,2025-10-24,24,Екатеринбург,Android,0
108842,2025-04-28,35,Самара,iOS,0
108843,2025-11-21,57,Санкт-Петербург,Android,0
108844,2026-01-02,38,Москва,Android,0
108845,2025-08-04,25,Санкт-Петербург,iOS,0
108846,2025-03-26,22,Екатеринбург,iOS,0
108847,2026-02-07,35,Санкт-Петербург,iOS,0
108848,2025-06-27,24,Нижний Новгород,iOS,0
108849,2025-01-29,28,Нижний Новгород,iOS,0
108850,2025-12-22,24,Санкт-Петербург,iOS,0
108851,2025-08-13,30,Нижний Новгород,Android,0
108852,2025-10-12,22,Казань,Android,0
108853,2026-01-15,31,Нижний Новгород,Android,0
108854,2026-04-09,34,Новосибирск,Android,1
108855,2026-03-16,22,Казань,iOS,1
108856,2025-10-18,18,Нижний Новгород,iOS,0
108857,2025-08-22,35,Екатеринбург,Android,0
108858,2025-08-05,36,Новосибирск,iOS,0
108859,2025-08-08,30,Москва,Android,0
108860,2025-05-11,38,Санкт-Петербург,Android,0
108861,2025-08-14,30,Новосибирск,iOS,0
108862,2025-07-11,59,Самара,Android,0
108863,2026-02-14,41,Нижний Новгород,iOS,0
108864,2025-04-09,29,Казань,Android,0
108865,2025-09-28,43,Новосибирск,iOS,0
108866,2025-06-09,32,Новосибирск,iOS,0
108867,2025-07-23,18,Нижний Новгород,Android,0
108868,2026-04-21,18,Новосибирск,iOS,1
108869,2025-08-15,22,Санкт-Петербург,iOS,0
108870,2025-06-14,49,Екатеринбург,Android,0
108871,2025-12-05,45,Новосибирск,Android,0
108872,2025-06-27,24,Москва,iOS,0
108873,2025-01-27,23,Санкт-Петербург,iOS,0
108874,2025-06-16,40,Казань,iOS,0
108875,2026-03-01,39,Санкт-Петербург,iOS,0
108876,2025-11-27,40,Казань,Android,0
108877,2025-06-28,42,Самара,Android,0
108878,2025-11-12,49,Санкт-Петербург,Android,0
108879,2026-01-04,27,Санкт-Петербург,iOS,0
108880,2025-01-24,34,Казань,iOS,0
108881,2025-01-28,40,Новосибирск,Android,0
108882,2025-04-08,30,Санкт-Петербург,iOS,0
108883,2025-05-04,40,Казань,Android,0
108884,2025-01-17,29,Санкт-Петербург,iOS,0
108885,2025-12-08,28,Самара,iOS,0
108886,2025-01-19,33,Санкт-Петербург,Android,0
108887,2026-04-10,41,Казань,iOS,1
108888,2024-12-20,18,Москва,Android,0
108889,2025-08-12,30,Екатеринбург,Android,0
108890,2025-07-17,50,Казань,Android,0
108891,2025-07-16,39,Новосибирск,Android,0
108892,2025-02-16,35,Санкт-Петербург,iOS,0
108893,2025-04-29,33,Самара,Android,0
108894,2025-02-14,30,Нижний Новгород,Android,0
108895,2026-01-13,20,Нижний Новгород,Android,0
108896,2025-05-04,28,Санкт-Петербург,Android,0
108897,2025-07-03,50,Екатеринбург,Android,0
108898,2025-06-27,31,Екатеринбург,Android,0
108899,2025-02-14,23,Нижний Новгород,Android,0
108900,2026-01-13,34,Казань,iOS,0
108901,2025-11-13,37,Казань,Android,0
108902,2025-07-09,44,Самара,Android,0
108903,2026-03-01,24,Екатеринбург,Android,0
108904,2025-10-05,37,Самара,iOS,0
108905,2025-01-03,43,Самара,iOS,0
108906,2024-12-18,23,Самара,Android,0
108907,2025-01-05,18,Санкт-Петербург,Android,0
108908,2025-06-27,18,Новосибирск,iOS,0
108909,2025-09-07,50,Санкт-Петербург,iOS,0
108910,2025-03-30,33,Нижний Новгород,iOS,0
108911,2025-01-19,22,Санкт-Петербург,Android,0
108912,2026-03-18,22,Самара,Android,1
108913,2026-02-02,33,Казань,Android,0
108914,2024-12-30,25,Новосибирск,Android,0
108915,2025-02-02,52,Самара,Android,0
108916,2025-03-03,39,Новосибирск,iOS,0
108917,2025-03-29,21,Самара,Android,0
108918,2025-10-20,40,Новосибирск,Android,0
108919,2025-06-03,38,Новосибирск,iOS,0
108920,2025-05-10,51,Екатеринбург,Android,0
108921,2026-04-01,46,Нижний Новгород,Android,1
108922,2026-01-01,21,Санкт-Петербург,iOS,0
108923,2024-12-31,40,Новосибирск,iOS,0
108924,2026-03-16,36,Казань,iOS,1
108925,2025-05-18,42,Казань,Android,0
108926,2025-12-15,36,Санкт-Петербург,iOS,0
108927,2025-07-22,37,Екатеринбург,iOS,0
108928,2026-01-12,39,Екатеринбург,Android,0
108929,2025-01-22,24,Екатеринбург,iOS,0
108930,2026-02-07,31,Самара,Android,0
108931,2025-10-18,31,Самара,iOS,0
108932,2025-08-05,48,Нижний Новгород,iOS,0
108933,2026-03-01,42,Самара,iOS,0
108934,2025-06-21,39,Казань,iOS,0
108935,2025-03-22,32,Москва,iOS,0
108936,2025-04-07,26,Казань,iOS,0
108937,2025-04-21,28,Екатеринбург,Android,0
108938,2025-07-12,41,Екатеринбург,Android,0
108939,2026-01-10,42,Москва,iOS,0
108940,2025-04-08,26,Нижний Новгород,iOS,0
108941,2025-03-12,27,Казань,iOS,0
108942,2025-03-12,52,Санкт-Петербург,Android,0
108943,2025-02-09,29,Казань,Android,0
108944,2025-03-08,32,Екатеринбург,iOS,0
108945,2025-08-25,35,Нижний Новгород,iOS,0
108946,2025-06-28,32,Казань,Android,0
108947,2026-02-09,33,Екатеринбург,iOS,0
108948,2024-12-27,23,Самара,Android,0
108949,2025-02-06,31,Екатеринбург,Android,0
108950,2025-08-07,46,Москва,Android,0
108951,2024-12-18,37,Казань,Android,0
108952,2025-08-10,47,Санкт-Петербург,iOS,0
108953,2025-08-21,47,Екатеринбург,Android,0
108954,2025-06-23,32,Казань,iOS,0
108955,2025-12-22,28,Москва,Android,0
108956,2025-09-17,35,Новосибирск,Android,0
108957,2026-01-06,18,Нижний Новгород,iOS,0
108958,2026-03-09,46,Нижний Новгород,Android,1
108959,2025-04-09,35,Новосибирск,Android,0
108960,2025-02-04,56,Самара,iOS,0
108961,2025-05-01,27,Новосибирск,iOS,0
108962,2025-06-29,25,Новосибирск,Android,0
108963,2025-11-18,24,Нижний Новгород,iOS,0
108964,2025-12-16,33,Самара,iOS,0
108965,2025-06-03,42,Самара,iOS,0
108966,2025-09-22,39,Самара,Android,0
108967,2025-02-08,50,Нижний Новгород,iOS,0
108968,2025-10-23,40,Екатеринбург,Android,0
108969,2025-01-08,26,Самара,Android,0
108970,2025-04-14,27,Самара,Android,0
108971,2026-04-24,38,Новосибирск,Android,1
108972,2025-01-11,39,Казань,Android,0
108973,2025-11-17,35,Казань,Android,0
108974,2026-02-20,43,,Android,0
108975,2024-12-28,48,Новосибирск,iOS,0
108976,2026-02-24,34,Нижний Новгород,Android,0
108977,2025-02-09,30,Екатеринбург,Android,0
108978,2025-07-01,20,Новосибирск,iOS,0
108979,2025-07-08,41,Новосибирск,iOS,0
108980,2025-08-20,38,Санкт-Петербург,Android,0
108981,2025-05-17,28,Казань,iOS,0
108982,2025-05-08,51,Казань,iOS,0
108983,2025-05-28,23,Екатеринбург,Android,0
108984,2026-03-08,23,Санкт-Петербург,iOS,1
108985,2025-01-04,24,Москва,Android,0
108986,2025-12-09,39,Новосибирск,Android,0
108987,2025-02-01,25,Казань,iOS,0
108988,2025-06-28,27,Казань,iOS,0
108989,2025-09-23,25,Москва,Android,0
108990,2025-12-07,37,Казань,iOS,0
108991,2025-08-20,30,Москва,Android,0
108992,2026-03-25,35,Казань,Android,1
108993,2026-01-07,27,Москва,Android,0
108994,2026-03-29,31,Новосибирск,iOS,1
108995,2025-08-31,30,Новосибирск,Android,0
108996,2025-10-18,21,Санкт-Петербург,iOS,0
108997,2026-03-04,42,Нижний Новгород,Android,1
108998,2025-01-16,33,Нижний Новгород,iOS,0
108999,2024-12-17,42,Новосибирск,iOS,0
109000,2026-03-12,37,Москва,Android,1
109001,2025-05-07,42,Москва,Android,0
109002,2025-08-09,46,Казань,Android,0
109003,2025-06-30,18,Санкт-Петербург,iOS,0
109004,2025-01-08,18,Екатеринбург,Android,0
109005,2026-02-28,38,Казань,Android,0
109006,2025-03-30,36,Москва,iOS,0
109007,2025-01-07,26,Самара,iOS,0
109008,2026-01-25,28,Нижний Новгород,iOS,0
109009,2025-03-27,39,Самара,Android,0
109010,2025-03-24,59,Нижний Новгород,Android,0
109011,2025-07-21,46,Казань,iOS,0
109012,2025-10-19,25,Казань,Android,0
109013,2025-01-05,33,Санкт-Петербург,Android,0
109014,2026-01-16,39,Санкт-Петербург,iOS,0
109015,2026-04-29,51,Нижний Новгород,Android,1
109016,2025-03-10,44,Новосибирск,Android,0
109017,2025-08-21,33,Новосибирск,iOS,0
109018,2025-10-28,23,Екатеринбург,Android,0
109019,2025-06-29,38,Москва,iOS,0
109020,2025-04-22,46,Казань,iOS,0
109021,2025-07-10,23,Самара,Android,0
109022,2025-07-02,25,Нижний Новгород,Android,0
109023,2026-03-11,30,Казань,Android,1
109024,2025-06-04,33,Нижний Новгород,iOS,0
109025,2026-01-01,20,Новосибирск,iOS,0
109026,2024-12-18,31,Новосибирск,Android,0
109027,2025-01-30,43,Казань,Android,0
109028,2025-08-23,27,Самара,Android,0
109029,2025-07-11,39,Новосибирск,Android,0
109030,2025-03-21,34,Екатеринбург,iOS,0
109031,2026-02-09,31,Нижний Новгород,Android,0
109032,2025-04-16,41,Казань,Android,0
109033,2025-03-15,31,Нижний Новгород,Android,0
109034,2025-08-14,30,Нижний Новгород,iOS,0
109035,2026-04-04,29,Санкт-Петербург,Android,1
109036,2025-07-26,25,Санкт-Петербург,Android,0
109037,2025-05-12,18,Санкт-Петербург,Android,0
109038,2026-03-30,31,Новосибирск,iOS,1
109039,2026-04-28,24,Самара,Android,1
109040,2025-04-05,26,Самара,Android,0
109041,2025-08-31,41,Новосибирск,Android,0
109042,2025-02-01,47,Нижний Новгород,iOS,0
109043,2025-07-08,35,Нижний Новгород,Android,0
109044,2026-02-01,34,Новосибирск,iOS,0
109045,2026-01-21,26,Самара,Android,0
109046,2025-04-12,25,Санкт-Петербург,Android,0
109047,2026-04-07,26,Москва,Android,1
109048,2025-05-22,30,Санкт-Петербург,iOS,0
109049,2025-06-18,28,Москва,Android,0
109050,2025-11-11,27,Санкт-Петербург,iOS,0
109051,2025-06-08,32,Новосибирск,Android,0
109052,2025-05-15,32,Екатеринбург,Android,0
109053,2026-01-17,28,Казань,iOS,0
109054,2025-12-14,23,Новосибирск,iOS,0
109055,2024-12-31,51,Санкт-Петербург,iOS,0
109056,2026-04-29,60,Казань,iOS,1
109057,2025-08-26,34,Самара,iOS,0
109058,2026-01-28,27,Екатеринбург,iOS,0
109059,2025-07-19,45,Казань,Android,0
109060,2026-03-24,38,Нижний Новгород,iOS,1
109061,2025-05-27,41,Новосибирск,Android,0
109062,2026-01-08,37,Екатеринбург,iOS,0
109063,2026-03-28,28,Москва,iOS,1
109064,2026-04-09,44,Москва,Android,1
109065,2025-01-22,36,Самара,Android,0
109066,2025-06-18,38,Екатеринбург,Android,0
109067,2025-11-13,20,Нижний Новгород,iOS,0
109068,2025-12-14,43,Москва,Android,0
109069,2025-01-31,29,Новосибирск,iOS,0
109070,2025-01-09,41,Казань,Android,0
109071,2026-02-07,43,Санкт-Петербург,iOS,0
109072,2025-04-14,38,Казань,iOS,0
109073,2025-03-30,33,Новосибирск,Android,0
109074,2024-12-26,36,Екатеринбург,Android,0
109075,2025-08-03,37,Санкт-Петербург,Android,0
109076,2025-01-23,34,Новосибирск,Android,0
109077,2025-03-01,45,Санкт-Петербург,Android,0
109078,2025-01-03,22,Екатеринбург,Android,0
109079,2025-12-08,31,Самара,iOS,0
109080,2025-05-27,45,Новосибирск,iOS,0
109081,2025-02-27,40,Самара,Android,0
109082,2026-01-27,41,Санкт-Петербург,Android,0
109083,2025-02-04,40,Санкт-Петербург,Android,0
109084,2025-08-31,35,Москва,iOS,0
109085,2026-03-13,34,Самара,Android,1
109086,2026-01-24,39,Екатеринбург,iOS,0
109087,2025-11-08,41,Санкт-Петербург,iOS,0
109088,2025-09-09,37,Самара,Android,0
109089,2025-01-27,22,Новосибирск,iOS,0
109090,2025-05-16,38,Казань,iOS,0
109091,2025-08-28,39,Самара,Android,0
109092,2026-04-13,40,Москва,Android,1
109093,2025-04-02,40,Казань,iOS,0
109094,2026-01-17,47,Самара,Android,0
109095,2025-03-08,34,Казань,Android,0
109096,2025-02-20,34,Казань,Android,0
109097,2026-02-07,28,Санкт-Петербург,iOS,0
109098,2025-09-18,48,Самара,Android,0
109099,2026-01-04,30,Самара,Android,0
109100,2025-01-11,40,Самара,Android,0
109101,2025-01-04,44,Новосибирск,iOS,0
109102,2026-04-02,25,Санкт-Петербург,Android,1
109103,2025-07-30,36,Казань,Android,0
109104,2024-12-18,20,Новосибирск,iOS,0
109105,2026-02-17,39,Самара,iOS,0
109106,2026-04-28,36,Новосибирск,Android,1
109107,2025-01-28,24,Санкт-Петербург,iOS,0
109108,2025-12-31,18,Самара,iOS,0
109109,2025-10-24,59,Казань,iOS,0
109110,2026-04-28,39,Самара,iOS,1
109111,2025-04-29,18,Новосибирск,iOS,0
109112,2025-08-04,30,Новосибирск,Android,0
109113,2025-10-14,33,Нижний Новгород,Android,0
109114,2025-02-13,24,Самара,iOS,0
109115,2025-03-04,35,Екатеринбург,iOS,0
109116,2026-01-21,43,Москва,iOS,0
109117,2025-02-18,42,Санкт-Петербург,Android,0
109118,2025-04-26,40,Новосибирск,iOS,0
109119,2025-07-15,21,Самара,iOS,0
109120,2026-01-27,29,Новосибирск,Android,0
109121,2025-12-03,49,Казань,Android,0
109122,2025-11-16,18,Москва,Android,0
109123,2026-02-15,33,Самара,Android,0
109124,2025-01-12,29,Санкт-Петербург,iOS,0
109125,2025-04-01,40,Москва,iOS,0
109126,2026-03-07,33,Новосибирск,Android,1
109127,2025-07-22,28,Казань,iOS,0
109128,2025-03-02,37,Екатеринбург,iOS,0
109129,2025-05-07,27,Нижний Новгород,iOS,0
109130,2025-12-15,36,Самара,Android,0
109131,2025-09-22,30,Новосибирск,iOS,0
109132,2025-04-28,31,Казань,iOS,0
109133,2026-04-03,32,Нижний Новгород,iOS,1
109134,2025-03-26,33,Самара,Android,0
109135,2025-03-04,38,Самара,Android,0
109136,2025-08-21,38,Москва,Android,0
109137,2025-02-07,38,Самара,iOS,0
109138,2026-02-19,49,Санкт-Петербург,Android,0
109139,2025-11-18,40,Москва,Android,0
109140,2026-04-24,44,Санкт-Петербург,Android,1
109141,2025-05-26,31,Новосибирск,Android,0
109142,2025-05-20,32,Самара,iOS,0
109143,2026-03-16,27,Екатеринбург,Android,1
109144,2025-09-19,26,Самара,iOS,0
109145,2025-12-22,18,Санкт-Петербург,iOS,0
109146,2024-12-27,49,Санкт-Петербург,Android,0
109147,2026-01-29,40,Москва,Android,0
109148,2025-02-22,26,Санкт-Петербург,Android,0
109149,2025-08-17,41,Санкт-Петербург,iOS,0
109150,2025-08-11,30,Екатеринбург,Android,0
109151,2026-03-19,18,Санкт-Петербург,iOS,1
109152,2025-05-22,28,Казань,iOS,0
109153,2025-09-28,22,Самара,Android,0
109154,2025-11-11,24,Екатеринбург,iOS,0
109155,2026-04-19,34,Самара,iOS,1
109156,2024-12-31,46,Казань,Android,0
109157,2024-12-20,37,Москва,Android,0
109158,2025-02-02,38,Санкт-Петербург,iOS,0
109159,2025-10-24,43,Нижний Новгород,Android,0
109160,2025-06-02,18,Самара,iOS,0
109161,2026-04-15,29,Новосибирск,iOS,1
109162,2026-03-04,42,Новосибирск,iOS,1
109163,2025-05-27,51,Екатеринбург,Android,0
109164,2025-04-16,20,Санкт-Петербург,iOS,0
109165,2025-01-09,43,Новосибирск,Android,0
109166,2025-12-17,32,Санкт-Петербург,Android,0
109167,2025-09-08,49,Москва,Android,0
109168,2025-01-19,24,Нижний Новгород,iOS,0
109169,2025-09-13,28,Екатеринбург,iOS,0
109170,2025-10-27,27,Новосибирск,iOS,0
109171,2025-11-29,54,Екатеринбург,iOS,0
109172,2026-04-20,33,Казань,iOS,1
109173,2025-05-24,37,Санкт-Петербург,Android,0
109174,2025-09-17,24,Нижний Новгород,iOS,0
109175,2025-11-01,37,Екатеринбург,Android,0
109176,2025-01-14,18,Москва,iOS,0
109177,2025-09-08,40,Казань,Android,0
109178,2025-05-09,30,Москва,iOS,0
109179,2025-02-18,24,Москва,iOS,0
109180,2026-03-01,44,Самара,Android,0
109181,2026-03-25,37,Казань,Android,1
109182,2025-03-19,49,Нижний Новгород,iOS,0
109183,2025-12-09,33,Новосибирск,iOS,0
109184,2025-11-13,43,Нижний Новгород,Android,0
109185,2025-03-21,22,Москва,Android,0
109186,2024-12-18,19,Новосибирск,iOS,0
109187,2025-08-08,35,Москва,Android,0
109188,2025-02-06,54,Санкт-Петербург,Android,0
109189,2025-02-09,44,Москва,Android,0
109190,2025-05-13,52,Санкт-Петербург,iOS,0
109191,2025-07-16,32,Санкт-Петербург,iOS,0
109192,2025-02-27,44,Санкт-Петербург,Android,0
109193,2026-01-21,40,Санкт-Петербург,iOS,0
109194,2025-01-22,22,Екатеринбург,iOS,0
109195,2025-11-05,27,Санкт-Петербург,iOS,0
109196,2026-01-31,41,Новосибирск,Android,0
109197,2025-08-04,34,Москва,Android,0
109198,2025-07-25,47,Москва,iOS,0
109199,2025-09-04,47,Самара,Android,0
109200,2025-11-25,40,Екатеринбург,iOS,0
109201,2025-05-26,18,Екатеринбург,Android,0
109202,2025-03-25,37,Новосибирск,Android,0
109203,2024-12-31,27,Казань,Android,0
109204,2025-11-06,19,Санкт-Петербург,Android,0
109205,2025-07-21,32,Санкт-Петербург,iOS,0
109206,2026-01-24,28,Самара,iOS,0
109207,2026-04-12,18,Самара,iOS,1
109208,2025-11-13,30,Новосибирск,Android,0
109209,2025-01-03,41,Екатеринбург,Android,0
109210,2026-01-20,48,Самара,Android,0
109211,2024-12-27,23,Санкт-Петербург,iOS,0
109212,2025-05-18,37,Санкт-Петербург,iOS,0
109213,2026-02-22,32,Нижний Новгород,Android,0
109214,2025-01-13,43,Казань,Android,0
109215,2025-12-31,40,Новосибирск,Android,0
109216,2025-03-27,32,Самара,Android,0
109217,2025-08-11,23,Новосибирск,iOS,0
109218,2025-05-31,18,Казань,Android,0
109219,2025-12-05,33,Москва,Android,0
109220,2026-03-04,26,Нижний Новгород,Android,1
109221,2025-06-07,35,Санкт-Петербург,iOS,0
109222,2025-04-05,36,Нижний Новгород,iOS,0
109223,2025-06-17,36,Самара,Android,0
109224,2025-07-24,43,Самара,Android,0
109225,2025-01-24,55,Казань,iOS,0
109226,2025-09-01,54,Екатеринбург,iOS,0
109227,2025-06-16,30,Санкт-Петербург,iOS,0
109228,2025-05-15,23,Самара,Android,0
109229,2026-04-13,33,Казань,Android,1
109230,2025-11-03,18,Новосибирск,iOS,0
109231,2025-09-08,36,Новосибирск,Android,0
109232,2026-04-11,25,Казань,Android,1
109233,2025-01-17,24,Казань,Android,0
109234,2026-01-01,51,Казань,iOS,0
109235,2026-01-31,37,Санкт-Петербург,iOS,0
109236,2025-01-12,29,Нижний Новгород,iOS,0
109237,2024-12-17,52,Москва,iOS,0
109238,2025-09-01,21,Нижний Новгород,Android,0
109239,2025-04-30,51,Самара,iOS,0
109240,2025-08-12,42,Екатеринбург,Android,0
109241,2025-09-20,42,Нижний Новгород,Android,0
109242,2025-04-06,36,Новосибирск,Android,0
109243,2025-12-21,38,Санкт-Петербург,Android,0
109244,2025-07-31,31,Самара,Android,0
109245,2025-01-18,23,Новосибирск,Android,0
109246,2026-04-22,21,Санкт-Петербург,iOS,1
109247,2025-02-09,53,Новосибирск,iOS,0
109248,2025-09-05,29,Новосибирск,Android,0
109249,2025-06-09,28,Нижний Новгород,Android,0
109250,2025-12-18,48,Казань,Android,0
109251,2025-12-14,26,Казань,iOS,0
109252,2025-07-02,32,Новосибирск,Android,0
109253,2025-09-11,21,Санкт-Петербург,Android,0
109254,2026-04-08,36,Новосибирск,iOS,1
109255,2025-02-24,18,Санкт-Петербург,iOS,0
109256,2025-02-09,20,Нижний Новгород,iOS,0
109257,2025-11-20,34,Казань,Android,0
109258,2025-08-23,26,Самара,Android,0
109259,2026-02-07,48,Москва,Android,0
109260,2025-06-23,48,Санкт-Петербург,iOS,0
109261,2026-01-13,37,Москва,Android,0
109262,2026-03-13,33,Нижний Новгород,Android,1
109263,2025-11-26,18,Нижний Новгород,Android,0
109264,2025-07-21,37,Санкт-Петербург,Android,0
109265,2025-09-02,44,Новосибирск,Android,0
109266,2025-09-17,33,Новосибирск,Android,0
109267,2026-02-14,38,Новосибирск,iOS,0
109268,2025-02-03,22,Казань,iOS,0
109269,2025-05-18,60,Казань,iOS,0
109270,2024-12-17,40,Казань,iOS,0
109271,2025-10-11,37,Казань,Android,0
109272,2025-09-11,43,Казань,iOS,0
109273,2025-12-11,28,Санкт-Петербург,Android,0
109274,2025-03-24,18,Самара,Android,0
109275,2025-04-08,21,Казань,Android,0
109276,2025-01-01,40,Самара,Android,0
109277,2025-08-25,45,Москва,Android,0
109278,2025-04-10,32,Санкт-Петербург,iOS,0
109279,2026-04-13,18,Новосибирск,iOS,1
109280,2025-11-24,27,Москва,iOS,0
109281,2025-07-03,42,Нижний Новгород,iOS,0
109282,2025-01-04,26,Новосибирск,iOS,0
109283,2025-02-05,43,Екатеринбург,Android,0
109284,2025-04-12,36,Санкт-Петербург,iOS,0
109285,2026-04-28,26,Екатеринбург,iOS,1
109286,2026-01-14,18,Новосибирск,iOS,0
109287,2025-01-11,32,Казань,iOS,0
109288,2025-11-26,56,Екатеринбург,Android,0
109289,2025-09-29,21,Казань,Android,0
109290,2026-01-29,29,Казань,Android,0
109291,2025-01-09,33,Екатеринбург,Android,0
109292,2025-04-17,34,Екатеринбург,iOS,0
109293,2025-06-18,35,Казань,Android,0
109294,2025-04-25,31,Москва,Android,0
109295,2025-04-05,25,Москва,Android,0
109296,2025-04-14,44,Казань,Android,0
109297,2026-01-25,32,Санкт-Петербург,Android,0
109298,2025-02-01,34,Санкт-Петербург,iOS,0
109299,2026-01-16,34,Нижний Новгород,Android,0
109300,2026-01-31,31,Санкт-Петербург,iOS,0
109301,2026-01-01,39,Нижний Новгород,Android,0
109302,2026-02-22,41,Нижний Новгород,iOS,0
109303,2025-12-29,30,Казань,Android,0
109304,2025-08-10,36,Санкт-Петербург,iOS,0
109305,2026-04-19,34,Нижний Новгород,iOS,1
109306,2025-12-04,28,Нижний Новгород,Android,0
109307,2024-12-27,32,Москва,iOS,0
109308,2025-10-05,28,Самара,Android,0
109309,2025-03-03,43,Екатеринбург,Android,0
109310,2026-01-06,25,Санкт-Петербург,Android,0
109311,2025-10-31,44,Нижний Новгород,iOS,0
109312,2025-04-25,40,Самара,iOS,0
109313,2025-03-04,25,Екатеринбург,Android,0
109314,2026-04-16,44,Санкт-Петербург,iOS,1
109315,2025-06-28,44,Москва,Android,0
109316,2025-09-27,39,Казань,iOS,0
109317,2025-01-17,34,Санкт-Петербург,Android,0
109318,2025-05-14,39,Новосибирск,iOS,0
109319,2025-02-18,26,Казань,iOS,0
109320,2026-02-26,23,Екатеринбург,Android,0
109321,2025-06-14,38,Нижний Новгород,iOS,0
109322,2025-03-09,32,Нижний Новгород,iOS,0
109323,2026-02-08,18,Екатеринбург,Android,0
109324,2025-04-19,30,Санкт-Петербург,Android,0
109325,2026-02-24,49,Москва,iOS,0
109326,2025-05-17,43,Санкт-Петербург,iOS,0
109327,2026-04-15,38,Нижний Новгород,Android,1
109328,2025-11-11,35,Нижний Новгород,iOS,0
109329,2025-04-05,41,Казань,iOS,0
109330,2025-04-24,25,Нижний Новгород,Android,0
109331,2025-05-24,27,Новосибирск,Android,0
109332,2026-02-01,22,Екатеринбург,Android,0
109333,2026-03-13,38,Екатеринбург,iOS,1
109334,2025-07-15,20,Новосибирск,iOS,0
109335,2025-08-11,47,Екатеринбург,Android,0
109336,2026-01-26,44,Нижний Новгород,iOS,0
109337,2025-09-18,28,Самара,Android,0
109338,2025-07-04,30,Казань,Android,0
109339,2025-05-19,42,Санкт-Петербург,Android,0
109340,2026-04-25,18,Самара,Android,1
109341,2025-07-17,50,Нижний Новгород,iOS,0
109342,2025-12-11,32,Екатеринбург,iOS,0
109343,2025-06-02,46,Москва,iOS,0
109344,2025-10-08,18,Екатеринбург,Android,0
109345,2025-08-18,32,Самара,iOS,0
109346,2025-05-01,34,Казань,iOS,0
109347,2025-04-21,27,Самара,Android,0
109348,2025-08-14,48,Нижний Новгород,Android,0
109349,2025-10-20,38,Новосибирск,iOS,0
109350,2025-07-29,46,Нижний Новгород,Android,0
109351,2025-07-23,36,Екатеринбург,Android,0
109352,2025-12-12,18,Казань,iOS,0
109353,2025-10-10,34,Самара,Android,0
109354,2025-10-01,48,Новосибирск,iOS,0
109355,2025-04-01,42,Екатеринбург,iOS,0
109356,2025-03-27,39,Санкт-Петербург,iOS,0
109357,2025-09-06,43,Новосибирск,iOS,0
109358,2026-04-27,44,Санкт-Петербург,Android,1
109359,2024-12-21,37,Екатеринбург,iOS,0
109360,2025-10-11,50,Москва,Android,0
109361,2025-08-29,42,Екатеринбург,iOS,0
109362,2026-02-20,32,Новосибирск,Android,0
109363,2026-04-08,35,Санкт-Петербург,iOS,1
109364,2025-08-12,23,Москва,iOS,0
109365,2025-10-17,35,Санкт-Петербург,iOS,0
109366,2025-10-04,41,Казань,Android,0
109367,2025-07-10,25,Казань,iOS,0
109368,2025-05-04,50,Санкт-Петербург,Android,0
109369,2025-01-01,31,Новосибирск,Android,0
109370,2025-11-03,26,Казань,Android,0
109371,2025-11-13,45,Новосибирск,Android,0
109372,2025-02-07,18,Нижний Новгород,Android,0
109373,2026-04-07,30,Москва,Android,1
109374,2025-08-03,40,Самара,iOS,0
109375,2025-03-18,44,Санкт-Петербург,Android,0
109376,2024-12-29,42,Самара,Android,0
109377,2025-08-10,50,Санкт-Петербург,iOS,0
109378,2025-10-30,46,Казань,Android,0
109379,2025-06-21,36,Новосибирск,Android,0
109380,2026-03-06,18,Екатеринбург,Android,1
109381,2025-07-24,34,Санкт-Петербург,Android,0
109382,2025-03-10,39,Самара,Android,0
109383,2026-03-09,28,Санкт-Петербург,iOS,1
109384,2024-12-20,26,Казань,iOS,0
109385,2024-12-29,29,Нижний Новгород,Android,0
109386,2026-01-01,56,Екатеринбург,Android,0
109387,2025-03-16,21,Казань,Android,0
109388,2026-02-01,28,Казань,Android,0
109389,2025-05-09,39,Санкт-Петербург,iOS,0
109390,2025-04-19,24,Самара,iOS,0
109391,2025-05-24,39,Москва,Android,0
109392,2025-01-06,40,Самара,iOS,0
109393,2026-01-03,43,Самара,iOS,0
109394,2025-10-17,24,Нижний Новгород,Android,0
109395,2025-08-31,30,Самара,Android,0
109396,2025-03-30,40,Санкт-Петербург,Android,0
109397,2025-12-28,18,Нижний Новгород,iOS,0
109398,2025-02-28,37,Нижний Новгород,iOS,0
109399,2024-12-23,27,Нижний Новгород,iOS,0
109400,2025-06-30,32,Самара,iOS,0
109401,2025-03-03,37,Самара,iOS,0
109402,2025-07-04,39,Новосибирск,Android,0
109403,2025-08-08,33,Новосибирск,Android,0
109404,2025-02-24,24,Москва,Android,0
109405,2025-01-10,31,Новосибирск,Android,0
109406,2026-04-16,43,Казань,iOS,1
109407,2026-01-26,18,Москва,iOS,0
109408,2025-08-30,35,Казань,iOS,0
109409,2025-06-13,30,Екатеринбург,iOS,0
109410,2026-01-01,32,Нижний Новгород,Android,0
109411,2025-02-09,42,Нижний Новгород,Android,0
109412,2025-07-08,36,Москва,iOS,0
109413,2026-04-15,42,Казань,iOS,1
109414,2025-02-26,29,Казань,Android,0
109415,2026-03-10,38,Екатеринбург,iOS,1
109416,2025-06-23,25,Казань,iOS,0
109417,2025-09-22,21,Москва,Android,0
109418,2025-06-04,32,Москва,Android,0
109419,2025-11-17,45,Нижний Новгород,Android,0
109420,2025-06-19,40,Санкт-Петербург,Android,0
109421,2025-01-24,39,Казань,iOS,0
109422,2025-09-12,43,Самара,iOS,0
109423,2025-01-20,28,Нижний Новгород,Android,0
109424,2025-07-22,52,Казань,Android,0
109425,2025-01-09,35,Москва,Android,0
109426,2025-08-26,18,Екатеринбург,iOS,0
109427,2025-04-17,42,Санкт-Петербург,iOS,0
109428,2025-12-15,39,Санкт-Петербург,Android,0
109429,2025-11-07,31,Казань,iOS,0
109430,2025-11-15,20,Казань,Android,0
109431,2025-08-12,24,Екатеринбург,Android,0
109432,2025-01-05,41,Нижний Новгород,Android,0
109433,2025-02-08,35,Москва,iOS,0
109434,2025-08-06,42,Екатеринбург,Android,0
109435,2025-04-20,41,Самара,iOS,0
109436,2026-01-04,35,Москва,Android,0
109437,2025-12-14,31,Санкт-Петербург,iOS,0
109438,2025-09-17,25,Нижний Новгород,Android,0
109439,2025-01-16,38,Москва,Android,0
109440,2025-07-19,30,Самара,iOS,0
109441,2026-03-11,23,Нижний Новгород,iOS,1
109442,2026-04-16,45,Казань,Android,1
109443,2025-05-10,31,Москва,Android,0
109444,2025-06-08,27,Екатеринбург,Android,0
109445,2026-01-14,54,Самара,iOS,0
109446,2026-01-16,41,Казань,Android,0
109447,2025-01-24,44,Екатеринбург,Android,0
109448,2025-01-12,55,Казань,Android,0
109449,2025-08-15,40,Казань,Android,0
109450,2025-02-08,43,Самара,iOS,0
109451,2026-01-31,30,Самара,iOS,0
109452,2025-12-10,32,Санкт-Петербург,Android,0
109453,2025-12-04,27,Санкт-Петербург,iOS,0
109454,2026-03-30,25,Екатеринбург,Android,1
109455,2025-08-14,47,Нижний Новгород,Android,0
109456,2025-03-20,39,Казань,Android,0
109457,2026-03-24,31,Самара,Android,1
109458,2025-06-06,33,Екатеринбург,Android,0
109459,2025-06-23,34,Самара,Android,0
109460,2025-01-26,32,Москва,Android,0
109461,2025-03-18,26,Нижний Новгород,Android,0
109462,2025-08-18,36,Санкт-Петербург,iOS,0
109463,2024-12-28,30,Нижний Новгород,iOS,0
109464,2026-02-01,28,Казань,iOS,0
109465,2026-04-12,31,Казань,iOS,1
109466,2025-07-21,42,Казань,iOS,0
109467,2025-11-23,36,Новосибирск,iOS,0
109468,2025-12-20,45,Санкт-Петербург,iOS,0
109469,2025-08-01,39,Новосибирск,Android,0
109470,2025-03-24,54,Самара,iOS,0
109471,2025-09-12,22,Москва,iOS,0
109472,2025-10-30,34,Самара,iOS,0
109473,2025-06-26,35,Новосибирск,Android,0
109474,2026-03-11,35,Новосибирск,Android,1
109475,2025-06-20,39,Санкт-Петербург,iOS,0
109476,2025-10-13,25,Нижний Новгород,Android,0
109477,2025-01-15,36,Казань,Android,0
109478,2026-01-06,18,Казань,Android,0
109479,2025-05-20,28,Новосибирск,iOS,0
109480,2025-08-24,26,Новосибирск,iOS,0
109481,2025-12-27,18,Новосибирск,Android,0
109482,2025-08-31,28,Нижний Новгород,iOS,0
109483,2024-12-17,31,Екатеринбург,iOS,0
109484,2025-12-23,39,Самара,iOS,0
109485,2025-03-08,26,Москва,Android,0
109486,2025-07-02,47,Самара,iOS,0
109487,2025-09-08,36,Москва,iOS,0
109488,2025-03-31,51,Нижний Новгород,Android,0
109489,2025-06-13,18,Нижний Новгород,iOS,0
109490,2025-09-10,44,Самара,Android,0
109491,2025-07-07,39,Казань,iOS,0
109492,2026-04-28,38,Москва,iOS,1
109493,2025-11-24,18,Екатеринбург,iOS,0
109494,2025-08-02,35,Казань,iOS,0
109495,2025-08-05,42,Новосибирск,iOS,0
109496,2025-10-04,51,Новосибирск,iOS,0
109497,2025-05-04,41,Новосибирск,iOS,0
109498,2025-05-01,20,Казань,iOS,0
109499,2026-04-22,35,Санкт-Петербург,Android,1
109500,2025-12-28,37,Казань,Android,0
109501,2026-04-14,41,Нижний Новгород,Android,1
109502,2025-09-21,57,Казань,iOS,0
109503,2025-06-30,23,Нижний Новгород,iOS,0
109504,2025-11-15,46,Самара,iOS,0
109505,2026-03-01,41,Екатеринбург,iOS,0
109506,2026-03-11,32,Санкт-Петербург,Android,1
109507,2025-08-06,42,Казань,iOS,0
109508,2025-01-12,39,Самара,Android,0
109509,2025-02-26,34,Новосибирск,iOS,0
109510,2025-05-05,36,Екатеринбург,Android,0
109511,2025-09-08,37,Нижний Новгород,Android,0
109512,2025-10-01,53,Казань,Android,0
109513,2026-01-15,22,Санкт-Петербург,Android,0
109514,2025-12-25,48,Самара,Android,0
109515,2025-09-23,61,Новосибирск,iOS,0
109516,2025-05-20,18,Казань,iOS,0
109517,2025-04-06,26,Санкт-Петербург,Android,0
109518,2026-02-05,52,Санкт-Петербург,Android,0
109519,2025-01-02,27,Новосибирск,iOS,0
109520,2025-12-05,35,Самара,iOS,0
109521,2026-03-21,29,Самара,iOS,1
109522,2025-05-28,26,Санкт-Петербург,iOS,0
109523,2025-11-05,36,Санкт-Петербург,iOS,0
109524,2025-02-23,32,Москва,Android,0
109525,2026-04-06,38,Екатеринбург,Android,1
109526,2025-01-11,32,Екатеринбург,Android,0
109527,2026-02-03,18,Екатеринбург,Android,0
109528,2025-09-03,40,Казань,Android,0
109529,2025-01-01,33,Екатеринбург,iOS,0
109530,2025-02-21,27,Казань,Android,0
109531,2026-03-23,37,Екатеринбург,Android,1
109532,2025-07-25,38,Москва,Android,0
109533,2026-04-11,48,Екатеринбург,iOS,1
109534,2025-11-11,18,Екатеринбург,Android,0
109535,2025-09-16,34,Самара,iOS,0
109536,2025-07-27,30,Новосибирск,Android,0
109537,2025-10-02,33,Нижний Новгород,Android,0
109538,2024-12-23,47,Новосибирск,iOS,0
109539,2025-06-14,21,Екатеринбург,Android,0
109540,2025-08-16,48,Казань,Android,0
109541,2025-08-06,30,Екатеринбург,iOS,0
109542,2025-10-09,23,Москва,Android,0
109543,2025-04-02,26,Санкт-Петербург,Android,0
109544,2025-06-22,40,Казань,iOS,0
109545,2025-08-03,37,Нижний Новгород,Android,0
109546,2024-12-21,28,Екатеринбург,iOS,0
109547,2026-02-11,46,Самара,iOS,0
109548,2025-02-15,18,Казань,Android,0
109549,2024-12-24,18,Екатеринбург,iOS,0
109550,2025-06-03,29,Самара,iOS,0
109551,2025-11-30,57,Казань,Android,0
109552,2025-03-06,31,Москва,Android,0
109553,2025-09-08,31,Екатеринбург,Android,0
109554,2025-08-15,18,Екатеринбург,Android,0
109555,2025-02-10,34,Москва,Android,0
109556,2025-02-20,37,Москва,iOS,0
109557,2025-05-24,32,Москва,Android,0
109558,2025-12-13,45,Казань,Android,0
109559,2024-12-21,18,Москва,Android,0
109560,2026-04-19,50,Самара,iOS,1
109561,2026-01-19,42,Санкт-Петербург,iOS,0
109562,2026-04-18,24,Москва,Android,1
109563,2026-04-26,50,Нижний Новгород,Android,1
109564,2025-07-30,21,Москва,iOS,0
109565,2026-03-07,22,Нижний Новгород,iOS,1
109566,2026-02-17,35,Самара,Android,0
109567,2026-02-24,40,Новосибирск,Android,0
109568,2026-04-17,41,Нижний Новгород,Android,1
109569,2025-01-16,45,Самара,Android,0
109570,2025-07-01,41,Новосибирск,iOS,0
109571,2025-05-10,31,Нижний Новгород,iOS,0
109572,2025-11-25,23,Новосибирск,Android,0
109573,2025-11-16,42,Новосибирск,iOS,0
109574,2026-03-09,31,Казань,Android,1
109575,2026-01-30,58,Самара,Android,0
109576,2024-12-25,31,Москва,iOS,0
109577,2025-09-13,42,Новосибирск,Android,0
109578,2026-01-17,30,Санкт-Петербург,Android,0
109579,2025-07-13,28,Нижний Новгород,iOS,0
109580,2026-01-07,34,Санкт-Петербург,iOS,0
109581,2025-03-15,45,Новосибирск,iOS,0
109582,2026-03-21,29,Москва,Android,1
109583,2025-11-12,45,Нижний Новгород,iOS,0
109584,2025-01-29,40,Нижний Новгород,iOS,0
109585,2026-03-08,39,Новосибирск,iOS,1
109586,2025-04-23,43,Нижний Новгород,Android,0
109587,2025-08-14,31,Казань,iOS,0
109588,2026-03-07,34,Санкт-Петербург,iOS,1
109589,2026-04-30,49,Новосибирск,iOS,1
109590,2025-07-03,20,Екатеринбург,Android,0
109591,2025-09-11,21,Самара,iOS,0
109592,2025-12-18,46,Москва,iOS,0
109593,2025-02-21,35,Казань,iOS,0
109594,2025-05-05,47,Самара,Android,0
109595,2025-02-06,37,Казань,Android,0
109596,2025-02-06,30,Новосибирск,Android,0
109597,2026-03-22,35,Казань,iOS,1
109598,2025-03-24,34,Нижний Новгород,Android,0
109599,2025-02-22,23,Нижний Новгород,iOS,0
109600,2025-12-18,36,Новосибирск,Android,0
109601,2025-08-10,41,Новосибирск,Android,0
109602,2025-08-17,38,Новосибирск,iOS,0
109603,2025-12-17,32,Новосибирск,Android,0
109604,2025-07-22,36,Самара,Android,0
109605,2025-08-19,36,Новосибирск,Android,0
109606,2026-01-08,33,Екатеринбург,iOS,0
109607,2026-01-25,49,Москва,iOS,0
109608,2025-10-05,21,Самара,iOS,0
109609,2025-07-04,34,Нижний Новгород,iOS,0
109610,2025-12-27,44,Нижний Новгород,Android,0
109611,2025-06-06,37,Самара,Android,0
109612,2025-09-05,35,Казань,iOS,0
109613,2025-03-11,26,Санкт-Петербург,Android,0
109614,2025-02-28,22,Казань,iOS,0
109615,2026-01-17,33,Новосибирск,Android,0
109616,2026-01-01,44,Нижний Новгород,Android,0
109617,2025-02-14,30,Самара,Android,0
109618,2026-02-07,30,Новосибирск,iOS,0
109619,2026-03-04,18,Казань,Android,1
109620,2025-03-15,33,Новосибирск,Android,0
109621,2025-02-07,59,Нижний Новгород,Android,0
109622,2025-08-18,46,Новосибирск,iOS,0
109623,2025-11-18,51,Нижний Новгород,Android,0
109624,2025-09-28,45,Новосибирск,iOS,0
109625,2025-08-22,52,Новосибирск,iOS,0
109626,2025-11-04,57,Новосибирск,Android,0
109627,2026-03-27,30,Нижний Новгород,iOS,1
109628,2025-01-30,22,Санкт-Петербург,iOS,0
109629,2026-02-18,43,Москва,iOS,0
109630,2025-07-27,43,Санкт-Петербург,Android,0
109631,2025-01-25,37,Москва,iOS,0
109632,2025-04-20,25,Москва,Android,0
109633,2025-08-06,29,Казань,Android,0
109634,2025-09-26,31,Нижний Новгород,Android,0
109635,2025-07-26,39,Санкт-Петербург,Android,0
109636,2026-02-04,44,Москва,iOS,0
109637,2025-07-28,43,Казань,Android,0
109638,2025-05-04,46,Екатеринбург,Android,0
109639,2025-03-21,34,Москва,Android,0
109640,2025-12-01,24,Новосибирск,iOS,0
109641,2025-03-30,48,Санкт-Петербург,iOS,0
109642,2025-01-16,42,Казань,Android,0
109643,2025-02-10,29,Казань,Android,0
109644,2025-08-18,38,Нижний Новгород,iOS,0
109645,2025-12-10,40,Нижний Новгород,iOS,0
109646,2025-03-01,51,Москва,Android,0
109647,2025-08-20,40,Москва,Android,0
109648,2025-02-24,31,Самара,Android,0
109649,2025-04-15,35,Казань,Android,0
109650,2025-07-24,42,Екатеринбург,Android,0
109651,2026-02-28,38,Екатеринбург,Android,0
109652,2025-01-23,30,Санкт-Петербург,iOS,0
109653,2025-06-02,32,Новосибирск,iOS,0
109654,2025-10-11,35,Казань,iOS,0
109655,2025-09-05,25,Казань,Android,0
109656,2025-02-23,44,Новосибирск,Android,0
109657,2025-02-22,37,Москва,Android,0
109658,2025-04-18,44,Екатеринбург,iOS,0
109659,2025-11-11,20,Самара,Android,0
109660,2025-08-17,45,Самара,iOS,0
109661,2025-12-06,30,Екатеринбург,iOS,0
109662,2025-01-24,33,Москва,Android,0
109663,2025-01-10,40,Нижний Новгород,iOS,0
109664,2025-09-21,28,Москва,Android,0
109665,2026-02-22,21,Самара,Android,0
109666,2025-09-26,41,Новосибирск,iOS,0
109667,2025-12-13,35,Екатеринбург,Android,0
109668,2026-01-30,31,Екатеринбург,iOS,0
109669,2025-01-27,24,Екатеринбург,iOS,0
109670,2025-11-24,40,Казань,Android,0
109671,2025-10-18,29,Нижний Новгород,Android,0
109672,2025-05-08,27,Санкт-Петербург,Android,0
109673,2025-04-04,30,Самара,iOS,0
109674,2024-12-17,41,Москва,Android,0
109675,2026-03-14,39,Екатеринбург,iOS,1
109676,2025-06-15,42,Санкт-Петербург,Android,0
109677,2025-06-06,31,Екатеринбург,Android,0
109678,2025-08-23,30,Москва,iOS,0
109679,2025-08-21,41,Новосибирск,iOS,0
109680,2025-01-04,39,Нижний Новгород,iOS,0
109681,2025-01-24,28,Москва,iOS,0
109682,2025-08-23,28,Самара,iOS,0
109683,2025-06-26,27,Москва,Android,0
109684,2026-01-24,49,Москва,iOS,0
109685,2025-06-02,18,Самара,Android,0
109686,2025-02-22,26,Санкт-Петербург,iOS,0
109687,2025-10-19,46,Новосибирск,iOS,0
109688,2026-03-05,45,Казань,Android,1
109689,2025-10-28,25,Самара,Android,0
109690,2025-01-08,30,Нижний Новгород,iOS,0
109691,2026-01-04,36,Москва,iOS,0
109692,2025-06-30,25,Казань,Android,0
109693,2025-02-23,35,Нижний Новгород,iOS,0
109694,2026-04-26,39,Казань,Android,1
109695,2025-04-05,47,Новосибирск,iOS,0
109696,2024-12-25,39,Самара,iOS,0
109697,2025-01-11,19,Самара,Android,0
109698,2025-05-23,32,Санкт-Петербург,Android,0
109699,2024-12-22,19,Новосибирск,Android,0
109700,2025-04-18,41,Москва,iOS,0
109701,2025-01-12,25,Казань,iOS,0
109702,2025-01-31,18,Москва,Android,0
109703,2025-03-02,19,Самара,iOS,0
109704,2025-10-04,34,Нижний Новгород,iOS,0
109705,2025-04-03,39,Екатеринбург,Android,0
109706,2025-11-17,38,Новосибирск,Android,0
109707,2024-12-26,24,Казань,Android,0
109708,2026-01-01,36,Москва,Android,0
109709,2026-02-23,22,Екатеринбург,Android,0
109710,2025-09-14,37,Нижний Новгород,Android,0
109711,2025-05-11,34,Новосибирск,iOS,0
109712,2025-03-19,24,Екатеринбург,iOS,0
109713,2025-12-02,18,Новосибирск,iOS,0
109714,2025-12-21,34,Самара,Android,0
109715,2025-12-11,24,Самара,Android,0
109716,2025-08-22,59,Самара,iOS,0
109717,2025-01-10,37,Екатеринбург,iOS,0
109718,2025-10-04,44,Москва,iOS,0
109719,2025-08-12,37,Самара,Android,0
109720,2025-05-30,27,Санкт-Петербург,Android,0
109721,2026-03-21,30,Москва,Android,1
109722,2025-08-03,29,Санкт-Петербург,iOS,0
109723,2025-04-04,31,Санкт-Петербург,Android,0
109724,2025-07-30,47,Санкт-Петербург,iOS,0
109725,2025-05-13,34,Казань,iOS,0
109726,2025-09-07,43,Санкт-Петербург,iOS,0
109727,2025-10-24,28,Москва,Android,0
109728,2025-05-06,38,Самара,Android,0
109729,2025-08-03,41,Москва,iOS,0
109730,2025-08-08,26,Москва,iOS,0
109731,2025-03-08,18,Нижний Новгород,iOS,0
109732,2026-01-10,33,Санкт-Петербург,Android,0
109733,2025-11-11,27,Казань,iOS,0
109734,2025-04-13,32,Новосибирск,iOS,0
109735,2024-12-24,21,Екатеринбург,Android,0
109736,2026-04-22,25,Казань,Android,1
109737,2025-01-16,43,Санкт-Петербург,iOS,0
109738,2025-06-25,27,Екатеринбург,Android,0
109739,2025-07-10,36,Москва,iOS,0
109740,2025-07-13,28,Санкт-Петербург,iOS,0
109741,2025-02-19,33,Самара,iOS,0
109742,2025-07-13,22,Новосибирск,Android,0
109743,2025-09-12,32,Москва,iOS,0
109744,2025-01-14,44,Казань,iOS,0
109745,2026-04-08,36,Казань,Android,1
109746,2025-12-21,30,Москва,iOS,0
109747,2025-05-03,22,Нижний Новгород,iOS,0
109748,2025-05-31,45,Нижний Новгород,iOS,0
109749,2026-03-27,31,Нижний Новгород,Android,1
109750,2025-06-15,18,Казань,iOS,0
109751,2025-08-24,38,Новосибирск,iOS,0
109752,2025-11-28,18,Казань,iOS,0
109753,2025-10-20,31,Самара,Android,0
109754,2025-06-01,31,Москва,iOS,0
109755,2026-01-27,50,Москва,iOS,0
109756,2025-05-09,40,Казань,Android,0
109757,2025-10-06,18,Самара,iOS,0
109758,2025-07-04,50,Москва,Android,0
109759,2025-10-09,29,Екатеринбург,Android,0
109760,2026-04-15,22,Москва,Android,1
109761,2025-04-20,32,Москва,Android,0
109762,2025-08-22,36,Казань,Android,0
109763,2025-02-12,41,Санкт-Петербург,Android,0
109764,2025-10-30,29,Нижний Новгород,iOS,0
109765,2025-12-06,46,Новосибирск,iOS,0
109766,2025-06-04,31,Санкт-Петербург,Android,0
109767,2025-03-08,33,Самара,Android,0
109768,2025-03-20,51,Нижний Новгород,iOS,0
109769,2025-12-24,24,Самара,iOS,0
109770,2025-08-02,38,Екатеринбург,Android,0
109771,2026-04-02,31,Новосибирск,iOS,1
109772,2026-01-21,24,Москва,Android,0
109773,2026-02-18,31,Новосибирск,Android,0
109774,2025-10-17,32,Екатеринбург,Android,0
109775,2025-08-06,37,Екатеринбург,Android,0
109776,2025-03-31,34,Екатеринбург,iOS,0
109777,2025-03-12,31,Казань,Android,0
109778,2025-11-13,29,Нижний Новгород,iOS,0
109779,2025-05-20,38,Нижний Новгород,iOS,0
109780,2025-01-15,38,Санкт-Петербург,Android,0
109781,2025-06-25,21,Нижний Новгород,Android,0
109782,2025-11-16,43,Самара,iOS,0
109783,2026-03-11,34,Казань,Android,1
109784,2026-01-31,47,Новосибирск,iOS,0
109785,2025-07-17,52,Санкт-Петербург,Android,0
109786,2025-01-21,28,Екатеринбург,Android,0
109787,2026-02-09,29,Екатеринбург,Android,0
109788,2026-04-13,35,Казань,Android,1
109789,2026-04-26,41,Екатеринбург,iOS,1
109790,2025-08-25,32,Самара,Android,0
109791,2026-02-11,50,Казань,Android,0
109792,2025-12-08,42,Нижний Новгород,Android,0
109793,2026-04-09,49,Казань,Android,1
109794,2025-07-09,19,Новосибирск,Android,0
109795,2026-01-07,21,Нижний Новгород,Android,0
109796,2025-03-29,30,Самара,Android,0
109797,2025-06-11,41,Москва,iOS,0
109798,2026-03-24,38,Санкт-Петербург,Android,1
109799,2025-02-16,27,Новосибирск,Android,0
109800,2025-12-14,41,Екатеринбург,iOS,0
109801,2025-02-15,44,Екатеринбург,Android,0
109802,2025-06-18,18,Екатеринбург,Android,0
109803,2025-10-07,25,Новосибирск,Android,0
109804,2025-10-24,18,Екатеринбург,iOS,0
109805,2025-12-20,27,Москва,iOS,0
109806,2025-02-02,28,Новосибирск,iOS,0
109807,2026-03-31,38,Екатеринбург,Android,1
109808,2025-08-05,18,Екатеринбург,iOS,0
109809,2025-03-27,36,Самара,Android,0
109810,2025-12-24,46,Новосибирск,Android,0
109811,2025-11-23,27,Нижний Новгород,Android,0
109812,2026-03-01,25,Казань,Android,0
109813,2026-01-23,43,Москва,Android,0
109814,2025-05-15,47,Санкт-Петербург,Android,0
109815,2026-04-30,40,Екатеринбург,Android,1
109816,2025-09-22,23,Новосибирск,iOS,0
109817,2025-07-06,23,Москва,iOS,0
109818,2026-02-04,45,Москва,iOS,0
109819,2026-04-11,34,Самара,Android,1
109820,2026-03-05,50,Казань,iOS,1
109821,2025-11-27,30,Москва,Android,0
109822,2025-06-03,51,Казань,Android,0
109823,2025-03-07,27,Екатеринбург,iOS,0
109824,2025-05-03,42,Екатеринбург,iOS,0
109825,2026-04-13,18,Самара,Android,1
109826,2026-01-01,58,Новосибирск,Android,0
109827,2025-05-04,18,Новосибирск,iOS,0
109828,2026-01-12,45,Казань,Android,0
109829,2024-12-19,40,Казань,Android,0
109830,2025-10-14,44,Казань,iOS,0
109831,2025-04-26,22,Екатеринбург,iOS,0
109832,2025-03-11,30,Казань,iOS,0
109833,2025-02-11,36,Москва,iOS,0
109834,2025-07-04,18,Самара,iOS,0
109835,2025-10-19,43,Екатеринбург,iOS,0
109836,2026-01-29,38,Казань,Android,0
109837,2026-04-09,36,Казань,iOS,1
109838,2024-12-30,38,Москва,Android,0
109839,2025-05-11,24,Новосибирск,iOS,0
109840,2025-02-05,40,Санкт-Петербург,iOS,0
109841,2026-04-07,35,Екатеринбург,iOS,1
109842,2025-10-18,18,Екатеринбург,Android,0
109843,2025-09-18,36,Москва,iOS,0
109844,2026-04-28,18,Казань,Android,1
109845,2025-04-05,40,Москва,Android,0
109846,2025-03-03,32,Новосибирск,iOS,0
109847,2025-01-25,50,Екатеринбург,Android,0
109848,2025-03-12,29,Нижний Новгород,iOS,0
109849,2026-01-10,39,Москва,iOS,0
109850,2025-10-02,36,Санкт-Петербург,iOS,0
109851,2024-12-19,18,Нижний Новгород,iOS,0
109852,2024-12-30,38,Самара,Android,0
109853,2025-08-09,36,Нижний Новгород,Android,0
109854,2025-08-16,35,Казань,iOS,0
109855,2025-01-14,21,Самара,Android,0
109856,2025-05-19,42,Казань,Android,0
109857,2025-06-09,38,Новосибирск,Android,0
109858,2025-12-18,26,Казань,Android,0
109859,2025-06-25,27,Санкт-Петербург,iOS,0
109860,2025-04-12,24,Новосибирск,iOS,0
109861,2026-04-02,58,Казань,Android,1
109862,2025-08-15,18,Москва,Android,0
109863,2025-04-04,32,Санкт-Петербург,Android,0
109864,2025-04-21,18,Санкт-Петербург,iOS,0
109865,2025-06-16,46,Екатеринбург,Android,0
109866,2025-08-15,47,Екатеринбург,iOS,0
109867,2026-02-03,19,Москва,iOS,0
109868,2025-07-24,20,Москва,iOS,0
109869,2025-03-10,44,Новосибирск,Android,0
109870,2024-12-29,33,Новосибирск,iOS,0
109871,2026-03-16,32,Москва,iOS,1
109872,2025-05-03,47,Казань,Android,0
109873,2026-03-08,27,Москва,iOS,1
109874,2025-07-22,20,Самара,Android,0
109875,2025-10-21,33,Новосибирск,Android,0
109876,2025-02-28,26,Новосибирск,Android,0
109877,2025-12-02,32,Екатеринбург,iOS,0
109878,2025-05-30,24,Самара,iOS,0
109879,2025-01-21,40,Новосибирск,iOS,0
109880,2025-11-27,19,Новосибирск,Android,0
109881,2025-09-08,30,Самара,iOS,0
109882,2025-06-05,18,Казань,Android,0
109883,2025-11-17,32,Санкт-Петербург,Android,0
109884,2026-04-30,39,Новосибирск,Android,1
109885,2025-10-17,45,Нижний Новгород,iOS,0
109886,2025-10-09,35,Москва,iOS,0
109887,2025-11-17,34,Санкт-Петербург,iOS,0
109888,2026-02-24,38,Самара,Android,0
109889,2025-08-21,28,Санкт-Петербург,Android,0
109890,2026-02-19,43,Екатеринбург,iOS,0
109891,2025-10-26,37,Санкт-Петербург,iOS,0
109892,2025-06-16,44,Казань,Android,0
109893,2026-04-18,38,Самара,Android,1
109894,2025-01-18,44,Казань,iOS,0
109895,2025-07-20,18,Санкт-Петербург,Android,0
109896,2025-12-18,57,Казань,iOS,0
109897,2025-04-10,36,Самара,Android,0
109898,2025-05-28,23,Новосибирск,iOS,0
109899,2025-12-08,44,Самара,Android,0
109900,2025-03-08,35,Санкт-Петербург,Android,0
109901,2025-03-24,45,Нижний Новгород,iOS,0
109902,2025-03-29,41,Нижний Новгород,Android,0
109903,2025-10-19,37,Москва,iOS,0
109904,2025-01-25,29,Нижний Новгород,iOS,0
109905,2026-03-22,38,Самара,iOS,1
109906,2025-11-27,22,Казань,iOS,0
109907,2026-04-03,35,Нижний Новгород,Android,1
109908,2025-07-30,30,Санкт-Петербург,Android,0
109909,2026-04-03,43,Санкт-Петербург,Android,1
109910,2025-08-14,35,Новосибирск,Android,0
109911,2026-04-12,46,Казань,iOS,1
109912,2025-11-16,19,Санкт-Петербург,Android,0
109913,2026-01-24,26,Санкт-Петербург,Android,0
109914,2025-06-26,36,Самара,iOS,0
109915,2025-02-01,27,Екатеринбург,Android,0
109916,2025-05-08,28,Санкт-Петербург,Android,0
109917,2024-12-19,27,Нижний Новгород,iOS,0
109918,2025-11-19,40,Москва,iOS,0
109919,2026-02-26,35,Санкт-Петербург,iOS,0
109920,2025-04-15,24,Нижний Новгород,Android,0
109921,2025-11-22,23,Казань,Android,0
109922,2025-10-22,36,Казань,iOS,0
109923,2025-11-14,32,Самара,iOS,0
109924,2025-12-14,34,Самара,Android,0
109925,2025-04-06,49,Екатеринбург,Android,0
109926,2025-08-16,57,Санкт-Петербург,Android,0
109927,2025-08-29,52,Самара,iOS,0
109928,2025-02-02,24,Нижний Новгород,iOS,0
109929,2025-09-08,34,Санкт-Петербург,iOS,0
109930,2025-02-04,19,Санкт-Петербург,Android,0
109931,2025-09-19,45,Новосибирск,iOS,0
109932,2025-02-24,18,Новосибирск,Android,0
109933,2025-10-12,34,Казань,Android,0
109934,2025-03-11,25,Самара,iOS,0
109935,2026-01-23,42,Казань,Android,0
109936,2025-12-13,25,Самара,iOS,0
109937,2025-02-15,24,Санкт-Петербург,iOS,0
109938,2026-02-06,32,Казань,Android,0
109939,2026-03-27,33,Екатеринбург,iOS,1
109940,2025-07-28,18,Самара,iOS,0
109941,2025-04-05,29,Казань,iOS,0
109942,2025-07-05,23,Нижний Новгород,iOS,0
109943,2026-03-19,32,Казань,iOS,1
109944,2026-01-31,18,Екатеринбург,Android,0
109945,2026-03-17,35,Нижний Новгород,iOS,1
109946,2026-01-29,61,Новосибирск,iOS,0
109947,2025-09-17,31,Санкт-Петербург,Android,0
109948,2025-12-21,31,Новосибирск,iOS,0
109949,2025-08-24,36,Казань,Android,0
109950,2025-09-09,40,Нижний Новгород,Android,0
109951,2025-11-27,45,Самара,iOS,0
109952,2025-08-17,36,Казань,Android,0
109953,2025-09-01,26,Казань,Android,0
109954,2025-10-13,29,Казань,Android,0
109955,2025-12-02,22,Новосибирск,iOS,0
109956,2025-07-06,28,Нижний Новгород,Android,0
109957,2026-03-24,18,Москва,iOS,1
109958,2025-03-09,28,Санкт-Петербург,Android,0
109959,2025-08-02,31,Нижний Новгород,iOS,0
109960,2025-01-04,47,Санкт-Петербург,Android,0
109961,2025-02-21,43,Нижний Новгород,iOS,0
109962,2025-01-15,41,Санкт-Петербург,Android,0
109963,2025-10-26,37,Санкт-Петербург,Android,0
109964,2025-01-04,19,Екатеринбург,Android,0
109965,2026-02-22,65,Нижний Новгород,iOS,0
109966,2025-12-26,44,Екатеринбург,Android,0
109967,2025-07-16,29,Казань,iOS,0
109968,2025-01-19,24,Самара,iOS,0
109969,2025-11-14,24,Новосибирск,Android,0
109970,2025-04-13,18,Новосибирск,Android,0
109971,2025-06-12,18,,Android,0
109972,2025-09-07,54,Екатеринбург,Android,0
109973,2025-08-06,29,Казань,iOS,0
109974,2025-09-28,32,Нижний Новгород,Android,0
109975,2026-01-21,26,Нижний Новгород,Android,0
109976,2025-08-26,41,Самара,iOS,0
109977,2026-04-05,30,Казань,Android,1
109978,2026-03-13,18,Санкт-Петербург,Android,1
109979,2025-07-17,30,Казань,iOS,0
109980,2025-01-24,24,Санкт-Петербург,iOS,0
109981,2025-05-19,48,Москва,iOS,0
109982,2026-03-17,39,Новосибирск,iOS,1
109983,2025-04-28,27,Нижний Новгород,iOS,0
109984,2025-07-29,57,Санкт-Петербург,iOS,0
109985,2025-02-03,37,Екатеринбург,Android,0
109986,2026-03-18,25,Новосибирск,iOS,1
109987,2025-08-31,48,Самара,Android,0
109988,2026-02-13,25,Новосибирск,iOS,0
109989,2025-07-12,34,Москва,Android,0
109990,2026-01-11,53,Новосибирск,iOS,0
109991,2025-06-11,28,Санкт-Петербург,Android,0
109992,2025-04-22,21,Самара,iOS,0
109993,2026-03-23,32,Екатеринбург,Android,1
109994,2025-07-17,28,Казань,Android,0
109995,2025-01-24,41,Екатеринбург,iOS,0
109996,2026-04-19,38,Новосибирск,iOS,1
109997,2025-11-20,27,Самара,Android,0
109998,2025-02-25,39,Санкт-Петербург,iOS,0
109999,2025-04-25,40,Санкт-Петербург,Android,0
110000,2026-04-30,38,Москва,iOS,1
110001,2024-12-30,24,Москва,Android,0
110002,2025-03-12,33,Казань,iOS,0
110003,2026-04-10,42,Москва,Android,1
110004,2026-04-10,34,Санкт-Петербург,iOS,1
110005,2025-08-12,41,Санкт-Петербург,Android,0
110006,2026-04-05,35,Москва,Android,1
110007,2025-10-24,30,Санкт-Петербург,Android,0
110008,2026-02-02,29,Москва,iOS,0
110009,2026-03-15,18,Екатеринбург,Android,1
110010,2026-04-26,49,Нижний Новгород,Android,1
110011,2025-11-27,18,Москва,iOS,0
110012,2025-07-21,29,Новосибирск,iOS,0
110013,2025-07-24,35,Санкт-Петербург,Android,0
110014,2026-04-12,23,Санкт-Петербург,Android,1
110015,2025-10-25,54,Санкт-Петербург,iOS,0
110016,2024-12-29,41,Самара,Android,0
110017,2026-03-03,47,Казань,iOS,1
110018,2025-07-03,21,Нижний Новгород,iOS,0
110019,2025-05-06,20,Москва,Android,0
110020,2025-10-02,18,Самара,Android,0
110021,2026-04-26,35,Екатеринбург,Android,1
110022,2024-12-17,41,Москва,Android,0
110023,2025-02-12,33,Нижний Новгород,iOS,0
110024,2025-05-13,23,Санкт-Петербург,iOS,0
110025,2024-12-22,33,Екатеринбург,Android,0
110026,2026-02-04,28,Нижний Новгород,iOS,0
110027,2025-03-07,23,Казань,Android,0
110028,2025-09-06,30,Новосибирск,iOS,0
110029,2025-02-12,34,Нижний Новгород,iOS,0
110030,2025-05-27,49,Новосибирск,Android,0
110031,2025-08-15,32,Самара,Android,0
110032,2025-04-05,36,Екатеринбург,Android,0
110033,2025-07-13,20,Екатеринбург,iOS,0
110034,2025-06-11,30,Казань,Android,0
110035,2026-02-18,23,Санкт-Петербург,Android,0
110036,2025-09-26,29,Казань,iOS,0
110037,2026-04-07,44,Самара,Android,1
110038,2025-05-01,39,Нижний Новгород,iOS,0
110039,2025-07-13,53,Санкт-Петербург,Android,0
110040,2025-05-13,52,Новосибирск,iOS,0
110041,2025-08-21,18,Санкт-Петербург,Android,0
110042,2025-11-16,42,Казань,iOS,0
110043,2026-01-31,38,Москва,iOS,0
110044,2025-04-24,33,Казань,iOS,0
110045,2025-01-04,40,Самара,iOS,0
110046,2025-06-24,39,Москва,Android,0
110047,2025-09-04,32,Нижний Новгород,Android,0
110048,2025-09-22,33,Самара,Android,0
110049,2025-01-26,42,Новосибирск,Android,0
110050,2025-02-02,28,Новосибирск,Android,0
110051,2025-08-08,34,Самара,iOS,0
110052,2025-10-27,45,Москва,Android,0
110053,2026-01-08,27,Санкт-Петербург,iOS,0
110054,2025-05-22,18,Нижний Новгород,iOS,0
110055,2025-10-01,48,Екатеринбург,iOS,0
110056,2025-11-21,25,Казань,iOS,0
110057,2025-04-28,24,Екатеринбург,iOS,0
110058,2026-01-11,37,Санкт-Петербург,iOS,0
110059,2026-03-04,34,Нижний Новгород,Android,1
110060,2026-02-04,36,Москва,Android,0
110061,2025-06-15,25,Екатеринбург,iOS,0
110062,2025-09-30,45,Самара,Android,0
110063,2025-04-18,31,Новосибирск,iOS,0
110064,2026-01-24,39,Казань,Android,0
110065,2024-12-27,22,Москва,Android,0
110066,2026-02-10,38,Екатеринбург,Android,0
110067,2025-01-15,23,Самара,iOS,0
110068,2025-01-06,27,Казань,iOS,0
110069,2025-03-20,30,Самара,Android,0
110070,2025-11-08,27,Новосибирск,Android,0
110071,2025-07-11,32,Казань,iOS,0
110072,2026-03-06,45,Санкт-Петербург,Android,1
110073,2025-12-04,45,Нижний Новгород,Android,0
110074,2024-12-29,22,Екатеринбург,iOS,0
110075,2025-05-16,19,Нижний Новгород,Android,0
110076,2026-04-27,40,Казань,Android,1
110077,2025-01-23,30,Нижний Новгород,Android,0
110078,2025-05-13,36,Екатеринбург,iOS,0
110079,2025-04-19,32,Санкт-Петербург,Android,0
110080,2025-05-01,48,Нижний Новгород,Android,0
110081,2025-07-20,33,Казань,iOS,0
110082,2026-01-29,25,Москва,iOS,0
110083,2025-04-03,30,Новосибирск,Android,0
110084,2025-08-02,32,Самара,iOS,0
110085,2026-01-20,39,Самара,iOS,0
110086,2026-04-28,31,Екатеринбург,iOS,1
110087,2025-01-03,33,Казань,iOS,0
110088,2025-09-11,25,Санкт-Петербург,iOS,0
110089,2026-04-10,44,Москва,Android,1
110090,2026-03-20,18,Нижний Новгород,Android,1
110091,2024-12-17,53,Екатеринбург,Android,0
110092,2025-11-20,30,Екатеринбург,iOS,0
110093,2025-06-22,41,Самара,iOS,0
110094,2025-05-01,36,Самара,iOS,0
110095,2025-01-19,41,Екатеринбург,iOS,0
110096,2025-08-04,28,Казань,iOS,0
110097,2025-08-19,32,Москва,Android,0
110098,2025-07-07,41,Екатеринбург,Android,0
110099,2025-08-20,48,Нижний Новгород,Android,0
110100,2025-08-05,34,Санкт-Петербург,Android,0
110101,2025-12-09,32,Новосибирск,Android,0
110102,2025-04-10,34,Москва,Android,0
110103,2026-02-28,28,Нижний Новгород,iOS,0
110104,2026-03-16,28,Екатеринбург,iOS,1
110105,2026-03-26,35,Новосибирск,iOS,1
110106,2025-03-31,51,Новосибирск,Android,0
110107,2026-01-29,26,Санкт-Петербург,iOS,0
110108,2025-01-29,33,Казань,iOS,0
110109,2025-06-22,25,Самара,Android,0
110110,2026-01-21,33,Казань,Android,0
110111,2025-06-23,33,Санкт-Петербург,Android,0
110112,2026-03-12,27,Москва,iOS,1
110113,2026-02-26,24,Казань,iOS,0
110114,2026-02-12,22,Новосибирск,Android,0
110115,2025-12-09,37,Казань,iOS,0
110116,2025-03-24,35,Санкт-Петербург,Android,0
110117,2025-11-30,36,Санкт-Петербург,iOS,0
110118,2026-01-30,49,Самара,iOS,0
110119,2026-03-24,27,Новосибирск,Android,1
110120,2025-02-02,38,Нижний Новгород,Android,0
110121,2026-05-01,55,Нижний Новгород,iOS,1
110122,2025-10-28,23,Новосибирск,Android,0
110123,2025-08-04,53,Казань,Android,0
110124,2026-03-10,28,Москва,iOS,1
110125,2025-02-04,41,Москва,iOS,0
110126,2025-08-31,39,Самара,Android,0
110127,2025-11-22,36,Москва,iOS,0
110128,2026-03-08,43,Екатеринбург,Android,1
110129,2025-03-08,41,Самара,Android,0
110130,2025-04-12,38,Екатеринбург,iOS,0
110131,2025-06-07,57,Москва,iOS,0
110132,2025-09-07,23,Самара,iOS,0
110133,2025-12-06,36,Екатеринбург,Android,0
110134,2025-04-26,18,Нижний Новгород,Android,0
110135,2024-12-30,33,Самара,iOS,0
110136,2025-11-12,39,Казань,iOS,0
110137,2025-11-30,29,Москва,iOS,0
110138,2026-03-04,24,Москва,Android,1
110139,2025-08-17,27,Самара,Android,0
110140,2025-01-21,34,Новосибирск,iOS,0
110141,2025-03-02,31,Казань,Android,0
110142,2026-04-28,33,Екатеринбург,iOS,1
110143,2026-04-01,27,Новосибирск,iOS,1
110144,2025-11-19,31,Казань,iOS,0
110145,2025-07-12,40,Казань,Android,0
110146,2025-09-10,31,Нижний Новгород,iOS,0
110147,2025-12-22,43,Новосибирск,iOS,0
110148,2025-02-22,46,Екатеринбург,Android,0
110149,2025-07-15,48,Нижний Новгород,iOS,0
110150,2025-03-10,18,Нижний Новгород,Android,0
110151,2025-02-05,27,Екатеринбург,iOS,0
110152,2025-12-09,36,Новосибирск,iOS,0
110153,2025-10-24,27,Казань,iOS,0
110154,2025-02-23,28,Казань,Android,0
110155,2026-03-15,30,Санкт-Петербург,Android,1
110156,2026-01-23,39,Казань,Android,0
110157,2025-10-19,28,Новосибирск,iOS,0
110158,2025-03-24,45,Нижний Новгород,iOS,0
110159,2025-09-05,46,Нижний Новгород,iOS,0
110160,2025-03-02,18,Казань,iOS,0
110161,2025-11-18,40,Москва,iOS,0
110162,2025-06-29,37,Казань,iOS,0
110163,2025-07-06,37,Новосибирск,iOS,0
110164,2025-09-07,38,Екатеринбург,iOS,0
110165,2025-07-06,39,Санкт-Петербург,iOS,0
110166,2025-12-11,25,Москва,iOS,0
110167,2025-09-01,18,Москва,Android,0
110168,2025-04-10,32,Самара,iOS,0
110169,2025-07-23,36,Новосибирск,iOS,0
110170,2025-01-01,34,Казань,Android,0
110171,2025-07-14,47,Новосибирск,Android,0
110172,2026-02-04,30,Новосибирск,Android,0
110173,2025-04-03,22,Новосибирск,iOS,0
110174,2025-09-14,27,Казань,Android,0
110175,2025-02-17,28,Екатеринбург,iOS,0
110176,2025-02-03,60,Москва,Android,0
110177,2025-04-08,32,Санкт-Петербург,iOS,0
110178,2025-06-03,32,Екатеринбург,Android,0
110179,2025-10-22,39,Нижний Новгород,Android,0
110180,2025-01-18,18,Екатеринбург,Android,0
110181,2025-01-29,28,Самара,Android,0
110182,2025-11-22,21,Самара,iOS,0
110183,2025-01-01,47,Казань,Android,0
110184,2025-10-09,46,Москва,Android,0
110185,2026-01-28,37,Казань,Android,0
110186,2025-07-11,37,Москва,Android,0
110187,2025-02-28,36,Нижний Новгород,iOS,0
110188,2025-03-19,37,Москва,iOS,0
110189,2025-10-12,45,Новосибирск,Android,0
110190,2025-12-23,35,Казань,iOS,0
110191,2025-08-15,41,Екатеринбург,Android,0
110192,2025-07-01,40,Казань,iOS,0
110193,2025-12-20,50,Москва,Android,0
110194,2025-04-22,23,Москва,iOS,0
110195,2025-11-09,49,Санкт-Петербург,iOS,0
110196,2024-12-17,48,Москва,iOS,0
110197,2026-01-31,47,Екатеринбург,iOS,0
110198,2026-01-24,43,Самара,Android,0
110199,2025-11-16,30,Санкт-Петербург,iOS,0
110200,2025-12-07,53,Новосибирск,Android,0
110201,2025-05-02,33,Казань,iOS,0
110202,2025-11-10,52,Екатеринбург,iOS,0
110203,2025-11-02,39,Самара,Android,0
110204,2025-04-03,33,Казань,iOS,0
110205,2025-01-15,28,Екатеринбург,iOS,0
110206,2025-11-17,43,Новосибирск,Android,0
110207,2025-03-21,26,Нижний Новгород,Android,0
110208,2026-02-06,46,Казань,Android,0
110209,2025-08-16,55,Нижний Новгород,Android,0
110210,2025-08-17,33,Казань,iOS,0
110211,2026-01-28,41,Казань,iOS,0
110212,2025-07-07,21,Самара,iOS,0
110213,2025-05-16,39,Новосибирск,iOS,0
110214,2026-04-23,50,Нижний Новгород,iOS,1
110215,2026-03-27,36,Санкт-Петербург,iOS,1
110216,2025-11-27,53,Санкт-Петербург,Android,0
110217,2025-01-01,38,Самара,iOS,0
110218,2025-09-29,34,Нижний Новгород,iOS,0
110219,2025-12-28,25,Новосибирск,Android,0
110220,2025-04-02,31,Новосибирск,iOS,0
110221,2025-09-01,37,Новосибирск,Android,0
110222,2025-07-08,39,Самара,Android,0
110223,2026-02-14,35,Екатеринбург,Android,0
110224,2025-03-25,22,Самара,Android,0
110225,2025-04-16,27,Москва,iOS,0
110226,2025-08-10,34,Санкт-Петербург,iOS,0
110227,2026-03-18,33,Екатеринбург,Android,1
110228,2025-08-22,26,Самара,Android,0
110229,2025-06-23,47,Москва,iOS,0
110230,2025-12-21,52,Самара,iOS,0
110231,2025-06-28,48,Екатеринбург,Android,0
110232,2025-02-07,35,Екатеринбург,iOS,0
110233,2025-09-12,55,Санкт-Петербург,iOS,0
110234,2025-08-09,47,Нижний Новгород,iOS,0
110235,2025-08-24,40,Екатеринбург,iOS,0
110236,2026-02-13,42,Нижний Новгород,iOS,0
110237,2026-03-12,48,Нижний Новгород,Android,1
110238,2026-04-15,47,Новосибирск,iOS,1
110239,2025-05-06,34,Самара,Android,0
110240,2025-09-02,42,Самара,Android,0
110241,2026-02-15,28,Санкт-Петербург,Android,0
110242,2025-05-31,33,Санкт-Петербург,Android,0
110243,2025-04-18,32,Казань,Android,0
110244,2025-11-06,41,Москва,iOS,0
110245,2025-08-05,29,Казань,Android,0
110246,2026-01-03,18,Нижний Новгород,Android,0
110247,2025-07-25,20,Санкт-Петербург,Android,0
110248,2026-02-22,30,Самара,Android,0
110249,2025-04-30,34,Казань,Android,0
110250,2025-09-09,24,Москва,iOS,0
110251,2025-03-10,37,Казань,Android,0
110252,2025-09-03,21,Москва,iOS,0
110253,2025-04-23,30,Нижний Новгород,Android,0
110254,2025-09-23,30,Санкт-Петербург,Android,0
110255,2025-06-15,40,Екатеринбург,Android,0
110256,2025-09-04,21,Нижний Новгород,iOS,0
110257,2025-03-07,32,Санкт-Петербург,Android,0
110258,2025-01-23,21,Санкт-Петербург,Android,0
110259,2026-04-04,51,Нижний Новгород,iOS,1
110260,2025-09-24,35,Москва,iOS,0
110261,2025-08-04,23,Нижний Новгород,Android,0
110262,2025-03-18,33,Москва,iOS,0
110263,2025-05-15,30,Санкт-Петербург,Android,0
110264,2026-01-16,31,Екатеринбург,Android,0
110265,2024-12-26,43,Новосибирск,iOS,0
110266,2025-12-20,29,Самара,Android,0
110267,2025-08-05,56,Екатеринбург,Android,0
110268,2025-01-30,29,Нижний Новгород,Android,0
110269,2025-06-22,29,Казань,iOS,0
110270,2025-04-23,29,Санкт-Петербург,Android,0
110271,2025-10-20,45,Нижний Новгород,Android,0
110272,2025-09-13,36,Санкт-Петербург,Android,0
110273,2026-01-19,36,Нижний Новгород,Android,0
110274,2025-11-12,40,Казань,Android,0
110275,2025-09-27,48,Новосибирск,iOS,0
110276,2025-03-20,28,Новосибирск,Android,0
110277,2026-01-28,51,Казань,Android,0
110278,2026-03-01,18,Москва,Android,0
110279,2025-03-02,28,Санкт-Петербург,Android,0
110280,2026-01-31,44,Новосибирск,iOS,0
110281,2025-08-26,33,Екатеринбург,iOS,0
110282,2025-10-10,34,Екатеринбург,iOS,0
110283,2025-09-18,40,Екатеринбург,iOS,0
110284,2025-08-29,20,Москва,iOS,0
110285,2025-01-16,18,Казань,Android,0
110286,2025-04-27,48,Казань,iOS,0
110287,2025-04-05,32,Москва,iOS,0
110288,2025-02-23,18,Самара,iOS,0
110289,2025-11-11,45,Екатеринбург,Android,0
110290,2025-09-02,18,Нижний Новгород,Android,0
110291,2026-01-04,31,Москва,iOS,0
110292,2025-01-02,47,Казань,Android,0
110293,2025-10-06,47,Москва,Android,0
110294,2025-06-19,19,Казань,iOS,0
110295,2025-10-02,37,Санкт-Петербург,iOS,0
110296,2025-04-06,22,Казань,iOS,0
110297,2026-04-03,29,Казань,iOS,1
110298,2025-10-03,34,Казань,iOS,0
110299,2026-02-03,29,Новосибирск,Android,0
110300,2025-09-09,37,Москва,Android,0
110301,2025-01-27,21,Москва,Android,0
110302,2025-02-04,19,Новосибирск,iOS,0
110303,2025-04-06,35,Нижний Новгород,Android,0
110304,2025-02-19,33,Санкт-Петербург,Android,0
110305,2025-08-15,18,Екатеринбург,iOS,0
110306,2025-12-23,37,Самара,Android,0
110307,2025-12-06,21,Москва,Android,0
110308,2026-01-20,52,Москва,iOS,0
110309,2026-04-12,31,Екатеринбург,Android,1
110310,2025-05-17,31,Самара,Android,0
110311,2025-03-26,34,Новосибирск,Android,0
110312,2026-01-15,36,Москва,iOS,0
110313,2025-04-23,22,Москва,Android,0
110314,2025-04-20,46,Новосибирск,iOS,0
110315,2025-12-14,26,Новосибирск,Android,0
110316,2025-11-26,34,Екатеринбург,Android,0
110317,2026-02-26,29,Казань,iOS,0
110318,2025-12-29,32,Екатеринбург,Android,0
110319,2025-09-20,18,Самара,Android,0
110320,2025-04-08,30,Екатеринбург,iOS,0
110321,2025-04-20,35,Москва,Android,0
110322,2026-01-24,47,Екатеринбург,Android,0
110323,2025-02-19,43,Москва,iOS,0
110324,2025-07-09,61,Новосибирск,Android,0
110325,2025-12-14,25,Москва,iOS,0
110326,2026-02-08,18,Нижний Новгород,iOS,0
110327,2025-04-16,34,Санкт-Петербург,Android,0
110328,2025-09-10,35,Новосибирск,Android,0
110329,2025-06-25,31,Нижний Новгород,Android,0
110330,2025-08-31,21,Санкт-Петербург,Android,0
110331,2025-09-13,28,Нижний Новгород,Android,0
110332,2026-02-20,26,Казань,iOS,0
110333,2025-12-04,48,Новосибирск,iOS,0
110334,2025-02-03,18,Новосибирск,Android,0
110335,2025-10-28,27,Москва,iOS,0
110336,2025-09-04,36,Екатеринбург,iOS,0
110337,2025-12-22,35,Нижний Новгород,iOS,0
110338,2025-07-31,46,Новосибирск,Android,0
110339,2026-03-04,22,Санкт-Петербург,Android,1
110340,2025-05-26,22,Москва,Android,0
110341,2025-01-29,21,Санкт-Петербург,Android,0
110342,2026-03-09,30,Екатеринбург,iOS,1
110343,2025-05-09,31,Санкт-Петербург,Android,0
110344,2026-02-21,23,Санкт-Петербург,Android,0
110345,2025-07-10,39,Казань,iOS,0
110346,2025-12-28,31,Нижний Новгород,iOS,0
110347,2025-06-25,32,Казань,iOS,0
110348,2025-10-02,47,Санкт-Петербург,Android,0
110349,2026-01-04,43,Москва,iOS,0
110350,2025-03-29,42,Новосибирск,Android,0
110351,2025-07-07,31,Самара,iOS,0
110352,2025-04-28,34,Москва,Android,0
110353,2025-06-21,24,Новосибирск,Android,0
110354,2025-08-11,40,Новосибирск,iOS,0
110355,2025-12-21,39,Санкт-Петербург,Android,0
110356,2025-04-15,35,Нижний Новгород,Android,0
110357,2025-05-22,40,Новосибирск,Android,0
110358,2025-09-06,42,Москва,iOS,0
110359,2025-06-12,43,Казань,Android,0
110360,2025-05-31,35,Москва,iOS,0
110361,2025-01-19,25,Самара,iOS,0
110362,2025-04-03,50,Екатеринбург,iOS,0
110363,2025-09-27,25,Екатеринбург,iOS,0
110364,2025-02-13,27,Санкт-Петербург,iOS,0
110365,2025-04-09,18,Самара,iOS,0
110366,2025-06-23,32,Санкт-Петербург,Android,0
110367,2026-04-04,26,Екатеринбург,Android,1
110368,2025-09-11,32,Москва,iOS,0
110369,2025-07-05,29,Самара,iOS,0
110370,2026-03-10,49,Москва,Android,1
110371,2025-12-18,35,Москва,iOS,0
110372,2025-05-29,39,Москва,iOS,0
110373,2025-11-07,41,Самара,Android,0
110374,2025-02-12,50,Самара,iOS,0
110375,2025-09-12,32,Нижний Новгород,Android,0
110376,2026-03-03,37,Казань,iOS,1
110377,2025-12-25,36,Санкт-Петербург,Android,0
110378,2025-11-09,39,Казань,iOS,0
110379,2025-04-22,22,Екатеринбург,iOS,0
110380,2025-11-10,43,Самара,iOS,0
110381,2025-02-17,33,Екатеринбург,Android,0
110382,2025-01-31,30,Самара,iOS,0
110383,2025-10-05,32,Казань,iOS,0
110384,2025-05-30,23,Новосибирск,Android,0
110385,2026-04-27,42,Самара,iOS,1
110386,2026-02-09,31,Москва,iOS,0
110387,2026-01-28,37,Санкт-Петербург,Android,0
110388,2025-10-21,28,Екатеринбург,iOS,0
110389,2026-01-20,18,Москва,iOS,0
110390,2025-07-10,35,Новосибирск,iOS,0
110391,2025-12-25,45,Самара,iOS,0
110392,2026-03-23,38,Новосибирск,Android,1
110393,2025-08-25,28,Новосибирск,iOS,0
110394,2026-04-08,31,Екатеринбург,Android,1
110395,2026-03-08,29,Санкт-Петербург,iOS,1
110396,2025-12-07,23,Москва,Android,0
110397,2025-06-29,24,Москва,Android,0
110398,2026-01-24,38,Екатеринбург,iOS,0
110399,2026-04-11,43,Екатеринбург,Android,1
110400,2025-03-31,33,Москва,iOS,0
110401,2025-10-27,46,Нижний Новгород,iOS,0
110402,2025-12-03,51,Москва,iOS,0
110403,2026-03-14,40,Санкт-Петербург,iOS,1
110404,2025-05-29,37,Новосибирск,Android,0
110405,2025-04-29,29,Казань,Android,0
110406,2025-03-26,29,Москва,Android,0
110407,2026-03-19,41,Москва,iOS,1
110408,2025-09-25,46,Казань,iOS,0
110409,2025-05-17,45,Екатеринбург,Android,0
110410,2026-02-08,41,Москва,iOS,0
110411,2025-05-01,36,Нижний Новгород,iOS,0
110412,2025-06-12,51,Москва,iOS,0
110413,2025-03-07,38,Новосибирск,iOS,0
110414,2025-01-26,40,Самара,Android,0
110415,2025-08-24,39,Екатеринбург,Android,0
110416,2026-01-15,28,Екатеринбург,Android,0
110417,2026-03-28,21,Казань,Android,1
110418,2025-09-21,25,Санкт-Петербург,iOS,0
110419,2026-04-05,38,Санкт-Петербург,iOS,1
110420,2025-03-26,42,Москва,Android,0
110421,2025-02-13,28,Казань,Android,0
110422,2025-09-24,35,Москва,iOS,0
110423,2025-09-04,44,Казань,Android,0
110424,2025-06-06,18,Самара,iOS,0
110425,2025-02-24,48,Казань,iOS,0
110426,2026-03-31,24,Нижний Новгород,iOS,1
110427,2026-01-21,35,Екатеринбург,iOS,0
110428,2025-04-05,37,Санкт-Петербург,iOS,0
110429,2025-04-12,18,Самара,Android,0
110430,2026-02-21,24,Новосибирск,Android,0
110431,2025-11-12,40,Новосибирск,iOS,0
110432,2026-03-27,29,Екатеринбург,Android,1
110433,2026-01-03,25,Самара,iOS,0
110434,2025-05-10,41,Нижний Новгород,Android,0
110435,2026-03-04,37,Самара,iOS,1
110436,2026-01-09,22,Екатеринбург,Android,0
110437,2025-01-29,39,Нижний Новгород,Android,0
110438,2026-02-14,36,Екатеринбург,Android,0
110439,2025-09-12,18,Казань,iOS,0
110440,2025-01-05,42,Москва,iOS,0
110441,2025-12-14,44,Екатеринбург,iOS,0
110442,2025-08-26,38,Новосибирск,iOS,0
110443,2025-04-18,41,Нижний Новгород,Android,0
110444,2025-10-01,45,Новосибирск,Android,0
110445,2024-12-18,31,Екатеринбург,Android,0
110446,2025-02-20,27,Москва,Android,0
110447,2025-07-08,38,Казань,iOS,0
110448,2025-08-13,30,Санкт-Петербург,Android,0
110449,2025-10-22,18,Санкт-Петербург,Android,0
110450,2025-08-01,41,Санкт-Петербург,Android,0
110451,2025-04-30,49,Санкт-Петербург,Android,0
110452,2026-03-07,23,Нижний Новгород,iOS,1
110453,2025-01-26,30,Нижний Новгород,Android,0
110454,2025-09-04,47,Екатеринбург,Android,0
110455,2026-02-08,21,Москва,iOS,0
110456,2026-02-03,20,Новосибирск,iOS,0
110457,2025-06-14,38,Самара,Android,0
110458,2026-04-03,28,Самара,Android,1
110459,2025-05-14,36,Москва,Android,0
110460,2025-03-27,24,Самара,Android,0
110461,2025-11-09,30,Санкт-Петербург,Android,0
110462,2025-03-14,18,Москва,Android,0
110463,2025-06-30,41,Москва,Android,0
110464,2025-08-27,27,Санкт-Петербург,Android,0
110465,2025-12-28,34,Екатеринбург,Android,0
110466,2025-05-26,47,Казань,Android,0
110467,2025-06-22,40,Новосибирск,iOS,0
110468,2025-10-25,35,Новосибирск,iOS,0
110469,2025-08-10,30,Самара,iOS,0
110470,2026-01-21,30,Казань,Android,0
110471,2025-05-10,42,Новосибирск,Android,0
110472,2025-09-22,40,Нижний Новгород,Android,0
110473,2025-07-23,41,Москва,iOS,0
110474,2026-04-25,40,Москва,Android,1
110475,2025-10-23,44,Екатеринбург,Android,0
110476,2025-06-27,22,Казань,iOS,0
110477,2026-04-12,42,Новосибирск,Android,1
110478,2026-04-02,32,Екатеринбург,iOS,1
110479,2025-04-29,36,Москва,Android,0
110480,2026-01-26,45,Казань,iOS,0
110481,2025-11-19,40,Казань,iOS,0
110482,2025-11-04,49,Новосибирск,Android,0
110483,2025-12-26,38,Нижний Новгород,iOS,0
110484,2025-05-27,48,Нижний Новгород,Android,0
110485,2025-07-22,19,Москва,Android,0
110486,2025-10-11,32,Москва,Android,0
110487,2025-05-09,34,Нижний Новгород,Android,0
110488,2026-04-04,49,Новосибирск,iOS,1
110489,2026-03-05,36,Самара,iOS,1
110490,2024-12-23,52,Екатеринбург,Android,0
110491,2026-03-06,36,Новосибирск,iOS,1
110492,2025-04-29,24,Новосибирск,iOS,0
110493,2026-03-24,42,Москва,iOS,1
110494,2025-09-26,38,Нижний Новгород,Android,0
110495,2025-02-01,33,Санкт-Петербург,Android,0
110496,2026-04-01,40,Новосибирск,Android,1
110497,2025-04-11,21,Казань,Android,0
110498,2025-06-24,40,Новосибирск,iOS,0
110499,2025-06-19,36,Нижний Новгород,Android,0
110500,2026-02-04,43,Казань,Android,0
110501,2025-02-09,37,Новосибирск,Android,0
110502,2025-07-08,20,Казань,Android,0
110503,2025-03-26,45,Нижний Новгород,iOS,0
110504,2026-03-23,31,Казань,iOS,1
110505,2025-04-01,20,Казань,Android,0
110506,2025-12-22,30,Самара,iOS,0
110507,2025-04-01,30,Санкт-Петербург,Android,0
110508,2025-04-01,23,Нижний Новгород,iOS,0
110509,2026-04-09,26,Новосибирск,iOS,1
110510,2025-06-12,33,Новосибирск,Android,0
110511,2025-06-26,25,Новосибирск,iOS,0
110512,2025-05-08,42,Санкт-Петербург,iOS,0
110513,2025-12-09,34,Нижний Новгород,iOS,0
110514,2025-09-12,25,Казань,iOS,0
110515,2025-12-05,35,Новосибирск,Android,0
110516,2025-05-08,39,Екатеринбург,Android,0
110517,2026-02-25,34,Москва,Android,0
110518,2026-03-23,40,Нижний Новгород,iOS,1
110519,2025-03-07,41,Самара,iOS,0
110520,2025-06-09,43,Екатеринбург,iOS,0
110521,2025-03-10,28,Нижний Новгород,Android,0
110522,2025-07-10,39,Самара,iOS,0
110523,2025-05-29,36,Москва,Android,0
110524,2025-08-13,31,Новосибирск,iOS,0
110525,2026-01-09,18,Новосибирск,Android,0
110526,2025-05-30,18,Екатеринбург,Android,0
110527,2025-06-23,32,Казань,Android,0
110528,2025-06-24,36,Новосибирск,iOS,0
110529,2025-10-05,35,Екатеринбург,iOS,0
110530,2025-11-17,41,Москва,iOS,0
110531,2025-09-18,38,Москва,Android,0
110532,2025-12-10,37,Москва,Android,0
110533,2025-10-23,29,Екатеринбург,iOS,0
110534,2025-04-16,30,Новосибирск,iOS,0
110535,2025-12-24,42,Екатеринбург,iOS,0
110536,2025-09-12,37,Москва,iOS,0
110537,2026-03-08,23,Санкт-Петербург,Android,1
110538,2025-04-10,20,Новосибирск,Android,0
110539,2026-01-09,18,Самара,iOS,0
110540,2025-02-22,40,Нижний Новгород,Android,0
110541,2025-02-03,18,Нижний Новгород,Android,0
110542,2025-03-24,39,Новосибирск,Android,0
110543,2025-09-13,31,Екатеринбург,Android,0
110544,2026-01-15,18,Нижний Новгород,iOS,0
110545,2025-10-28,31,Нижний Новгород,iOS,0
110546,2025-05-16,35,Екатеринбург,iOS,0
110547,2025-04-02,40,Санкт-Петербург,iOS,0
110548,2025-05-01,27,Казань,iOS,0
110549,2026-04-26,42,Казань,iOS,1
110550,2026-03-06,40,Новосибирск,Android,1
110551,2025-03-31,53,Самара,Android,0
110552,2026-02-05,46,Екатеринбург,Android,0
110553,2025-09-23,34,Москва,iOS,0
110554,2026-01-01,42,Самара,iOS,0
110555,2025-04-27,48,Казань,iOS,0
110556,2025-09-09,39,Санкт-Петербург,Android,0
110557,2026-01-01,18,Самара,iOS,0
110558,2025-05-12,33,Нижний Новгород,iOS,0
110559,2025-09-08,25,Самара,iOS,0
110560,2025-09-24,30,Москва,Android,0
110561,2026-02-27,31,Новосибирск,Android,0
110562,2025-03-27,26,Екатеринбург,iOS,0
110563,2026-01-17,50,Нижний Новгород,Android,0
110564,2024-12-20,26,Санкт-Петербург,iOS,0
110565,2025-08-18,45,Екатеринбург,Android,0
110566,2025-07-24,21,Самара,Android,0
110567,2025-12-02,36,Новосибирск,iOS,0
110568,2026-03-11,47,Москва,Android,1
110569,2025-08-05,46,Москва,Android,0
110570,2025-12-24,42,Санкт-Петербург,Android,0
110571,2026-03-02,33,Нижний Новгород,iOS,0
110572,2025-05-04,35,Казань,iOS,0
110573,2025-01-19,37,Москва,Android,0
110574,2025-12-18,36,Нижний Новгород,Android,0
110575,2025-04-13,42,Самара,iOS,0
110576,2026-02-04,35,Новосибирск,iOS,0
110577,2025-11-06,31,Москва,Android,0
110578,2025-05-17,21,Санкт-Петербург,Android,0
110579,2025-04-15,27,Москва,iOS,0
110580,2025-12-18,45,Казань,Android,0
110581,2025-02-01,47,Нижний Новгород,Android,0
110582,2025-07-31,18,Самара,Android,0
110583,2026-01-09,51,Екатеринбург,iOS,0
110584,2025-12-16,34,Нижний Новгород,Android,0
110585,2026-03-22,31,Новосибирск,iOS,1
110586,2025-09-23,24,Новосибирск,Android,0
110587,2025-11-04,36,Казань,iOS,0
110588,2026-03-13,31,Санкт-Петербург,iOS,1
110589,2026-01-30,34,Нижний Новгород,iOS,0
110590,2026-04-20,30,Новосибирск,Android,1
110591,2025-02-13,18,Новосибирск,Android,0
110592,2026-03-08,24,Казань,Android,1
110593,2026-02-08,40,Новосибирск,iOS,0
110594,2025-05-03,39,Казань,iOS,0
110595,2025-05-22,50,Самара,iOS,0
110596,2026-01-13,25,Екатеринбург,Android,0
110597,2025-11-30,50,Нижний Новгород,iOS,0
110598,2025-11-30,47,Нижний Новгород,iOS,0
110599,2025-09-07,23,Москва,iOS,0
110600,2026-03-16,18,Санкт-Петербург,Android,1
110601,2025-08-18,28,Самара,iOS,0
110602,2025-09-30,44,Нижний Новгород,iOS,0
110603,2025-08-28,34,Москва,iOS,0
110604,2025-03-04,21,Самара,Android,0
110605,2026-01-10,26,Новосибирск,iOS,0
110606,2025-03-01,26,Екатеринбург,iOS,0
110607,2025-03-12,44,Казань,Android,0
110608,2025-07-19,44,Санкт-Петербург,Android,0
110609,2025-04-14,43,Санкт-Петербург,Android,0
110610,2026-03-09,35,Нижний Новгород,iOS,1
110611,2025-09-12,46,Москва,Android,0
110612,2025-03-18,39,Нижний Новгород,iOS,0
110613,2025-08-29,43,Екатеринбург,iOS,0
110614,2025-06-25,55,Нижний Новгород,Android,0
110615,2025-11-24,37,Казань,Android,0
110616,2026-03-13,39,Нижний Новгород,iOS,1
110617,2025-04-08,42,Новосибирск,iOS,0
110618,2025-10-02,43,Новосибирск,Android,0
110619,2026-04-30,36,Самара,iOS,1
110620,2025-11-11,20,Москва,iOS,0
110621,2026-02-06,41,Нижний Новгород,iOS,0
110622,2025-10-31,39,Нижний Новгород,iOS,0
110623,2025-09-20,18,Новосибирск,iOS,0
110624,2025-08-15,43,Санкт-Петербург,Android,0
110625,2026-04-16,29,Нижний Новгород,iOS,1
110626,2026-03-28,46,Самара,Android,1
110627,2025-06-04,36,Самара,iOS,0
110628,2026-03-31,24,Санкт-Петербург,iOS,1
110629,2025-01-13,41,Санкт-Петербург,Android,0
110630,2025-07-09,27,Москва,Android,0
110631,2024-12-29,35,Самара,iOS,0
110632,2025-10-20,24,Санкт-Петербург,iOS,0
110633,2025-05-03,18,Новосибирск,iOS,0
110634,2025-12-18,19,Самара,iOS,0
110635,2026-02-16,35,Екатеринбург,Android,0
110636,2024-12-19,37,Екатеринбург,iOS,0
110637,2025-05-30,24,Екатеринбург,iOS,0
110638,2025-11-06,33,Казань,iOS,0
110639,2025-01-24,47,Самара,Android,0
110640,2026-03-22,24,Новосибирск,iOS,1
110641,2025-09-06,46,Екатеринбург,iOS,0
110642,2025-12-23,32,Нижний Новгород,iOS,0
110643,2025-06-26,35,Новосибирск,iOS,0
110644,2025-09-15,20,Екатеринбург,iOS,0
110645,2025-07-20,29,Нижний Новгород,Android,0
110646,2026-03-17,35,Москва,Android,1
110647,2026-02-18,29,Москва,Android,0
110648,2026-01-31,42,Екатеринбург,Android,0
110649,2025-06-08,44,Санкт-Петербург,iOS,0
110650,2025-07-30,33,Самара,iOS,0
110651,2025-01-12,32,Екатеринбург,iOS,0
110652,2026-02-21,38,Екатеринбург,iOS,0
110653,2025-05-18,47,Санкт-Петербург,iOS,0
110654,2025-07-02,23,Новосибирск,Android,0
110655,2026-04-03,21,Новосибирск,iOS,1
110656,2025-08-03,38,Казань,iOS,0
110657,2025-08-05,32,Екатеринбург,iOS,0
110658,2026-04-30,25,Санкт-Петербург,Android,1
110659,2025-12-27,34,Москва,Android,0
110660,2025-04-12,53,Самара,iOS,0
110661,2025-12-02,40,Санкт-Петербург,iOS,0
110662,2025-04-03,30,Москва,iOS,0
110663,2025-10-22,21,Санкт-Петербург,iOS,0
110664,2025-09-23,40,Казань,Android,0
110665,2026-02-13,22,Самара,Android,0
110666,2025-03-04,32,Казань,Android,0
110667,2025-11-20,46,Казань,Android,0
110668,2026-04-14,21,Нижний Новгород,Android,1
110669,2025-04-01,39,Новосибирск,iOS,0
110670,2025-06-27,36,Санкт-Петербург,iOS,0
110671,2025-12-12,30,Самара,Android,0
110672,2025-04-09,27,Самара,iOS,0
110673,2026-04-14,35,Новосибирск,iOS,1
110674,2025-04-10,31,Москва,Android,0
110675,2025-03-20,22,Санкт-Петербург,Android,0
110676,2025-06-21,33,Москва,Android,0
110677,2025-11-16,21,Москва,Android,0
110678,2025-12-22,35,Екатеринбург,Android,0
110679,2026-04-09,34,Казань,iOS,1
110680,2025-01-01,55,Санкт-Петербург,Android,0
110681,2025-12-05,20,Казань,iOS,0
110682,2025-01-26,39,Санкт-Петербург,Android,0
110683,2026-01-15,38,Казань,Android,0
110684,2025-10-23,32,Санкт-Петербург,iOS,0
110685,2024-12-19,30,Новосибирск,Android,0
110686,2025-06-15,24,Санкт-Петербург,iOS,0
110687,2026-01-18,31,Екатеринбург,Android,0
110688,2025-07-10,32,Казань,Android,0
110689,2025-02-03,33,Москва,iOS,0
110690,2026-02-03,36,Нижний Новгород,iOS,0
110691,2026-01-08,35,Новосибирск,iOS,0
110692,2025-12-19,41,Казань,iOS,0
110693,2025-01-27,41,Новосибирск,Android,0
110694,2025-07-28,18,Новосибирск,iOS,0
110695,2025-06-15,44,Самара,iOS,0
110696,2025-03-11,23,Москва,Android,0
110697,2026-01-21,32,Нижний Новгород,iOS,0
110698,2026-03-13,31,Самара,Android,1
110699,2025-01-26,35,Екатеринбург,Android,0
110700,2025-07-01,39,Санкт-Петербург,Android,0
110701,2025-06-17,40,Новосибирск,Android,0
110702,2025-03-19,30,Москва,Android,0
110703,2025-11-13,46,Москва,Android,0
110704,2025-05-25,33,Нижний Новгород,iOS,0
110705,2025-02-02,40,Нижний Новгород,iOS,0
110706,2024-12-30,43,Казань,Android,0
110707,2026-03-07,26,Новосибирск,iOS,1
110708,2025-04-07,38,Екатеринбург,Android,0
110709,2025-08-14,44,Новосибирск,iOS,0
110710,2025-06-21,32,Москва,Android,0
110711,2025-12-26,18,Казань,Android,0
110712,2025-04-04,46,Москва,Android,0
110713,2025-12-05,26,Самара,Android,0
110714,2025-06-12,28,Казань,Android,0
110715,2025-10-15,30,Санкт-Петербург,iOS,0
110716,2025-02-21,18,Самара,iOS,0
110717,2025-02-10,37,Нижний Новгород,Android,0
110718,2026-01-30,34,Казань,Android,0
110719,2026-04-01,53,Екатеринбург,iOS,1
110720,2026-01-22,37,Москва,iOS,0
110721,2026-03-22,44,Москва,iOS,1
110722,2025-04-24,26,Казань,Android,0
110723,2026-01-13,47,Екатеринбург,Android,0
110724,2026-03-13,36,Казань,iOS,1
110725,2025-05-16,38,Нижний Новгород,iOS,0
110726,2025-02-15,29,Самара,Android,0
110727,2025-01-15,36,Нижний Новгород,iOS,0
110728,2025-08-13,23,Москва,iOS,0
110729,2025-07-13,39,Екатеринбург,Android,0
110730,2025-03-15,32,Новосибирск,iOS,0
110731,2025-04-20,18,Нижний Новгород,Android,0
110732,2025-07-03,25,Казань,iOS,0
110733,2025-12-28,56,Казань,iOS,0
110734,2025-03-12,32,Нижний Новгород,iOS,0
110735,2026-01-02,36,Екатеринбург,iOS,0
110736,2025-10-22,49,Новосибирск,iOS,0
110737,2025-01-03,21,Екатеринбург,iOS,0
110738,2026-01-26,50,Самара,iOS,0
110739,2026-03-09,47,Новосибирск,Android,1
110740,2025-07-31,34,Санкт-Петербург,Android,0
110741,2025-05-12,50,Екатеринбург,Android,0
110742,2025-08-04,47,Санкт-Петербург,iOS,0
110743,2025-10-08,39,Екатеринбург,iOS,0
110744,2025-01-01,23,Нижний Новгород,Android,0
110745,2025-07-16,51,Москва,iOS,0
110746,2025-11-06,41,Нижний Новгород,iOS,0
110747,2025-02-04,33,Москва,Android,0
110748,2025-06-13,43,Екатеринбург,iOS,0
110749,2026-03-20,35,Самара,iOS,1
110750,2026-04-18,54,Новосибирск,iOS,1
110751,2025-03-29,46,Нижний Новгород,iOS,0
110752,2025-08-02,36,Москва,Android,0
110753,2025-12-28,40,Москва,iOS,0
110754,2025-06-20,49,Нижний Новгород,iOS,0
110755,2025-05-31,29,Самара,Android,0
110756,2025-08-28,43,Москва,iOS,0
110757,2026-03-11,53,Казань,iOS,1
110758,2025-02-25,56,Новосибирск,iOS,0
110759,2025-09-29,29,Новосибирск,iOS,0
110760,2026-01-31,34,Екатеринбург,Android,0
110761,2026-01-08,28,Самара,iOS,0
110762,2025-07-30,27,Нижний Новгород,iOS,0
110763,2025-01-10,34,Нижний Новгород,iOS,0
110764,2026-03-24,35,Самара,iOS,1
110765,2025-01-26,32,Самара,Android,0
110766,2025-09-09,37,Санкт-Петербург,iOS,0
110767,2025-06-20,29,Москва,iOS,0
110768,2026-01-23,27,Санкт-Петербург,iOS,0
110769,2025-12-19,27,Самара,iOS,0
110770,2025-10-26,30,Новосибирск,Android,0
110771,2026-02-25,21,Москва,Android,0
110772,2025-07-07,37,Москва,iOS,0
110773,2025-04-03,52,Москва,Android,0
110774,2025-11-19,49,Казань,Android,0
110775,2025-05-11,47,Москва,Android,0
110776,2025-01-04,43,Самара,iOS,0
110777,2026-03-09,30,Казань,iOS,1
110778,2025-06-12,27,Екатеринбург,Android,0
110779,2025-12-18,56,Самара,iOS,0
110780,2025-02-02,21,Нижний Новгород,Android,0
110781,2024-12-20,20,Екатеринбург,iOS,0
110782,2025-01-05,40,Москва,iOS,0
110783,2025-10-13,29,Нижний Новгород,iOS,0
110784,2025-03-19,22,Екатеринбург,Android,0
110785,2025-06-16,48,Екатеринбург,iOS,0
110786,2025-10-10,18,Екатеринбург,Android,0
110787,2025-12-29,27,Екатеринбург,iOS,0
110788,2025-05-29,30,Екатеринбург,Android,0
110789,2025-02-09,22,Новосибирск,Android,0
110790,2026-02-22,20,Екатеринбург,Android,0
110791,2025-01-23,45,Нижний Новгород,iOS,0
110792,2025-09-20,34,Новосибирск,Android,0
110793,2025-11-14,27,Санкт-Петербург,iOS,0
110794,2026-01-07,38,Новосибирск,Android,0
110795,2026-04-08,21,Нижний Новгород,Android,1
110796,2025-06-22,25,Санкт-Петербург,Android,0
110797,2025-05-05,29,Казань,iOS,0
110798,2025-04-23,18,Самара,iOS,0
110799,2026-02-12,40,Санкт-Петербург,Android,0
110800,2025-10-21,27,Новосибирск,Android,0
110801,2026-04-09,27,Самара,iOS,1
110802,2025-12-16,33,Новосибирск,iOS,0
110803,2026-03-11,28,Новосибирск,iOS,1
110804,2025-12-31,43,Екатеринбург,Android,0
110805,2025-08-14,47,Санкт-Петербург,Android,0
110806,2025-07-22,40,Казань,Android,0
110807,2026-03-04,37,Казань,iOS,1
110808,2025-07-15,43,Новосибирск,iOS,0
110809,2025-05-13,41,Санкт-Петербург,iOS,0
110810,2025-09-14,20,Екатеринбург,Android,0
110811,2025-07-05,44,Москва,Android,0
110812,2025-08-23,40,Екатеринбург,iOS,0
110813,2025-06-19,30,Казань,iOS,0
110814,2025-04-02,22,Москва,Android,0
110815,2026-01-22,38,Нижний Новгород,iOS,0
110816,2025-03-24,28,Нижний Новгород,Android,0
110817,2025-03-08,33,Москва,iOS,0
110818,2026-03-03,40,Нижний Новгород,iOS,1
110819,2025-07-20,41,Казань,iOS,0
110820,2026-02-09,31,Санкт-Петербург,iOS,0
110821,2025-04-03,40,Новосибирск,Android,0
110822,2025-08-29,38,Москва,iOS,0
110823,2025-10-25,36,Новосибирск,Android,0
110824,2025-01-25,39,Самара,iOS,0
110825,2025-06-14,25,Москва,Android,0
110826,2025-10-31,31,Нижний Новгород,iOS,0
110827,2026-03-06,28,Нижний Новгород,iOS,1
110828,2026-04-16,40,Санкт-Петербург,Android,1
110829,2025-07-26,20,Самара,iOS,0
110830,2025-04-21,27,Новосибирск,Android,0
110831,2025-12-16,24,Казань,iOS,0
110832,2026-02-19,21,Санкт-Петербург,iOS,0
110833,2026-04-18,46,Екатеринбург,Android,1
110834,2025-05-26,22,Новосибирск,Android,0
110835,2025-08-05,25,Казань,Android,0
110836,2025-10-15,35,Новосибирск,Android,0
110837,2025-06-12,22,Новосибирск,Android,0
110838,2026-01-31,35,Казань,Android,0
110839,2026-03-18,50,Санкт-Петербург,iOS,1
110840,2025-07-10,37,Екатеринбург,iOS,0
110841,2026-03-15,36,Екатеринбург,Android,1
110842,2025-01-03,42,Санкт-Петербург,Android,0
110843,2025-11-23,39,Санкт-Петербург,Android,0
110844,2025-09-24,33,Казань,iOS,0
110845,2025-08-30,36,Москва,Android,0
110846,2025-06-19,39,Новосибирск,Android,0
110847,2026-04-07,35,Екатеринбург,iOS,1
110848,2025-12-26,38,Нижний Новгород,Android,0
110849,2025-03-18,38,Екатеринбург,Android,0
110850,2025-04-22,40,Екатеринбург,iOS,0
110851,2025-09-24,35,Екатеринбург,Android,0
110852,2026-04-12,24,Казань,Android,1
110853,2025-11-09,45,Казань,Android,0
110854,2025-03-09,25,Москва,iOS,0
110855,2026-03-01,36,Санкт-Петербург,Android,0
110856,2025-06-26,37,Казань,iOS,0
110857,2025-04-25,53,Нижний Новгород,Android,0
110858,2025-08-05,18,Москва,iOS,0
110859,2025-11-09,43,Самара,iOS,0
110860,2025-11-03,33,Самара,iOS,0
110861,2025-06-16,27,Самара,Android,0
110862,2025-01-30,29,Санкт-Петербург,iOS,0
110863,2025-08-11,38,Самара,Android,0
110864,2024-12-31,18,Москва,Android,0
110865,2025-06-25,37,Екатеринбург,iOS,0
110866,2025-09-23,34,Санкт-Петербург,iOS,0
110867,2025-08-12,39,Казань,iOS,0
110868,2026-02-26,32,Москва,iOS,0
110869,2025-06-18,27,Казань,Android,0
110870,2025-03-09,29,Самара,Android,0
110871,2025-08-16,26,Екатеринбург,iOS,0
110872,2025-09-27,35,Казань,Android,0
110873,2025-01-26,37,Нижний Новгород,Android,0
110874,2026-02-01,49,Новосибирск,Android,0
110875,2025-12-29,28,Москва,iOS,0
110876,2025-07-27,40,Новосибирск,iOS,0
110877,2025-04-14,56,Новосибирск,iOS,0
110878,2025-07-16,39,Нижний Новгород,Android,0
110879,2025-01-15,34,Санкт-Петербург,Android,0
110880,2026-04-13,59,Москва,Android,1
110881,2025-01-24,45,Нижний Новгород,iOS,0
110882,2026-03-16,63,Екатеринбург,iOS,1
110883,2025-10-25,24,Казань,iOS,0
110884,2025-12-27,44,Новосибирск,Android,0
110885,2025-06-10,37,Новосибирск,iOS,0
110886,2025-03-14,46,Самара,iOS,0
110887,2025-02-06,25,Новосибирск,iOS,0
110888,2025-02-25,37,Казань,Android,0
110889,2025-02-02,47,Казань,iOS,0
110890,2025-07-12,34,Нижний Новгород,iOS,0
110891,2025-07-24,18,Екатеринбург,iOS,0
110892,2025-11-23,46,Санкт-Петербург,Android,0
110893,2026-03-15,47,Екатеринбург,Android,1
110894,2026-04-22,46,Москва,Android,1
110895,2025-12-26,37,Казань,Android,0
110896,2025-12-29,26,Новосибирск,Android,0
110897,2025-01-04,25,Самара,Android,0
110898,2026-03-13,28,Новосибирск,Android,1
110899,2024-12-18,18,Казань,Android,0
110900,2025-07-13,23,Новосибирск,iOS,0
110901,2025-11-18,30,Самара,iOS,0
110902,2025-04-18,40,Нижний Новгород,iOS,0
110903,2025-01-24,36,Екатеринбург,iOS,0
110904,2025-03-08,35,Санкт-Петербург,Android,0
110905,2025-02-05,29,Новосибирск,Android,0
110906,2026-04-25,39,Казань,Android,1
110907,2025-04-05,50,Екатеринбург,Android,0
110908,2026-02-05,60,Москва,iOS,0
110909,2026-03-11,36,Екатеринбург,iOS,1
110910,2025-01-16,22,Санкт-Петербург,Android,0
110911,2025-04-08,51,Нижний Новгород,Android,0
110912,2025-02-19,28,Екатеринбург,iOS,0
110913,2025-02-18,26,Новосибирск,iOS,0
110914,2025-08-30,32,Казань,iOS,0
110915,2025-12-17,21,Новосибирск,iOS,0
110916,2025-12-04,24,Самара,iOS,0
110917,2026-03-11,53,Москва,iOS,1
110918,2025-04-22,28,Казань,iOS,0
110919,2026-01-01,47,Новосибирск,Android,0
110920,2025-03-30,63,Екатеринбург,iOS,0
110921,2025-04-27,54,Санкт-Петербург,Android,0
110922,2025-01-28,56,Москва,Android,0
110923,2025-02-16,42,Санкт-Петербург,Android,0
110924,2026-01-30,32,Москва,iOS,0
110925,2025-03-30,29,Санкт-Петербург,Android,0
110926,2025-12-21,42,Екатеринбург,iOS,0
110927,2026-03-10,27,Самара,Android,1
110928,2025-07-02,31,Нижний Новгород,Android,0
110929,2026-02-07,36,Казань,Android,0
110930,2026-01-20,22,Москва,iOS,0
110931,2025-07-27,36,Казань,Android,0
110932,2025-09-15,34,Москва,Android,0
110933,2026-02-10,34,Санкт-Петербург,iOS,0
110934,2025-10-05,27,Нижний Новгород,iOS,0
110935,2024-12-22,43,Санкт-Петербург,Android,0
110936,2025-11-10,34,Нижний Новгород,iOS,0
110937,2025-03-06,37,Казань,iOS,0
110938,2024-12-26,28,Санкт-Петербург,Android,0
110939,2025-10-13,37,Екатеринбург,iOS,0
110940,2025-01-01,37,Новосибирск,iOS,0
110941,2025-11-04,22,Санкт-Петербург,iOS,0
110942,2025-12-11,26,Самара,iOS,0
110943,2025-10-06,35,Москва,iOS,0
110944,2025-03-27,49,Казань,Android,0
110945,2025-07-19,50,Нижний Новгород,Android,0
110946,2026-02-20,39,Нижний Новгород,Android,0
110947,2025-03-06,40,Самара,iOS,0
110948,2025-10-17,39,Екатеринбург,iOS,0
110949,2026-04-17,42,Екатеринбург,Android,1
110950,2026-01-31,34,Екатеринбург,Android,0
110951,2025-02-03,32,Новосибирск,iOS,0
110952,2024-12-31,33,Москва,iOS,0
110953,2025-08-27,41,Казань,Android,0
110954,2026-03-23,44,Новосибирск,Android,1
110955,2026-02-05,23,Новосибирск,Android,0
110956,2025-10-29,43,Казань,iOS,0
110957,2025-01-20,37,Казань,Android,0
110958,2025-04-17,27,Нижний Новгород,Android,0
110959,2025-07-18,23,Новосибирск,Android,0
110960,2026-02-22,28,Санкт-Петербург,Android,0
110961,2025-05-31,41,Нижний Новгород,iOS,0
110962,2026-03-12,49,Екатеринбург,Android,1
110963,2026-04-03,41,Самара,iOS,1
110964,2025-10-01,27,Москва,Android,0
110965,2025-03-04,32,Казань,iOS,0
110966,2025-04-02,48,Санкт-Петербург,Android,0
110967,2025-03-05,33,Москва,Android,0
110968,2026-04-01,52,,iOS,1
110969,2025-12-22,29,Москва,iOS,0
110970,2025-10-22,29,Санкт-Петербург,iOS,0
110971,2026-03-08,44,Екатеринбург,iOS,1
110972,2025-09-02,59,Казань,Android,0
110973,2025-07-30,30,Екатеринбург,iOS,0
110974,2025-03-20,38,Нижний Новгород,iOS,0
110975,2025-09-03,46,Казань,iOS,0
110976,2025-06-02,50,Екатеринбург,iOS,0
110977,2025-03-07,25,Самара,Android,0
110978,2025-08-17,22,Москва,iOS,0
110979,2025-09-26,34,Новосибирск,Android,0
110980,2025-09-20,19,Новосибирск,iOS,0
110981,2025-04-22,27,Новосибирск,Android,0
110982,2025-01-29,31,Москва,Android,0
110983,2025-07-02,37,Новосибирск,iOS,0
110984,2025-09-09,25,Нижний Новгород,iOS,0
110985,2025-05-08,46,Казань,Android,0
110986,2026-03-13,39,Казань,Android,1
110987,2025-06-12,35,Москва,Android,0
110988,2025-04-16,39,Самара,iOS,0
110989,2025-07-08,34,Санкт-Петербург,Android,0
110990,2025-05-30,51,Москва,iOS,0
110991,2025-12-10,35,Москва,iOS,0
110992,2025-05-11,18,Казань,Android,0
110993,2025-09-03,31,Казань,Android,0
110994,2025-11-22,35,Санкт-Петербург,iOS,0
110995,2025-03-21,25,Екатеринбург,Android,0
110996,2025-12-18,41,Новосибирск,Android,0
110997,2025-10-14,43,Новосибирск,iOS,0
110998,2025-03-04,52,Новосибирск,iOS,0
110999,2025-02-07,27,Новосибирск,iOS,0
111000,2026-01-30,34,Самара,Android,0
111001,2025-02-24,35,Екатеринбург,iOS,0
111002,2025-05-30,25,Новосибирск,iOS,0
111003,2025-05-02,34,Москва,Android,0
111004,2025-07-25,31,Самара,Android,0
111005,2025-04-06,22,Нижний Новгород,iOS,0
111006,2026-03-31,42,Москва,iOS,1
111007,2026-01-01,21,Новосибирск,Android,0
111008,2025-08-25,58,Казань,iOS,0
111009,2026-03-18,26,Самара,Android,1
111010,2025-04-09,43,Казань,iOS,0
111011,2026-03-05,46,Москва,Android,1
111012,2025-02-17,21,Санкт-Петербург,Android,0
111013,2024-12-30,44,Самара,Android,0
111014,2025-07-06,39,Казань,iOS,0
111015,2026-04-04,18,Новосибирск,Android,1
111016,2025-12-17,25,Новосибирск,iOS,0
111017,2025-09-15,30,Новосибирск,Android,0
111018,2025-02-02,41,Нижний Новгород,Android,0
111019,2026-03-25,31,Екатеринбург,Android,1
111020,2026-01-12,47,Нижний Новгород,iOS,0
111021,2025-07-17,52,Санкт-Петербург,iOS,0
111022,2026-04-10,49,Новосибирск,iOS,1
111023,2024-12-26,24,Санкт-Петербург,iOS,0
111024,2025-08-17,25,Екатеринбург,iOS,0
111025,2025-07-07,27,Санкт-Петербург,iOS,0
111026,2026-02-04,23,Казань,Android,0
111027,2025-05-24,18,Москва,Android,0
111028,2026-03-27,30,Нижний Новгород,Android,1
111029,2026-02-27,19,Санкт-Петербург,Android,0
111030,2025-06-13,32,Казань,Android,0
111031,2025-06-27,49,Казань,iOS,0
111032,2025-09-21,38,Самара,Android,0
111033,2025-09-23,24,Екатеринбург,iOS,0
111034,2025-07-30,41,Новосибирск,Android,0
111035,2025-12-15,53,Екатеринбург,iOS,0
111036,2025-04-30,18,Нижний Новгород,Android,0
111037,2025-07-12,48,Самара,iOS,0
111038,2026-01-18,31,Екатеринбург,iOS,0
111039,2025-03-16,44,Москва,Android,0
111040,2025-07-24,42,Казань,iOS,0
111041,2026-04-01,29,Москва,iOS,1
111042,2026-02-20,32,Санкт-Петербург,Android,0
111043,2025-05-26,35,Самара,iOS,0
111044,2026-01-28,31,Новосибирск,Android,0
111045,2025-02-18,42,Новосибирск,Android,0
111046,2026-04-28,57,Казань,Android,1
111047,2026-03-08,18,Казань,Android,1
111048,2025-02-13,43,Новосибирск,Android,0
111049,2025-04-20,31,Санкт-Петербург,iOS,0
111050,2025-06-13,53,Нижний Новгород,iOS,0
111051,2026-04-04,24,Самара,Android,1
111052,2025-11-03,31,Казань,Android,0
111053,2025-09-23,33,Казань,Android,0
111054,2026-01-07,32,Новосибирск,iOS,0
111055,2026-01-23,32,Нижний Новгород,iOS,0
111056,2025-09-09,30,Екатеринбург,Android,0
111057,2024-12-24,24,Самара,iOS,0
111058,2026-01-21,27,Самара,iOS,0
111059,2026-03-17,38,Москва,iOS,1
111060,2025-11-16,18,Санкт-Петербург,iOS,0
111061,2026-01-09,19,Екатеринбург,Android,0
111062,2025-08-11,47,Санкт-Петербург,iOS,0
111063,2025-02-03,31,Новосибирск,iOS,0
111064,2026-04-30,32,Новосибирск,iOS,1
111065,2025-04-09,29,Казань,iOS,0
111066,2026-01-03,61,Казань,iOS,0
111067,2025-11-09,22,Казань,Android,0
111068,2026-02-08,34,Нижний Новгород,iOS,0
111069,2025-10-06,49,Самара,Android,0
111070,2025-01-31,50,Новосибирск,iOS,0
111071,2025-04-21,25,Москва,iOS,0
111072,2025-01-19,18,Самара,iOS,0
111073,2024-12-29,24,Москва,Android,0
111074,2024-12-22,63,Новосибирск,iOS,0
111075,2026-02-24,34,Самара,iOS,0
111076,2025-04-30,37,Москва,Android,0
111077,2026-01-26,24,Санкт-Петербург,Android,0
111078,2025-10-23,39,Нижний Новгород,iOS,0
111079,2026-03-22,18,Самара,iOS,1
111080,2025-09-29,46,Новосибирск,Android,0
111081,2025-07-13,28,Самара,iOS,0
111082,2025-12-16,58,Самара,Android,0
111083,2025-01-30,21,Нижний Новгород,Android,0
111084,2025-06-26,40,Нижний Новгород,iOS,0
111085,2025-01-26,54,Нижний Новгород,iOS,0
111086,2025-01-22,33,Казань,Android,0
111087,2025-08-18,30,Самара,iOS,0
111088,2025-02-23,21,Москва,Android,0
111089,2025-12-18,27,Санкт-Петербург,Android,0
111090,2025-10-19,29,Казань,iOS,0
111091,2025-05-17,41,Казань,iOS,0
111092,2026-04-22,34,Новосибирск,iOS,1
111093,2026-01-11,39,Казань,Android,0
111094,2026-02-27,29,Самара,Android,0
111095,2025-11-30,52,Екатеринбург,Android,0
111096,2025-02-14,29,Санкт-Петербург,Android,0
111097,2025-09-30,24,Екатеринбург,Android,0
111098,2025-10-11,18,Нижний Новгород,iOS,0
111099,2025-11-15,50,Екатеринбург,Android,0
111100,2026-04-08,50,Самара,Android,1
111101,2025-08-24,36,Нижний Новгород,Android,0
111102,2026-03-18,25,Новосибирск,Android,1
111103,2026-02-12,36,Санкт-Петербург,Android,0
111104,2026-03-05,54,Нижний Новгород,Android,1
111105,2025-04-25,43,Екатеринбург,iOS,0
111106,2025-08-25,39,Екатеринбург,iOS,0
111107,2025-02-07,37,Москва,Android,0
111108,2025-10-23,22,Казань,iOS,0
111109,2025-08-28,39,Казань,iOS,0
111110,2025-04-09,18,Казань,Android,0
111111,2025-03-12,24,Новосибирск,iOS,0
111112,2026-04-08,38,Москва,iOS,1
111113,2025-02-18,33,Нижний Новгород,iOS,0
111114,2026-04-09,42,Нижний Новгород,iOS,1
111115,2024-12-23,41,Самара,Android,0
111116,2025-12-21,43,Самара,Android,0
111117,2025-02-27,28,Екатеринбург,Android,0
111118,2024-12-20,29,Казань,Android,0
111119,2026-04-15,45,Самара,iOS,1
111120,2025-10-06,37,Нижний Новгород,iOS,0
111121,2025-03-25,27,Санкт-Петербург,iOS,0
111122,2026-01-03,26,Казань,iOS,0
111123,2025-12-26,23,Новосибирск,Android,0
111124,2026-02-01,40,Самара,iOS,0
111125,2025-05-28,61,Екатеринбург,Android,0
111126,2025-04-23,36,Екатеринбург,iOS,0
111127,2025-08-08,31,Санкт-Петербург,Android,0
111128,2024-12-20,34,Нижний Новгород,Android,0
111129,2025-06-23,46,Санкт-Петербург,iOS,0
111130,2025-11-17,18,Санкт-Петербург,Android,0
111131,2025-07-28,46,Санкт-Петербург,Android,0
111132,2026-03-23,52,Казань,iOS,1
111133,2025-09-01,34,Самара,Android,0
111134,2025-04-28,37,Казань,Android,0
111135,2025-11-08,30,Екатеринбург,iOS,0
111136,2025-08-21,53,Казань,Android,0
111137,2025-01-27,23,Москва,Android,0
111138,2025-12-30,39,Нижний Новгород,Android,0
111139,2025-12-09,31,Екатеринбург,iOS,0
111140,2026-01-29,34,Нижний Новгород,iOS,0
111141,2025-06-28,38,Новосибирск,Android,0
111142,2025-05-19,36,Санкт-Петербург,Android,0
111143,2025-08-28,33,Санкт-Петербург,iOS,0
111144,2026-03-18,38,Екатеринбург,Android,1
111145,2025-12-28,39,Екатеринбург,Android,0
111146,2025-03-28,36,Москва,iOS,0
111147,2025-12-06,25,Нижний Новгород,Android,0
111148,2025-07-31,31,Нижний Новгород,Android,0
111149,2025-08-23,30,Москва,Android,0
111150,2025-01-22,37,Самара,iOS,0
111151,2026-02-03,32,Новосибирск,Android,0
111152,2025-04-03,35,Екатеринбург,iOS,0
111153,2025-05-12,34,Екатеринбург,Android,0
111154,2026-01-02,42,Екатеринбург,iOS,0
111155,2025-02-22,38,Нижний Новгород,iOS,0
111156,2025-07-13,30,Нижний Новгород,Android,0
111157,2025-01-01,26,Новосибирск,Android,0
111158,2025-04-15,27,Екатеринбург,iOS,0
111159,2025-10-10,41,Нижний Новгород,Android,0
111160,2026-03-29,43,Нижний Новгород,iOS,1
111161,2026-02-17,30,Москва,iOS,0
111162,2025-04-23,26,Екатеринбург,Android,0
111163,2025-03-27,38,Казань,Android,0
111164,2026-04-28,31,Нижний Новгород,iOS,1
111165,2026-03-28,35,Санкт-Петербург,Android,1
111166,2024-12-23,32,Самара,iOS,0
111167,2026-02-01,48,Москва,iOS,0
111168,2025-02-26,35,Новосибирск,iOS,0
111169,2026-03-24,18,Санкт-Петербург,Android,1
111170,2025-09-09,34,Москва,Android,0
111171,2026-04-05,22,Новосибирск,iOS,1
111172,2025-11-12,29,Самара,Android,0
111173,2026-01-03,27,Санкт-Петербург,iOS,0
111174,2025-12-31,30,Екатеринбург,iOS,0
111175,2025-08-12,32,Нижний Новгород,iOS,0
111176,2026-04-09,26,Казань,Android,1
111177,2025-01-16,27,Москва,iOS,0
111178,2025-04-16,18,Казань,Android,0
111179,2025-11-09,27,Новосибирск,iOS,0
111180,2025-06-14,35,Самара,iOS,0
111181,2025-08-01,31,Казань,Android,0
111182,2025-12-29,36,Новосибирск,iOS,0
111183,2025-04-22,38,Санкт-Петербург,Android,0
111184,2025-06-27,35,Самара,iOS,0
111185,2025-12-15,22,Новосибирск,Android,0
111186,2026-04-06,47,Москва,Android,1
111187,2025-06-14,47,Казань,iOS,0
111188,2025-02-05,33,Нижний Новгород,iOS,0
111189,2025-12-28,38,Нижний Новгород,Android,0
111190,2026-04-22,18,Екатеринбург,iOS,1
111191,2025-07-04,54,Санкт-Петербург,Android,0
111192,2025-08-05,35,Новосибирск,iOS,0
111193,2025-06-09,22,Екатеринбург,Android,0
111194,2025-06-19,35,Самара,Android,0
111195,2026-01-05,25,Санкт-Петербург,Android,0
111196,2026-04-12,42,Самара,iOS,1
111197,2025-07-09,54,Москва,Android,0
111198,2025-05-24,35,Нижний Новгород,Android,0
111199,2026-03-08,35,Екатеринбург,iOS,1
111200,2024-12-19,32,Нижний Новгород,iOS,0
111201,2026-04-14,29,Самара,Android,1
111202,2025-06-20,18,Казань,Android,0
111203,2025-03-12,32,Санкт-Петербург,iOS,0
111204,2025-10-18,43,Москва,Android,0
111205,2025-04-21,25,Самара,iOS,0
111206,2025-07-09,58,Нижний Новгород,iOS,0
111207,2026-03-14,26,Новосибирск,iOS,1
111208,2025-01-28,18,Москва,iOS,0
111209,2026-02-21,26,Нижний Новгород,Android,0
111210,2025-11-10,43,Москва,iOS,0
111211,2026-01-22,32,Москва,iOS,0
111212,2025-05-29,32,Казань,iOS,0
111213,2026-03-11,34,Санкт-Петербург,Android,1
111214,2026-03-18,44,Екатеринбург,iOS,1
111215,2026-04-16,40,Нижний Новгород,iOS,1
111216,2024-12-23,43,Нижний Новгород,iOS,0
111217,2025-02-27,20,Москва,Android,0
111218,2025-06-15,40,Санкт-Петербург,iOS,0
111219,2025-06-08,31,Нижний Новгород,Android,0
111220,2025-01-27,40,Санкт-Петербург,Android,0
111221,2026-03-08,36,Нижний Новгород,iOS,1
111222,2025-12-08,45,Нижний Новгород,Android,0
111223,2025-12-14,21,Санкт-Петербург,Android,0
111224,2025-09-22,35,Москва,Android,0
111225,2025-01-30,41,Казань,Android,0
111226,2025-04-21,28,Новосибирск,iOS,0
111227,2025-07-30,33,Нижний Новгород,iOS,0
111228,2026-01-20,21,Самара,iOS,0
111229,2026-02-05,49,Новосибирск,Android,0
111230,2026-02-03,34,Екатеринбург,iOS,0
111231,2025-05-13,22,Санкт-Петербург,Android,0
111232,2025-07-07,20,Екатеринбург,iOS,0
111233,2026-02-24,22,Казань,Android,0
111234,2025-07-02,36,Москва,iOS,0
111235,2025-05-30,41,Санкт-Петербург,Android,0
111236,2025-12-01,18,Москва,Android,0
111237,2025-06-17,34,Москва,iOS,0
111238,2026-02-16,30,Екатеринбург,iOS,0
111239,2025-08-05,21,Москва,iOS,0
111240,2025-03-25,28,Москва,iOS,0
111241,2025-03-15,26,Москва,iOS,0
111242,2025-08-30,31,Казань,Android,0
111243,2025-04-17,50,Казань,iOS,0
111244,2025-01-16,23,Санкт-Петербург,iOS,0
111245,2025-11-23,40,Новосибирск,Android,0
111246,2025-12-03,47,Москва,iOS,0
111247,2026-03-16,26,Самара,iOS,1
111248,2025-10-05,34,Санкт-Петербург,iOS,0
111249,2025-12-18,20,Самара,Android,0
111250,2025-08-04,23,Новосибирск,iOS,0
111251,2026-04-01,30,Санкт-Петербург,Android,1
111252,2026-02-15,28,Москва,Android,0
111253,2025-04-06,46,Екатеринбург,Android,0
111254,2025-06-17,27,Нижний Новгород,iOS,0
111255,2025-01-18,34,Самара,iOS,0
111256,2026-02-02,42,Новосибирск,iOS,0
111257,2026-03-21,31,Москва,iOS,1
111258,2025-08-09,22,Екатеринбург,iOS,0
111259,2025-06-18,38,Новосибирск,iOS,0
111260,2025-05-23,41,Санкт-Петербург,Android,0
111261,2025-12-11,33,Самара,Android,0
111262,2025-07-11,21,Самара,Android,0
111263,2025-01-03,28,Санкт-Петербург,Android,0
111264,2026-02-10,31,Новосибирск,Android,0
111265,2026-02-12,34,Екатеринбург,iOS,0
111266,2026-04-15,32,Самара,Android,1
111267,2026-03-19,50,Нижний Новгород,Android,1
111268,2026-04-27,25,Екатеринбург,iOS,1
111269,2025-09-29,43,Екатеринбург,Android,0
111270,2025-05-16,18,Новосибирск,Android,0
111271,2025-11-25,18,Москва,Android,0
111272,2025-12-21,25,Нижний Новгород,iOS,0
111273,2025-04-25,25,Казань,Android,0
111274,2025-04-12,21,Новосибирск,Android,0
111275,2026-03-25,22,Екатеринбург,iOS,1
111276,2026-01-06,31,Нижний Новгород,Android,0
111277,2025-04-26,40,Новосибирск,iOS,0
111278,2025-09-12,22,Самара,iOS,0
111279,2025-12-23,43,Санкт-Петербург,Android,0
111280,2025-05-14,55,Екатеринбург,iOS,0
111281,2025-08-08,24,Екатеринбург,iOS,0
111282,2025-12-26,18,Казань,iOS,0
111283,2025-08-05,30,Санкт-Петербург,iOS,0
111284,2025-06-20,21,Нижний Новгород,Android,0
111285,2025-05-01,40,Новосибирск,iOS,0
111286,2026-02-27,42,Самара,iOS,0
111287,2025-08-24,58,Самара,Android,0
111288,2025-08-24,41,Новосибирск,Android,0
111289,2025-09-23,47,Санкт-Петербург,Android,0
111290,2025-07-20,22,Самара,iOS,0
111291,2025-04-14,36,Новосибирск,Android,0
111292,2025-10-05,34,Санкт-Петербург,iOS,0
111293,2026-01-17,36,Санкт-Петербург,Android,0
111294,2025-09-20,24,Нижний Новгород,iOS,0
111295,2026-03-11,51,Самара,iOS,1
111296,2025-10-25,40,Самара,Android,0
111297,2026-03-31,46,Нижний Новгород,Android,1
111298,2026-02-13,45,Новосибирск,iOS,0
111299,2025-01-07,20,Казань,iOS,0
111300,2024-12-30,21,Екатеринбург,iOS,0
111301,2025-01-17,44,Москва,Android,0
111302,2025-01-28,18,Нижний Новгород,iOS,0
111303,2026-03-22,38,Новосибирск,iOS,1
111304,2025-08-08,40,Екатеринбург,iOS,0
111305,2025-06-07,28,Самара,iOS,0
111306,2026-04-22,18,Москва,iOS,1
111307,2026-04-22,31,Санкт-Петербург,iOS,1
111308,2026-04-22,35,Самара,iOS,1
111309,2025-05-12,20,Новосибирск,iOS,0
111310,2025-06-01,18,Нижний Новгород,Android,0
111311,2026-04-23,30,Казань,iOS,1
111312,2025-01-30,39,Нижний Новгород,iOS,0
111313,2025-01-05,28,Москва,iOS,0
111314,2025-10-14,26,Казань,Android,0
111315,2025-10-06,38,Новосибирск,iOS,0
111316,2025-04-07,49,Новосибирск,Android,0
111317,2025-01-30,27,Санкт-Петербург,Android,0
111318,2026-03-25,53,Новосибирск,Android,1
111319,2025-09-15,50,Нижний Новгород,iOS,0
111320,2025-10-16,21,Новосибирск,iOS,0
111321,2025-11-29,23,Москва,Android,0
111322,2026-02-03,39,Екатеринбург,Android,0
111323,2025-01-23,27,Санкт-Петербург,Android,0
111324,2025-07-23,42,Москва,Android,0
111325,2025-06-09,39,Нижний Новгород,Android,0
111326,2025-08-18,31,Самара,Android,0
111327,2026-04-29,36,Москва,iOS,1
111328,2025-10-20,29,Казань,Android,0
111329,2025-11-23,37,Самара,iOS,0
111330,2025-07-08,29,Новосибирск,iOS,0
111331,2025-04-22,39,Москва,iOS,0
111332,2026-04-24,35,Нижний Новгород,iOS,1
111333,2025-01-31,55,Новосибирск,Android,0
111334,2025-02-27,36,Самара,Android,0
111335,2025-01-06,33,Москва,Android,0
111336,2026-04-29,20,Москва,Android,1
111337,2026-01-01,32,Екатеринбург,iOS,0
111338,2024-12-30,34,Казань,iOS,0
111339,2026-04-18,41,Новосибирск,iOS,1
111340,2025-09-11,41,Санкт-Петербург,iOS,0
111341,2026-01-15,45,Самара,iOS,0
111342,2025-02-20,42,Нижний Новгород,iOS,0
111343,2025-05-02,42,Новосибирск,iOS,0
111344,2025-08-27,38,Санкт-Петербург,Android,0
111345,2025-02-19,32,Екатеринбург,Android,0
111346,2025-01-30,47,Новосибирск,Android,0
111347,2025-01-07,35,Новосибирск,Android,0
111348,2025-08-04,32,Новосибирск,Android,0
111349,2025-07-14,36,Самара,Android,0
111350,2025-01-04,44,Нижний Новгород,Android,0
111351,2025-10-23,27,Москва,iOS,0
111352,2025-09-09,23,Екатеринбург,Android,0
111353,2025-10-01,20,Екатеринбург,iOS,0
111354,2025-08-06,41,Екатеринбург,iOS,0
111355,2025-01-01,24,Нижний Новгород,Android,0
111356,2025-06-13,40,Самара,Android,0
111357,2025-05-16,47,Новосибирск,iOS,0
111358,2025-03-31,18,Санкт-Петербург,Android,0
111359,2025-08-12,44,Казань,iOS,0
111360,2025-10-17,18,Нижний Новгород,Android,0
111361,2025-03-29,31,Казань,iOS,0
111362,2025-04-27,25,Самара,Android,0
111363,2025-02-15,31,Казань,iOS,0
111364,2025-10-19,18,Москва,Android,0
111365,2026-01-20,43,Новосибирск,Android,0
111366,2024-12-30,19,Санкт-Петербург,Android,0
111367,2025-03-20,28,Екатеринбург,Android,0
111368,2025-07-31,44,Екатеринбург,Android,0
111369,2025-09-18,34,Санкт-Петербург,Android,0
111370,2025-11-22,44,Казань,iOS,0
111371,2026-01-21,58,Самара,iOS,0
111372,2025-03-25,24,Казань,iOS,0
111373,2025-03-23,25,Нижний Новгород,Android,0
111374,2025-03-27,39,Казань,iOS,0
111375,2025-01-22,37,Новосибирск,Android,0
111376,2025-03-17,36,Самара,iOS,0
111377,2025-11-02,41,Екатеринбург,iOS,0
111378,2025-03-23,23,Казань,Android,0
111379,2025-01-23,48,Санкт-Петербург,Android,0
111380,2026-01-04,35,Самара,Android,0
111381,2026-03-02,51,Казань,Android,0
111382,2026-03-02,23,Москва,Android,0
111383,2025-06-20,41,Москва,iOS,0
111384,2025-08-13,25,Москва,Android,0
111385,2026-01-15,36,Нижний Новгород,iOS,0
111386,2026-02-24,37,Санкт-Петербург,Android,0
111387,2025-08-24,24,Санкт-Петербург,iOS,0
111388,2026-03-04,36,Нижний Новгород,iOS,1
111389,2025-10-19,41,Самара,Android,0
111390,2026-03-23,35,Самара,Android,1
111391,2025-11-26,25,Москва,Android,0
111392,2026-04-27,37,Казань,iOS,1
111393,2025-12-18,33,Екатеринбург,Android,0
111394,2026-03-05,39,Самара,Android,1
111395,2026-02-14,34,Казань,Android,0
111396,2025-02-16,19,Санкт-Петербург,iOS,0
111397,2026-01-27,37,Казань,Android,0
111398,2025-04-10,18,Санкт-Петербург,Android,0
111399,2025-01-27,35,Москва,iOS,0
111400,2025-03-30,44,Екатеринбург,iOS,0
111401,2025-02-26,49,Санкт-Петербург,Android,0
111402,2025-03-24,35,Казань,iOS,0
111403,2025-03-05,31,Казань,iOS,0
111404,2026-01-22,28,Санкт-Петербург,Android,0
111405,2025-05-28,39,Екатеринбург,iOS,0
111406,2025-02-26,48,Москва,iOS,0
111407,2025-09-07,27,Казань,Android,0
111408,2025-11-16,19,Новосибирск,Android,0
111409,2025-01-22,23,Нижний Новгород,iOS,0
111410,2026-03-30,36,Екатеринбург,Android,1
111411,2025-02-25,43,Казань,iOS,0
111412,2025-12-02,20,Новосибирск,iOS,0
111413,2025-09-12,26,Новосибирск,iOS,0
111414,2025-09-11,46,Нижний Новгород,Android,0
111415,2025-06-09,18,Москва,Android,0
111416,2025-07-06,22,Санкт-Петербург,Android,0
111417,2025-06-12,43,Самара,Android,0
111418,2025-11-05,36,Нижний Новгород,iOS,0
111419,2025-08-16,38,Москва,Android,0
111420,2025-03-03,31,Новосибирск,Android,0
111421,2025-10-01,25,Санкт-Петербург,iOS,0
111422,2025-07-03,31,Самара,iOS,0
111423,2025-05-20,26,Новосибирск,iOS,0
111424,2026-01-17,42,Москва,iOS,0
111425,2025-01-17,26,Самара,Android,0
111426,2025-05-12,24,Новосибирск,Android,0
111427,2025-06-26,32,Самара,Android,0
111428,2025-11-08,28,Новосибирск,Android,0
111429,2025-10-17,62,Самара,iOS,0
111430,2025-01-12,47,Новосибирск,iOS,0
111431,2025-05-05,33,Самара,Android,0
111432,2025-12-02,27,Казань,Android,0
111433,2026-04-30,20,Самара,iOS,1
111434,2025-05-07,36,Казань,Android,0
111435,2025-03-31,41,Новосибирск,iOS,0
111436,2025-08-19,22,Новосибирск,iOS,0
111437,2025-01-26,23,Новосибирск,iOS,0
111438,2025-09-07,44,Нижний Новгород,Android,0
111439,2026-01-14,32,Самара,iOS,0
111440,2025-05-05,32,Нижний Новгород,Android,0
111441,2025-07-14,34,Москва,iOS,0
111442,2025-02-01,31,Москва,Android,0
111443,2026-01-28,48,Новосибирск,iOS,0
111444,2025-10-27,33,Нижний Новгород,Android,0
111445,2025-05-21,49,Новосибирск,iOS,0
111446,2025-03-21,23,Санкт-Петербург,iOS,0
111447,2024-12-18,29,Нижний Новгород,Android,0
111448,2025-03-17,39,Казань,Android,0
111449,2025-04-06,23,Москва,iOS,0
111450,2026-01-04,29,Екатеринбург,Android,0
111451,2025-11-09,38,Казань,iOS,0
111452,2025-11-18,18,Самара,iOS,0
111453,2026-02-03,24,Самара,iOS,0
111454,2025-08-10,24,Санкт-Петербург,Android,0
111455,2025-11-02,34,Москва,Android,0
111456,2026-03-15,24,Новосибирск,iOS,1
111457,2025-07-08,18,Новосибирск,Android,0
111458,2026-03-19,18,Санкт-Петербург,iOS,1
111459,2025-01-10,22,Казань,Android,0
111460,2025-03-10,50,Нижний Новгород,Android,0
111461,2025-10-08,32,Казань,iOS,0
111462,2026-04-14,53,Самара,iOS,1
111463,2026-04-11,42,Новосибирск,Android,1
111464,2025-01-29,50,Новосибирск,Android,0
111465,2025-03-14,26,Екатеринбург,Android,0
111466,2026-03-22,39,Новосибирск,Android,1
111467,2026-01-07,30,Санкт-Петербург,Android,0
111468,2025-03-10,40,Санкт-Петербург,iOS,0
111469,2025-04-07,27,Москва,iOS,0
111470,2025-08-23,53,Екатеринбург,Android,0
111471,2025-10-04,33,Новосибирск,iOS,0
111472,2026-02-23,18,Нижний Новгород,iOS,0
111473,2025-06-21,52,Новосибирск,iOS,0
111474,2025-09-29,37,Казань,Android,0
111475,2026-01-20,52,Самара,Android,0
111476,2025-08-17,18,Москва,Android,0
111477,2025-08-11,50,Санкт-Петербург,Android,0
111478,2025-07-27,36,Екатеринбург,iOS,0
111479,2025-09-13,28,Санкт-Петербург,Android,0
111480,2025-06-17,39,Москва,Android,0
111481,2025-09-01,35,Самара,Android,0
111482,2025-04-05,54,Казань,iOS,0
111483,2026-01-24,18,Нижний Новгород,Android,0
111484,2026-03-14,49,Казань,Android,1
111485,2025-08-30,35,Санкт-Петербург,Android,0
111486,2025-12-08,35,Москва,iOS,0
111487,2026-02-04,42,Самара,iOS,0
111488,2025-11-01,26,Москва,Android,0
111489,2026-04-25,32,Нижний Новгород,Android,1
111490,2025-01-26,39,Новосибирск,Android,0
111491,2024-12-18,51,Санкт-Петербург,Android,0
111492,2025-11-03,34,Самара,Android,0
111493,2025-04-01,52,Самара,iOS,0
111494,2025-12-22,49,Екатеринбург,Android,0
111495,2025-05-14,29,Новосибирск,iOS,0
111496,2025-05-05,28,Самара,Android,0
111497,2026-02-13,36,Екатеринбург,iOS,0
111498,2026-04-21,36,Санкт-Петербург,Android,1
111499,2025-12-25,43,Нижний Новгород,iOS,0
111500,2025-04-29,36,Новосибирск,iOS,0
111501,2025-05-27,30,Санкт-Петербург,iOS,0
111502,2025-12-05,32,Нижний Новгород,iOS,0
111503,2025-08-31,18,Казань,Android,0
111504,2025-10-17,43,Новосибирск,iOS,0
111505,2026-04-08,26,Нижний Новгород,iOS,1
111506,2024-12-30,26,Казань,Android,0
111507,2025-10-08,18,Казань,iOS,0
111508,2025-10-20,39,Екатеринбург,Android,0
111509,2025-09-07,41,Нижний Новгород,iOS,0
111510,2025-02-21,44,Самара,Android,0
111511,2025-04-12,44,Екатеринбург,iOS,0
111512,2025-06-04,35,Казань,Android,0
111513,2026-01-25,40,Москва,Android,0
111514,2025-06-21,27,Новосибирск,Android,0
111515,2025-08-09,25,Казань,iOS,0
111516,2025-11-16,21,Новосибирск,iOS,0
111517,2025-09-29,36,Москва,Android,0
111518,2026-04-17,26,Новосибирск,Android,1
111519,2025-07-17,40,Москва,Android,0
111520,2025-05-04,47,Екатеринбург,iOS,0
111521,2025-08-08,41,Нижний Новгород,Android,0
111522,2025-07-28,38,Москва,iOS,0
111523,2026-04-11,47,Нижний Новгород,iOS,1
111524,2025-06-27,34,Санкт-Петербург,Android,0
111525,2025-09-25,26,Самара,iOS,0
111526,2025-10-02,26,Екатеринбург,iOS,0
111527,2025-10-27,51,Санкт-Петербург,Android,0
111528,2026-02-13,34,Екатеринбург,Android,0
111529,2026-03-14,39,Новосибирск,iOS,1
111530,2026-02-20,35,Самара,Android,0
111531,2025-05-15,25,Нижний Новгород,iOS,0
111532,2026-01-24,20,Санкт-Петербург,Android,0
111533,2025-01-10,55,Самара,Android,0
111534,2025-08-07,37,Казань,iOS,0
111535,2025-05-22,18,Санкт-Петербург,Android,0
111536,2025-12-05,55,Санкт-Петербург,Android,0
111537,2025-04-22,44,Казань,iOS,0
111538,2025-06-28,50,Казань,iOS,0
111539,2026-01-08,37,Екатеринбург,iOS,0
111540,2025-09-10,32,Екатеринбург,iOS,0
111541,2026-02-05,28,Москва,Android,0
111542,2025-04-22,41,Екатеринбург,iOS,0
111543,2025-09-05,23,Казань,iOS,0
111544,2025-11-17,23,Москва,Android,0
111545,2025-11-11,33,Нижний Новгород,Android,0
111546,2025-07-20,38,Самара,iOS,0
111547,2026-03-02,43,Новосибирск,Android,0
111548,2025-11-28,40,Москва,iOS,0
111549,2026-01-01,55,Самара,Android,0
111550,2025-08-29,50,Санкт-Петербург,Android,0
111551,2025-01-03,27,Екатеринбург,iOS,0
111552,2025-04-05,18,Нижний Новгород,iOS,0
111553,2026-01-31,32,Нижний Новгород,Android,0
111554,2026-02-28,29,Екатеринбург,Android,0
111555,2026-03-12,36,Самара,Android,1
111556,2025-09-05,27,Самара,Android,0
111557,2025-03-28,25,Москва,iOS,0
111558,2025-07-17,33,Санкт-Петербург,iOS,0
111559,2025-05-22,41,Нижний Новгород,iOS,0
111560,2025-04-09,45,Казань,Android,0
111561,2026-04-19,27,Самара,Android,1
111562,2026-03-26,31,Самара,Android,1
111563,2025-05-02,34,Самара,iOS,0
111564,2026-01-05,43,Нижний Новгород,Android,0
111565,2025-04-12,21,Самара,iOS,0
111566,2025-12-12,58,Санкт-Петербург,Android,0
111567,2025-07-19,33,Новосибирск,Android,0
111568,2025-11-11,44,Казань,iOS,0
111569,2025-11-28,49,Самара,iOS,0
111570,2025-07-01,25,Самара,Android,0
111571,2026-01-29,39,Москва,Android,0
111572,2025-11-08,41,Новосибирск,iOS,0
111573,2025-01-18,28,Москва,iOS,0
111574,2026-04-08,31,Екатеринбург,Android,1
111575,2025-01-31,30,Санкт-Петербург,Android,0
111576,2026-03-27,38,Новосибирск,Android,1
111577,2025-07-02,42,Казань,iOS,0
111578,2025-01-21,41,Новосибирск,Android,0
111579,2024-12-21,48,Санкт-Петербург,Android,0
111580,2025-03-08,38,Нижний Новгород,Android,0
111581,2026-01-23,53,Екатеринбург,iOS,0
111582,2025-04-15,25,Казань,iOS,0
111583,2025-12-10,56,Санкт-Петербург,iOS,0
111584,2025-03-11,43,Москва,Android,0
111585,2025-06-23,29,Казань,iOS,0
111586,2025-06-11,18,Новосибирск,iOS,0
111587,2025-06-10,52,Новосибирск,iOS,0
111588,2025-02-11,30,Нижний Новгород,iOS,0
111589,2025-08-16,28,Москва,iOS,0
111590,2025-12-20,50,Санкт-Петербург,Android,0
111591,2025-07-26,21,Екатеринбург,iOS,0
111592,2026-03-07,40,Нижний Новгород,Android,1
111593,2025-08-16,27,Нижний Новгород,iOS,0
111594,2025-01-08,34,Нижний Новгород,Android,0
111595,2026-03-14,34,Екатеринбург,Android,1
111596,2025-10-09,40,Екатеринбург,iOS,0
111597,2025-05-17,31,Екатеринбург,Android,0
111598,2026-04-22,24,Новосибирск,Android,1
111599,2026-03-05,56,Екатеринбург,iOS,1
111600,2025-12-16,45,Новосибирск,iOS,0
111601,2025-11-19,29,Самара,iOS,0
111602,2025-12-18,30,Нижний Новгород,iOS,0
111603,2025-07-11,50,Москва,Android,0
111604,2025-10-14,28,Казань,Android,0
111605,2025-01-25,45,Казань,iOS,0
111606,2025-05-19,42,Самара,Android,0
111607,2025-03-29,31,Самара,iOS,0
111608,2025-10-14,33,Казань,iOS,0
111609,2024-12-22,58,Санкт-Петербург,iOS,0
111610,2025-01-13,28,Казань,iOS,0
111611,2025-02-24,33,Москва,iOS,0
111612,2025-12-11,31,Екатеринбург,iOS,0
111613,2025-12-25,22,Нижний Новгород,iOS,0
111614,2025-11-23,25,Казань,Android,0
111615,2026-01-02,18,Новосибирск,Android,0
111616,2025-07-08,49,Нижний Новгород,Android,0
111617,2026-02-05,28,Нижний Новгород,iOS,0
111618,2025-02-14,37,Санкт-Петербург,Android,0
111619,2025-01-29,30,Самара,iOS,0
111620,2025-06-29,47,Москва,iOS,0
111621,2025-09-05,34,Санкт-Петербург,Android,0
111622,2025-11-14,18,Санкт-Петербург,iOS,0
111623,2025-11-03,45,Казань,iOS,0
111624,2025-01-30,27,Новосибирск,iOS,0
111625,2026-04-25,29,Самара,iOS,1
111626,2025-01-22,39,Новосибирск,Android,0
111627,2025-12-01,67,Новосибирск,iOS,0
111628,2025-11-06,41,Казань,Android,0
111629,2025-03-17,35,Москва,iOS,0
111630,2026-04-21,31,Новосибирск,Android,1
111631,2026-03-16,27,Нижний Новгород,Android,1
111632,2025-08-19,32,Екатеринбург,Android,0
111633,2025-02-28,43,Казань,iOS,0
111634,2025-05-01,34,Казань,iOS,0
111635,2026-03-14,31,Екатеринбург,iOS,1
111636,2025-06-05,47,Самара,iOS,0
111637,2026-02-21,30,Санкт-Петербург,iOS,0
111638,2025-05-24,36,Нижний Новгород,iOS,0
111639,2025-05-29,32,Нижний Новгород,iOS,0
111640,2026-02-02,40,Новосибирск,Android,0
111641,2025-09-16,29,Москва,iOS,0
111642,2025-01-23,51,Самара,iOS,0
111643,2025-07-23,21,Казань,iOS,0
111644,2025-07-24,31,Новосибирск,iOS,0
111645,2025-08-07,30,Москва,iOS,0
111646,2025-04-26,37,Нижний Новгород,Android,0
111647,2025-07-21,38,Санкт-Петербург,Android,0
111648,2025-01-29,42,Самара,Android,0
111649,2024-12-18,44,Самара,Android,0
111650,2025-04-30,26,Самара,Android,0
111651,2026-01-19,23,Москва,Android,0
111652,2026-03-20,43,Санкт-Петербург,Android,1
111653,2026-02-28,41,Нижний Новгород,iOS,0
111654,2024-12-24,35,Нижний Новгород,iOS,0
111655,2026-02-16,37,Самара,iOS,0
111656,2025-10-01,32,Москва,Android,0
111657,2025-10-12,24,Нижний Новгород,iOS,0
111658,2025-01-01,27,Санкт-Петербург,Android,0
111659,2025-09-12,43,Казань,Android,0
111660,2025-05-22,18,Екатеринбург,iOS,0
111661,2026-01-04,49,Казань,Android,0
111662,2025-06-11,44,Новосибирск,Android,0
111663,2025-03-19,27,Санкт-Петербург,Android,0
111664,2026-04-21,37,Екатеринбург,iOS,1
111665,2025-08-18,28,Москва,Android,0
111666,2024-12-30,50,Самара,iOS,0
111667,2025-09-10,23,Екатеринбург,Android,0
111668,2025-12-24,28,Москва,Android,0
111669,2025-03-03,24,Екатеринбург,iOS,0
111670,2025-08-04,40,Санкт-Петербург,iOS,0
111671,2024-12-28,31,Самара,iOS,0
111672,2026-02-14,32,Санкт-Петербург,Android,0
111673,2025-05-29,20,Екатеринбург,iOS,0
111674,2025-06-16,28,Казань,Android,0
111675,2025-10-14,45,Москва,Android,0
111676,2026-03-08,39,Казань,Android,1
111677,2026-03-02,33,Новосибирск,Android,0
111678,2025-08-11,44,Екатеринбург,iOS,0
111679,2026-04-03,43,Москва,iOS,1
111680,2025-12-29,19,Новосибирск,iOS,0
111681,2025-12-01,36,Самара,Android,0
111682,2025-06-29,35,Казань,iOS,0
111683,2025-08-07,30,Самара,iOS,0
111684,2025-06-14,34,Екатеринбург,Android,0
111685,2025-05-09,46,Москва,Android,0
111686,2025-03-30,19,Казань,Android,0
111687,2026-04-06,53,Санкт-Петербург,Android,1
111688,2026-02-05,18,Новосибирск,Android,0
111689,2025-02-23,35,Санкт-Петербург,iOS,0
111690,2025-12-21,28,Казань,Android,0
111691,2025-03-04,32,Москва,Android,0
111692,2026-02-23,49,Нижний Новгород,iOS,0
111693,2025-07-21,29,Нижний Новгород,Android,0
111694,2025-07-27,35,Санкт-Петербург,iOS,0
111695,2025-08-20,31,Екатеринбург,iOS,0
111696,2024-12-24,48,Нижний Новгород,iOS,0
111697,2025-07-25,39,Москва,Android,0
111698,2025-07-06,22,Новосибирск,iOS,0
111699,2025-11-20,39,Нижний Новгород,Android,0
111700,2025-02-03,33,Санкт-Петербург,Android,0
111701,2026-01-31,50,Нижний Новгород,Android,0
111702,2025-11-28,24,Самара,iOS,0
111703,2025-08-12,31,Москва,Android,0
111704,2025-05-06,30,Нижний Новгород,iOS,0
111705,2026-03-14,29,Екатеринбург,Android,1
111706,2025-09-22,22,Самара,iOS,0
111707,2025-09-02,23,Санкт-Петербург,Android,0
111708,2025-09-23,44,Москва,iOS,0
111709,2025-05-05,42,Москва,Android,0
111710,2025-12-17,32,Казань,Android,0
111711,2026-02-22,28,Нижний Новгород,iOS,0
111712,2025-02-21,44,Самара,Android,0
111713,2025-04-04,21,Казань,iOS,0
111714,2025-09-05,30,Казань,Android,0
111715,2025-06-29,25,Москва,Android,0
111716,2025-05-21,37,Новосибирск,Android,0
111717,2025-09-30,23,Новосибирск,iOS,0
111718,2024-12-18,37,Нижний Новгород,iOS,0
111719,2026-01-23,29,Нижний Новгород,Android,0
111720,2025-10-12,28,Казань,Android,0
111721,2025-12-09,33,Нижний Новгород,Android,0
111722,2026-04-08,33,Москва,Android,1
111723,2026-04-26,37,Казань,Android,1
111724,2025-03-06,37,Москва,iOS,0
111725,2025-07-19,21,Казань,Android,0
111726,2025-02-04,32,Нижний Новгород,iOS,0
111727,2025-03-11,61,Нижний Новгород,Android,0
111728,2026-03-13,18,Самара,Android,1
111729,2026-04-30,25,Екатеринбург,iOS,1
111730,2025-09-22,43,Москва,iOS,0
111731,2025-07-30,28,Самара,iOS,0
111732,2025-02-10,20,Новосибирск,iOS,0
111733,2025-07-01,43,Самара,Android,0
111734,2025-03-05,22,Москва,Android,0
111735,2025-07-05,42,Самара,iOS,0
111736,2025-02-23,51,Санкт-Петербург,iOS,0
111737,2025-03-16,24,Москва,iOS,0
111738,2026-01-31,24,Самара,iOS,0
111739,2025-10-17,42,Санкт-Петербург,Android,0
111740,2025-06-29,43,Москва,Android,0
111741,2025-12-27,33,Нижний Новгород,Android,0
111742,2026-04-19,20,Самара,Android,1
111743,2026-02-07,36,Екатеринбург,Android,0
111744,2025-08-01,42,Казань,iOS,0
111745,2025-11-25,33,Екатеринбург,Android,0
111746,2025-06-05,46,Самара,Android,0
111747,2025-03-04,39,Екатеринбург,iOS,0
111748,2025-03-19,29,Новосибирск,Android,0
111749,2026-01-25,33,Санкт-Петербург,iOS,0
111750,2025-09-22,23,Новосибирск,iOS,0
111751,2025-11-13,26,Екатеринбург,iOS,0
111752,2026-04-22,43,Санкт-Петербург,iOS,1
111753,2025-02-08,27,Казань,Android,0
111754,2025-04-03,37,Казань,Android,0
111755,2025-04-06,24,Екатеринбург,iOS,0
111756,2025-08-24,34,Москва,Android,0
111757,2025-08-07,32,Москва,iOS,0
111758,2025-05-08,37,Нижний Новгород,Android,0
111759,2026-04-20,26,Москва,Android,1
111760,2026-02-16,37,Самара,Android,0
111761,2025-05-25,27,Самара,Android,0
111762,2025-09-25,34,Казань,iOS,0
111763,2025-11-27,34,Екатеринбург,iOS,0
111764,2025-06-03,48,Екатеринбург,iOS,0
111765,2025-05-12,45,Новосибирск,Android,0
111766,2025-02-12,41,Москва,iOS,0
111767,2025-03-26,40,Екатеринбург,iOS,0
111768,2025-04-04,18,Москва,Android,0
111769,2025-03-28,36,Казань,Android,0
111770,2026-03-04,32,Самара,Android,1
111771,2025-11-11,38,Екатеринбург,iOS,0
111772,2025-04-10,33,Нижний Новгород,Android,0
111773,2026-04-16,29,Екатеринбург,iOS,1
111774,2026-03-13,37,Санкт-Петербург,iOS,1
111775,2025-07-19,18,Екатеринбург,Android,0
111776,2025-11-23,43,Казань,Android,0
111777,2025-08-13,43,Новосибирск,iOS,0
111778,2025-04-02,34,Нижний Новгород,Android,0
111779,2025-04-07,34,Новосибирск,Android,0
111780,2026-01-13,24,Москва,iOS,0
111781,2025-06-11,27,Санкт-Петербург,iOS,0
111782,2025-03-08,41,Екатеринбург,Android,0
111783,2025-12-05,37,Нижний Новгород,iOS,0
111784,2025-11-10,34,Санкт-Петербург,iOS,0
111785,2025-03-31,27,Нижний Новгород,Android,0
111786,2025-10-25,43,Санкт-Петербург,iOS,0
111787,2025-06-20,43,Санкт-Петербург,iOS,0
111788,2025-04-02,28,Самара,Android,0
111789,2025-12-25,30,Новосибирск,Android,0
111790,2025-01-01,39,Санкт-Петербург,Android,0
111791,2025-10-14,31,Нижний Новгород,iOS,0
111792,2025-03-22,25,Санкт-Петербург,Android,0
111793,2025-09-15,43,Казань,Android,0
111794,2025-11-13,36,Новосибирск,Android,0
111795,2025-04-09,45,Казань,iOS,0
111796,2025-03-12,57,Нижний Новгород,iOS,0
111797,2025-08-02,55,Новосибирск,Android,0
111798,2026-03-22,38,Новосибирск,Android,1
111799,2026-04-06,21,Новосибирск,iOS,1
111800,2025-06-15,34,Казань,iOS,0
111801,2025-11-01,47,Самара,Android,0
111802,2025-12-11,37,Новосибирск,Android,0
111803,2025-09-17,36,Санкт-Петербург,Android,0
111804,2025-05-04,39,Казань,Android,0
111805,2025-12-01,30,Самара,iOS,0
111806,2025-03-17,36,Екатеринбург,Android,0
111807,2025-09-09,19,Новосибирск,Android,0
111808,2025-11-26,27,Санкт-Петербург,iOS,0
111809,2025-04-06,39,Москва,Android,0
111810,2026-04-05,26,Самара,Android,1
111811,2025-02-23,25,Санкт-Петербург,iOS,0
111812,2025-05-18,24,Москва,iOS,0
111813,2025-01-26,35,Санкт-Петербург,iOS,0
111814,2025-06-02,34,Самара,Android,0
111815,2025-04-20,42,Нижний Новгород,iOS,0
111816,2025-09-08,42,Новосибирск,Android,0
111817,2026-02-17,29,Санкт-Петербург,Android,0
111818,2025-04-09,26,Нижний Новгород,Android,0
111819,2025-12-22,45,Москва,Android,0
111820,2025-06-22,38,Москва,Android,0
111821,2025-10-26,37,Санкт-Петербург,iOS,0
111822,2025-08-16,33,Новосибирск,Android,0
111823,2026-03-25,26,Нижний Новгород,iOS,1
111824,2026-04-16,28,Самара,iOS,1
111825,2025-02-10,35,Самара,Android,0
111826,2026-04-17,33,Екатеринбург,Android,1
111827,2025-08-04,33,Нижний Новгород,iOS,0
111828,2025-02-26,29,Самара,Android,0
111829,2025-07-26,40,Санкт-Петербург,Android,0
111830,2025-12-20,50,Казань,iOS,0
111831,2026-01-18,29,Санкт-Петербург,iOS,0
111832,2025-06-11,34,Казань,Android,0
111833,2025-04-29,24,Казань,iOS,0
111834,2025-09-14,34,Екатеринбург,Android,0
111835,2025-02-13,37,Новосибирск,Android,0
111836,2026-01-23,18,Казань,Android,0
111837,2025-08-11,27,Самара,Android,0
111838,2025-11-16,37,Москва,Android,0
111839,2025-11-14,35,Новосибирск,Android,0
111840,2025-07-02,40,Новосибирск,iOS,0
111841,2025-12-08,28,Нижний Новгород,iOS,0
111842,2026-04-12,55,Санкт-Петербург,iOS,1
111843,2025-10-02,47,Москва,iOS,0
111844,2026-03-18,18,Казань,iOS,1
111845,2026-03-20,22,Екатеринбург,iOS,1
111846,2026-04-22,32,Самара,iOS,1
111847,2025-08-12,38,Москва,iOS,0
111848,2025-07-04,38,Екатеринбург,iOS,0
111849,2025-06-17,43,Самара,Android,0
111850,2025-07-11,62,Москва,iOS,0
111851,2025-09-26,31,Казань,Android,0
111852,2026-01-27,42,Казань,Android,0
111853,2026-04-02,48,Санкт-Петербург,iOS,1
111854,2024-12-19,34,Екатеринбург,iOS,0
111855,2025-05-19,30,Москва,iOS,0
111856,2024-12-19,36,Санкт-Петербург,Android,0
111857,2026-01-01,37,Екатеринбург,Android,0
111858,2026-03-14,45,Казань,iOS,1
111859,2025-03-02,42,Казань,Android,0
111860,2025-09-19,45,Новосибирск,Android,0
111861,2025-12-10,45,Нижний Новгород,Android,0
111862,2025-02-11,28,Екатеринбург,iOS,0
111863,2025-02-12,59,Санкт-Петербург,iOS,0
111864,2026-04-09,33,Санкт-Петербург,iOS,1
111865,2026-02-15,51,Новосибирск,iOS,0
111866,2025-09-22,38,Москва,Android,0
111867,2026-02-09,37,Новосибирск,Android,0
111868,2025-09-02,37,Самара,iOS,0
111869,2026-01-13,38,Новосибирск,iOS,0
111870,2025-09-16,27,Новосибирск,Android,0
111871,2025-02-07,51,Екатеринбург,Android,0
111872,2025-10-30,39,Нижний Новгород,Android,0
111873,2025-07-04,34,Екатеринбург,iOS,0
111874,2025-05-08,46,Екатеринбург,Android,0
111875,2025-11-13,33,Москва,Android,0
111876,2026-04-19,28,Самара,iOS,1
111877,2025-04-06,18,Самара,iOS,0
111878,2025-07-11,42,Нижний Новгород,iOS,0
111879,2025-04-06,46,Нижний Новгород,Android,0
111880,2025-10-27,32,Самара,iOS,0
111881,2025-06-26,53,Новосибирск,Android,0
111882,2026-01-30,47,Казань,iOS,0
111883,2025-11-12,43,Самара,iOS,0
111884,2025-09-27,18,Екатеринбург,Android,0
111885,2026-01-21,32,Екатеринбург,iOS,0
111886,2025-03-26,27,Новосибирск,Android,0
111887,2025-03-02,42,Самара,iOS,0
111888,2025-11-23,47,Новосибирск,iOS,0
111889,2026-02-01,37,Казань,Android,0
111890,2025-07-06,45,Казань,Android,0
111891,2025-12-12,32,Самара,Android,0
111892,2025-11-08,24,Самара,Android,0
111893,2026-04-26,39,Казань,iOS,1
111894,2026-02-20,18,Новосибирск,iOS,0
111895,2025-12-25,21,Новосибирск,Android,0
111896,2025-07-21,29,Екатеринбург,Android,0
111897,2025-05-24,22,Новосибирск,iOS,0
111898,2025-10-08,40,Санкт-Петербург,Android,0
111899,2025-10-31,40,Санкт-Петербург,Android,0
111900,2025-03-05,29,Казань,iOS,0
111901,2026-04-15,22,Самара,Android,1
111902,2025-11-20,20,Нижний Новгород,Android,0
111903,2025-03-27,34,Нижний Новгород,iOS,0
111904,2026-02-17,42,Санкт-Петербург,iOS,0
111905,2025-05-01,37,Екатеринбург,Android,0
111906,2025-10-16,39,Екатеринбург,iOS,0
111907,2025-05-28,41,Самара,Android,0
111908,2025-05-13,27,Новосибирск,Android,0
111909,2026-02-08,47,Самара,iOS,0
111910,2025-11-02,29,Новосибирск,Android,0
111911,2025-09-17,51,Казань,iOS,0
111912,2025-07-21,31,Екатеринбург,iOS,0
111913,2025-08-05,37,Самара,iOS,0
111914,2025-02-24,27,Нижний Новгород,iOS,0
111915,2024-12-26,42,Новосибирск,iOS,0
111916,2025-06-18,25,Нижний Новгород,Android,0
111917,2025-09-03,49,Санкт-Петербург,iOS,0
111918,2025-06-03,22,Нижний Новгород,iOS,0
111919,2025-10-20,38,Санкт-Петербург,Android,0
111920,2025-09-13,33,Новосибирск,Android,0
111921,2025-08-08,28,Нижний Новгород,Android,0
111922,2026-04-03,34,Москва,iOS,1
111923,2026-01-29,41,Новосибирск,iOS,0
111924,2026-03-11,32,Москва,Android,1
111925,2025-06-06,39,Казань,iOS,0
111926,2025-12-01,40,Санкт-Петербург,Android,0
111927,2026-02-20,48,Новосибирск,iOS,0
111928,2025-09-08,18,Нижний Новгород,iOS,0
111929,2026-03-26,61,Самара,iOS,1
111930,2025-09-18,32,Москва,iOS,0
111931,2025-12-14,37,Казань,Android,0
111932,2025-07-04,53,Нижний Новгород,iOS,0
111933,2025-08-04,18,Екатеринбург,iOS,0
111934,2025-12-15,20,Казань,Android,0
111935,2025-05-31,37,Нижний Новгород,Android,0
111936,2025-09-26,59,Самара,Android,0
111937,2025-06-01,50,Москва,Android,0
111938,2025-09-30,18,Екатеринбург,iOS,0
111939,2026-01-15,43,Самара,iOS,0
111940,2024-12-18,23,Казань,iOS,0
111941,2026-04-14,30,Нижний Новгород,Android,1
111942,2025-05-10,32,Нижний Новгород,iOS,0
111943,2025-07-29,18,Санкт-Петербург,iOS,0
111944,2026-02-22,31,Санкт-Петербург,Android,0
111945,2026-02-21,40,Казань,Android,0
111946,2025-08-31,53,Екатеринбург,iOS,0
111947,2026-02-21,49,Казань,iOS,0
111948,2026-03-12,18,Екатеринбург,Android,1
111949,2025-08-05,39,Екатеринбург,iOS,0
111950,2025-08-04,43,Казань,Android,0
111951,2026-02-07,25,Самара,iOS,0
111952,2025-12-19,31,Екатеринбург,Android,0
111953,2025-12-21,35,Екатеринбург,Android,0
111954,2025-01-25,35,Екатеринбург,iOS,0
111955,2025-09-27,44,Новосибирск,iOS,0
111956,2025-12-24,43,Нижний Новгород,iOS,0
111957,2026-03-19,46,Нижний Новгород,iOS,1
111958,2026-02-09,34,Казань,Android,0
111959,2025-12-09,46,Нижний Новгород,iOS,0
111960,2025-04-15,22,Нижний Новгород,Android,0
111961,2025-10-05,34,Санкт-Петербург,iOS,0
111962,2025-11-06,44,Москва,Android,0
111963,2025-01-26,40,Самара,iOS,0
111964,2025-08-17,41,Санкт-Петербург,iOS,0
111965,2025-04-15,24,,iOS,0
111966,2025-04-30,47,Нижний Новгород,Android,0
111967,2025-06-12,33,Новосибирск,Android,0
111968,2025-10-28,26,Екатеринбург,Android,0
111969,2025-06-10,24,Казань,Android,0
111970,2025-11-18,23,Екатеринбург,Android,0
111971,2025-05-14,26,Нижний Новгород,iOS,0
111972,2025-03-12,49,Москва,iOS,0
111973,2025-03-08,34,Нижний Новгород,iOS,0
111974,2025-04-18,25,Москва,iOS,0
111975,2025-05-15,21,Екатеринбург,Android,0
111976,2025-08-24,39,Санкт-Петербург,iOS,0
111977,2025-10-28,18,Самара,iOS,0
111978,2025-02-06,38,Санкт-Петербург,iOS,0
111979,2025-10-22,65,Санкт-Петербург,Android,0
111980,2026-01-26,40,Санкт-Петербург,iOS,0
111981,2025-01-21,44,Санкт-Петербург,Android,0
111982,2026-01-02,18,Санкт-Петербург,Android,0
111983,2025-06-04,37,Новосибирск,iOS,0
111984,2026-03-18,49,Екатеринбург,iOS,1
111985,2025-12-16,45,Санкт-Петербург,iOS,0
111986,2025-08-01,24,Казань,iOS,0
111987,2025-12-01,30,Казань,Android,0
111988,2025-06-28,30,Москва,iOS,0
111989,2025-10-22,29,Санкт-Петербург,iOS,0
111990,2025-01-20,44,Москва,Android,0
111991,2025-06-23,47,Новосибирск,Android,0
111992,2025-06-20,21,Санкт-Петербург,Android,0
111993,2025-01-23,18,Нижний Новгород,Android,0
111994,2025-10-17,52,Новосибирск,Android,0
111995,2025-03-09,34,Самара,Android,0
111996,2025-04-01,18,Санкт-Петербург,iOS,0
111997,2026-01-20,46,Казань,Android,0
111998,2025-08-14,34,Казань,iOS,0
111999,2025-03-14,22,Самара,iOS,0
112000,2025-02-20,45,Самара,Android,0
